internal_mp_id,mp_name_normalized,constituency_normalized,state_normalized,allocated_amount,total_expenditure,unspent_amount,utilization_pct,source_dataset,source_file,source_download_date,pipeline_created_at
INTERNAL_MP_001,BISHNU PADA RAY,ANDAMAN AND NICOBAR ISLANDS,ANDAMAN AND NICOBAR ISLANDS,147000000.0,15498347.0,131501653.0,10.54,MP_ALLOCATION,mplads_mp_summary_2026-08-26.csv,2026-08-26,2026-08-26T10:39:19.918730+00:00
INTERNAL_MP_002,GM HARISH BALAYOGI,AMALAPURAM,ANDHRA PRADESH,147000000.0,53533502.0,93466498.0,36.42,MP_ALLOCATION,mplads_mp_summary_2026-08-26.csv,2026-08-26,2026-08-26T10:39:19.918730+00:00
INTERNAL_MP_003,C.M.RAMESH,ANAKAPALLE,ANDHRA PRADESH,202531656.11,36002667.0,166528989.11,17.78,MP_ALLOCATION,mplads_mp_summary_2026-08-26.csv,2026-08-26,2026-08-26T10:39:19.918730+00:00
INTERNAL_MP_004,AMBICA G LAKSHMINARAYANA VALMIKI,ANANTAPUR,ANDHRA PRADESH,201899064.11,62202871.0,139696193.11,30.81,MP_ALLOCATION,mplads_mp_summary_2026-08-26.csv,2026-08-26,2026-08-26T10:39:19.918730+00:00
INTERNAL_MP_005,GUMMA THANUJA RANI,ARAKU,ANDHRA PRADESH,149458905.11,73149314.0,76309591.11000001,48.94,MP_ALLOCATION,mplads_mp_summary_2026-08-26.csv,2026-08-26,2026-08-26T10:39:19.918730+00:00
INTERNAL_MP_006,KRISHNA PRASAD TENNETI,BAPATLA,ANDHRA PRADESH,167796849.11,16927605.0,150869244.11,10.09,MP_ALLOCATION,mplads_mp_summary_2026-08-26.csv,2026-08-26,2026-08-26T10:39:19.918730+00:00
INTERNAL_MP_007,DAGGUMALLA PRASADA RAO,CHITTOOR,ANDHRA PRADESH,147000000.0,76341346.0,70658654.0,51.93,MP_ALLOCATION,mplads_mp_summary_2026-08-26.csv,2026-08-26,2026-08-26T10:39:19.918730+00:00
INTERNAL_MP_008,PUTTA MAHESH KUMAR,ELURU,ANDHRA PRADESH,147000000.0,42407225.0,104592775.0,28.85,MP_ALLOCATION,mplads_mp_summary_2026-08-26.csv,2026-08-26,2026-08-26T10:39:19.918730+00:00
INTERNAL_MP_009,DR CHANDRA SEKHAR PEMMASANI,GUNTUR,ANDHRA PRADESH,159774113.11,35191726.0,124582387.11,22.03,MP_ALLOCATION,mplads_mp_summary_2026-08-26.csv,2026-08-26,2026-08-26T10:39:19.918730+00:00
INTERNAL_MP_010,B K PARTHASARATHI,HINDUPUR,ANDHRA PRADESH,160491894.11,47797914.0,112693980.11,29.78,MP_ALLOCATION,mplads_mp_summary_2026-08-26.csv,2026-08-26,2026-08-26T10:39:19.918730+00:00
INTERNAL_MP_011,Y S AVINASH REDDY,KADAPA,ANDHRA PRADESH,156430260.11,40037027.0,116393233.11,25.59,MP_ALLOCATION,mplads_mp_summary_2026-08-26.csv,2026-08-26,2026-08-26T10:39:19.918730+00:00
INTERNAL_MP_012,TANGELLA UDAY SRINIVAS,KAKINADA,ANDHRA PRADESH,199417886.76,16907864.0,182510022.76,8.48,MP_ALLOCATION,mplads_mp_summary_2026-08-26.csv,2026-08-26,2026-08-26T10:39:19.918730+00:00
INTERNAL_MP_013,BASTIPATI NAGARAJU PANCHALINGALA,KURNOOL,ANDHRA PRADESH,159998515.11,44033277.0,115965238.11,27.52,MP_ALLOCATION,mplads_mp_summary_2026-08-26.csv,2026-08-26,2026-08-26T10:39:19.918730+00:00
INTERNAL_MP_014,BALASHOWRY VALLABBHANENI,MACHILIPATNAM,ANDHRA PRADESH,147000000.0,14363941.0,132636059.0,9.77,MP_ALLOCATION,mplads_mp_summary_2026-08-26.csv,2026-08-26,2026-08-26T10:39:19.918730+00:00
INTERNAL_MP_015,DR BYREDDY SHABARI,NANDYAL,ANDHRA PRADESH,150675889.11,50709419.0,99966470.11,33.65,MP_ALLOCATION,mplads_mp_summary_2026-08-26.csv,2026-08-26,2026-08-26T10:39:19.918730+00:00
INTERNAL_MP_016,BHUPATHIRAJU SRINIVASA VARMA,NARASAPURAM,ANDHRA PRADESH,147000000.0,0.0,147000000.0,0.0,MP_ALLOCATION,mplads_mp_summary_2026-08-26.csv,2026-08-26,2026-08-26T10:39:19.918730+00:00
INTERNAL_MP_017,LAVU SRI KRISHNA DEVARAYALU,NARASARAOPET,ANDHRA PRADESH,174009663.11,2402685.0,171606978.11,1.38,MP_ALLOCATION,mplads_mp_summary_2026-08-26.csv,2026-08-26,2026-08-26T10:39:19.918730+00:00
INTERNAL_MP_018,PRABHAKAR REDDY VEMIREDDY,NELLORE,ANDHRA PRADESH,147000000.0,73610054.0,73389946.0,50.07,MP_ALLOCATION,mplads_mp_summary_2026-08-26.csv,2026-08-26,2026-08-26T10:39:19.918730+00:00
INTERNAL_MP_019,MAGUNTA SREENIVASULU REDDY,ONGOLE,ANDHRA PRADESH,147000000.0,9854157.0,137145843.0,6.7,MP_ALLOCATION,mplads_mp_summary_2026-08-26.csv,2026-08-26,2026-08-26T10:39:19.918730+00:00
INTERNAL_MP_020,DAGGUBATI PURANDESHWARI,RAJAHMUNDRY,ANDHRA PRADESH,147000000.0,14394558.0,132605442.0,9.79,MP_ALLOCATION,mplads_mp_summary_2026-08-26.csv,2026-08-26,2026-08-26T10:39:19.918730+00:00
INTERNAL_MP_021,MIDHUN REDDY,RAJAMPET,ANDHRA PRADESH,178951477.11,55016006.0,123935471.11,30.74,MP_ALLOCATION,mplads_mp_summary_2026-08-26.csv,2026-08-26,2026-08-26T10:39:19.918730+00:00
INTERNAL_MP_022,KINJARAPU RAM MOHAN NAIDU,SRIKAKULAM,ANDHRA PRADESH,171200630.11,53576961.0,117623669.11,31.29,MP_ALLOCATION,mplads_mp_summary_2026-08-26.csv,2026-08-26,2026-08-26T10:39:19.918730+00:00
INTERNAL_MP_023,MADDILA GURUMOORTHY,TIRUPATI,ANDHRA PRADESH,180399007.0,64414143.0,115984864.0,35.71,MP_ALLOCATION,mplads_mp_summary_2026-08-26.csv,2026-08-26,2026-08-26T10:39:19.918730+00:00
INTERNAL_MP_024,SIVANATH KESINENI,VIJAYAWADA,ANDHRA PRADESH,147000000.0,6329561.0,140670439.0,4.31,MP_ALLOCATION,mplads_mp_summary_2026-08-26.csv,2026-08-26,2026-08-26T10:39:19.918730+00:00
INTERNAL_MP_025,SRIBHARAT MATHUKUMLI,VISAKHAPATNAM,ANDHRA PRADESH,164841922.0,10903207.0,153938715.0,6.61,MP_ALLOCATION,mplads_mp_summary_2026-08-26.csv,2026-08-26,2026-08-26T10:39:19.918730+00:00
INTERNAL_MP_026,APPALANAIDU KALISETTI,VIZIANAGARAM,ANDHRA PRADESH,147000000.0,22325622.0,124674378.0,15.19,MP_ALLOCATION,mplads_mp_summary_2026-08-26.csv,2026-08-26,2026-08-26T10:39:19.918730+00:00
INTERNAL_MP_027,SHRI TAPIR GAO,ARUNACHAL EAST,ARUNACHAL PRADESH,147000000.0,98534470.0,48465530.0,67.03,MP_ALLOCATION,mplads_mp_summary_2026-08-26.csv,2026-08-26,2026-08-26T10:39:19.918730+00:00
INTERNAL_MP_028,KIREN RIJIJU,ARUNACHAL WEST,ARUNACHAL PRADESH,147000000.0,87533016.0,59466984.0,59.55,MP_ALLOCATION,mplads_mp_summary_2026-08-26.csv,2026-08-26,2026-08-26T10:39:19.918730+00:00
INTERNAL_MP_029,PHANI BHUSAN CHOUDHURY,BARPETA,ASSAM,147000000.0,41759331.0,105240669.0,28.41,MP_ALLOCATION,mplads_mp_summary_2026-08-26.csv,2026-08-26,2026-08-26T10:39:19.918730+00:00
INTERNAL_MP_030,DILIP SAIKIA,DARRANG-UDALGURI,ASSAM,147000000.0,25726095.0,121273905.0,17.5,MP_ALLOCATION,mplads_mp_summary_2026-08-26.csv,2026-08-26,2026-08-26T10:39:19.918730+00:00
INTERNAL_MP_031,RAKIBUL HUSSAIN,DHUBRI,ASSAM,147000000.0,46453373.0,100546627.0,31.6,MP_ALLOCATION,mplads_mp_summary_2026-08-26.csv,2026-08-26,2026-08-26T10:39:19.918730+00:00
INTERNAL_MP_032,SHRI SARBANANDA SONOWAL (18LS),DIBRUGARH,ASSAM,147000000.0,23630250.0,123369750.0,16.08,MP_ALLOCATION,mplads_mp_summary_2026-08-26.csv,2026-08-26,2026-08-26T10:39:19.918730+00:00
INTERNAL_MP_033,AMARSING TISSO,DIPHU,ASSAM,147000000.0,70190709.0,76809291.0,47.75,MP_ALLOCATION,mplads_mp_summary_2026-08-26.csv,2026-08-26,2026-08-26T10:39:19.918730+00:00
INTERNAL_MP_034,BIJULI KALITA MEDHI,GUWAHATI,ASSAM,147000000.0,71052648.0,75947352.0,48.34,MP_ALLOCATION,mplads_mp_summary_2026-08-26.csv,2026-08-26,2026-08-26T10:39:19.918730+00:00
INTERNAL_MP_035,GAURAV GOGOI,JORHAT,ASSAM,147000000.0,39747670.0,107252330.0,27.04,MP_ALLOCATION,mplads_mp_summary_2026-08-26.csv,2026-08-26,2026-08-26T10:39:19.918730+00:00
INTERNAL_MP_036,KRIPANATH MALLAH,KARIMGANJ,ASSAM,147000000.0,66488500.0,80511500.0,45.23,MP_ALLOCATION,mplads_mp_summary_2026-08-26.csv,2026-08-26,2026-08-26T10:39:19.918730+00:00
INTERNAL_MP_037,KAMAKHYA PRASAD TASA,KAZIRANGA,ASSAM,147000000.0,11985122.0,135014878.0,8.15,MP_ALLOCATION,mplads_mp_summary_2026-08-26.csv,2026-08-26,2026-08-26T10:39:19.918730+00:00
INTERNAL_MP_038,JOYANTA BASUMATARY,KOKRAJHAR,ASSAM,147000000.0,62530971.0,84469029.0,42.54,MP_ALLOCATION,mplads_mp_summary_2026-08-26.csv,2026-08-26,2026-08-26T10:39:19.918730+00:00
INTERNAL_MP_039,PRADAN BARUAH,LAKHIMPUR,ASSAM,147000000.0,56052727.0,90947273.0,38.13,MP_ALLOCATION,mplads_mp_summary_2026-08-26.csv,2026-08-26,2026-08-26T10:39:19.918730+00:00
INTERNAL_MP_040,PRADYUT BORDOLOI,NOWGONG,ASSAM,98000000.0,67125657.0,30874343.0,68.5,MP_ALLOCATION,mplads_mp_summary_2026-08-26.csv,2026-08-26,2026-08-26T10:39:19.918730+00:00
INTERNAL_MP_041,PARIMAL SUKLABAIDYA,SILCHAR,ASSAM,148300157.11,5386762.0,142913395.11,3.63,MP_ALLOCATION,mplads_mp_summary_2026-08-26.csv,2026-08-26,2026-08-26T10:39:19.918730+00:00
INTERNAL_MP_042,RANJIT DUTTA,SONITPUR,ASSAM,147000000.0,65900399.0,81099601.0,44.83,MP_ALLOCATION,mplads_mp_summary_2026-08-26.csv,2026-08-26,2026-08-26T10:39:19.918730+00:00
INTERNAL_MP_043,PRADEEP KUMAR SINGH,ARARIA,BIHAR,147000000.0,118278146.0,28721854.0,80.46,MP_ALLOCATION,mplads_mp_summary_2026-08-26.csv,2026-08-26,2026-08-26T10:39:19.918730+00:00
INTERNAL_MP_044,SUDAMA PRASAD,ARRAH,BIHAR,147000000.0,57716958.0,89283042.0,39.26,MP_ALLOCATION,mplads_mp_summary_2026-08-26.csv,2026-08-26,2026-08-26T10:39:19.918730+00:00
INTERNAL_MP_045,ABHAY KUMAR SINHA,AURANGABAD,BIHAR,147000000.0,72972894.0,74027106.0,49.64,MP_ALLOCATION,mplads_mp_summary_2026-08-26.csv,2026-08-26,2026-08-26T10:39:19.918730+00:00
INTERNAL_MP_046,GIRIDHARI YADAV,BANKA,BIHAR,147000000.0,114805889.0,32194111.0,78.1,MP_ALLOCATION,mplads_mp_summary_2026-08-26.csv,2026-08-26,2026-08-26T10:39:19.918730+00:00
INTERNAL_MP_047,GIRIRAJ SINGH,BEGUSARAI,BIHAR,147000000.0,32994877.0,114005123.0,22.45,MP_ALLOCATION,mplads_mp_summary_2026-08-26.csv,2026-08-26,2026-08-26T10:39:19.918730+00:00
INTERNAL_MP_048,AJAY KUMAR MANDAL,BHAGALPUR,BIHAR,147000000.0,75252620.0,71747380.0,51.19,MP_ALLOCATION,mplads_mp_summary_2026-08-26.csv,2026-08-26,2026-08-26T10:39:19.918730+00:00
INTERNAL_MP_049,SUDHAKAR SINGH,BUXAR,BIHAR,185211956.54,123581875.0,61630081.53999999,66.72,MP_ALLOCATION,mplads_mp_summary_2026-08-26.csv,2026-08-26,2026-08-26T10:39:19.918730+00:00
INTERNAL_MP_050,MR GOPAL JEE THAKUR,DARBHANGA,BIHAR,147000000.0,75767756.0,71232244.0,51.54,MP_ALLOCATION,mplads_mp_summary_2026-08-26.csv,2026-08-26,2026-08-26T10:39:19.918730+00:00
INTERNAL_MP_051,JITAN RAM MANJHI,GAYA,BIHAR,147000000.0,59449374.0,87550626.0,40.44,MP_ALLOCATION,mplads_mp_summary_2026-08-26.csv,2026-08-26,2026-08-26T10:39:19.918730+00:00
INTERNAL_MP_052,ALOK KUMAR SUMAN,GOPALGANJ,BIHAR,147000000.0,50920280.0,96079720.0,34.64,MP_ALLOCATION,mplads_mp_summary_2026-08-26.csv,2026-08-26,2026-08-26T10:39:19.918730+00:00
INTERNAL_MP_053,CHIRAG PASWAN,HAJIPUR,BIHAR,147000000.0,51506335.0,95493665.0,35.04,MP_ALLOCATION,mplads_mp_summary_2026-08-26.csv,2026-08-26,2026-08-26T10:39:19.918730+00:00
INTERNAL_MP_054,SURENDRA PRASAD YADAV,JAHANABAD,BIHAR,155325714.0,68477331.0,86848383.0,44.09,MP_ALLOCATION,mplads_mp_summary_2026-08-26.csv,2026-08-26,2026-08-26T10:39:19.918730+00:00
INTERNAL_MP_055,ARUN BHARTI,JAMUI,BIHAR,194924621.11,132119553.0,62805068.110000014,67.78,MP_ALLOCATION,mplads_mp_summary_2026-08-26.csv,2026-08-26,2026-08-26T10:39:19.918730+00:00
INTERNAL_MP_056,RAMPRIT MANDAL,JHANJHARPUR,BIHAR,147000000.0,107510581.0,39489419.0,73.14,MP_ALLOCATION,mplads_mp_summary_2026-08-26.csv,2026-08-26,2026-08-26T10:39:19.918730+00:00
INTERNAL_MP_057,RAJA RAM SINGH,KARAKAT,BIHAR,147000000.0,71841783.0,75158217.0,48.87,MP_ALLOCATION,mplads_mp_summary_2026-08-26.csv,2026-08-26,2026-08-26T10:39:19.918730+00:00
INTERNAL_MP_058,TARIQ ANWAR,KATIHAR,BIHAR,147000000.0,79735060.0,67264940.0,54.24,MP_ALLOCATION,mplads_mp_summary_2026-08-26.csv,2026-08-26,2026-08-26T10:39:19.918730+00:00
INTERNAL_MP_059,RAJESH VERMA,KHAGARIA,BIHAR,147000000.0,74186362.0,72813638.0,50.47,MP_ALLOCATION,mplads_mp_summary_2026-08-26.csv,2026-08-26,2026-08-26T10:39:19.918730+00:00
INTERNAL_MP_060,DR MOHAMMAD JAWED,KISHANGANJ,BIHAR,148669229.11,89065400.0,59603829.110000014,59.91,MP_ALLOCATION,mplads_mp_summary_2026-08-26.csv,2026-08-26,2026-08-26T10:39:19.918730+00:00
INTERNAL_MP_061,DINESH CHANDRA YADAV,MADHEPURA,BIHAR,150070866.11,92486814.0,57584052.110000014,61.63,MP_ALLOCATION,mplads_mp_summary_2026-08-26.csv,2026-08-26,2026-08-26T10:39:19.918730+00:00
INTERNAL_MP_062,ASHOK KUMAR YADAV,MADHUBANI,BIHAR,147000000.0,70438959.0,76561041.0,47.92,MP_ALLOCATION,mplads_mp_summary_2026-08-26.csv,2026-08-26,2026-08-26T10:39:19.918730+00:00
INTERNAL_MP_063,SHRI JANARDAN SINGH SIGRIWAL,MAHARAJGANJ,BIHAR,147000000.0,46417759.0,100582241.0,31.58,MP_ALLOCATION,mplads_mp_summary_2026-08-26.csv,2026-08-26,2026-08-26T10:39:19.918730+00:00
INTERNAL_MP_064,RAJIV RANJAN (LALAN) SINGH,MUNGER,BIHAR,147000000.0,0.0,147000000.0,0.0,MP_ALLOCATION,mplads_mp_summary_2026-08-26.csv,2026-08-26,2026-08-26T10:39:19.918730+00:00
INTERNAL_MP_065,RAJ BHUSHAN CHOUDHARY,MUZAFFARPUR,BIHAR,147000000.0,96375137.0,50624863.0,65.56,MP_ALLOCATION,mplads_mp_summary_2026-08-26.csv,2026-08-26,2026-08-26T10:39:19.918730+00:00
INTERNAL_MP_066,KAUSHALENDRA KUMAR,NALANDA,BIHAR,147000000.0,44517141.0,102482859.0,30.28,MP_ALLOCATION,mplads_mp_summary_2026-08-26.csv,2026-08-26,2026-08-26T10:39:19.918730+00:00
INTERNAL_MP_067,VIVEK THAKUR,NAWADA,BIHAR,147000000.0,3164487.0,143835513.0,2.15,MP_ALLOCATION,mplads_mp_summary_2026-08-26.csv,2026-08-26,2026-08-26T10:39:19.918730+00:00
INTERNAL_MP_068,SANJAY JAISWAL,PASCHIM CHAMPARAN,BIHAR,147000000.0,0.0,147000000.0,0.0,MP_ALLOCATION,mplads_mp_summary_2026-08-26.csv,2026-08-26,2026-08-26T10:39:19.918730+00:00
INTERNAL_MP_069,MISHA BHARTI,PATALIPUTRA,BIHAR,147000000.0,0.0,147000000.0,0.0,MP_ALLOCATION,mplads_mp_summary_2026-08-26.csv,2026-08-26,2026-08-26T10:39:19.918730+00:00
INTERNAL_MP_070,RAVI SHANKAR PRASAD,PATNA SAHIB,BIHAR,147000000.0,56647683.0,90352317.0,38.54,MP_ALLOCATION,mplads_mp_summary_2026-08-26.csv,2026-08-26,2026-08-26T10:39:19.918730+00:00
INTERNAL_MP_071,RAJESH RANJAN ALIAS PAPPU YADAV,PURNEA,BIHAR,147000000.0,72622818.0,74377182.0,49.4,MP_ALLOCATION,mplads_mp_summary_2026-08-26.csv,2026-08-26,2026-08-26T10:39:19.918730+00:00
INTERNAL_MP_072,RADHA MOHAN SINGH,PURVI CHAMPARAN,BIHAR,147000000.0,69803891.0,77196109.0,47.49,MP_ALLOCATION,mplads_mp_summary_2026-08-26.csv,2026-08-26,2026-08-26T10:39:19.918730+00:00
INTERNAL_MP_073,SHAMBHAVI,SAMASTIPUR,BIHAR,147000000.0,24196418.0,122803582.0,16.46,MP_ALLOCATION,mplads_mp_summary_2026-08-26.csv,2026-08-26,2026-08-26T10:39:19.918730+00:00
INTERNAL_MP_074,RAJIV PRATAP RUDY,SARAN,BIHAR,147000000.0,0.0,147000000.0,0.0,MP_ALLOCATION,mplads_mp_summary_2026-08-26.csv,2026-08-26,2026-08-26T10:39:19.918730+00:00
INTERNAL_MP_075,MANOJ KUMAR,SASARAM,BIHAR,147000000.0,95686097.0,51313903.0,65.09,MP_ALLOCATION,mplads_mp_summary_2026-08-26.csv,2026-08-26,2026-08-26T10:39:19.918730+00:00
INTERNAL_MP_076,LOVELY ANAND,SHEOHAR,BIHAR,147000000.0,43561211.0,103438789.0,29.63,MP_ALLOCATION,mplads_mp_summary_2026-08-26.csv,2026-08-26,2026-08-26T10:39:19.918730+00:00
INTERNAL_MP_077,DEVESH CHANDRA THAKUR,SITAMARHI,BIHAR,163809205.11,41894417.0,121914788.11,25.58,MP_ALLOCATION,mplads_mp_summary_2026-08-26.csv,2026-08-26,2026-08-26T10:39:19.918730+00:00
INTERNAL_MP_078,VIJAYLAKSHMI DEVI,SIWAN,BIHAR,147000000.0,134748616.0,12251384.0,91.67,MP_ALLOCATION,mplads_mp_summary_2026-08-26.csv,2026-08-26,2026-08-26T10:39:19.918730+00:00
INTERNAL_MP_079,DILESHWAR KAMAIT,SUPAUL,BIHAR,150450930.89,89329681.0,61121249.88999999,59.37,MP_ALLOCATION,mplads_mp_summary_2026-08-26.csv,2026-08-26,2026-08-26T10:39:19.918730+00:00
INTERNAL_MP_080,NITYANAND RAI,UJJARPUR,BIHAR,147000000.0,22994739.0,124005261.0,15.64,MP_ALLOCATION,mplads_mp_summary_2026-08-26.csv,2026-08-26,2026-08-26T10:39:19.918730+00:00
INTERNAL_MP_081,SMT VEENA DEVI,VAISHALI,BIHAR,147000000.0,131108889.0,15891111.0,89.19,MP_ALLOCATION,mplads_mp_summary_2026-08-26.csv,2026-08-26,2026-08-26T10:39:19.918730+00:00
INTERNAL_MP_082,SUNIL KUMAR,VALMIKI NAGAR,BIHAR,147000000.0,63664429.0,83335571.0,43.31,MP_ALLOCATION,mplads_mp_summary_2026-08-26.csv,2026-08-26,2026-08-26T10:39:19.918730+00:00
INTERNAL_MP_083,MANISH TEWARI,CHANDIGARH,CHANDIGARH,178351443.75,31109435.0,147242008.75,17.44,MP_ALLOCATION,mplads_mp_summary_2026-08-26.csv,2026-08-26,2026-08-26T10:39:19.918730+00:00
INTERNAL_MP_084,MAHESH KASHYAP,BASTAR,CHHATTISGARH,147000000.0,62420367.5,84579632.5,42.46,MP_ALLOCATION,mplads_mp_summary_2026-08-26.csv,2026-08-26,2026-08-26T10:39:19.918730+00:00
INTERNAL_MP_085,TOKHAN SAHU,BILASPUR,CHHATTISGARH,147000000.0,55525385.0,91474615.0,37.77,MP_ALLOCATION,mplads_mp_summary_2026-08-26.csv,2026-08-26,2026-08-26T10:39:19.918730+00:00
INTERNAL_MP_086,VIJAY BAGHEL,DURG,CHHATTISGARH,147000000.0,57650594.0,89349406.0,39.22,MP_ALLOCATION,mplads_mp_summary_2026-08-26.csv,2026-08-26,2026-08-26T10:39:19.918730+00:00
INTERNAL_MP_087,KAMLESH JANGDE,JANJGIR CHAMPA,CHHATTISGARH,150384382.11,98097656.0,52286726.110000014,65.23,MP_ALLOCATION,mplads_mp_summary_2026-08-26.csv,2026-08-26,2026-08-26T10:39:19.918730+00:00
INTERNAL_MP_088,BHOJRAJ NAG,KANKER,CHHATTISGARH,164672734.11,35985836.0,128686898.11,21.85,MP_ALLOCATION,mplads_mp_summary_2026-08-26.csv,2026-08-26,2026-08-26T10:39:19.918730+00:00
INTERNAL_MP_089,JYOTSNA CHARANDAS MAHANT,KORBA,CHHATTISGARH,155153738.11,74559859.0,80593879.11000001,48.06,MP_ALLOCATION,mplads_mp_summary_2026-08-26.csv,2026-08-26,2026-08-26T10:39:19.918730+00:00
INTERNAL_MP_090,ROOP KUMARI CHOUDHARY,MAHASAMUND,CHHATTISGARH,153035414.0,75772172.0,77263242.0,49.51,MP_ALLOCATION,mplads_mp_summary_2026-08-26.csv,2026-08-26,2026-08-26T10:39:19.918730+00:00
INTERNAL_MP_091,RADHE SHYAM RATHIYA,RAIGARH,CHHATTISGARH,159706972.09,80152296.0,79554676.09,50.19,MP_ALLOCATION,mplads_mp_summary_2026-08-26.csv,2026-08-26,2026-08-26T10:39:19.918730+00:00
INTERNAL_MP_092,BRIJMOHAN AGRAWAL,RAIPUR,CHHATTISGARH,153766451.11,68756217.0,85010234.11000001,44.71,MP_ALLOCATION,mplads_mp_summary_2026-08-26.csv,2026-08-26,2026-08-26T10:39:19.918730+00:00
INTERNAL_MP_093,SANTOSH PANDEY,RAJNANDGAON,CHHATTISGARH,147000000.0,60639114.0,86360886.0,41.25,MP_ALLOCATION,mplads_mp_summary_2026-08-26.csv,2026-08-26,2026-08-26T10:39:19.918730+00:00
INTERNAL_MP_094,CHINTAMANI MAHARAJ,SARGUJA,CHHATTISGARH,147000000.0,61420121.0,85579879.0,41.78,MP_ALLOCATION,mplads_mp_summary_2026-08-26.csv,2026-08-26,2026-08-26T10:39:19.918730+00:00
INTERNAL_MP_095,PRAVEEN KHANDELWAL,CHANDINI CHOWK,DELHI,147470276.0,26487847.0,120982429.0,17.96,MP_ALLOCATION,mplads_mp_summary_2026-08-26.csv,2026-08-26,2026-08-26T10:39:19.918730+00:00
INTERNAL_MP_096,HARSH MALHOTRA,EAST DELHI,DELHI,147134131.0,24390277.0,122743854.0,16.58,MP_ALLOCATION,mplads_mp_summary_2026-08-26.csv,2026-08-26,2026-08-26T10:39:19.918730+00:00
INTERNAL_MP_097,BANSURI SWARAJ,NEW DELHI,DELHI,154306950.0,21775293.0,132531657.0,14.11,MP_ALLOCATION,mplads_mp_summary_2026-08-26.csv,2026-08-26,2026-08-26T10:39:19.918730+00:00
INTERNAL_MP_098,MANOJ TIWARI,NORTH EAST DELHI,DELHI,225843858.0,28650238.0,197193620.0,12.69,MP_ALLOCATION,mplads_mp_summary_2026-08-26.csv,2026-08-26,2026-08-26T10:39:19.918730+00:00
INTERNAL_MP_099,YOGENDRA CHANDOLIYA,NORTH WEST DELHI,DELHI,147876307.0,10961614.0,136914693.0,7.41,MP_ALLOCATION,mplads_mp_summary_2026-08-26.csv,2026-08-26,2026-08-26T10:39:19.918730+00:00
INTERNAL_MP_100,RAMVIR SINGH BIDHURI,SOUTH DELHI,DELHI,147559100.0,28849836.0,118709264.0,19.55,MP_ALLOCATION,mplads_mp_summary_2026-08-26.csv,2026-08-26,2026-08-26T10:39:19.918730+00:00
INTERNAL_MP_101,KAMALJEET SEHRAWAT,WEST DELHI,DELHI,147000000.0,13075365.0,133924635.0,8.89,MP_ALLOCATION,mplads_mp_summary_2026-08-26.csv,2026-08-26,2026-08-26T10:39:19.918730+00:00
INTERNAL_MP_102,SHRIPAD YESSO NAIK,NORTH GOA,GOA,147000000.0,15476370.0,131523630.0,10.53,MP_ALLOCATION,mplads_mp_summary_2026-08-26.csv,2026-08-26,2026-08-26T10:39:19.918730+00:00
INTERNAL_MP_103,CAPTAIN VIRIATO FERNANDES,SOUTH GOA,GOA,147000000.0,48358008.0,98641992.0,32.9,MP_ALLOCATION,mplads_mp_summary_2026-08-26.csv,2026-08-26,2026-08-26T10:39:19.918730+00:00
INTERNAL_MP_104,HASMUKH BHAI SOMA BHAI PATEL,AHMEDABAD EAST,GUJARAT,147000000.0,32021270.0,114978730.0,21.78,MP_ALLOCATION,mplads_mp_summary_2026-08-26.csv,2026-08-26,2026-08-26T10:39:19.918730+00:00
INTERNAL_MP_105,DINESHBHAI MAKWANA,AHMEDABAD WEST,GUJARAT,160434965.11,25122452.0,135312513.11,15.66,MP_ALLOCATION,mplads_mp_summary_2026-08-26.csv,2026-08-26,2026-08-26T10:39:19.918730+00:00
INTERNAL_MP_106,BHARATBHAI MANUBHAI SUTARIYA,AMRELI,GUJARAT,147000000.0,60446765.0,86553235.0,41.12,MP_ALLOCATION,mplads_mp_summary_2026-08-26.csv,2026-08-26,2026-08-26T10:39:19.918730+00:00
INTERNAL_MP_107,MITESH RAMESHBHAI BAKABHAI PATEL,ANAND,GUJARAT,147000000.0,58303147.0,88696853.0,39.66,MP_ALLOCATION,mplads_mp_summary_2026-08-26.csv,2026-08-26,2026-08-26T10:39:19.918730+00:00
INTERNAL_MP_108,GENIBEN NAGAJI THAKOR,BANASKANTHA,GUJARAT,147000000.0,25832765.0,121167235.0,17.57,MP_ALLOCATION,mplads_mp_summary_2026-08-26.csv,2026-08-26,2026-08-26T10:39:19.918730+00:00
INTERNAL_MP_109,PRABHUBHAI NAGARBHAI VASAVA,BARDOLI,GUJARAT,147000000.0,27468376.0,119531624.0,18.69,MP_ALLOCATION,mplads_mp_summary_2026-08-26.csv,2026-08-26,2026-08-26T10:39:19.918730+00:00
INTERNAL_MP_110,MANSUKHBHAI DHANJIBHAI VASAVA,BHARUCH,GUJARAT,147000000.0,69778294.0,77221706.0,47.47,MP_ALLOCATION,mplads_mp_summary_2026-08-26.csv,2026-08-26,2026-08-26T10:39:19.918730+00:00
INTERNAL_MP_111,NIMUBEN JAYANTIBHAI BAMBHANIYA,BHAVNAGAR,GUJARAT,147000000.0,25662379.0,121337621.0,17.46,MP_ALLOCATION,mplads_mp_summary_2026-08-26.csv,2026-08-26,2026-08-26T10:39:19.918730+00:00
INTERNAL_MP_112,JASHUBHAI BHILUBHAI RATHVA,CHHOTA UDAIPUR,GUJARAT,147000000.0,40624412.0,106375588.0,27.64,MP_ALLOCATION,mplads_mp_summary_2026-08-26.csv,2026-08-26,2026-08-26T10:39:19.918730+00:00
INTERNAL_MP_113,JASWANTSINH SUMANBHAI BHABHOR,DAHOD,GUJARAT,147000000.0,26203905.0,120796095.0,17.83,MP_ALLOCATION,mplads_mp_summary_2026-08-26.csv,2026-08-26,2026-08-26T10:39:19.918730+00:00
INTERNAL_MP_114,SHRI AMIT SHAH,GANDHINAGAR,GUJARAT,147000000.0,11529274.0,135470726.0,7.84,MP_ALLOCATION,mplads_mp_summary_2026-08-26.csv,2026-08-26,2026-08-26T10:39:19.918730+00:00
INTERNAL_MP_115,SMT POONAMBEN HEMATBHAI MAADAM,JAMNAGAR,GUJARAT,147000000.0,25917848.0,121082152.0,17.63,MP_ALLOCATION,mplads_mp_summary_2026-08-26.csv,2026-08-26,2026-08-26T10:39:19.918730+00:00
INTERNAL_MP_116,RAJESHBHAI NARANBHAI CHUDASAMA,JUNAGADH,GUJARAT,147000000.0,56040284.0,90959716.0,38.12,MP_ALLOCATION,mplads_mp_summary_2026-08-26.csv,2026-08-26,2026-08-26T10:39:19.918730+00:00
INTERNAL_MP_117,VINOD CHAVDA,KACHCHH,GUJARAT,147000000.0,51051603.0,95948397.0,34.73,MP_ALLOCATION,mplads_mp_summary_2026-08-26.csv,2026-08-26,2026-08-26T10:39:19.918730+00:00
INTERNAL_MP_118,DEVUSINH JESINGBHAI CHAUHAN,KHEDA,GUJARAT,147000000.0,54783374.0,92216626.0,37.27,MP_ALLOCATION,mplads_mp_summary_2026-08-26.csv,2026-08-26,2026-08-26T10:39:19.918730+00:00
INTERNAL_MP_119,HARIBHAI PATEL,MAHESANA,GUJARAT,147000000.0,51281778.0,95718222.0,34.89,MP_ALLOCATION,mplads_mp_summary_2026-08-26.csv,2026-08-26,2026-08-26T10:39:19.918730+00:00
INTERNAL_MP_120,C R PATIL,NAVSARI,GUJARAT,158532494.36,68363295.0,90169199.36,43.12,MP_ALLOCATION,mplads_mp_summary_2026-08-26.csv,2026-08-26,2026-08-26T10:39:19.918730+00:00
INTERNAL_MP_121,RAJPALSINH MAHENDRASINH JADAV,PANCHMAHAL,GUJARAT,147000000.0,28356198.0,118643802.0,19.29,MP_ALLOCATION,mplads_mp_summary_2026-08-26.csv,2026-08-26,2026-08-26T10:39:19.918730+00:00
INTERNAL_MP_122,BHARATSINHJI SHANKARJI DABHI,PATAN,GUJARAT,147000000.0,70906510.0,76093490.0,48.24,MP_ALLOCATION,mplads_mp_summary_2026-08-26.csv,2026-08-26,2026-08-26T10:39:19.918730+00:00
INTERNAL_MP_123,DR. MANSUKH MANDAVIYA,PORBANDAR,GUJARAT,147000000.0,34762587.0,112237413.0,23.65,MP_ALLOCATION,mplads_mp_summary_2026-08-26.csv,2026-08-26,2026-08-26T10:39:19.918730+00:00
INTERNAL_MP_124,PARSHOTTAMBHAI RUPALA,RAJKOT,GUJARAT,147000000.0,40230082.0,106769918.0,27.37,MP_ALLOCATION,mplads_mp_summary_2026-08-26.csv,2026-08-26,2026-08-26T10:39:19.918730+00:00
INTERNAL_MP_125,SHOBHANABEN MAHENDRASINH BARAIYA,SABARKANTHA,GUJARAT,147000000.0,51180570.0,95819430.0,34.82,MP_ALLOCATION,mplads_mp_summary_2026-08-26.csv,2026-08-26,2026-08-26T10:39:19.918730+00:00
INTERNAL_MP_126,MUKESHKUMAR CHANDRAKAANT DALAL,SURAT,GUJARAT,147000000.0,26395724.0,120604276.0,17.96,MP_ALLOCATION,mplads_mp_summary_2026-08-26.csv,2026-08-26,2026-08-26T10:39:19.918730+00:00
INTERNAL_MP_127,CHANDUBHAI CHHAGANBHAI SHIHORA,SURENDRANAGAR,GUJARAT,147000000.0,59047027.0,87952973.0,40.17,MP_ALLOCATION,mplads_mp_summary_2026-08-26.csv,2026-08-26,2026-08-26T10:39:19.918730+00:00
INTERNAL_MP_128,DR. HEMANG JOSHI,VADODARA,GUJARAT,147000000.0,68089263.0,78910737.0,46.32,MP_ALLOCATION,mplads_mp_summary_2026-08-26.csv,2026-08-26,2026-08-26T10:39:19.918730+00:00
INTERNAL_MP_129,DHAVAL LAXMANBHAI PATEL,VALSAD,GUJARAT,147000000.0,36923530.0,110076470.0,25.12,MP_ALLOCATION,mplads_mp_summary_2026-08-26.csv,2026-08-26,2026-08-26T10:39:19.918730+00:00
INTERNAL_MP_130,VARUN CHAUDHRY,AMBALA,HARYANA,255454264.0,27537055.0,227917209.0,10.78,MP_ALLOCATION,mplads_mp_summary_2026-08-26.csv,2026-08-26,2026-08-26T10:39:19.918730+00:00
INTERNAL_MP_131,SHRI DHARAMBIR SINGH,BHIWANI MAHENDRAGARH,HARYANA,147000000.0,61518498.0,85481502.0,41.85,MP_ALLOCATION,mplads_mp_summary_2026-08-26.csv,2026-08-26,2026-08-26T10:39:19.918730+00:00
INTERNAL_MP_132,KRISHAN PAL GURJAR,FARIDABAD,HARYANA,147000000.0,23658961.0,123341039.0,16.09,MP_ALLOCATION,mplads_mp_summary_2026-08-26.csv,2026-08-26,2026-08-26T10:39:19.918730+00:00
INTERNAL_MP_133,RAO INDERJIT SINGH,GURGAON,HARYANA,147000000.0,22744840.0,124255160.0,15.47,MP_ALLOCATION,mplads_mp_summary_2026-08-26.csv,2026-08-26,2026-08-26T10:39:19.918730+00:00
INTERNAL_MP_134,JAI PARKASH,HISAR,HARYANA,147000000.0,67953815.0,79046185.0,46.23,MP_ALLOCATION,mplads_mp_summary_2026-08-26.csv,2026-08-26,2026-08-26T10:39:19.918730+00:00
INTERNAL_MP_135,MANOHAR LAL,KARNAL,HARYANA,147000000.0,16619897.0,130380103.0,11.31,MP_ALLOCATION,mplads_mp_summary_2026-08-26.csv,2026-08-26,2026-08-26T10:39:19.918730+00:00
INTERNAL_MP_136,NAVEEN JINDAL,KURUKSHETRA,HARYANA,147000000.0,61160248.0,85839752.0,41.61,MP_ALLOCATION,mplads_mp_summary_2026-08-26.csv,2026-08-26,2026-08-26T10:39:19.918730+00:00
INTERNAL_MP_137,DEEPENDER SINGH HOODA,ROHTAK,HARYANA,147000000.0,58466003.0,88533997.0,39.77,MP_ALLOCATION,mplads_mp_summary_2026-08-26.csv,2026-08-26,2026-08-26T10:39:19.918730+00:00
INTERNAL_MP_138,SELJA,SIRSA,HARYANA,147000000.0,26636075.0,120363925.0,18.12,MP_ALLOCATION,mplads_mp_summary_2026-08-26.csv,2026-08-26,2026-08-26T10:39:19.918730+00:00
INTERNAL_MP_139,SATPAL BRAHAMCHARI,SONEPAT,HARYANA,147000000.0,33940251.0,113059749.0,23.09,MP_ALLOCATION,mplads_mp_summary_2026-08-26.csv,2026-08-26,2026-08-26T10:39:19.918730+00:00
INTERNAL_MP_140,ANURAG SINGH THAKUR,HAMIRPUR,HIMACHAL PRADESH,149570117.11,18376823.0,131193294.11,12.29,MP_ALLOCATION,mplads_mp_summary_2026-08-26.csv,2026-08-26,2026-08-26T10:39:19.918730+00:00
INTERNAL_MP_141,RAJEEV BHARDWAJ,KANGRA,HIMACHAL PRADESH,179388967.11,80583156.0,98805811.11,44.92,MP_ALLOCATION,mplads_mp_summary_2026-08-26.csv,2026-08-26,2026-08-26T10:39:19.918730+00:00
INTERNAL_MP_142,KANGANA RANAUT,MANDI,HIMACHAL PRADESH,147000000.0,48830820.0,98169180.0,33.22,MP_ALLOCATION,mplads_mp_summary_2026-08-26.csv,2026-08-26,2026-08-26T10:39:19.918730+00:00
INTERNAL_MP_143,SURESH KUMAR KASHYAP,SHIMLA,HIMACHAL PRADESH,153563957.11,90424211.0,63139746.110000014,58.88,MP_ALLOCATION,mplads_mp_summary_2026-08-26.csv,2026-08-26,2026-08-26T10:39:19.918730+00:00
INTERNAL_MP_144,MIAN ALTAF AHMAD,ANANTNAG,JAMMU AND KASHMIR,147000000.0,24523857.0,122476143.0,16.68,MP_ALLOCATION,mplads_mp_summary_2026-08-26.csv,2026-08-26,2026-08-26T10:39:19.918730+00:00
INTERNAL_MP_145,ABDUL RASHID SHEIKH,BARAMULLAH,JAMMU AND KASHMIR,147000000.0,27714021.0,119285979.0,18.85,MP_ALLOCATION,mplads_mp_summary_2026-08-26.csv,2026-08-26,2026-08-26T10:39:19.918730+00:00
INTERNAL_MP_146,SHRI JUGAL KISHORE SHARMA,JAMMU,JAMMU AND KASHMIR,147000000.0,30369749.0,116630251.0,20.66,MP_ALLOCATION,mplads_mp_summary_2026-08-26.csv,2026-08-26,2026-08-26T10:39:19.918730+00:00
INTERNAL_MP_147,AGA SYED RUHULLAH MEHDI,SRINAGAR,JAMMU AND KASHMIR,147000000.0,20822671.0,126177329.0,14.17,MP_ALLOCATION,mplads_mp_summary_2026-08-26.csv,2026-08-26,2026-08-26T10:39:19.918730+00:00
INTERNAL_MP_148,JITENDRA SINGH,UDHAMPUR,JAMMU AND KASHMIR,147000000.0,47977099.0,99022901.0,32.64,MP_ALLOCATION,mplads_mp_summary_2026-08-26.csv,2026-08-26,2026-08-26T10:39:19.918730+00:00
INTERNAL_MP_149,KALI CHARAN SINGH,CHATRA,JHARKHAND,147000000.0,49787316.0,97212684.0,33.87,MP_ALLOCATION,mplads_mp_summary_2026-08-26.csv,2026-08-26,2026-08-26T10:39:19.918730+00:00
INTERNAL_MP_150,DULU MAHATO,DHANBAD,JHARKHAND,147000000.0,50288360.0,96711640.0,34.21,MP_ALLOCATION,mplads_mp_summary_2026-08-26.csv,2026-08-26,2026-08-26T10:39:19.918730+00:00
INTERNAL_MP_151,NALIN SOREN,DUMKA,JHARKHAND,147364097.11,86550781.0,60813316.110000014,58.73,MP_ALLOCATION,mplads_mp_summary_2026-08-26.csv,2026-08-26,2026-08-26T10:39:19.918730+00:00
INTERNAL_MP_152,SHRI CHANDRA PRAKASH CHOUDHARY,GIRIDIH,JHARKHAND,147000000.0,54889366.0,92110634.0,37.34,MP_ALLOCATION,mplads_mp_summary_2026-08-26.csv,2026-08-26,2026-08-26T10:39:19.918730+00:00
INTERNAL_MP_153,NISHIKANT DUBEY,GODDA,JHARKHAND,147000000.0,1785510.0,145214490.0,1.21,MP_ALLOCATION,mplads_mp_summary_2026-08-26.csv,2026-08-26,2026-08-26T10:39:19.918730+00:00
INTERNAL_MP_154,MANISH JAISWAL,HAZARIBAGH,JHARKHAND,147000000.0,0.0,147000000.0,0.0,MP_ALLOCATION,mplads_mp_summary_2026-08-26.csv,2026-08-26,2026-08-26T10:39:19.918730+00:00
INTERNAL_MP_155,BIDYUT BARAN MAHATO,JAMSHEDPUR,JHARKHAND,147000000.0,75745972.0,71254028.0,51.53,MP_ALLOCATION,mplads_mp_summary_2026-08-26.csv,2026-08-26,2026-08-26T10:39:19.918730+00:00
INTERNAL_MP_156,KALI CHARAN MUNDA,KHUNTI,JHARKHAND,147000000.0,77772545.0,69227455.0,52.91,MP_ALLOCATION,mplads_mp_summary_2026-08-26.csv,2026-08-26,2026-08-26T10:39:19.918730+00:00
INTERNAL_MP_157,ANNPURNA DEVI,KODARMA,JHARKHAND,166665931.8,42079828.0,124586103.8,25.25,MP_ALLOCATION,mplads_mp_summary_2026-08-26.csv,2026-08-26,2026-08-26T10:39:19.918730+00:00
INTERNAL_MP_158,SUKHDEO BHAGAT,LOHARDAGA,JHARKHAND,171821957.11,138586757.0,33235200.11000001,80.66,MP_ALLOCATION,mplads_mp_summary_2026-08-26.csv,2026-08-26,2026-08-26T10:39:19.918730+00:00
INTERNAL_MP_159,VISHNU DAYAL RAM,PALAMU,JHARKHAND,158176083.11,83852477.0,74323606.11000001,53.01,MP_ALLOCATION,mplads_mp_summary_2026-08-26.csv,2026-08-26,2026-08-26T10:39:19.918730+00:00
INTERNAL_MP_160,VIJAY KUMAR HANSDAK,RAJMAHAL,JHARKHAND,147223957.11,28886697.0,118337260.11,19.62,MP_ALLOCATION,mplads_mp_summary_2026-08-26.csv,2026-08-26,2026-08-26T10:39:19.918730+00:00
INTERNAL_MP_161,SANJAY SETH,RANCHI,JHARKHAND,147064357.11,87528580.0,59535777.110000014,59.52,MP_ALLOCATION,mplads_mp_summary_2026-08-26.csv,2026-08-26,2026-08-26T10:39:19.918730+00:00
INTERNAL_MP_162,JOBA MAJHI,SINGHBHUM,JHARKHAND,147000000.0,59054467.0,87945533.0,40.17,MP_ALLOCATION,mplads_mp_summary_2026-08-26.csv,2026-08-26,2026-08-26T10:39:19.918730+00:00
INTERNAL_MP_163,PARVATAGOUDA CHANDANAGOUDA GADDIGOUDAR,BAGALKOT,KARNATAKA,167541747.11,63865076.0,103676671.11,38.12,MP_ALLOCATION,mplads_mp_summary_2026-08-26.csv,2026-08-26,2026-08-26T10:39:19.918730+00:00
INTERNAL_MP_164,P C MOHAN,BANGALORE CENTRAL,KARNATAKA,159995711.11,10439505.0,149556206.11,6.52,MP_ALLOCATION,mplads_mp_summary_2026-08-26.csv,2026-08-26,2026-08-26T10:39:19.918730+00:00
INTERNAL_MP_165,SHOBHA KARANDLAJE,BANGALORE NORTH,KARNATAKA,147000000.0,61473509.0,85526491.0,41.82,MP_ALLOCATION,mplads_mp_summary_2026-08-26.csv,2026-08-26,2026-08-26T10:39:19.918730+00:00
INTERNAL_MP_166,DR C N MANJUNATH,BANGALORE RURAL,KARNATAKA,147000000.0,58047695.0,88952305.0,39.49,MP_ALLOCATION,mplads_mp_summary_2026-08-26.csv,2026-08-26,2026-08-26T10:39:19.918730+00:00
INTERNAL_MP_167,SHRI LS TEJASVI SURYA,BANGALORE SOUTH,KARNATAKA,147000000.0,40913804.0,106086196.0,27.83,MP_ALLOCATION,mplads_mp_summary_2026-08-26.csv,2026-08-26,2026-08-26T10:39:19.918730+00:00
INTERNAL_MP_168,JAGADISH SHETTAR,BELGAUM,KARNATAKA,147000000.0,9847651.0,137152349.0,6.7,MP_ALLOCATION,mplads_mp_summary_2026-08-26.csv,2026-08-26,2026-08-26T10:39:19.918730+00:00
INTERNAL_MP_169,E. TUKARAM,BELLARY,KARNATAKA,147000000.0,14535937.0,132464063.0,9.89,MP_ALLOCATION,mplads_mp_summary_2026-08-26.csv,2026-08-26,2026-08-26T10:39:19.918730+00:00
INTERNAL_MP_170,SAGAR ESHWAR KHANDRE,BIDAR,KARNATAKA,147000000.0,15422826.0,131577174.0,10.49,MP_ALLOCATION,mplads_mp_summary_2026-08-26.csv,2026-08-26,2026-08-26T10:39:19.918730+00:00
INTERNAL_MP_171,RAMESH CHANDAPPA JIGAJINAGI,BIJAPUR,KARNATAKA,269500000.0,22898132.0,246601868.0,8.5,MP_ALLOCATION,mplads_mp_summary_2026-08-26.csv,2026-08-26,2026-08-26T10:39:19.918730+00:00
INTERNAL_MP_172,SUNIL BOSE,CHAMARAJANAGAR,KARNATAKA,147000000.0,50427615.0,96572385.0,34.3,MP_ALLOCATION,mplads_mp_summary_2026-08-26.csv,2026-08-26,2026-08-26T10:39:19.918730+00:00
INTERNAL_MP_173,DR.K.SUDHAKAR,CHIKBALLAPUR,KARNATAKA,147000000.0,37428975.0,109571025.0,25.46,MP_ALLOCATION,mplads_mp_summary_2026-08-26.csv,2026-08-26,2026-08-26T10:39:19.918730+00:00
INTERNAL_MP_174,PRIYANKA SATISH JARKIHOLI,CHIKKODI,KARNATAKA,147000000.0,17833577.0,129166423.0,12.13,MP_ALLOCATION,mplads_mp_summary_2026-08-26.csv,2026-08-26,2026-08-26T10:39:19.918730+00:00
INTERNAL_MP_175,GOVIND MAKTHAPPA KARJOL,CHITRADURGA,KARNATAKA,147000000.0,45195747.0,101804253.0,30.75,MP_ALLOCATION,mplads_mp_summary_2026-08-26.csv,2026-08-26,2026-08-26T10:39:19.918730+00:00
INTERNAL_MP_176,CAPTAIN BRIJESH CHOWTA,DAKSHINA KANNADA,KARNATAKA,147000000.0,48429304.0,98570696.0,32.95,MP_ALLOCATION,mplads_mp_summary_2026-08-26.csv,2026-08-26,2026-08-26T10:39:19.918730+00:00
INTERNAL_MP_177,DR. PRABHA MALLIKARJUN,DAVANAGERE,KARNATAKA,147000000.0,57444696.0,89555304.0,39.08,MP_ALLOCATION,mplads_mp_summary_2026-08-26.csv,2026-08-26,2026-08-26T10:39:19.918730+00:00
INTERNAL_MP_178,PRALHAD VENKATESH JOSHI,DHARWAD,KARNATAKA,147000000.0,20265814.0,126734186.0,13.79,MP_ALLOCATION,mplads_mp_summary_2026-08-26.csv,2026-08-26,2026-08-26T10:39:19.918730+00:00
INTERNAL_MP_179,RADHAKRISHNA,GULBARGA,KARNATAKA,147000000.0,3254664.0,143745336.0,2.21,MP_ALLOCATION,mplads_mp_summary_2026-08-26.csv,2026-08-26,2026-08-26T10:39:19.918730+00:00
INTERNAL_MP_180,SHREYAS. M. PATEL,HASSAN,KARNATAKA,147000000.0,58328008.0,88671992.0,39.68,MP_ALLOCATION,mplads_mp_summary_2026-08-26.csv,2026-08-26,2026-08-26T10:39:19.918730+00:00
INTERNAL_MP_181,BASAVARAJ BOMMAI,HAVERI,KARNATAKA,147000000.0,57936447.0,89063553.0,39.41,MP_ALLOCATION,mplads_mp_summary_2026-08-26.csv,2026-08-26,2026-08-26T10:39:19.918730+00:00
INTERNAL_MP_182,M. MALLESH BABU,KOLAR,KARNATAKA,147065957.11,40766132.0,106299825.11,27.72,MP_ALLOCATION,mplads_mp_summary_2026-08-26.csv,2026-08-26,2026-08-26T10:39:19.918730+00:00
INTERNAL_MP_183,K. RAJASHEKAR BASAVARAJ HITNAL,KOPPAL,KARNATAKA,147000000.0,66577182.0,80422818.0,45.29,MP_ALLOCATION,mplads_mp_summary_2026-08-26.csv,2026-08-26,2026-08-26T10:39:19.918730+00:00
INTERNAL_MP_184,H.D. KUMARASWAMY,MANDYA,KARNATAKA,147000000.0,44450000.0,102550000.0,30.24,MP_ALLOCATION,mplads_mp_summary_2026-08-26.csv,2026-08-26,2026-08-26T10:39:19.918730+00:00
INTERNAL_MP_185,YADUVEER KRISHNADATTA CHAMARAJA WADIYAR,MYSORE,KARNATAKA,147000000.0,62346570.0,84653430.0,42.41,MP_ALLOCATION,mplads_mp_summary_2026-08-26.csv,2026-08-26,2026-08-26T10:39:19.918730+00:00
INTERNAL_MP_186,G. KUMAR NAIK,RAICHUR,KARNATAKA,147000000.0,23521564.0,123478436.0,16.0,MP_ALLOCATION,mplads_mp_summary_2026-08-26.csv,2026-08-26,2026-08-26T10:39:19.918730+00:00
INTERNAL_MP_187,SHRI B Y RAGHAVENDRA,SHIMOGA,KARNATAKA,147000000.0,69561261.0,77438739.0,47.32,MP_ALLOCATION,mplads_mp_summary_2026-08-26.csv,2026-08-26,2026-08-26T10:39:19.918730+00:00
INTERNAL_MP_188,V. SOMANNA,TUMKUR,KARNATAKA,147000000.0,32293790.0,114706210.0,21.97,MP_ALLOCATION,mplads_mp_summary_2026-08-26.csv,2026-08-26,2026-08-26T10:39:19.918730+00:00
INTERNAL_MP_189,KOTA SRINIVAS POOJARY,UDUPI CHIKMAGALUR,KARNATAKA,147000000.0,39870575.0,107129425.0,27.12,MP_ALLOCATION,mplads_mp_summary_2026-08-26.csv,2026-08-26,2026-08-26T10:39:19.918730+00:00
INTERNAL_MP_190,VISHWESHWAR HEGDE KAGERI,UTTARA KANNADA,KARNATAKA,147000000.0,33350000.0,113650000.0,22.69,MP_ALLOCATION,mplads_mp_summary_2026-08-26.csv,2026-08-26,2026-08-26T10:39:19.918730+00:00
INTERNAL_MP_191,K. C VENUGOPAL,ALAPPUZHA,KERALA,147000000.0,44331588.0,102668412.0,30.16,MP_ALLOCATION,mplads_mp_summary_2026-08-26.csv,2026-08-26,2026-08-26T10:39:19.918730+00:00
INTERNAL_MP_192,K RADHAKRISHNAN,ALATHUR,KERALA,147000000.0,28066021.0,118933979.0,19.09,MP_ALLOCATION,mplads_mp_summary_2026-08-26.csv,2026-08-26,2026-08-26T10:39:19.918730+00:00
INTERNAL_MP_193,ADV ADOOR PRAKASH,ATTINGAL,KERALA,147000000.0,28617364.0,118382636.0,19.47,MP_ALLOCATION,mplads_mp_summary_2026-08-26.csv,2026-08-26,2026-08-26T10:39:19.918730+00:00
INTERNAL_MP_194,SHRI BENNY BEHANAN,CHALAKUDY,KERALA,147000000.0,28691022.0,118308978.0,19.52,MP_ALLOCATION,mplads_mp_summary_2026-08-26.csv,2026-08-26,2026-08-26T10:39:19.918730+00:00
INTERNAL_MP_195,SHRI HIBI EDEN,ERNAKULAM,KERALA,162177260.11,24928980.0,137248280.11,15.37,MP_ALLOCATION,mplads_mp_summary_2026-08-26.csv,2026-08-26,2026-08-26T10:39:19.918730+00:00
INTERNAL_MP_196,ADV DEAN KURIAKOSE,IDUKKI,KERALA,147000000.0,58754261.0,88245739.0,39.97,MP_ALLOCATION,mplads_mp_summary_2026-08-26.csv,2026-08-26,2026-08-26T10:39:19.918730+00:00
INTERNAL_MP_197,SHRI KUMBAKUDI SUDHAKARAN,KANNUR,KERALA,147000000.0,26785182.0,120214818.0,18.22,MP_ALLOCATION,mplads_mp_summary_2026-08-26.csv,2026-08-26,2026-08-26T10:39:19.918730+00:00
INTERNAL_MP_198,SHRI RAJMOHAN UNNITHAN,KASARAGOD,KERALA,156754633.11,28932795.0,127821838.11,18.46,MP_ALLOCATION,mplads_mp_summary_2026-08-26.csv,2026-08-26,2026-08-26T10:39:19.918730+00:00
INTERNAL_MP_199,SHRI NK PREMACHANDRAN,KOLLAM,KERALA,171477994.11,64475987.0,107002007.11,37.6,MP_ALLOCATION,mplads_mp_summary_2026-08-26.csv,2026-08-26,2026-08-26T10:39:19.918730+00:00
INTERNAL_MP_200,ADV K FRANCIS GEORGE,KOTTAYAM,KERALA,188722256.11,37467974.0,151254282.11,19.85,MP_ALLOCATION,mplads_mp_summary_2026-08-26.csv,2026-08-26,2026-08-26T10:39:19.918730+00:00
INTERNAL_MP_201,SHRI M K RAGHAVAN,KOZHIKODE,KERALA,147000000.0,9365325.0,137634675.0,6.37,MP_ALLOCATION,mplads_mp_summary_2026-08-26.csv,2026-08-26,2026-08-26T10:39:19.918730+00:00
INTERNAL_MP_202,E.T. MOHAMMED BASHEER,MALAPPURAM,KERALA,163895872.11,34451493.0,129444379.11,21.02,MP_ALLOCATION,mplads_mp_summary_2026-08-26.csv,2026-08-26,2026-08-26T10:39:19.918730+00:00
INTERNAL_MP_203,SHRI SURESH KODIKUNNIL,MAVELIKKARA,KERALA,172429519.11,41963456.0,130466063.11,24.34,MP_ALLOCATION,mplads_mp_summary_2026-08-26.csv,2026-08-26,2026-08-26T10:39:19.918730+00:00
INTERNAL_MP_204,VELLALATH KOCHUKRISHNAN NAIR SREEKANDAN,PALAKKAD,KERALA,147000000.0,50584788.0,96415212.0,34.41,MP_ALLOCATION,mplads_mp_summary_2026-08-26.csv,2026-08-26,2026-08-26T10:39:19.918730+00:00
INTERNAL_MP_205,ANTO ANTONY,PATHANAMTHITTA,KERALA,147000000.0,26984855.0,120015145.0,18.36,MP_ALLOCATION,mplads_mp_summary_2026-08-26.csv,2026-08-26,2026-08-26T10:39:19.918730+00:00
INTERNAL_MP_206,DR. M.P ABDUSSAMAD SAMADANI,PONNANI,KERALA,170434031.11,15076499.0,155357532.11,8.85,MP_ALLOCATION,mplads_mp_summary_2026-08-26.csv,2026-08-26,2026-08-26T10:39:19.918730+00:00
INTERNAL_MP_207,DR SHASHI THAROOR,THIRUVANANTHAPURAM,KERALA,147000000.0,41754577.0,105245423.0,28.4,MP_ALLOCATION,mplads_mp_summary_2026-08-26.csv,2026-08-26,2026-08-26T10:39:19.918730+00:00
INTERNAL_MP_208,SURESH GOPI,THRISSUR,KERALA,147000000.0,16001891.0,130998109.0,10.89,MP_ALLOCATION,mplads_mp_summary_2026-08-26.csv,2026-08-26,2026-08-26T10:39:19.918730+00:00
INTERNAL_MP_209,SHAFI PARAMBIL,VADAKARA,KERALA,147000000.0,15909800.0,131090200.0,10.82,MP_ALLOCATION,mplads_mp_summary_2026-08-26.csv,2026-08-26,2026-08-26T10:39:19.918730+00:00
INTERNAL_MP_210,PRIYANKA GANDHI VADRA,WAYANAD,KERALA,122500000.0,34714501.0,87785499.0,28.34,MP_ALLOCATION,mplads_mp_summary_2026-08-26.csv,2026-08-26,2026-08-26T10:39:19.918730+00:00
INTERNAL_MP_211,MOHAMED HANEEFA,LADAKH,LADAKH,161114542.0,6009392.0,155105150.0,3.73,MP_ALLOCATION,mplads_mp_summary_2026-08-26.csv,2026-08-26,2026-08-26T10:39:19.918730+00:00
INTERNAL_MP_212,MUHAMMED HAMDULLAH SAYEED,LAKSHADWEEP,LAKSHADWEEP,153942460.41,39337535.0,114604925.41,25.55,MP_ALLOCATION,mplads_mp_summary_2026-08-26.csv,2026-08-26,2026-08-26T10:39:19.918730+00:00
INTERNAL_MP_213,BHARTI PARDHI,BALAGHAT,MADHYA PRADESH,154398389.01,92426127.0,61972262.00999999,59.86,MP_ALLOCATION,mplads_mp_summary_2026-08-26.csv,2026-08-26,2026-08-26T10:39:19.918730+00:00
INTERNAL_MP_214,DURGA DAS UIKEY,BETUL,MADHYA PRADESH,151569502.91,85636977.0,65932525.91,56.5,MP_ALLOCATION,mplads_mp_summary_2026-08-26.csv,2026-08-26,2026-08-26T10:39:19.918730+00:00
INTERNAL_MP_215,SMT SANDHYA RAY,BHIND,MADHYA PRADESH,147000000.0,25218035.0,121781965.0,17.16,MP_ALLOCATION,mplads_mp_summary_2026-08-26.csv,2026-08-26,2026-08-26T10:39:19.918730+00:00
INTERNAL_MP_216,ALOK SHARMA,BHOPAL,MADHYA PRADESH,147000000.0,62492243.0,84507757.0,42.51,MP_ALLOCATION,mplads_mp_summary_2026-08-26.csv,2026-08-26,2026-08-26T10:39:19.918730+00:00
INTERNAL_MP_217,BUNTY VIVEK SAHU,CHHINDWARA,MADHYA PRADESH,147000000.0,54099699.0,92900301.0,36.8,MP_ALLOCATION,mplads_mp_summary_2026-08-26.csv,2026-08-26,2026-08-26T10:39:19.918730+00:00
INTERNAL_MP_218,RAHUL SINGH LODHI,DAMOH,MADHYA PRADESH,163058785.37,72714957.0,90343828.37,44.59,MP_ALLOCATION,mplads_mp_summary_2026-08-26.csv,2026-08-26,2026-08-26T10:39:19.918730+00:00
INTERNAL_MP_219,MAHENDRA SINGH SOLANKY,DEWAS,MADHYA PRADESH,147000000.0,41462417.0,105537583.0,28.21,MP_ALLOCATION,mplads_mp_summary_2026-08-26.csv,2026-08-26,2026-08-26T10:39:19.918730+00:00
INTERNAL_MP_220,SAVITRI THAKUR,DHAR,MADHYA PRADESH,147000000.0,78825366.0,68174634.0,53.62,MP_ALLOCATION,mplads_mp_summary_2026-08-26.csv,2026-08-26,2026-08-26T10:39:19.918730+00:00
INTERNAL_MP_221,JYOTIRADITYA M. SCINDIA,GUNA,MADHYA PRADESH,147000000.0,55870850.0,91129150.0,38.01,MP_ALLOCATION,mplads_mp_summary_2026-08-26.csv,2026-08-26,2026-08-26T10:39:19.918730+00:00
INTERNAL_MP_222,BHARAT SINGH KUSHWAH,GWALIOR,MADHYA PRADESH,151455276.04,13426652.0,138028624.04,8.87,MP_ALLOCATION,mplads_mp_summary_2026-08-26.csv,2026-08-26,2026-08-26T10:39:19.918730+00:00
INTERNAL_MP_223,DARSHAN SINGH CHOUDHARY,HOSHANGABAD,MADHYA PRADESH,147000000.0,29992552.0,117007448.0,20.4,MP_ALLOCATION,mplads_mp_summary_2026-08-26.csv,2026-08-26,2026-08-26T10:39:19.918730+00:00
INTERNAL_MP_224,SHANKAR LALWANI,INDORE,MADHYA PRADESH,147000000.0,76896131.0,70103869.0,52.31,MP_ALLOCATION,mplads_mp_summary_2026-08-26.csv,2026-08-26,2026-08-26T10:39:19.918730+00:00
INTERNAL_MP_225,ASHISH DUBEY,JABALPUR,MADHYA PRADESH,147000000.0,23263814.0,123736186.0,15.83,MP_ALLOCATION,mplads_mp_summary_2026-08-26.csv,2026-08-26,2026-08-26T10:39:19.918730+00:00
INTERNAL_MP_226,VISHNU DUTT SHARMA,KHAJURAHO,MADHYA PRADESH,147000000.0,11209947.0,135790053.0,7.63,MP_ALLOCATION,mplads_mp_summary_2026-08-26.csv,2026-08-26,2026-08-26T10:39:19.918730+00:00
INTERNAL_MP_227,GYANESHWAR PATIL,KHANDWA,MADHYA PRADESH,155690684.77,86011926.0,69678758.77000001,55.25,MP_ALLOCATION,mplads_mp_summary_2026-08-26.csv,2026-08-26,2026-08-26T10:39:19.918730+00:00
INTERNAL_MP_228,GAJENDRA SINGH PATEL,KHARGONE,MADHYA PRADESH,147000000.0,68043845.0,78956155.0,46.29,MP_ALLOCATION,mplads_mp_summary_2026-08-26.csv,2026-08-26,2026-08-26T10:39:19.918730+00:00
INTERNAL_MP_229,FAGGAN SINGH KULASTE,MANDLA,MADHYA PRADESH,151861648.41,54608168.0,97253480.41,35.96,MP_ALLOCATION,mplads_mp_summary_2026-08-26.csv,2026-08-26,2026-08-26T10:39:19.918730+00:00
INTERNAL_MP_230,SHRI SUDHEER GUPTA,MANDSOUR,MADHYA PRADESH,148988014.83,20845844.0,128142170.83,13.99,MP_ALLOCATION,mplads_mp_summary_2026-08-26.csv,2026-08-26,2026-08-26T10:39:19.918730+00:00
INTERNAL_MP_231,SHIVMANGAL SINGH TOMAR,MORENA,MADHYA PRADESH,147000000.0,20290158.0,126709842.0,13.8,MP_ALLOCATION,mplads_mp_summary_2026-08-26.csv,2026-08-26,2026-08-26T10:39:19.918730+00:00
INTERNAL_MP_232,RODMAL NAGAR,RAJGARH,MADHYA PRADESH,147000000.0,92107905.0,54892095.0,62.66,MP_ALLOCATION,mplads_mp_summary_2026-08-26.csv,2026-08-26,2026-08-26T10:39:19.918730+00:00
INTERNAL_MP_233,ANITA NAGARSINGH CHOUHAN,RATLAM,MADHYA PRADESH,147000000.0,55091448.0,91908552.0,37.48,MP_ALLOCATION,mplads_mp_summary_2026-08-26.csv,2026-08-26,2026-08-26T10:39:19.918730+00:00
INTERNAL_MP_234,JANARDAN MISHRA,REWA,MADHYA PRADESH,147000000.0,86935425.0,60064575.0,59.14,MP_ALLOCATION,mplads_mp_summary_2026-08-26.csv,2026-08-26,2026-08-26T10:39:19.918730+00:00
INTERNAL_MP_235,DR. LATA WANKHEDE,SAGAR,MADHYA PRADESH,147000000.0,95996591.0,51003409.0,65.3,MP_ALLOCATION,mplads_mp_summary_2026-08-26.csv,2026-08-26,2026-08-26T10:39:19.918730+00:00
INTERNAL_MP_236,GANESH SINGH,SATNA,MADHYA PRADESH,147000000.0,37994332.0,109005668.0,25.85,MP_ALLOCATION,mplads_mp_summary_2026-08-26.csv,2026-08-26,2026-08-26T10:39:19.918730+00:00
INTERNAL_MP_237,SMT HIMADRI SINGH,SHAHDOL,MADHYA PRADESH,150724861.11,57113796.0,93611065.11,37.89,MP_ALLOCATION,mplads_mp_summary_2026-08-26.csv,2026-08-26,2026-08-26T10:39:19.918730+00:00
INTERNAL_MP_238,DR. RAJESH MISHRA,SIDHI,MADHYA PRADESH,262724510.35,184783789.0,77940721.35,70.33,MP_ALLOCATION,mplads_mp_summary_2026-08-26.csv,2026-08-26,2026-08-26T10:39:19.918730+00:00
INTERNAL_MP_239,VIRENDRA KUMAR,TIKAMGARH,MADHYA PRADESH,147000000.0,49501421.0,97498579.0,33.67,MP_ALLOCATION,mplads_mp_summary_2026-08-26.csv,2026-08-26,2026-08-26T10:39:19.918730+00:00
INTERNAL_MP_240,SHRI ANIL FIROJIYA,UJJAIN,MADHYA PRADESH,147000000.0,77451399.0,69548601.0,52.69,MP_ALLOCATION,mplads_mp_summary_2026-08-26.csv,2026-08-26,2026-08-26T10:39:19.918730+00:00
INTERNAL_MP_241,SHIVRAJ SINGH CHOUHAN,VIDISHA,MADHYA PRADESH,147000000.0,38851625.0,108148375.0,26.43,MP_ALLOCATION,mplads_mp_summary_2026-08-26.csv,2026-08-26,2026-08-26T10:39:19.918730+00:00
INTERNAL_MP_242,NILESH DNYANDEV LANKE,AHMEDNAGAR,MAHARASHTRA,147000000.0,23809461.0,123190539.0,16.2,MP_ALLOCATION,mplads_mp_summary_2026-08-26.csv,2026-08-26,2026-08-26T10:39:19.918730+00:00
INTERNAL_MP_243,ANUP SANJAY DHOTRE,AKOLA,MAHARASHTRA,147000000.0,50063243.0,96936757.0,34.06,MP_ALLOCATION,mplads_mp_summary_2026-08-26.csv,2026-08-26,2026-08-26T10:39:19.918730+00:00
INTERNAL_MP_244,BALWANT BASWANT WANKHADE,AMRAVATI,MAHARASHTRA,198293678.0,93790658.0,104503020.0,47.3,MP_ALLOCATION,mplads_mp_summary_2026-08-26.csv,2026-08-26,2026-08-26T10:39:19.918730+00:00
INTERNAL_MP_245,BHUMARE SANDIPANRAO ASARAM,AURANGABAD,MAHARASHTRA,147000000.0,50596352.0,96403648.0,34.42,MP_ALLOCATION,mplads_mp_summary_2026-08-26.csv,2026-08-26,2026-08-26T10:39:19.918730+00:00
INTERNAL_MP_246,SMT SUPRIYA SADANAND SULE,BARAMATI,MAHARASHTRA,147000000.0,23046333.0,123953667.0,15.68,MP_ALLOCATION,mplads_mp_summary_2026-08-26.csv,2026-08-26,2026-08-26T10:39:19.918730+00:00
INTERNAL_MP_247,BAJRANG MANOHAR SONWANE,BEED,MAHARASHTRA,165899107.19,37977152.0,127921955.19,22.89,MP_ALLOCATION,mplads_mp_summary_2026-08-26.csv,2026-08-26,2026-08-26T10:39:19.918730+00:00
INTERNAL_MP_248,DR. PRASHANT YADAORAO PADOLE,BHANDARA-GONDIYA,MAHARASHTRA,159680283.39,14261839.0,145418444.39,8.93,MP_ALLOCATION,mplads_mp_summary_2026-08-26.csv,2026-08-26,2026-08-26T10:39:19.918730+00:00
INTERNAL_MP_249,BALYA MAMA SURESH GOPINATH MHATRE,BHIWANDI,MAHARASHTRA,147000000.0,58859568.0,88140432.0,40.04,MP_ALLOCATION,mplads_mp_summary_2026-08-26.csv,2026-08-26,2026-08-26T10:39:19.918730+00:00
INTERNAL_MP_250,PRATAPRAO JADHAV,BULDHANA,MAHARASHTRA,147000000.0,1208028.0,145791972.0,0.82,MP_ALLOCATION,mplads_mp_summary_2026-08-26.csv,2026-08-26,2026-08-26T10:39:19.918730+00:00
INTERNAL_MP_251,DHANORKAR PRATIBHA SURESH ALIAS BALUBHAU,CHANDRAPUR,MAHARASHTRA,147000000.0,14990871.0,132009129.0,10.2,MP_ALLOCATION,mplads_mp_summary_2026-08-26.csv,2026-08-26,2026-08-26T10:39:19.918730+00:00
INTERNAL_MP_252,BACHHAV SHOBHA DINESH,DHULE,MAHARASHTRA,147000000.0,13135243.0,133864757.0,8.94,MP_ALLOCATION,mplads_mp_summary_2026-08-26.csv,2026-08-26,2026-08-26T10:39:19.918730+00:00
INTERNAL_MP_253,BHASKAR MURLIDHAR BHAGARE,DINDORI,MAHARASHTRA,147000000.0,34081627.0,112918373.0,23.18,MP_ALLOCATION,mplads_mp_summary_2026-08-26.csv,2026-08-26,2026-08-26T10:39:19.918730+00:00
INTERNAL_MP_254,DR. KIRSAN NAMDEO,GADCHIROLI-CHIMUR,MAHARASHTRA,147000000.0,22599453.0,124400547.0,15.37,MP_ALLOCATION,mplads_mp_summary_2026-08-26.csv,2026-08-26,2026-08-26T10:39:19.918730+00:00
INTERNAL_MP_255,DHAIRYASHEEL SAMBHAJIRAO MANE,HATKANANGLE,MAHARASHTRA,147000000.0,7519206.0,139480794.0,5.12,MP_ALLOCATION,mplads_mp_summary_2026-08-26.csv,2026-08-26,2026-08-26T10:39:19.918730+00:00
INTERNAL_MP_256,AASHTIKAR PATIL NAGESH BAPURAO,HINGOLI,MAHARASHTRA,190289442.0,67522042.0,122767400.0,35.48,MP_ALLOCATION,mplads_mp_summary_2026-08-26.csv,2026-08-26,2026-08-26T10:39:19.918730+00:00
INTERNAL_MP_257,SMITA UDAY WAGH,JALGAON,MAHARASHTRA,148107373.11,14030677.0,134076696.11,9.47,MP_ALLOCATION,mplads_mp_summary_2026-08-26.csv,2026-08-26,2026-08-26T10:39:19.918730+00:00
INTERNAL_MP_258,KALYAN VAIJINATHRAO KALE,JALNA,MAHARASHTRA,147000000.0,39751304.0,107248696.0,27.04,MP_ALLOCATION,mplads_mp_summary_2026-08-26.csv,2026-08-26,2026-08-26T10:39:19.918730+00:00
INTERNAL_MP_259,SHRIKANT EKNATH SHINDE,KALYAN,MAHARASHTRA,147000000.0,325000.0,146675000.0,0.22,MP_ALLOCATION,mplads_mp_summary_2026-08-26.csv,2026-08-26,2026-08-26T10:39:19.918730+00:00
INTERNAL_MP_260,CHHATRAPATI SHAHU SHAHAJI,KOLHAPUR,MAHARASHTRA,147000000.0,33696592.0,113303408.0,22.92,MP_ALLOCATION,mplads_mp_summary_2026-08-26.csv,2026-08-26,2026-08-26T10:39:19.918730+00:00
INTERNAL_MP_261,DR KALGE SHIVAJI BANDAPPA,LATUR,MAHARASHTRA,147000000.0,28846420.0,118153580.0,19.62,MP_ALLOCATION,mplads_mp_summary_2026-08-26.csv,2026-08-26,2026-08-26T10:39:19.918730+00:00
INTERNAL_MP_262,MOHITE PATIL DHAIRYASHEEL RAJSINH,MADHA,MAHARASHTRA,195613601.7,8828612.0,186784989.7,4.51,MP_ALLOCATION,mplads_mp_summary_2026-08-26.csv,2026-08-26,2026-08-26T10:39:19.918730+00:00
INTERNAL_MP_263,SHRIRANG APPA BARNE,MAVAL,MAHARASHTRA,147000000.0,35720911.0,111279089.0,24.3,MP_ALLOCATION,mplads_mp_summary_2026-08-26.csv,2026-08-26,2026-08-26T10:39:19.918730+00:00
INTERNAL_MP_264,PIYUSH VEDPRAKASH GOYAL,MUMBAI NORTH,MAHARASHTRA,147000000.0,30848998.0,116151002.0,20.99,MP_ALLOCATION,mplads_mp_summary_2026-08-26.csv,2026-08-26,2026-08-26T10:39:19.918730+00:00
INTERNAL_MP_265,SANJAY DINA PATIL,MUMBAI NORTH EAST,MAHARASHTRA,147000000.0,5955517.0,141044483.0,4.05,MP_ALLOCATION,mplads_mp_summary_2026-08-26.csv,2026-08-26,2026-08-26T10:39:19.918730+00:00
INTERNAL_MP_266,RAVINDRA DATTARAM WAIKAR,MUMBAI NORTH WEST,MAHARASHTRA,147000000.0,53799122.0,93200878.0,36.6,MP_ALLOCATION,mplads_mp_summary_2026-08-26.csv,2026-08-26,2026-08-26T10:39:19.918730+00:00
INTERNAL_MP_267,GAIKWAD VARSHA EKNATH,MUMBAI NORTH-CENTRAL,MAHARASHTRA,147000000.0,92563767.0,54436233.0,62.97,MP_ALLOCATION,mplads_mp_summary_2026-08-26.csv,2026-08-26,2026-08-26T10:39:19.918730+00:00
INTERNAL_MP_268,ARVIND GANPAT SAWANT,MUMBAI SOUTH,MAHARASHTRA,147000000.0,28859509.0,118140491.0,19.63,MP_ALLOCATION,mplads_mp_summary_2026-08-26.csv,2026-08-26,2026-08-26T10:39:19.918730+00:00
INTERNAL_MP_269,ANIL YESHWANT DESAI,MUMBAI SOUTH CENTRAL,MAHARASHTRA,147000000.0,7792570.0,139207430.0,5.3,MP_ALLOCATION,mplads_mp_summary_2026-08-26.csv,2026-08-26,2026-08-26T10:39:19.918730+00:00
INTERNAL_MP_270,NITIN JAIRAM GADKARI,NAGPUR,MAHARASHTRA,168195086.11,46558565.0,121636521.11,27.68,MP_ALLOCATION,mplads_mp_summary_2026-08-26.csv,2026-08-26,2026-08-26T10:39:19.918730+00:00
INTERNAL_MP_271,CHAVAN VASANTRAO BALWANTRAO,NANDED,MAHARASHTRA,0.0,0.0,0.0,0.0,MP_ALLOCATION,mplads_mp_summary_2026-08-26.csv,2026-08-26,2026-08-26T10:39:19.918730+00:00
INTERNAL_MP_272,RAVINDRA VASANTRAO CHAVAN,NANDED,MAHARASHTRA,147000000.0,39344293.0,107655707.0,26.76,MP_ALLOCATION,mplads_mp_summary_2026-08-26.csv,2026-08-26,2026-08-26T10:39:19.918730+00:00
INTERNAL_MP_273,ADV GOWAAL KAGADA PADAVI,NANDURBAR,MAHARASHTRA,147816309.11,32041066.0,115775243.11,21.68,MP_ALLOCATION,mplads_mp_summary_2026-08-26.csv,2026-08-26,2026-08-26T10:39:19.918730+00:00
INTERNAL_MP_274,RAJABHAU,NASHIK,MAHARASHTRA,152878682.11,44799862.0,108078820.11,29.3,MP_ALLOCATION,mplads_mp_summary_2026-08-26.csv,2026-08-26,2026-08-26T10:39:19.918730+00:00
INTERNAL_MP_275,OMPRAKASH BHUPALSINH ALIAS PAWAN RAJENIMBALKAR,OSMANABAD,MAHARASHTRA,184758519.11,27342263.0,157416256.11,14.8,MP_ALLOCATION,mplads_mp_summary_2026-08-26.csv,2026-08-26,2026-08-26T10:39:19.918730+00:00
INTERNAL_MP_276,DR. HEMANT VISHNU SAVARA,PALGHAR,MAHARASHTRA,147000000.0,8415952.0,138584048.0,5.73,MP_ALLOCATION,mplads_mp_summary_2026-08-26.csv,2026-08-26,2026-08-26T10:39:19.918730+00:00
INTERNAL_MP_277,SANJAY HARIBHAU JADHAV,PARBHANI,MAHARASHTRA,147000000.0,40999822.0,106000178.0,27.89,MP_ALLOCATION,mplads_mp_summary_2026-08-26.csv,2026-08-26,2026-08-26T10:39:19.918730+00:00
INTERNAL_MP_278,MURLIDHAR MOHOL,PUNE,MAHARASHTRA,147000000.0,18945481.0,128054519.0,12.89,MP_ALLOCATION,mplads_mp_summary_2026-08-26.csv,2026-08-26,2026-08-26T10:39:19.918730+00:00
INTERNAL_MP_279,SUNIL DATTATRAY TATKARE,RAIGAD,MAHARASHTRA,147000000.0,58660128.0,88339872.0,39.9,MP_ALLOCATION,mplads_mp_summary_2026-08-26.csv,2026-08-26,2026-08-26T10:39:19.918730+00:00
INTERNAL_MP_280,SHYAMKUMAR,RAMTEK,MAHARASHTRA,147000000.0,5141086.0,141858914.0,3.5,MP_ALLOCATION,mplads_mp_summary_2026-08-26.csv,2026-08-26,2026-08-26T10:39:19.918730+00:00
INTERNAL_MP_281,NARAYAN TATU RANE,RATNAGIRI-SINDHUDURG,MAHARASHTRA,147000000.0,22993974.0,124006026.0,15.64,MP_ALLOCATION,mplads_mp_summary_2026-08-26.csv,2026-08-26,2026-08-26T10:39:19.918730+00:00
INTERNAL_MP_282,SMT RAKSHA NIKHIL KHADSE,RAVER,MAHARASHTRA,153112586.11,5871973.0,147240613.11,3.84,MP_ALLOCATION,mplads_mp_summary_2026-08-26.csv,2026-08-26,2026-08-26T10:39:19.918730+00:00
INTERNAL_MP_283,VISHAL,SANGLI,MAHARASHTRA,147000000.0,20615077.0,126384923.0,14.02,MP_ALLOCATION,mplads_mp_summary_2026-08-26.csv,2026-08-26,2026-08-26T10:39:19.918730+00:00
INTERNAL_MP_284,SHRIMANT CHH UDAYANRAJE PRATAPSINHAMAHARAJ BHONSLE,SATARA,MAHARASHTRA,147000000.0,16135149.0,130864851.0,10.98,MP_ALLOCATION,mplads_mp_summary_2026-08-26.csv,2026-08-26,2026-08-26T10:39:19.918730+00:00
INTERNAL_MP_285,BHAUSAHEB RAJARAM WAKCHAURE,SHIRDI,MAHARASHTRA,147000000.0,19420448.0,127579552.0,13.21,MP_ALLOCATION,mplads_mp_summary_2026-08-26.csv,2026-08-26,2026-08-26T10:39:19.918730+00:00
INTERNAL_MP_286,AMOL RAMSING KOLHE,SHIRUR,MAHARASHTRA,147000000.0,20561770.0,126438230.0,13.99,MP_ALLOCATION,mplads_mp_summary_2026-08-26.csv,2026-08-26,2026-08-26T10:39:19.918730+00:00
INTERNAL_MP_287,PRANITI SUSHILKUMAR SHINDE,SOLAPUR,MAHARASHTRA,147000000.0,8440395.0,138559605.0,5.74,MP_ALLOCATION,mplads_mp_summary_2026-08-26.csv,2026-08-26,2026-08-26T10:39:19.918730+00:00
INTERNAL_MP_288,NARESH GANPAT MHASKE,THANE,MAHARASHTRA,147000000.0,0.0,147000000.0,0.0,MP_ALLOCATION,mplads_mp_summary_2026-08-26.csv,2026-08-26,2026-08-26T10:39:19.918730+00:00
INTERNAL_MP_289,AMAR SHARADRAO KALE,WARDHA,MAHARASHTRA,147000000.0,32855968.0,114144032.0,22.35,MP_ALLOCATION,mplads_mp_summary_2026-08-26.csv,2026-08-26,2026-08-26T10:39:19.918730+00:00
INTERNAL_MP_290,SANJAY UTTAMRAO DESHMUKH,YAVATMAL-WASHIM,MAHARASHTRA,185640423.0,24518118.0,161122305.0,13.21,MP_ALLOCATION,mplads_mp_summary_2026-08-26.csv,2026-08-26,2026-08-26T10:39:19.918730+00:00
INTERNAL_MP_291,ANGOMCHA BIMOL AKOIJAM,INNER MANIPUR,MANIPUR,147000000.0,93860392.0,53139608.0,63.85,MP_ALLOCATION,mplads_mp_summary_2026-08-26.csv,2026-08-26,2026-08-26T10:39:19.918730+00:00
INTERNAL_MP_292,ALFRED KANNGAM S ARTHUR,OUTER MANIPUR,MANIPUR,147000000.0,84951963.0,62048037.0,57.79,MP_ALLOCATION,mplads_mp_summary_2026-08-26.csv,2026-08-26,2026-08-26T10:39:19.918730+00:00
INTERNAL_MP_293,ANDREW J. SYNGKON,SHILLONG,MEGHALAYA,98000000.0,70355000.0,27645000.0,71.79,MP_ALLOCATION,mplads_mp_summary_2026-08-26.csv,2026-08-26,2026-08-26T10:39:19.918730+00:00
INTERNAL_MP_294,SALENG A SANGMA,TURA,MEGHALAYA,147000000.0,96785000.0,50215000.0,65.84,MP_ALLOCATION,mplads_mp_summary_2026-08-26.csv,2026-08-26,2026-08-26T10:39:19.918730+00:00
INTERNAL_MP_295,RICHARD VANLALHMANGAIHA,MIZORAM,MIZORAM,147000000.0,94866729.0,52133271.0,64.54,MP_ALLOCATION,mplads_mp_summary_2026-08-26.csv,2026-08-26,2026-08-26T10:39:19.918730+00:00
INTERNAL_MP_296,S SUPONGMEREN JAMIR,NAGALAND,NAGALAND,147000000.0,138150000.0,8850000.0,93.98,MP_ALLOCATION,mplads_mp_summary_2026-08-26.csv,2026-08-26,2026-08-26T10:39:19.918730+00:00
INTERNAL_MP_297,ANITA SUBHADARSHINI,ASKA,ODISHA,147000000.0,13418448.0,133581552.0,9.13,MP_ALLOCATION,mplads_mp_summary_2026-08-26.csv,2026-08-26,2026-08-26T10:39:19.918730+00:00
INTERNAL_MP_298,PRATAP CHANDRA SARANGI,BALASORE,ODISHA,147064254.11,2525000.0,144539254.11,1.72,MP_ALLOCATION,mplads_mp_summary_2026-08-26.csv,2026-08-26,2026-08-26T10:39:19.918730+00:00
INTERNAL_MP_299,PRADEEP PUROHIT,BARGARH,ODISHA,147000000.0,30901278.0,116098722.0,21.02,MP_ALLOCATION,mplads_mp_summary_2026-08-26.csv,2026-08-26,2026-08-26T10:39:19.918730+00:00
INTERNAL_MP_300,DR. PRADEEP KUMAR PANIGRAHY,BERHAMPUR,ODISHA,147000000.0,0.0,147000000.0,0.0,MP_ALLOCATION,mplads_mp_summary_2026-08-26.csv,2026-08-26,2026-08-26T10:39:19.918730+00:00
INTERNAL_MP_301,AVIMANYU SETHI,BHADRAK,ODISHA,147000000.0,23107575.0,123892425.0,15.72,MP_ALLOCATION,mplads_mp_summary_2026-08-26.csv,2026-08-26,2026-08-26T10:39:19.918730+00:00
INTERNAL_MP_302,SMT APARAJITA SARANGI,BHUBANESWAR,ODISHA,147420861.41,30447444.0,116973417.41,20.65,MP_ALLOCATION,mplads_mp_summary_2026-08-26.csv,2026-08-26,2026-08-26T10:39:19.918730+00:00
INTERNAL_MP_303,SMT SANGEETA KUMARI SINGH DEO,BOLANGIR,ODISHA,147000000.0,4193424.0,142806576.0,2.85,MP_ALLOCATION,mplads_mp_summary_2026-08-26.csv,2026-08-26,2026-08-26T10:39:19.918730+00:00
INTERNAL_MP_304,SHRI BHARTRUHARI MAHTAB,CUTTACK,ODISHA,147000000.0,35411567.0,111588433.0,24.09,MP_ALLOCATION,mplads_mp_summary_2026-08-26.csv,2026-08-26,2026-08-26T10:39:19.918730+00:00
INTERNAL_MP_305,RUDRA NARAYAN PANY,DHENKANAL,ODISHA,155013957.11,3039057.0,151974900.11,1.96,MP_ALLOCATION,mplads_mp_summary_2026-08-26.csv,2026-08-26,2026-08-26T10:39:19.918730+00:00
INTERNAL_MP_306,BIBHU PRASAD TARAI,JAGATSINGHPUR,ODISHA,147000000.0,16033683.0,130966317.0,10.91,MP_ALLOCATION,mplads_mp_summary_2026-08-26.csv,2026-08-26,2026-08-26T10:39:19.918730+00:00
INTERNAL_MP_307,RABINDRA NARAYAN BEHERA,JAJPUR,ODISHA,147064617.11,9146086.0,137918531.11,6.22,MP_ALLOCATION,mplads_mp_summary_2026-08-26.csv,2026-08-26,2026-08-26T10:39:19.918730+00:00
INTERNAL_MP_308,MALVIKA DEVI,KALAHANDI,ODISHA,147000000.0,50804998.0,96195002.0,34.56,MP_ALLOCATION,mplads_mp_summary_2026-08-26.csv,2026-08-26,2026-08-26T10:39:19.918730+00:00
INTERNAL_MP_309,SUKANTA KUMAR PANIGRAHI,KANDHAMAL,ODISHA,190712424.11,54209040.0,136503384.11,28.42,MP_ALLOCATION,mplads_mp_summary_2026-08-26.csv,2026-08-26,2026-08-26T10:39:19.918730+00:00
INTERNAL_MP_310,BAIJAYANT PANDA,KENDRAPARA,ODISHA,147000000.0,17127535.0,129872465.0,11.65,MP_ALLOCATION,mplads_mp_summary_2026-08-26.csv,2026-08-26,2026-08-26T10:39:19.918730+00:00
INTERNAL_MP_311,ANANTA NAYAK,KEONJHAR,ODISHA,147000000.0,29211360.0,117788640.0,19.87,MP_ALLOCATION,mplads_mp_summary_2026-08-26.csv,2026-08-26,2026-08-26T10:39:19.918730+00:00
INTERNAL_MP_312,SAPTAGIRI SANKAR ULAKA,KORAPUT,ODISHA,269500000.0,67850166.0,201649834.0,25.18,MP_ALLOCATION,mplads_mp_summary_2026-08-26.csv,2026-08-26,2026-08-26T10:39:19.918730+00:00
INTERNAL_MP_313,NABA CHARAN MAJHI,MAYURBHANJ,ODISHA,147563957.11,34422207.0,113141750.11,23.33,MP_ALLOCATION,mplads_mp_summary_2026-08-26.csv,2026-08-26,2026-08-26T10:39:19.918730+00:00
INTERNAL_MP_314,BALABHADRA MAJHI,NABARANGPUR,ODISHA,147413962.11,14970212.0,132443750.11,10.16,MP_ALLOCATION,mplads_mp_summary_2026-08-26.csv,2026-08-26,2026-08-26T10:39:19.918730+00:00
INTERNAL_MP_315,SAMBIT PATRA,PURI,ODISHA,147000000.0,38354750.0,108645250.0,26.09,MP_ALLOCATION,mplads_mp_summary_2026-08-26.csv,2026-08-26,2026-08-26T10:39:19.918730+00:00
INTERNAL_MP_316,DHARMENDRA PRADHAN,SAMBALPUR,ODISHA,147000000.0,9704141.0,137295859.0,6.6,MP_ALLOCATION,mplads_mp_summary_2026-08-26.csv,2026-08-26,2026-08-26T10:39:19.918730+00:00
INTERNAL_MP_317,SHRI JUAL ORAM,SUNDARGARH,ODISHA,173096756.91,65790931.0,107305825.91,38.01,MP_ALLOCATION,mplads_mp_summary_2026-08-26.csv,2026-08-26,2026-08-26T10:39:19.918730+00:00
INTERNAL_MP_318,VAITHILINGAM VE,PUDUCHERRY,PUDUCHERRY,209368972.11,33557935.0,175811037.11,16.03,MP_ALLOCATION,mplads_mp_summary_2026-08-26.csv,2026-08-26,2026-08-26T10:39:19.918730+00:00
INTERNAL_MP_319,SHRI GURJEET SINGH AUJLA,AMRITSAR,PUNJAB,147000000.0,67439837.0,79560163.0,45.88,MP_ALLOCATION,mplads_mp_summary_2026-08-26.csv,2026-08-26,2026-08-26T10:39:19.918730+00:00
INTERNAL_MP_320,MALVINDER SINGH KANG,ANANDPUR SAHIB,PUNJAB,147000000.0,75589623.0,71410377.0,51.42,MP_ALLOCATION,mplads_mp_summary_2026-08-26.csv,2026-08-26,2026-08-26T10:39:19.918730+00:00
INTERNAL_MP_321,SMT HARSIMRAT KAUR BADAL,BHATINDA,PUNJAB,159775982.39,84901458.0,74874524.38999999,53.14,MP_ALLOCATION,mplads_mp_summary_2026-08-26.csv,2026-08-26,2026-08-26T10:39:19.918730+00:00
INTERNAL_MP_322,SARABJEET SINGH KHALSA,FARIDKOT,PUNJAB,150850348.15,93855473.0,56994875.150000006,62.22,MP_ALLOCATION,mplads_mp_summary_2026-08-26.csv,2026-08-26,2026-08-26T10:39:19.918730+00:00
INTERNAL_MP_323,SHRI AMAR SINGH,FATEHGARH SAHIB,PUNJAB,147000000.0,43153324.0,103846676.0,29.36,MP_ALLOCATION,mplads_mp_summary_2026-08-26.csv,2026-08-26,2026-08-26T10:39:19.918730+00:00
INTERNAL_MP_324,SHER SINGH GHUBAYA,FIROZPUR,PUNJAB,147000000.0,91425989.0,55574011.0,62.19,MP_ALLOCATION,mplads_mp_summary_2026-08-26.csv,2026-08-26,2026-08-26T10:39:19.918730+00:00
INTERNAL_MP_325,SUKHJINDER SINGH RANDHAWA,GURDASPUR,PUNJAB,147000000.0,56038398.0,90961602.0,38.12,MP_ALLOCATION,mplads_mp_summary_2026-08-26.csv,2026-08-26,2026-08-26T10:39:19.918730+00:00
INTERNAL_MP_326,DR. RAJ KUMAR CHABBEWAL,HOSHIARPUR,PUNJAB,147000000.0,75095197.0,71904803.0,51.09,MP_ALLOCATION,mplads_mp_summary_2026-08-26.csv,2026-08-26,2026-08-26T10:39:19.918730+00:00
INTERNAL_MP_327,CHARANJIT SINGH CHANNI,JALANDHAR,PUNJAB,147000000.0,26022604.0,120977396.0,17.7,MP_ALLOCATION,mplads_mp_summary_2026-08-26.csv,2026-08-26,2026-08-26T10:39:19.918730+00:00
INTERNAL_MP_328,AMRINDER SINGH RAJA WARRING,LUDHIANA,PUNJAB,147000000.0,33972409.0,113027591.0,23.11,MP_ALLOCATION,mplads_mp_summary_2026-08-26.csv,2026-08-26,2026-08-26T10:39:19.918730+00:00
INTERNAL_MP_329,DR DHARAMVIRA GANDHI,PATIALA,PUNJAB,147000000.0,52578687.0,94421313.0,35.77,MP_ALLOCATION,mplads_mp_summary_2026-08-26.csv,2026-08-26,2026-08-26T10:39:19.918730+00:00
INTERNAL_MP_330,GURMEET SINGH MEET HAYER,SANGRUR,PUNJAB,147000000.0,56281265.0,90718735.0,38.29,MP_ALLOCATION,mplads_mp_summary_2026-08-26.csv,2026-08-26,2026-08-26T10:39:19.918730+00:00
INTERNAL_MP_331,BHAGIRATH CHAUDHARY,AJMER,RAJASTHAN,147000000.0,47373540.0,99626460.0,32.23,MP_ALLOCATION,mplads_mp_summary_2026-08-26.csv,2026-08-26,2026-08-26T10:39:19.918730+00:00
INTERNAL_MP_332,BHUPENDER YADAV,ALWAR,RAJASTHAN,147000000.0,59285868.0,87714132.0,40.33,MP_ALLOCATION,mplads_mp_summary_2026-08-26.csv,2026-08-26,2026-08-26T10:39:19.918730+00:00
INTERNAL_MP_333,RAJ KUMAR ROAT,BANSWARA,RAJASTHAN,147000000.0,63286521.0,83713479.0,43.05,MP_ALLOCATION,mplads_mp_summary_2026-08-26.csv,2026-08-26,2026-08-26T10:39:19.918730+00:00
INTERNAL_MP_334,UMMEDA RAM BENIWAL,BARMER,RAJASTHAN,147000000.0,65781402.0,81218598.0,44.75,MP_ALLOCATION,mplads_mp_summary_2026-08-26.csv,2026-08-26,2026-08-26T10:39:19.918730+00:00
INTERNAL_MP_335,SANJNA JATAV,BHARATPUR,RAJASTHAN,147000000.0,65761488.1,81238511.9,44.74,MP_ALLOCATION,mplads_mp_summary_2026-08-26.csv,2026-08-26,2026-08-26T10:39:19.918730+00:00
INTERNAL_MP_336,DAMODAR AGARWAL,BHILWARA,RAJASTHAN,147000000.0,58990209.0,88009791.0,40.13,MP_ALLOCATION,mplads_mp_summary_2026-08-26.csv,2026-08-26,2026-08-26T10:39:19.918730+00:00
INTERNAL_MP_337,SHRI ARJUN RAM MEGHWAL,BIKANER,RAJASTHAN,147000000.0,34700414.0,112299586.0,23.61,MP_ALLOCATION,mplads_mp_summary_2026-08-26.csv,2026-08-26,2026-08-26T10:39:19.918730+00:00
INTERNAL_MP_338,CHANDRA PRAKASH JOSHI,CHITTORGARH,RAJASTHAN,147000000.0,4660559.0,142339441.0,3.17,MP_ALLOCATION,mplads_mp_summary_2026-08-26.csv,2026-08-26,2026-08-26T10:39:19.918730+00:00
INTERNAL_MP_339,RAHUL KASWAN,CHURU,RAJASTHAN,147000000.0,57725218.0,89274782.0,39.27,MP_ALLOCATION,mplads_mp_summary_2026-08-26.csv,2026-08-26,2026-08-26T10:39:19.918730+00:00
INTERNAL_MP_340,MURARI LAL MEENA,DAUSA,RAJASTHAN,147000000.0,19705174.0,127294826.0,13.4,MP_ALLOCATION,mplads_mp_summary_2026-08-26.csv,2026-08-26,2026-08-26T10:39:19.918730+00:00
INTERNAL_MP_341,KULDEEP INDORA,GANGANAGAR,RAJASTHAN,147000000.0,11119729.0,135880271.0,7.56,MP_ALLOCATION,mplads_mp_summary_2026-08-26.csv,2026-08-26,2026-08-26T10:39:19.918730+00:00
INTERNAL_MP_342,MANJU SHARMA,JAIPUR,RAJASTHAN,167082901.11,23994861.0,143088040.11,14.36,MP_ALLOCATION,mplads_mp_summary_2026-08-26.csv,2026-08-26,2026-08-26T10:39:19.918730+00:00
INTERNAL_MP_343,RAO RAJENDRA SINGH,JAIPUR RURAL,RAJASTHAN,147000000.0,14160844.0,132839156.0,9.63,MP_ALLOCATION,mplads_mp_summary_2026-08-26.csv,2026-08-26,2026-08-26T10:39:19.918730+00:00
INTERNAL_MP_344,LUMBARAM,JALORE,RAJASTHAN,147000000.0,61110381.0,85889619.0,41.57,MP_ALLOCATION,mplads_mp_summary_2026-08-26.csv,2026-08-26,2026-08-26T10:39:19.918730+00:00
INTERNAL_MP_345,DUSHYANT SINGH,JHALAWAR-BARAN,RAJASTHAN,147000000.0,6025816.0,140974184.0,4.1,MP_ALLOCATION,mplads_mp_summary_2026-08-26.csv,2026-08-26,2026-08-26T10:39:19.918730+00:00
INTERNAL_MP_346,BRIJENDRA SINGH OLA,JHUNJHUNU,RAJASTHAN,147000000.0,55610081.0,91389919.0,37.83,MP_ALLOCATION,mplads_mp_summary_2026-08-26.csv,2026-08-26,2026-08-26T10:39:19.918730+00:00
INTERNAL_MP_347,GAJENDRA SINGH SHEKHAWAT,JODHPUR,RAJASTHAN,147000000.0,491827.0,146508173.0,0.33,MP_ALLOCATION,mplads_mp_summary_2026-08-26.csv,2026-08-26,2026-08-26T10:39:19.918730+00:00
INTERNAL_MP_348,BHAJAN LAL JATAV,KARAULI-DHOLPUR,RAJASTHAN,147000000.0,7253086.0,139746914.0,4.93,MP_ALLOCATION,mplads_mp_summary_2026-08-26.csv,2026-08-26,2026-08-26T10:39:19.918730+00:00
INTERNAL_MP_349,OM BIRLA,KOTA,RAJASTHAN,163906956.6,28500390.0,135406566.6,17.39,MP_ALLOCATION,mplads_mp_summary_2026-08-26.csv,2026-08-26,2026-08-26T10:39:19.918730+00:00
INTERNAL_MP_350,SHRI HANUMAN BENIWAL,NAGAUR,RAJASTHAN,147000000.0,66938015.0,80061985.0,45.54,MP_ALLOCATION,mplads_mp_summary_2026-08-26.csv,2026-08-26,2026-08-26T10:39:19.918730+00:00
INTERNAL_MP_351,SHRI PP CHAUDHARY,PALI,RAJASTHAN,147000000.0,12964180.0,134035820.0,8.82,MP_ALLOCATION,mplads_mp_summary_2026-08-26.csv,2026-08-26,2026-08-26T10:39:19.918730+00:00
INTERNAL_MP_352,MAHIMA KUMARI MEWAR,RAJSAMAND,RAJASTHAN,183892143.0,48238044.0,135654099.0,26.23,MP_ALLOCATION,mplads_mp_summary_2026-08-26.csv,2026-08-26,2026-08-26T10:39:19.918730+00:00
INTERNAL_MP_353,AMRARAM,SIKAR,RAJASTHAN,165691544.11,38165228.0,127526316.11,23.03,MP_ALLOCATION,mplads_mp_summary_2026-08-26.csv,2026-08-26,2026-08-26T10:39:19.918730+00:00
INTERNAL_MP_354,HARISH CHANDRA MEENA,TONK-SAWAI MADHOPUR,RAJASTHAN,147000000.0,0.0,147000000.0,0.0,MP_ALLOCATION,mplads_mp_summary_2026-08-26.csv,2026-08-26,2026-08-26T10:39:19.918730+00:00
INTERNAL_MP_355,MANNA LAL RAWAT,UDAIPUR,RAJASTHAN,147000000.0,35324098.0,111675902.0,24.03,MP_ALLOCATION,mplads_mp_summary_2026-08-26.csv,2026-08-26,2026-08-26T10:39:19.918730+00:00
INTERNAL_MP_356,INDRA HANG SUBBA,SIKKIM,SIKKIM,152003923.11,98023420.0,53980503.110000014,64.49,MP_ALLOCATION,mplads_mp_summary_2026-08-26.csv,2026-08-26,2026-08-26T10:39:19.918730+00:00
INTERNAL_MP_357,S. JAGATHRAKSHAKAN,ARAKKONAM,TAMIL NADU,180589332.34,50567596.0,130021736.34,28.0,MP_ALLOCATION,mplads_mp_summary_2026-08-26.csv,2026-08-26,2026-08-26T10:39:19.918730+00:00
INTERNAL_MP_358,THARANIVENTHAN M S,ARANI,TAMIL NADU,168337124.35,111315790.0,57021334.35,66.13,MP_ALLOCATION,mplads_mp_summary_2026-08-26.csv,2026-08-26,2026-08-26T10:39:19.918730+00:00
INTERNAL_MP_359,THIRU DAYANIDHI MARAN,CHENNAI CENTRAL,TAMIL NADU,147000000.0,25568733.0,121431267.0,17.39,MP_ALLOCATION,mplads_mp_summary_2026-08-26.csv,2026-08-26,2026-08-26T10:39:19.918730+00:00
INTERNAL_MP_360,KALANIDHI VEERASWAMY,CHENNAI NORTH,TAMIL NADU,171500000.0,83933669.0,87566331.0,48.94,MP_ALLOCATION,mplads_mp_summary_2026-08-26.csv,2026-08-26,2026-08-26T10:39:19.918730+00:00
INTERNAL_MP_361,T SUMATHY (A) THAMIZHACHI THANGAPANDIAN,CHENNAI SOUTH,TAMIL NADU,147000000.0,28530278.0,118469722.0,19.41,MP_ALLOCATION,mplads_mp_summary_2026-08-26.csv,2026-08-26,2026-08-26T10:39:19.918730+00:00
INTERNAL_MP_362,THIRUMAA VALAVAN THOL,CHIDAMBARAM,TAMIL NADU,147000000.0,68203692.0,78796308.0,46.4,MP_ALLOCATION,mplads_mp_summary_2026-08-26.csv,2026-08-26,2026-08-26T10:39:19.918730+00:00
INTERNAL_MP_363,GANAPATHY RAJKUMAR P,COIMBATORE,TAMIL NADU,147370490.11,42862932.0,104507558.11,29.09,MP_ALLOCATION,mplads_mp_summary_2026-08-26.csv,2026-08-26,2026-08-26T10:39:19.918730+00:00
INTERNAL_MP_364,M.K. VISHNUPRASAD,CUDDALORE,TAMIL NADU,147000000.0,71295556.0,75704444.0,48.5,MP_ALLOCATION,mplads_mp_summary_2026-08-26.csv,2026-08-26,2026-08-26T10:39:19.918730+00:00
INTERNAL_MP_365,MANI. A.,DHARAMAPURI,TAMIL NADU,164515071.11,67070637.0,97444434.11,40.77,MP_ALLOCATION,mplads_mp_summary_2026-08-26.csv,2026-08-26,2026-08-26T10:39:19.918730+00:00
INTERNAL_MP_366,SACHITHANANTHAM R,DINDIGUL,TAMIL NADU,147000000.0,90527072.0,56472928.0,61.58,MP_ALLOCATION,mplads_mp_summary_2026-08-26.csv,2026-08-26,2026-08-26T10:39:19.918730+00:00
INTERNAL_MP_367,K E PRAKASH,ERODE,TAMIL NADU,147000000.0,87182728.0,59817272.0,59.31,MP_ALLOCATION,mplads_mp_summary_2026-08-26.csv,2026-08-26,2026-08-26T10:39:19.918730+00:00
INTERNAL_MP_368,MALAIYARASAN D,KALLAKURICHI,TAMIL NADU,176686299.0,121901141.0,54785158.0,68.99,MP_ALLOCATION,mplads_mp_summary_2026-08-26.csv,2026-08-26,2026-08-26T10:39:19.918730+00:00
INTERNAL_MP_369,GANESAN SELVAM,KANCHEEPURAM,TAMIL NADU,186508749.11,108395338.0,78113411.11000001,58.12,MP_ALLOCATION,mplads_mp_summary_2026-08-26.csv,2026-08-26,2026-08-26T10:39:19.918730+00:00
INTERNAL_MP_370,SHRI VIJAYAKUMAR VASANTH,KANNIYAKUMARI,TAMIL NADU,171500000.0,56848972.0,114651028.0,33.15,MP_ALLOCATION,mplads_mp_summary_2026-08-26.csv,2026-08-26,2026-08-26T10:39:19.918730+00:00
INTERNAL_MP_371,SMT S JOTHIMANI,KARUR,TAMIL NADU,147000000.0,47711966.0,99288034.0,32.46,MP_ALLOCATION,mplads_mp_summary_2026-08-26.csv,2026-08-26,2026-08-26T10:39:19.918730+00:00
INTERNAL_MP_372,GOPINATH K,KRISHNAGIRI,TAMIL NADU,147000000.0,40994453.0,106005547.0,27.89,MP_ALLOCATION,mplads_mp_summary_2026-08-26.csv,2026-08-26,2026-08-26T10:39:19.918730+00:00
INTERNAL_MP_373,S VENKATESAN,MADURAI,TAMIL NADU,147000000.0,47771116.0,99228884.0,32.5,MP_ALLOCATION,mplads_mp_summary_2026-08-26.csv,2026-08-26,2026-08-26T10:39:19.918730+00:00
INTERNAL_MP_374,SUDHA R,MAYILADUTHURAI,TAMIL NADU,147332315.11,33193145.0,114139170.11,22.53,MP_ALLOCATION,mplads_mp_summary_2026-08-26.csv,2026-08-26,2026-08-26T10:39:19.918730+00:00
INTERNAL_MP_375,SELVARAJ V,NAGAPATTINAM,TAMIL NADU,147000000.0,50673389.0,96326611.0,34.47,MP_ALLOCATION,mplads_mp_summary_2026-08-26.csv,2026-08-26,2026-08-26T10:39:19.918730+00:00
INTERNAL_MP_376,V S MATHESWARAN,NAMAKKAL,TAMIL NADU,162539930.11,90580955.0,71958975.11000001,55.73,MP_ALLOCATION,mplads_mp_summary_2026-08-26.csv,2026-08-26,2026-08-26T10:39:19.918730+00:00
INTERNAL_MP_377,ANDIMUTHU RAJA,NILGIRIS,TAMIL NADU,147000000.0,71485310.0,75514690.0,48.63,MP_ALLOCATION,mplads_mp_summary_2026-08-26.csv,2026-08-26,2026-08-26T10:39:19.918730+00:00
INTERNAL_MP_378,ARUN NEHRU,PERAMBALUR,TAMIL NADU,147000000.0,67653424.0,79346576.0,46.02,MP_ALLOCATION,mplads_mp_summary_2026-08-26.csv,2026-08-26,2026-08-26T10:39:19.918730+00:00
INTERNAL_MP_379,ESWARASAMY K,POLLACHI,TAMIL NADU,162315106.11,56246950.0,106068156.11,34.65,MP_ALLOCATION,mplads_mp_summary_2026-08-26.csv,2026-08-26,2026-08-26T10:39:19.918730+00:00
INTERNAL_MP_380,KANI K NAVAS,RAMANATHAPURAM,TAMIL NADU,147000000.0,54425096.0,92574904.0,37.02,MP_ALLOCATION,mplads_mp_summary_2026-08-26.csv,2026-08-26,2026-08-26T10:39:19.918730+00:00
INTERNAL_MP_381,SELVAGANAPATHI T M,SALEM,TAMIL NADU,147000000.0,4244214.0,142755786.0,2.89,MP_ALLOCATION,mplads_mp_summary_2026-08-26.csv,2026-08-26,2026-08-26T10:39:19.918730+00:00
INTERNAL_MP_382,SHRI KARTI P CHIDAMBARAM,SIVAGANGA,TAMIL NADU,159049284.11,97237605.0,61811679.110000014,61.14,MP_ALLOCATION,mplads_mp_summary_2026-08-26.csv,2026-08-26,2026-08-26T10:39:19.918730+00:00
INTERNAL_MP_383,THALIKKOTTAI RAJUTHEVAR BAALU,SRIPERUMBUDUR,TAMIL NADU,196905535.11,71998395.0,124907140.11,36.56,MP_ALLOCATION,mplads_mp_summary_2026-08-26.csv,2026-08-26,2026-08-26T10:39:19.918730+00:00
INTERNAL_MP_384,DR RANI SRI KUMAR,TENKASI,TAMIL NADU,153060922.82,99919930.0,53140992.81999999,65.28,MP_ALLOCATION,mplads_mp_summary_2026-08-26.csv,2026-08-26,2026-08-26T10:39:19.918730+00:00
INTERNAL_MP_385,MURASOLI S,THANJAVUR,TAMIL NADU,147000000.0,76201785.0,70798215.0,51.84,MP_ALLOCATION,mplads_mp_summary_2026-08-26.csv,2026-08-26,2026-08-26T10:39:19.918730+00:00
INTERNAL_MP_386,THANGA TAMILSELVAN,THENI,TAMIL NADU,147000000.0,49328291.0,97671709.0,33.56,MP_ALLOCATION,mplads_mp_summary_2026-08-26.csv,2026-08-26,2026-08-26T10:39:19.918730+00:00
INTERNAL_MP_387,KANIMOZHI KARUNANIDHI,THOOTHUKKUDI,TAMIL NADU,147000000.0,58344698.0,88655302.0,39.69,MP_ALLOCATION,mplads_mp_summary_2026-08-26.csv,2026-08-26,2026-08-26T10:39:19.918730+00:00
INTERNAL_MP_388,DURAI VAIKO,TIRUCHIRAPPALLI,TAMIL NADU,147000000.0,64219366.0,82780634.0,43.69,MP_ALLOCATION,mplads_mp_summary_2026-08-26.csv,2026-08-26,2026-08-26T10:39:19.918730+00:00
INTERNAL_MP_389,ROBERT BRUCE C,TIRUNELVELI,TAMIL NADU,147475440.11,55819028.0,91656412.11,37.85,MP_ALLOCATION,mplads_mp_summary_2026-08-26.csv,2026-08-26,2026-08-26T10:39:19.918730+00:00
INTERNAL_MP_390,K SUBBARAYAN,TIRUPPUR,TAMIL NADU,147000000.0,81901423.0,65098577.0,55.72,MP_ALLOCATION,mplads_mp_summary_2026-08-26.csv,2026-08-26,2026-08-26T10:39:19.918730+00:00
INTERNAL_MP_391,SASIKANTH SENTHIL,TIRUVALLUR,TAMIL NADU,171500000.0,89433784.0,82066216.0,52.15,MP_ALLOCATION,mplads_mp_summary_2026-08-26.csv,2026-08-26,2026-08-26T10:39:19.918730+00:00
INTERNAL_MP_392,CN ANNADURAI,TIRUVANNAMALAI,TAMIL NADU,148579509.11,87500808.0,61078701.110000014,58.89,MP_ALLOCATION,mplads_mp_summary_2026-08-26.csv,2026-08-26,2026-08-26T10:39:19.918730+00:00
INTERNAL_MP_393,D M KATHIR ANAND,VELLORE,TAMIL NADU,160196941.11,33728871.0,126468070.11,21.05,MP_ALLOCATION,mplads_mp_summary_2026-08-26.csv,2026-08-26,2026-08-26T10:39:19.918730+00:00
INTERNAL_MP_394,D RAVIKUMAR,VILUPPURAM,TAMIL NADU,197598306.11,104427486.0,93170820.11,52.85,MP_ALLOCATION,mplads_mp_summary_2026-08-26.csv,2026-08-26,2026-08-26T10:39:19.918730+00:00
INTERNAL_MP_395,MANICKAM TAGORE B,VIRUDHUNAGAR,TAMIL NADU,147000000.0,90165437.0,56834563.0,61.34,MP_ALLOCATION,mplads_mp_summary_2026-08-26.csv,2026-08-26,2026-08-26T10:39:19.918730+00:00
INTERNAL_MP_396,GODAM NAGESH,ADILABAD,TELANGANA,147000000.0,35717086.0,111282914.0,24.3,MP_ALLOCATION,mplads_mp_summary_2026-08-26.csv,2026-08-26,2026-08-26T10:39:19.918730+00:00
INTERNAL_MP_397,CHAMALA KIRAN KUMAR REDDY,BHONGIR,TELANGANA,147000000.0,62689273.0,84310727.0,42.65,MP_ALLOCATION,mplads_mp_summary_2026-08-26.csv,2026-08-26,2026-08-26T10:39:19.918730+00:00
INTERNAL_MP_398,KONDA VISHWESHWAR REDDY,CHELVELLA,TELANGANA,186441916.11,57214092.0,129227824.11,30.69,MP_ALLOCATION,mplads_mp_summary_2026-08-26.csv,2026-08-26,2026-08-26T10:39:19.918730+00:00
INTERNAL_MP_399,ASADUDDIN OWAISI,HYDERABAD,TELANGANA,147000000.0,11172317.0,135827683.0,7.6,MP_ALLOCATION,mplads_mp_summary_2026-08-26.csv,2026-08-26,2026-08-26T10:39:19.918730+00:00
INTERNAL_MP_400,SANJAY KUMAR BANDI,KARIMNAGAR,TELANGANA,172775317.11,65470195.0,107305122.11,37.89,MP_ALLOCATION,mplads_mp_summary_2026-08-26.csv,2026-08-26,2026-08-26T10:39:19.918730+00:00
INTERNAL_MP_401,RAMASAHAYAM RAGHURAM REDDY,KHAMMAM,TELANGANA,147000000.0,20924125.0,126075875.0,14.23,MP_ALLOCATION,mplads_mp_summary_2026-08-26.csv,2026-08-26,2026-08-26T10:39:19.918730+00:00
INTERNAL_MP_402,BALRAM NAIK PORIKA,MAHABUBABAD,TELANGANA,147000000.0,72320239.0,74679761.0,49.2,MP_ALLOCATION,mplads_mp_summary_2026-08-26.csv,2026-08-26,2026-08-26T10:39:19.918730+00:00
INTERNAL_MP_403,ARUNA. D. K,MAHABUBNAGAR,TELANGANA,147000000.0,44232038.0,102767962.0,30.09,MP_ALLOCATION,mplads_mp_summary_2026-08-26.csv,2026-08-26,2026-08-26T10:39:19.918730+00:00
INTERNAL_MP_404,EATALA RAJENDER,MALKAJGIRI,TELANGANA,327477390.86,34708670.0,292768720.86,10.6,MP_ALLOCATION,mplads_mp_summary_2026-08-26.csv,2026-08-26,2026-08-26T10:39:19.918730+00:00
INTERNAL_MP_405,MADHAVANENI RAGHUNANDAN RAO,MEDAK,TELANGANA,147000000.0,30484168.0,116515832.0,20.74,MP_ALLOCATION,mplads_mp_summary_2026-08-26.csv,2026-08-26,2026-08-26T10:39:19.918730+00:00
INTERNAL_MP_406,DR.MALLU RAVI,NAGARKURNOOL,TELANGANA,147000000.0,47000729.0,99999271.0,31.97,MP_ALLOCATION,mplads_mp_summary_2026-08-26.csv,2026-08-26,2026-08-26T10:39:19.918730+00:00
INTERNAL_MP_407,KUNDURU RAGHUVEER,NALGONDA,TELANGANA,162952022.0,7766945.0,155185077.0,4.77,MP_ALLOCATION,mplads_mp_summary_2026-08-26.csv,2026-08-26,2026-08-26T10:39:19.918730+00:00
INTERNAL_MP_408,ARVIND DHARMAPURI,NIZAMABAD,TELANGANA,281396355.11,158096817.0,123299538.11,56.18,MP_ALLOCATION,mplads_mp_summary_2026-08-26.csv,2026-08-26,2026-08-26T10:39:19.918730+00:00
INTERNAL_MP_409,VAMSI KRISHNA GADDAM,PEDDAPALLE,TELANGANA,148451721.11,16373473.0,132078248.11,11.03,MP_ALLOCATION,mplads_mp_summary_2026-08-26.csv,2026-08-26,2026-08-26T10:39:19.918730+00:00
INTERNAL_MP_410,KISHAN REDDY GANGAPURAM,SECUNDERABAD,TELANGANA,147000000.0,4754322.0,142245678.0,3.23,MP_ALLOCATION,mplads_mp_summary_2026-08-26.csv,2026-08-26,2026-08-26T10:39:19.918730+00:00
INTERNAL_MP_411,KADIYAM KAVYA,WARANGEL,TELANGANA,147000000.0,27189421.0,119810579.0,18.5,MP_ALLOCATION,mplads_mp_summary_2026-08-26.csv,2026-08-26,2026-08-26T10:39:19.918730+00:00
INTERNAL_MP_412,SURESH KUMAR SHETKAR,ZAHIRABAD,TELANGANA,147000000.0,28174768.0,118825232.0,19.17,MP_ALLOCATION,mplads_mp_summary_2026-08-26.csv,2026-08-26,2026-08-26T10:39:19.918730+00:00
INTERNAL_MP_413,KALABEN MOHANBHAI DELKAR,DADRA & NAGAR HAVELI,THE DADRA AND NAGAR HAVELI AND DAMAN AND DIU,147000000.0,0.0,147000000.0,0.0,MP_ALLOCATION,mplads_mp_summary_2026-08-26.csv,2026-08-26,2026-08-26T10:39:19.918730+00:00
INTERNAL_MP_414,PATEL UMESHBHAI BABUBHAI,DAMAN AND DIU,THE DADRA AND NAGAR HAVELI AND DAMAN AND DIU,245063957.0,0.0,245063957.0,0.0,MP_ALLOCATION,mplads_mp_summary_2026-08-26.csv,2026-08-26,2026-08-26T10:39:19.918730+00:00
INTERNAL_MP_415,KRITI DEVI DEBBARMAN,TRIPURA EAST,TRIPURA,147000000.0,32934783.0,114065217.0,22.4,MP_ALLOCATION,mplads_mp_summary_2026-08-26.csv,2026-08-26,2026-08-26T10:39:19.918730+00:00
INTERNAL_MP_416,BIPLAB KUMAR DEB,TRIPURA WEST,TRIPURA,147000000.0,51962677.0,95037323.0,35.35,MP_ALLOCATION,mplads_mp_summary_2026-08-26.csv,2026-08-26,2026-08-26T10:39:19.918730+00:00
INTERNAL_MP_417,PROF SP SINGH BAGHEL,AGRA,UTTAR PRADESH,147000000.0,90115338.0,56884662.0,61.3,MP_ALLOCATION,mplads_mp_summary_2026-08-26.csv,2026-08-26,2026-08-26T10:39:19.918730+00:00
INTERNAL_MP_418,DEVENDRA ALIAS BHOLE SINGH,AKBARPUR,UTTAR PRADESH,147000000.0,62000186.0,84999814.0,42.18,MP_ALLOCATION,mplads_mp_summary_2026-08-26.csv,2026-08-26,2026-08-26T10:39:19.918730+00:00
INTERNAL_MP_419,SHRI SATISH KUMAR GAUTAM,ALIGARH,UTTAR PRADESH,147000000.0,87713538.0,59286462.0,59.67,MP_ALLOCATION,mplads_mp_summary_2026-08-26.csv,2026-08-26,2026-08-26T10:39:19.918730+00:00
INTERNAL_MP_420,UJJWAL RAMAN SINGH,ALLAHABAD,UTTAR PRADESH,147000000.0,64290040.0,82709960.0,43.73,MP_ALLOCATION,mplads_mp_summary_2026-08-26.csv,2026-08-26,2026-08-26T10:39:19.918730+00:00
INTERNAL_MP_421,LALJI VERMA,AMBEDKAR NAGAR,UTTAR PRADESH,147000000.0,86165424.0,60834576.0,58.62,MP_ALLOCATION,mplads_mp_summary_2026-08-26.csv,2026-08-26,2026-08-26T10:39:19.918730+00:00
INTERNAL_MP_422,KISHORI LAL,AMETHI,UTTAR PRADESH,171500000.0,82481354.0,89018646.0,48.09,MP_ALLOCATION,mplads_mp_summary_2026-08-26.csv,2026-08-26,2026-08-26T10:39:19.918730+00:00
INTERNAL_MP_423,KANWAR SINGH TANWAR,AMROHA,UTTAR PRADESH,147000000.0,78135018.0,68864982.0,53.15,MP_ALLOCATION,mplads_mp_summary_2026-08-26.csv,2026-08-26,2026-08-26T10:39:19.918730+00:00
INTERNAL_MP_424,NEERAJ MAURYA,AONLA,UTTAR PRADESH,147000000.0,97488644.0,49511356.0,66.32,MP_ALLOCATION,mplads_mp_summary_2026-08-26.csv,2026-08-26,2026-08-26T10:39:19.918730+00:00
INTERNAL_MP_425,DHARMENDRA YADAV,AZAMGARH,UTTAR PRADESH,147000000.0,61248647.0,85751353.0,41.67,MP_ALLOCATION,mplads_mp_summary_2026-08-26.csv,2026-08-26,2026-08-26T10:39:19.918730+00:00
INTERNAL_MP_426,ADITYA YADAV,BADAUN,UTTAR PRADESH,147000000.0,85488147.0,61511853.0,58.16,MP_ALLOCATION,mplads_mp_summary_2026-08-26.csv,2026-08-26,2026-08-26T10:39:19.918730+00:00
INTERNAL_MP_427,DR RAJKUMAR SANGWAN,BAGHPAT,UTTAR PRADESH,147000000.0,36662976.0,110337024.0,24.94,MP_ALLOCATION,mplads_mp_summary_2026-08-26.csv,2026-08-26,2026-08-26T10:39:19.918730+00:00
INTERNAL_MP_428,ANAND KUMAR,BAHRAICH,UTTAR PRADESH,147000000.0,66987751.0,80012249.0,45.57,MP_ALLOCATION,mplads_mp_summary_2026-08-26.csv,2026-08-26,2026-08-26T10:39:19.918730+00:00
INTERNAL_MP_429,SANATAN PANDEY,BALLIA,UTTAR PRADESH,180420041.4,74595388.0,105824653.4,41.35,MP_ALLOCATION,mplads_mp_summary_2026-08-26.csv,2026-08-26,2026-08-26T10:39:19.918730+00:00
INTERNAL_MP_430,KRISHNA DEVI SHIVSHANKER PATEL,BANDA,UTTAR PRADESH,147000000.0,74835215.67,72164784.33,50.91,MP_ALLOCATION,mplads_mp_summary_2026-08-26.csv,2026-08-26,2026-08-26T10:39:19.918730+00:00
INTERNAL_MP_431,KAMLESH PASWAN,BANSGAON,UTTAR PRADESH,147000000.0,35635253.0,111364747.0,24.24,MP_ALLOCATION,mplads_mp_summary_2026-08-26.csv,2026-08-26,2026-08-26T10:39:19.918730+00:00
INTERNAL_MP_432,TANUJ PUNIA,BARABANKI,UTTAR PRADESH,148198170.11,83397272.0,64800898.110000014,56.27,MP_ALLOCATION,mplads_mp_summary_2026-08-26.csv,2026-08-26,2026-08-26T10:39:19.918730+00:00
INTERNAL_MP_433,CHHATRA PAL SINGH GANGWAR,BAREILLY,UTTAR PRADESH,147000000.0,95712065.0,51287935.0,65.11,MP_ALLOCATION,mplads_mp_summary_2026-08-26.csv,2026-08-26,2026-08-26T10:39:19.918730+00:00
INTERNAL_MP_434,RAM PRASAD CHAUDHARY,BASTI,UTTAR PRADESH,204176957.11,148429426.0,55747531.110000014,72.7,MP_ALLOCATION,mplads_mp_summary_2026-08-26.csv,2026-08-26,2026-08-26T10:39:19.918730+00:00
INTERNAL_MP_435,VINOD KUMAR BIND,BHADOHI,UTTAR PRADESH,147000000.0,75517267.0,71482733.0,51.37,MP_ALLOCATION,mplads_mp_summary_2026-08-26.csv,2026-08-26,2026-08-26T10:39:19.918730+00:00
INTERNAL_MP_436,CHANDAN CHAUHAN,BIJNOR,UTTAR PRADESH,147000000.0,80796698.0,66203302.0,54.96,MP_ALLOCATION,mplads_mp_summary_2026-08-26.csv,2026-08-26,2026-08-26T10:39:19.918730+00:00
INTERNAL_MP_437,BHOLA SINGH,BULANDSHAHR,UTTAR PRADESH,147000000.0,101017522.0,45982478.0,68.72,MP_ALLOCATION,mplads_mp_summary_2026-08-26.csv,2026-08-26,2026-08-26T10:39:19.918730+00:00
INTERNAL_MP_438,VIRENDRA SINGH,CHANDAULI,UTTAR PRADESH,147000000.0,86345853.0,60654147.0,58.74,MP_ALLOCATION,mplads_mp_summary_2026-08-26.csv,2026-08-26,2026-08-26T10:39:19.918730+00:00
INTERNAL_MP_439,SHASHANK MANI,DEORIA,UTTAR PRADESH,147000000.0,80936917.0,66063083.0,55.06,MP_ALLOCATION,mplads_mp_summary_2026-08-26.csv,2026-08-26,2026-08-26T10:39:19.918730+00:00
INTERNAL_MP_440,ANAND BHADAURIYA,DHAURAHRA,UTTAR PRADESH,147000000.0,76758938.0,70241062.0,52.22,MP_ALLOCATION,mplads_mp_summary_2026-08-26.csv,2026-08-26,2026-08-26T10:39:19.918730+00:00
INTERNAL_MP_441,JAGDAMBIKA PAL,DOMARIYAGANJ,UTTAR PRADESH,160643957.11,38873088.0,121770869.11,24.2,MP_ALLOCATION,mplads_mp_summary_2026-08-26.csv,2026-08-26,2026-08-26T10:39:19.918730+00:00
INTERNAL_MP_442,DEVESH SHAKYA,ETAH,UTTAR PRADESH,147000000.0,81351075.0,65648925.0,55.34,MP_ALLOCATION,mplads_mp_summary_2026-08-26.csv,2026-08-26,2026-08-26T10:39:19.918730+00:00
INTERNAL_MP_443,JITENDRA KUMAR DOHARE,ETAWAH,UTTAR PRADESH,188747306.26,119571988.0,69175318.25999999,63.35,MP_ALLOCATION,mplads_mp_summary_2026-08-26.csv,2026-08-26,2026-08-26T10:39:19.918730+00:00
INTERNAL_MP_444,AWADHESH PRASAD,FAIZABAD,UTTAR PRADESH,147000000.0,92097873.0,54902127.0,62.65,MP_ALLOCATION,mplads_mp_summary_2026-08-26.csv,2026-08-26,2026-08-26T10:39:19.918730+00:00
INTERNAL_MP_445,MUKESH RAJPUT,FARRUKHABAD,UTTAR PRADESH,147000000.0,108417412.0,38582588.0,73.75,MP_ALLOCATION,mplads_mp_summary_2026-08-26.csv,2026-08-26,2026-08-26T10:39:19.918730+00:00
INTERNAL_MP_446,NARESH CHANDRA UTTAM PATEL,FATEHPUR,UTTAR PRADESH,147000000.0,28783210.0,118216790.0,19.58,MP_ALLOCATION,mplads_mp_summary_2026-08-26.csv,2026-08-26,2026-08-26T10:39:19.918730+00:00
INTERNAL_MP_447,RAJKUMAR CHAHAR,FATEHPUR SIKRI,UTTAR PRADESH,147000000.0,96369831.0,50630169.0,65.56,MP_ALLOCATION,mplads_mp_summary_2026-08-26.csv,2026-08-26,2026-08-26T10:39:19.918730+00:00
INTERNAL_MP_448,AKSHAYA YADAV,FIROZABAD,UTTAR PRADESH,147000000.0,95931875.0,51068125.0,65.26,MP_ALLOCATION,mplads_mp_summary_2026-08-26.csv,2026-08-26,2026-08-26T10:39:19.918730+00:00
INTERNAL_MP_449,MAHESH SHARMA,GAUTAM BUDDHA NAGAR,UTTAR PRADESH,148816284.11,83408358.0,65407926.110000014,56.05,MP_ALLOCATION,mplads_mp_summary_2026-08-26.csv,2026-08-26,2026-08-26T10:39:19.918730+00:00
INTERNAL_MP_450,ATUL GARG,GHAZIABAD,UTTAR PRADESH,155336470.0,42043789.0,113292681.0,27.07,MP_ALLOCATION,mplads_mp_summary_2026-08-26.csv,2026-08-26,2026-08-26T10:39:19.918730+00:00
INTERNAL_MP_451,AFZAL ANSARI,GHAZIPUR,UTTAR PRADESH,220500000.0,106722563.0,113777437.0,48.4,MP_ALLOCATION,mplads_mp_summary_2026-08-26.csv,2026-08-26,2026-08-26T10:39:19.918730+00:00
INTERNAL_MP_452,RAJEEV RAI,GHOSI,UTTAR PRADESH,147000000.0,66462043.0,80537957.0,45.21,MP_ALLOCATION,mplads_mp_summary_2026-08-26.csv,2026-08-26,2026-08-26T10:39:19.918730+00:00
INTERNAL_MP_453,KIRTI VARDHAN SINGH,GONDA,UTTAR PRADESH,147000000.0,71075338.0,75924662.0,48.35,MP_ALLOCATION,mplads_mp_summary_2026-08-26.csv,2026-08-26,2026-08-26T10:39:19.918730+00:00
INTERNAL_MP_454,RAVINDRA SHYAMNARAYAN ALIAS RAVI KISHAN SHUKLA,GORAKHPUR,UTTAR PRADESH,147000000.0,12572509.0,134427491.0,8.55,MP_ALLOCATION,mplads_mp_summary_2026-08-26.csv,2026-08-26,2026-08-26T10:39:19.918730+00:00
INTERNAL_MP_455,AJENDRA SINGH LODHI,HAMIRPUR,UTTAR PRADESH,147000000.0,48355823.0,98644177.0,32.9,MP_ALLOCATION,mplads_mp_summary_2026-08-26.csv,2026-08-26,2026-08-26T10:39:19.918730+00:00
INTERNAL_MP_456,JAI PRAKASH,HARDOI,UTTAR PRADESH,147000000.0,85755277.0,61244723.0,58.34,MP_ALLOCATION,mplads_mp_summary_2026-08-26.csv,2026-08-26,2026-08-26T10:39:19.918730+00:00
INTERNAL_MP_457,ANOOP PRADHAN BALMIKI,HATHRAS,UTTAR PRADESH,147000000.0,97915147.0,49084853.0,66.61,MP_ALLOCATION,mplads_mp_summary_2026-08-26.csv,2026-08-26,2026-08-26T10:39:19.918730+00:00
INTERNAL_MP_458,NARAYAN DAS AHIRWAR,JALAUN,UTTAR PRADESH,147000000.0,51218010.8,95781989.2,34.84,MP_ALLOCATION,mplads_mp_summary_2026-08-26.csv,2026-08-26,2026-08-26T10:39:19.918730+00:00
INTERNAL_MP_459,BABU SINGH KUSHWAHA,JAUNPUR,UTTAR PRADESH,147000000.0,46048017.0,100951983.0,31.33,MP_ALLOCATION,mplads_mp_summary_2026-08-26.csv,2026-08-26,2026-08-26T10:39:19.918730+00:00
INTERNAL_MP_460,ANURAG SHARMA,JHANSI,UTTAR PRADESH,147000000.0,67201462.0,79798538.0,45.72,MP_ALLOCATION,mplads_mp_summary_2026-08-26.csv,2026-08-26,2026-08-26T10:39:19.918730+00:00
INTERNAL_MP_461,IQRA CHOUDHARY,KAIRANA,UTTAR PRADESH,147000000.0,50723960.0,96276040.0,34.51,MP_ALLOCATION,mplads_mp_summary_2026-08-26.csv,2026-08-26,2026-08-26T10:39:19.918730+00:00
INTERNAL_MP_462,KARAN BHUSHAN SINGH,KAISERGANJ,UTTAR PRADESH,147000000.0,95454825.0,51545175.0,64.94,MP_ALLOCATION,mplads_mp_summary_2026-08-26.csv,2026-08-26,2026-08-26T10:39:19.918730+00:00
INTERNAL_MP_463,AKHILESH YADAV,KANNAUJ,UTTAR PRADESH,147000000.0,31559060.0,115440940.0,21.47,MP_ALLOCATION,mplads_mp_summary_2026-08-26.csv,2026-08-26,2026-08-26T10:39:19.918730+00:00
INTERNAL_MP_464,RAMESH AWASTHI,KANPUR,UTTAR PRADESH,147000000.0,75758324.0,71241676.0,51.54,MP_ALLOCATION,mplads_mp_summary_2026-08-26.csv,2026-08-26,2026-08-26T10:39:19.918730+00:00
INTERNAL_MP_465,PUSHPENDRA SAROJ,KAUSHAMBI,UTTAR PRADESH,147000000.0,56198890.0,90801110.0,38.23,MP_ALLOCATION,mplads_mp_summary_2026-08-26.csv,2026-08-26,2026-08-26T10:39:19.918730+00:00
INTERNAL_MP_466,UTKARSH VERMA MADHUR,KHERI,UTTAR PRADESH,147000000.0,74909150.0,72090850.0,50.96,MP_ALLOCATION,mplads_mp_summary_2026-08-26.csv,2026-08-26,2026-08-26T10:39:19.918730+00:00
INTERNAL_MP_467,VIJAY KUMAR DUBEY,KUSHI NAGAR,UTTAR PRADESH,148900000.0,80256423.0,68643577.0,53.9,MP_ALLOCATION,mplads_mp_summary_2026-08-26.csv,2026-08-26,2026-08-26T10:39:19.918730+00:00
INTERNAL_MP_468,DAROGA PRASAD SAROJ,LALGANJ,UTTAR PRADESH,147000000.0,82499872.0,64500128.0,56.12,MP_ALLOCATION,mplads_mp_summary_2026-08-26.csv,2026-08-26,2026-08-26T10:39:19.918730+00:00
INTERNAL_MP_469,RAJNATH SINGH,LUCKNOW,UTTAR PRADESH,154808797.11,74407887.0,80400910.11000001,48.06,MP_ALLOCATION,mplads_mp_summary_2026-08-26.csv,2026-08-26,2026-08-26T10:39:19.918730+00:00
INTERNAL_MP_470,PRIYA SAROJ,MACHHLISHAHR,UTTAR PRADESH,147000000.0,69805592.0,77194408.0,47.49,MP_ALLOCATION,mplads_mp_summary_2026-08-26.csv,2026-08-26,2026-08-26T10:39:19.918730+00:00
INTERNAL_MP_471,PANKAJ CHOWDHARY,MAHARAJGANJ,UTTAR PRADESH,147000000.0,95676373.0,51323627.0,65.09,MP_ALLOCATION,mplads_mp_summary_2026-08-26.csv,2026-08-26,2026-08-26T10:39:19.918730+00:00
INTERNAL_MP_472,SMT DIMPLE YADAV,MAINPURI,UTTAR PRADESH,192042469.11,71677973.0,120364496.11,37.32,MP_ALLOCATION,mplads_mp_summary_2026-08-26.csv,2026-08-26,2026-08-26T10:39:19.918730+00:00
INTERNAL_MP_473,SMT HEMA MALINI,MATHURA,UTTAR PRADESH,147000000.0,40721168.0,106278832.0,27.7,MP_ALLOCATION,mplads_mp_summary_2026-08-26.csv,2026-08-26,2026-08-26T10:39:19.918730+00:00
INTERNAL_MP_474,ARUN GOVIL,MEERUT,UTTAR PRADESH,147000000.0,66737649.0,80262351.0,45.4,MP_ALLOCATION,mplads_mp_summary_2026-08-26.csv,2026-08-26,2026-08-26T10:39:19.918730+00:00
INTERNAL_MP_475,SMT ANUPRIYA PATEL,MIRZAPUR,UTTAR PRADESH,147000000.0,51732584.0,95267416.0,35.19,MP_ALLOCATION,mplads_mp_summary_2026-08-26.csv,2026-08-26,2026-08-26T10:39:19.918730+00:00
INTERNAL_MP_476,ASHOK KUMAR RAWAT,MISRIKH,UTTAR PRADESH,147000000.0,121139986.0,25860014.0,82.41,MP_ALLOCATION,mplads_mp_summary_2026-08-26.csv,2026-08-26,2026-08-26T10:39:19.918730+00:00
INTERNAL_MP_477,R.K. CHAUDHARY,MOHANLALGANJ,UTTAR PRADESH,147000000.0,34622708.0,112377292.0,23.55,MP_ALLOCATION,mplads_mp_summary_2026-08-26.csv,2026-08-26,2026-08-26T10:39:19.918730+00:00
INTERNAL_MP_478,RUCHI VIRA,MORADABAD,UTTAR PRADESH,147000000.0,52167110.0,94832890.0,35.49,MP_ALLOCATION,mplads_mp_summary_2026-08-26.csv,2026-08-26,2026-08-26T10:39:19.918730+00:00
INTERNAL_MP_479,HARENDRA SINGH MALIK,MUZAFFARNAGAR,UTTAR PRADESH,147000000.0,45077485.0,101922515.0,30.66,MP_ALLOCATION,mplads_mp_summary_2026-08-26.csv,2026-08-26,2026-08-26T10:39:19.918730+00:00
INTERNAL_MP_480,CHANDRA SHEKHAR,NAGINA,UTTAR PRADESH,147000000.0,87033825.0,59966175.0,59.21,MP_ALLOCATION,mplads_mp_summary_2026-08-26.csv,2026-08-26,2026-08-26T10:39:19.918730+00:00
INTERNAL_MP_481,PRAVEEN PATEL,PHULPUR,UTTAR PRADESH,151559884.09,94736988.0,56822896.09,62.51,MP_ALLOCATION,mplads_mp_summary_2026-08-26.csv,2026-08-26,2026-08-26T10:39:19.918730+00:00
INTERNAL_MP_482,JITIN PRASADA,PILIBHIT,UTTAR PRADESH,147000000.0,41842816.0,105157184.0,28.46,MP_ALLOCATION,mplads_mp_summary_2026-08-26.csv,2026-08-26,2026-08-26T10:39:19.918730+00:00
INTERNAL_MP_483,DR. S P SINGH,PRATAPGARH,UTTAR PRADESH,147000000.0,42783929.0,104216071.0,29.1,MP_ALLOCATION,mplads_mp_summary_2026-08-26.csv,2026-08-26,2026-08-26T10:39:19.918730+00:00
INTERNAL_MP_484,RAHUL GANDHI,RAE BARELI,UTTAR PRADESH,147000000.0,26686627.0,120313373.0,18.15,MP_ALLOCATION,mplads_mp_summary_2026-08-26.csv,2026-08-26,2026-08-26T10:39:19.918730+00:00
INTERNAL_MP_485,MOHIBBULLAH,RAMPUR,UTTAR PRADESH,147000000.0,74744421.0,72255579.0,50.85,MP_ALLOCATION,mplads_mp_summary_2026-08-26.csv,2026-08-26,2026-08-26T10:39:19.918730+00:00
INTERNAL_MP_486,CHHOTELAL,ROBERTSGANJ,UTTAR PRADESH,147000000.0,90952339.0,56047661.0,61.87,MP_ALLOCATION,mplads_mp_summary_2026-08-26.csv,2026-08-26,2026-08-26T10:39:19.918730+00:00
INTERNAL_MP_487,IMRAN MASOOD,SAHARANPUR,UTTAR PRADESH,147000000.0,61171580.0,85828420.0,41.61,MP_ALLOCATION,mplads_mp_summary_2026-08-26.csv,2026-08-26,2026-08-26T10:39:19.918730+00:00
INTERNAL_MP_488,RAMASHANKAR RAJBHAR,SALEMPUR,UTTAR PRADESH,160056927.07,61281620.0,98775307.07,38.29,MP_ALLOCATION,mplads_mp_summary_2026-08-26.csv,2026-08-26,2026-08-26T10:39:19.918730+00:00
INTERNAL_MP_489,ZIA UR REHMAN,SAMBHAL,UTTAR PRADESH,147000000.0,53111753.0,93888247.0,36.13,MP_ALLOCATION,mplads_mp_summary_2026-08-26.csv,2026-08-26,2026-08-26T10:39:19.918730+00:00
INTERNAL_MP_490,LAXMIKANT PAPPU NISHAD,SANT KABIR NAGAR,UTTAR PRADESH,147000000.0,23806477.0,123193523.0,16.19,MP_ALLOCATION,mplads_mp_summary_2026-08-26.csv,2026-08-26,2026-08-26T10:39:19.918730+00:00
INTERNAL_MP_491,SHRI ARUN KUMAR SAGAR,SHAHJAHANPUR,UTTAR PRADESH,147000000.0,130143000.0,16857000.0,88.53,MP_ALLOCATION,mplads_mp_summary_2026-08-26.csv,2026-08-26,2026-08-26T10:39:19.918730+00:00
INTERNAL_MP_492,RAM SHIROMANI,SHRAWASTI,UTTAR PRADESH,151746878.11,16300060.0,135446818.11,10.74,MP_ALLOCATION,mplads_mp_summary_2026-08-26.csv,2026-08-26,2026-08-26T10:39:19.918730+00:00
INTERNAL_MP_493,RAKESH RATHOR,SITAPUR,UTTAR PRADESH,147000000.0,91524162.0,55475838.0,62.26,MP_ALLOCATION,mplads_mp_summary_2026-08-26.csv,2026-08-26,2026-08-26T10:39:19.918730+00:00
INTERNAL_MP_494,RAMBHUAL NISHAD,SULTANPUR,UTTAR PRADESH,151231957.11,87473694.0,63758263.110000014,57.84,MP_ALLOCATION,mplads_mp_summary_2026-08-26.csv,2026-08-26,2026-08-26T10:39:19.918730+00:00
INTERNAL_MP_495,SWAMI SACHCHIDANANDHARI SAKSHI JI MAHARAJ,UNNAO,UTTAR PRADESH,147000000.0,68421377.0,78578623.0,46.55,MP_ALLOCATION,mplads_mp_summary_2026-08-26.csv,2026-08-26,2026-08-26T10:39:19.918730+00:00
INTERNAL_MP_496,SHRI NARENDRA MODI,VARANASI,UTTAR PRADESH,162070276.11,88819703.0,73250573.11000001,54.8,MP_ALLOCATION,mplads_mp_summary_2026-08-26.csv,2026-08-26,2026-08-26T10:39:19.918730+00:00
INTERNAL_MP_497,AJAY TAMTA,ALMORA,UTTARAKHAND,147000000.0,4019091.0,142980909.0,2.73,MP_ALLOCATION,mplads_mp_summary_2026-08-26.csv,2026-08-26,2026-08-26T10:39:19.918730+00:00
INTERNAL_MP_498,ANIL BALUNI,GARHWAL,UTTARAKHAND,147000000.0,2739441.0,144260559.0,1.86,MP_ALLOCATION,mplads_mp_summary_2026-08-26.csv,2026-08-26,2026-08-26T10:39:19.918730+00:00
INTERNAL_MP_499,TRIVENDRA SINGH RAWAT,HARDWAR,UTTARAKHAND,147000000.0,9309458.0,137690542.0,6.33,MP_ALLOCATION,mplads_mp_summary_2026-08-26.csv,2026-08-26,2026-08-26T10:39:19.918730+00:00
INTERNAL_MP_500,AJAY BHATT,NAINITAL UDHAM SINGH NAG.,UTTARAKHAND,147000000.0,50127226.0,96872774.0,34.1,MP_ALLOCATION,mplads_mp_summary_2026-08-26.csv,2026-08-26,2026-08-26T10:39:19.918730+00:00
INTERNAL_MP_501,MALA RAJYA LAXMI SHAH,TEHRI GARHWAL,UTTARAKHAND,147000000.0,57285791.0,89714209.0,38.97,MP_ALLOCATION,mplads_mp_summary_2026-08-26.csv,2026-08-26,2026-08-26T10:39:19.918730+00:00
INTERNAL_MP_502,MANOJ TIGGA,ALIPURDUARS,WEST BENGAL,147000000.0,11379773.0,135620227.0,7.74,MP_ALLOCATION,mplads_mp_summary_2026-08-26.csv,2026-08-26,2026-08-26T10:39:19.918730+00:00
INTERNAL_MP_503,BAG MITALI,ARAMBAG,WEST BENGAL,147000000.0,53162451.0,93837549.0,36.16,MP_ALLOCATION,mplads_mp_summary_2026-08-26.csv,2026-08-26,2026-08-26T10:39:19.918730+00:00
INTERNAL_MP_504,SHATRUGHAN SINHA,ASANSOL,WEST BENGAL,147000000.0,66966504.0,80033496.0,45.56,MP_ALLOCATION,mplads_mp_summary_2026-08-26.csv,2026-08-26,2026-08-26T10:39:19.918730+00:00
INTERNAL_MP_505,PATHAN YUSUF,BAHARAMPUR,WEST BENGAL,147000000.0,7860897.0,139139103.0,5.35,MP_ALLOCATION,mplads_mp_summary_2026-08-26.csv,2026-08-26,2026-08-26T10:39:19.918730+00:00
INTERNAL_MP_506,DR SUKANTA MAJUMDAR,BALURGHAT,WEST BENGAL,157085364.9,21003612.0,136081752.9,13.37,MP_ALLOCATION,mplads_mp_summary_2026-08-26.csv,2026-08-26,2026-08-26T10:39:19.918730+00:00
INTERNAL_MP_507,SHRI SHANTANU THAKUR,BANGAON,WEST BENGAL,147000000.0,5993836.0,141006164.0,4.08,MP_ALLOCATION,mplads_mp_summary_2026-08-26.csv,2026-08-26,2026-08-26T10:39:19.918730+00:00
INTERNAL_MP_508,ARUP CHAKRABORTY,BANKURA,WEST BENGAL,147000000.0,55795450.0,91204550.0,37.96,MP_ALLOCATION,mplads_mp_summary_2026-08-26.csv,2026-08-26,2026-08-26T10:39:19.918730+00:00
INTERNAL_MP_509,KAKOLI GHOSH DASTIDAR,BARASAT,WEST BENGAL,147000000.0,61929956.0,85070044.0,42.13,MP_ALLOCATION,mplads_mp_summary_2026-08-26.csv,2026-08-26,2026-08-26T10:39:19.918730+00:00
INTERNAL_MP_510,DR. SHARMILA SARKAR,BARDHAMAN PURBA,WEST BENGAL,147000000.0,21224009.0,125775991.0,14.44,MP_ALLOCATION,mplads_mp_summary_2026-08-26.csv,2026-08-26,2026-08-26T10:39:19.918730+00:00
INTERNAL_MP_511,AZAD KIRTI JHA,BARDHAMAN-DURGAPUR,WEST BENGAL,179658399.98,33156887.0,146501512.98,18.46,MP_ALLOCATION,mplads_mp_summary_2026-08-26.csv,2026-08-26,2026-08-26T10:39:19.918730+00:00
INTERNAL_MP_512,PARTHA BHOWMICK,BARRACKPUR,WEST BENGAL,147000000.0,31114929.0,115885071.0,21.17,MP_ALLOCATION,mplads_mp_summary_2026-08-26.csv,2026-08-26,2026-08-26T10:39:19.918730+00:00
INTERNAL_MP_513,SK NURUL ISLAM,BASIRHAT,WEST BENGAL,49000000.0,30740105.0,18259895.0,62.73,MP_ALLOCATION,mplads_mp_summary_2026-08-26.csv,2026-08-26,2026-08-26T10:39:19.918730+00:00
INTERNAL_MP_514,SMT SATABDI ROY (BANERJEE),BIRBHUM,WEST BENGAL,147000000.0,48307379.6,98692620.4,32.86,MP_ALLOCATION,mplads_mp_summary_2026-08-26.csv,2026-08-26,2026-08-26T10:39:19.918730+00:00
INTERNAL_MP_515,SAUMITRA KHAN,BISHNUPUR,WEST BENGAL,147000000.0,55661990.0,91338010.0,37.87,MP_ALLOCATION,mplads_mp_summary_2026-08-26.csv,2026-08-26,2026-08-26T10:39:19.918730+00:00
INTERNAL_MP_516,ASIT KUMAR MAL,BOLPUR,WEST BENGAL,275694456.74,167302248.0,108392208.74,60.68,MP_ALLOCATION,mplads_mp_summary_2026-08-26.csv,2026-08-26,2026-08-26T10:39:19.918730+00:00
INTERNAL_MP_517,JAGADISH CHANDRA BARMA BASUNIA,COOCHBEHAR,WEST BENGAL,168604641.11,36689865.0,131914776.11,21.76,MP_ALLOCATION,mplads_mp_summary_2026-08-26.csv,2026-08-26,2026-08-26T10:39:19.918730+00:00
INTERNAL_MP_518,RAJU BISTA,DARJEELING,WEST BENGAL,147000000.0,43617451.0,103382549.0,29.67,MP_ALLOCATION,mplads_mp_summary_2026-08-26.csv,2026-08-26,2026-08-26T10:39:19.918730+00:00
INTERNAL_MP_519,SHRI ABHISHEK BANERJEE,DIAMOND HARBOUR,WEST BENGAL,147000000.0,71510891.0,75489109.0,48.65,MP_ALLOCATION,mplads_mp_summary_2026-08-26.csv,2026-08-26,2026-08-26T10:39:19.918730+00:00
INTERNAL_MP_520,PROF SOUGATA RAY,DUM DUM,WEST BENGAL,147000000.0,14046615.0,132953385.0,9.56,MP_ALLOCATION,mplads_mp_summary_2026-08-26.csv,2026-08-26,2026-08-26T10:39:19.918730+00:00
INTERNAL_MP_521,SHRI DEEPAK (DEV) ADHIKARI,GHATAL,WEST BENGAL,200747364.0,87788715.0,112958649.0,43.73,MP_ALLOCATION,mplads_mp_summary_2026-08-26.csv,2026-08-26,2026-08-26T10:39:19.918730+00:00
INTERNAL_MP_522,RACHNA BANERJEE,HOOGHLY,WEST BENGAL,147000000.0,34234471.0,112765529.0,23.29,MP_ALLOCATION,mplads_mp_summary_2026-08-26.csv,2026-08-26,2026-08-26T10:39:19.918730+00:00
INTERNAL_MP_523,PRASUN BANERJEE,HOWRAH,WEST BENGAL,147000000.0,69024743.0,77975257.0,46.96,MP_ALLOCATION,mplads_mp_summary_2026-08-26.csv,2026-08-26,2026-08-26T10:39:19.918730+00:00
INTERNAL_MP_524,SAYANI GHOSH,JADAVPUR,WEST BENGAL,147000000.0,49785004.0,97214996.0,33.87,MP_ALLOCATION,mplads_mp_summary_2026-08-26.csv,2026-08-26,2026-08-26T10:39:19.918730+00:00
INTERNAL_MP_525,DR JAYANTA KUMAR ROY,JALPAIGURI,WEST BENGAL,147000000.0,12082736.0,134917264.0,8.22,MP_ALLOCATION,mplads_mp_summary_2026-08-26.csv,2026-08-26,2026-08-26T10:39:19.918730+00:00
INTERNAL_MP_526,KHALILUR RAHAMAN,JANGIPUR,WEST BENGAL,147000000.0,23028217.0,123971783.0,15.67,MP_ALLOCATION,mplads_mp_summary_2026-08-26.csv,2026-08-26,2026-08-26T10:39:19.918730+00:00
INTERNAL_MP_527,KALIPADA SAREN,JHARGRAM,WEST BENGAL,147000000.0,71784126.0,75215874.0,48.83,MP_ALLOCATION,mplads_mp_summary_2026-08-26.csv,2026-08-26,2026-08-26T10:39:19.918730+00:00
INTERNAL_MP_528,PRATIMA MONDAL,JOYNAGAR,WEST BENGAL,147000000.0,74379705.0,72620295.0,50.6,MP_ALLOCATION,mplads_mp_summary_2026-08-26.csv,2026-08-26,2026-08-26T10:39:19.918730+00:00
INTERNAL_MP_529,ADHIKARI SOUMENDU,KANTHI,WEST BENGAL,147000000.0,38304241.0,108695759.0,26.06,MP_ALLOCATION,mplads_mp_summary_2026-08-26.csv,2026-08-26,2026-08-26T10:39:19.918730+00:00
INTERNAL_MP_530,MALA ROY,KOLKATA DAKSHIN,WEST BENGAL,147000000.0,61582788.0,85417212.0,41.89,MP_ALLOCATION,mplads_mp_summary_2026-08-26.csv,2026-08-26,2026-08-26T10:39:19.918730+00:00
INTERNAL_MP_531,SUDIP BANDYOPADHYAY,KOLKATA UTTAR,WEST BENGAL,147000000.0,46311063.0,100688937.0,31.5,MP_ALLOCATION,mplads_mp_summary_2026-08-26.csv,2026-08-26,2026-08-26T10:39:19.918730+00:00
INTERNAL_MP_532,MS MAHUA MOITRA,KRISHNANAGAR,WEST BENGAL,159865046.0,57382120.0,102482926.0,35.89,MP_ALLOCATION,mplads_mp_summary_2026-08-26.csv,2026-08-26,2026-08-26T10:39:19.918730+00:00
INTERNAL_MP_533,ISHA KHAN CHOUDHURY,MALDAHA DAKSHIN,WEST BENGAL,147000000.0,8567025.0,138432975.0,5.83,MP_ALLOCATION,mplads_mp_summary_2026-08-26.csv,2026-08-26,2026-08-26T10:39:19.918730+00:00
INTERNAL_MP_534,KHAGEN MURMU,MALDAHA UTTAR,WEST BENGAL,147000000.0,6003169.0,140996831.0,4.08,MP_ALLOCATION,mplads_mp_summary_2026-08-26.csv,2026-08-26,2026-08-26T10:39:19.918730+00:00
INTERNAL_MP_535,BAPI HALDAR,MATHURAPUR,WEST BENGAL,147000000.0,38508401.0,108491599.0,26.2,MP_ALLOCATION,mplads_mp_summary_2026-08-26.csv,2026-08-26,2026-08-26T10:39:19.918730+00:00
INTERNAL_MP_536,JUNE MALIAH,MEDINIPUR,WEST BENGAL,147000000.0,36949288.0,110050712.0,25.14,MP_ALLOCATION,mplads_mp_summary_2026-08-26.csv,2026-08-26,2026-08-26T10:39:19.918730+00:00
INTERNAL_MP_537,ABU TAHER KHAN,MURSHIDABAD,WEST BENGAL,147000000.0,36162113.0,110837887.0,24.6,MP_ALLOCATION,mplads_mp_summary_2026-08-26.csv,2026-08-26,2026-08-26T10:39:19.918730+00:00
INTERNAL_MP_538,SHRI JYOTIRMAY SINGH MAHATO,PURULIA,WEST BENGAL,147000000.0,11711831.0,135288169.0,7.97,MP_ALLOCATION,mplads_mp_summary_2026-08-26.csv,2026-08-26,2026-08-26T10:39:19.918730+00:00
INTERNAL_MP_539,KARTICK CHANDRA PAUL,RAIGANJ,WEST BENGAL,202677986.56,28148611.0,174529375.56,13.89,MP_ALLOCATION,mplads_mp_summary_2026-08-26.csv,2026-08-26,2026-08-26T10:39:19.918730+00:00
INTERNAL_MP_540,JAGANNATH SARKAR,RANAGHAT,WEST BENGAL,147000000.0,41712525.0,105287475.0,28.38,MP_ALLOCATION,mplads_mp_summary_2026-08-26.csv,2026-08-26,2026-08-26T10:39:19.918730+00:00
INTERNAL_MP_541,KALYAN BANERJEE,SREERAMPUR,WEST BENGAL,147000000.0,76719145.0,70280855.0,52.19,MP_ALLOCATION,mplads_mp_summary_2026-08-26.csv,2026-08-26,2026-08-26T10:39:19.918730+00:00
INTERNAL_MP_542,ABHIJIT GANGOPADHYAY,TAMLUK,WEST BENGAL,147000000.0,40622867.78,106377132.22,27.63,MP_ALLOCATION,mplads_mp_summary_2026-08-26.csv,2026-08-26,2026-08-26T10:39:19.918730+00:00
INTERNAL_MP_543,SMT SAJDA AHMED,ULUBERIA,WEST BENGAL,147000000.0,47212277.0,99787723.0,32.12,MP_ALLOCATION,mplads_mp_summary_2026-08-26.csv,2026-08-26,2026-08-26T10:39:19.918730+00:00
