anomaly_id,entity_type,entity_id,anomaly_type,anomaly_score,severity,reason,supporting_metrics,detection_method,threshold_value,observed_value,percentile,robust_zscore,baseline_reference,generated_at
ANOM_000042,WORK,303957,UNUSUALLY_HIGH_RECOMMENDED_AMOUNT,1.0,CRITICAL,"Recommended amount of ₹99,965,000.00 is in the 100.0th percentile for 'Normal/Others' (336.7 robust standard deviations above category median).","{""recommended_amount"": 99965000.0, ""category"": ""Normal/Others"", ""zscore"": 336.66}",STATISTICAL_ROBUST_ZSCORE,"₹50,00,000 & Z >= 3.5","₹99,965,000.00 (Z=336.66)",1.0,336.6617,Category Median (Normal/Others),2026-08-26T10:47:43.666818+00:00
ANOM_000043,WORK,211190,UNUSUALLY_HIGH_RECOMMENDED_AMOUNT,1.0,CRITICAL,"Recommended amount of ₹25,217,575.00 is in the 100.0th percentile for 'Normal/Others' (83.9 robust standard deviations above category median).","{""recommended_amount"": 25217575.0, ""category"": ""Normal/Others"", ""zscore"": 83.92}",STATISTICAL_ROBUST_ZSCORE,"₹50,00,000 & Z >= 3.5","₹25,217,575.00 (Z=83.92)",0.9999,83.9176,Category Median (Normal/Others),2026-08-26T10:47:43.666818+00:00
ANOM_000078,WORK,201278,UNUSUALLY_HIGH_RECOMMENDED_AMOUNT,1.0,CRITICAL,"Recommended amount of ₹20,000,000.00 is in the 100.0th percentile for 'Normal/Others' (66.3 robust standard deviations above category median).","{""recommended_amount"": 20000000.0, ""category"": ""Normal/Others"", ""zscore"": 66.28}",STATISTICAL_ROBUST_ZSCORE,"₹50,00,000 & Z >= 3.5","₹20,000,000.00 (Z=66.28)",0.9998,66.2754,Category Median (Normal/Others),2026-08-26T10:47:43.666818+00:00
ANOM_000115,WORK,216827,UNUSUALLY_HIGH_RECOMMENDED_AMOUNT,1.0,CRITICAL,"Recommended amount of ₹45,000,000.00 is in the 100.0th percentile for 'Normal/Others' (150.8 robust standard deviations above category median).","{""recommended_amount"": 45000000.0, ""category"": ""Normal/Others"", ""zscore"": 150.81}",STATISTICAL_ROBUST_ZSCORE,"₹50,00,000 & Z >= 3.5","₹45,000,000.00 (Z=150.81)",1.0,150.8081,Category Median (Normal/Others),2026-08-26T10:47:43.666818+00:00
ANOM_000116,WORK,270039,UNUSUALLY_HIGH_RECOMMENDED_AMOUNT,1.0,CRITICAL,"Recommended amount of ₹30,626,949.00 is in the 100.0th percentile for 'Normal/Others' (102.2 robust standard deviations above category median).","{""recommended_amount"": 30626949.0, ""category"": ""Normal/Others"", ""zscore"": 102.21}",STATISTICAL_ROBUST_ZSCORE,"₹50,00,000 & Z >= 3.5","₹30,626,949.00 (Z=102.21)",0.9999,102.2084,Category Median (Normal/Others),2026-08-26T10:47:43.666818+00:00
ANOM_000122,WORK,262885,UNUSUALLY_HIGH_RECOMMENDED_AMOUNT,1.0,CRITICAL,"Recommended amount of ₹27,400,000.00 is in the 100.0th percentile for 'Normal/Others' (91.3 robust standard deviations above category median).","{""recommended_amount"": 27400000.0, ""category"": ""Normal/Others"", ""zscore"": 91.3}",STATISTICAL_ROBUST_ZSCORE,"₹50,00,000 & Z >= 3.5","₹27,400,000.00 (Z=91.30)",0.9999,91.2971,Category Median (Normal/Others),2026-08-26T10:47:43.666818+00:00
ANOM_000189,WORK,184631,UNUSUALLY_HIGH_RECOMMENDED_AMOUNT,1.0,CRITICAL,"Recommended amount of ₹20,000,000.00 is in the 100.0th percentile for 'Normal/Others' (66.3 robust standard deviations above category median).","{""recommended_amount"": 20000000.0, ""category"": ""Normal/Others"", ""zscore"": 66.28}",STATISTICAL_ROBUST_ZSCORE,"₹50,00,000 & Z >= 3.5","₹20,000,000.00 (Z=66.28)",0.9998,66.2754,Category Median (Normal/Others),2026-08-26T10:47:43.666818+00:00
ANOM_000226,WORK,293965,UNUSUALLY_HIGH_RECOMMENDED_AMOUNT,1.0,CRITICAL,"Recommended amount of ₹20,000,000.00 is in the 100.0th percentile for 'Normal/Others' (66.3 robust standard deviations above category median).","{""recommended_amount"": 20000000.0, ""category"": ""Normal/Others"", ""zscore"": 66.28}",STATISTICAL_ROBUST_ZSCORE,"₹50,00,000 & Z >= 3.5","₹20,000,000.00 (Z=66.28)",0.9998,66.2754,Category Median (Normal/Others),2026-08-26T10:47:43.666818+00:00
ANOM_000252,WORK,278935,UNUSUALLY_HIGH_RECOMMENDED_AMOUNT,1.0,CRITICAL,"Recommended amount of ₹30,000,000.00 is in the 100.0th percentile for 'Normal/Others' (100.1 robust standard deviations above category median).","{""recommended_amount"": 30000000.0, ""category"": ""Normal/Others"", ""zscore"": 100.09}",STATISTICAL_ROBUST_ZSCORE,"₹50,00,000 & Z >= 3.5","₹30,000,000.00 (Z=100.09)",0.9999,100.0885,Category Median (Normal/Others),2026-08-26T10:47:43.666818+00:00
ANOM_000264,WORK,296212,UNUSUALLY_HIGH_RECOMMENDED_AMOUNT,1.0,CRITICAL,"Recommended amount of ₹23,470,200.00 is in the 100.0th percentile for 'Normal/Others' (78.0 robust standard deviations above category median).","{""recommended_amount"": 23470200.0, ""category"": ""Normal/Others"", ""zscore"": 78.01}",STATISTICAL_ROBUST_ZSCORE,"₹50,00,000 & Z >= 3.5","₹23,470,200.00 (Z=78.01)",0.9998,78.0092,Category Median (Normal/Others),2026-08-26T10:47:43.666818+00:00
ANOM_000285,WORK,196288,UNUSUALLY_HIGH_RECOMMENDED_AMOUNT,1.0,CRITICAL,"Recommended amount of ₹47,472,048.00 is in the 100.0th percentile for 'Normal/Others' (159.2 robust standard deviations above category median).","{""recommended_amount"": 47472048.0, ""category"": ""Normal/Others"", ""zscore"": 159.17}",STATISTICAL_ROBUST_ZSCORE,"₹50,00,000 & Z >= 3.5","₹47,472,048.00 (Z=159.17)",1.0,159.1669,Category Median (Normal/Others),2026-08-26T10:47:43.666818+00:00
ANOM_000290,WORK,216762,UNUSUALLY_HIGH_RECOMMENDED_AMOUNT,1.0,CRITICAL,"Recommended amount of ₹24,641,199.00 is in the 100.0th percentile for 'Normal/Others' (82.0 robust standard deviations above category median).","{""recommended_amount"": 24641199.0, ""category"": ""Normal/Others"", ""zscore"": 81.97}",STATISTICAL_ROBUST_ZSCORE,"₹50,00,000 & Z >= 3.5","₹24,641,199.00 (Z=81.97)",0.9999,81.9687,Category Median (Normal/Others),2026-08-26T10:47:43.666818+00:00
ANOM_000298,WORK,229416,UNUSUALLY_HIGH_RECOMMENDED_AMOUNT,1.0,CRITICAL,"Recommended amount of ₹22,131,000.00 is in the 100.0th percentile for 'Normal/Others' (73.5 robust standard deviations above category median).","{""recommended_amount"": 22131000.0, ""category"": ""Normal/Others"", ""zscore"": 73.48}",STATISTICAL_ROBUST_ZSCORE,"₹50,00,000 & Z >= 3.5","₹22,131,000.00 (Z=73.48)",0.9998,73.481,Category Median (Normal/Others),2026-08-26T10:47:43.666818+00:00
ANOM_000320,WORK,274638,UNUSUALLY_HIGH_RECOMMENDED_AMOUNT,1.0,CRITICAL,"Recommended amount of ₹20,792,000.00 is in the 100.0th percentile for 'Normal/Others' (69.0 robust standard deviations above category median).","{""recommended_amount"": 20792000.0, ""category"": ""Normal/Others"", ""zscore"": 68.95}",STATISTICAL_ROBUST_ZSCORE,"₹50,00,000 & Z >= 3.5","₹20,792,000.00 (Z=68.95)",0.9998,68.9534,Category Median (Normal/Others),2026-08-26T10:47:43.666818+00:00
ANOM_000324,WORK,282269,UNUSUALLY_HIGH_RECOMMENDED_AMOUNT,1.0,CRITICAL,"Recommended amount of ₹31,200,000.00 is in the 100.0th percentile for 'Normal/Others' (104.1 robust standard deviations above category median).","{""recommended_amount"": 31200000.0, ""category"": ""Normal/Others"", ""zscore"": 104.15}",STATISTICAL_ROBUST_ZSCORE,"₹50,00,000 & Z >= 3.5","₹31,200,000.00 (Z=104.15)",0.9999,104.1461,Category Median (Normal/Others),2026-08-26T10:47:43.666818+00:00
ANOM_000326,WORK,284190,UNUSUALLY_HIGH_RECOMMENDED_AMOUNT,1.0,CRITICAL,"Recommended amount of ₹25,000,000.00 is in the 100.0th percentile for 'Normal/Others' (83.2 robust standard deviations above category median).","{""recommended_amount"": 25000000.0, ""category"": ""Normal/Others"", ""zscore"": 83.18}",STATISTICAL_ROBUST_ZSCORE,"₹50,00,000 & Z >= 3.5","₹25,000,000.00 (Z=83.18)",0.9999,83.1819,Category Median (Normal/Others),2026-08-26T10:47:43.666818+00:00
ANOM_000329,WORK,290535,UNUSUALLY_HIGH_RECOMMENDED_AMOUNT,1.0,CRITICAL,"Recommended amount of ₹49,740,000.00 is in the 100.0th percentile for 'Normal/Others' (166.8 robust standard deviations above category median).","{""recommended_amount"": 49740000.0, ""category"": ""Normal/Others"", ""zscore"": 166.84}",STATISTICAL_ROBUST_ZSCORE,"₹50,00,000 & Z >= 3.5","₹49,740,000.00 (Z=166.84)",1.0,166.8355,Category Median (Normal/Others),2026-08-26T10:47:43.666818+00:00
ANOM_000361,WORK,153601,UNUSUALLY_HIGH_RECOMMENDED_AMOUNT,1.0,CRITICAL,"Recommended amount of ₹20,000,000.00 is in the 100.0th percentile for 'Normal/Others' (66.3 robust standard deviations above category median).","{""recommended_amount"": 20000000.0, ""category"": ""Normal/Others"", ""zscore"": 66.28}",STATISTICAL_ROBUST_ZSCORE,"₹50,00,000 & Z >= 3.5","₹20,000,000.00 (Z=66.28)",0.9998,66.2754,Category Median (Normal/Others),2026-08-26T10:47:43.666818+00:00
ANOM_000362,WORK,153603,UNUSUALLY_HIGH_RECOMMENDED_AMOUNT,1.0,CRITICAL,"Recommended amount of ₹20,000,000.00 is in the 100.0th percentile for 'Normal/Others' (66.3 robust standard deviations above category median).","{""recommended_amount"": 20000000.0, ""category"": ""Normal/Others"", ""zscore"": 66.28}",STATISTICAL_ROBUST_ZSCORE,"₹50,00,000 & Z >= 3.5","₹20,000,000.00 (Z=66.28)",0.9998,66.2754,Category Median (Normal/Others),2026-08-26T10:47:43.666818+00:00
ANOM_000462,TRANSACTION,TXN_005575,UNUSUALLY_HIGH_EXPENDITURE_TRANSACTION,1.0,CRITICAL,"Payment voucher of ₹20,786,350.00 for 'Lighting of public spaces' is 151.1 robust standard deviations above activity median.","{""expenditure_amount"": 20786350.0, ""activity"": ""Lighting of public spaces"", ""vendor"": ""ROUDRANTAK INFRATECH"", ""zscore"": 151.13}",STATISTICAL_ROBUST_ZSCORE,"₹50,00,000 & Z >= 3.5","₹20,786,350.00 (Z=151.13)",1.0,151.1299,Activity Median (Lighting of public spaces),2026-08-26T10:47:43.666818+00:00
ANOM_000559,TRANSACTION,TXN_073463,UNUSUALLY_HIGH_EXPENDITURE_TRANSACTION,1.0,CRITICAL,"Payment voucher of ₹32,562,250.00 for 'Purchase of hospital equipment' is 62.4 robust standard deviations above activity median.","{""expenditure_amount"": 32562250.0, ""activity"": ""Purchase of hospital equipment"", ""vendor"": ""THE MANANGING DIRECTOR KERALA MEDICAL SERVICE COPORATION LTD"", ""zscore"": 62.43}",STATISTICAL_ROBUST_ZSCORE,"₹50,00,000 & Z >= 3.5","₹32,562,250.00 (Z=62.43)",1.0,62.4337,Activity Median (Purchase of hospital equipment),2026-08-26T10:47:43.666818+00:00
ANOM_000001,WORK,264906,UNUSUALLY_HIGH_RECOMMENDED_AMOUNT,1.0,HIGH,"Recommended amount of ₹5,203,000.00 is in the 99.6th percentile for 'Normal/Others' (16.2 robust standard deviations above category median).","{""recommended_amount"": 5203000.0, ""category"": ""Normal/Others"", ""zscore"": 16.24}",STATISTICAL_ROBUST_ZSCORE,"₹50,00,000 & Z >= 3.5","₹5,203,000.00 (Z=16.24)",0.9961,16.2422,Category Median (Normal/Others),2026-08-26T10:47:43.666818+00:00
ANOM_000002,WORK,274686,UNUSUALLY_HIGH_RECOMMENDED_AMOUNT,1.0,HIGH,"Recommended amount of ₹7,041,042.00 is in the 99.8th percentile for 'Normal/Others' (22.5 robust standard deviations above category median).","{""recommended_amount"": 7041042.0, ""category"": ""Normal/Others"", ""zscore"": 22.46}",STATISTICAL_ROBUST_ZSCORE,"₹50,00,000 & Z >= 3.5","₹7,041,042.00 (Z=22.46)",0.9976,22.4572,Category Median (Normal/Others),2026-08-26T10:47:43.666818+00:00
ANOM_000003,WORK,298462,UNUSUALLY_HIGH_RECOMMENDED_AMOUNT,1.0,HIGH,"Recommended amount of ₹5,360,046.00 is in the 99.6th percentile for 'Normal/Others' (16.8 robust standard deviations above category median).","{""recommended_amount"": 5360046.0, ""category"": ""Normal/Others"", ""zscore"": 16.77}",STATISTICAL_ROBUST_ZSCORE,"₹50,00,000 & Z >= 3.5","₹5,360,046.00 (Z=16.77)",0.9961,16.7732,Category Median (Normal/Others),2026-08-26T10:47:43.666818+00:00
ANOM_000004,WORK,2142,UNUSUALLY_HIGH_RECOMMENDED_AMOUNT,1.0,HIGH,"Recommended amount of ₹5,000,000.00 is in the 99.5th percentile for 'Normal/Others' (15.6 robust standard deviations above category median).","{""recommended_amount"": 5000000.0, ""category"": ""Normal/Others"", ""zscore"": 15.56}",STATISTICAL_ROBUST_ZSCORE,"₹50,00,000 & Z >= 3.5","₹5,000,000.00 (Z=15.56)",0.9949,15.5558,Category Median (Normal/Others),2026-08-26T10:47:43.666818+00:00
ANOM_000005,WORK,157138,UNUSUALLY_HIGH_RECOMMENDED_AMOUNT,1.0,HIGH,"Recommended amount of ₹8,000,000.00 is in the 99.8th percentile for 'Normal/Others' (25.7 robust standard deviations above category median).","{""recommended_amount"": 8000000.0, ""category"": ""Normal/Others"", ""zscore"": 25.7}",STATISTICAL_ROBUST_ZSCORE,"₹50,00,000 & Z >= 3.5","₹8,000,000.00 (Z=25.70)",0.9981,25.6997,Category Median (Normal/Others),2026-08-26T10:47:43.666818+00:00
ANOM_000006,WORK,163760,UNUSUALLY_HIGH_RECOMMENDED_AMOUNT,1.0,HIGH,"Recommended amount of ₹7,000,000.00 is in the 99.8th percentile for 'Normal/Others' (22.3 robust standard deviations above category median).","{""recommended_amount"": 7000000.0, ""category"": ""Normal/Others"", ""zscore"": 22.32}",STATISTICAL_ROBUST_ZSCORE,"₹50,00,000 & Z >= 3.5","₹7,000,000.00 (Z=22.32)",0.9975,22.3184,Category Median (Normal/Others),2026-08-26T10:47:43.666818+00:00
ANOM_000007,WORK,166546,UNUSUALLY_HIGH_RECOMMENDED_AMOUNT,1.0,HIGH,"Recommended amount of ₹5,000,000.00 is in the 99.5th percentile for 'Normal/Others' (15.6 robust standard deviations above category median).","{""recommended_amount"": 5000000.0, ""category"": ""Normal/Others"", ""zscore"": 15.56}",STATISTICAL_ROBUST_ZSCORE,"₹50,00,000 & Z >= 3.5","₹5,000,000.00 (Z=15.56)",0.9949,15.5558,Category Median (Normal/Others),2026-08-26T10:47:43.666818+00:00
ANOM_000008,WORK,169792,UNUSUALLY_HIGH_RECOMMENDED_AMOUNT,1.0,HIGH,"Recommended amount of ₹6,000,000.00 is in the 99.7th percentile for 'Normal/Others' (18.9 robust standard deviations above category median).","{""recommended_amount"": 6000000.0, ""category"": ""Normal/Others"", ""zscore"": 18.94}",STATISTICAL_ROBUST_ZSCORE,"₹50,00,000 & Z >= 3.5","₹6,000,000.00 (Z=18.94)",0.9968,18.9371,Category Median (Normal/Others),2026-08-26T10:47:43.666818+00:00
ANOM_000009,WORK,178911,UNUSUALLY_HIGH_RECOMMENDED_AMOUNT,1.0,HIGH,"Recommended amount of ₹5,000,000.00 is in the 99.5th percentile for 'Normal/Others' (15.6 robust standard deviations above category median).","{""recommended_amount"": 5000000.0, ""category"": ""Normal/Others"", ""zscore"": 15.56}",STATISTICAL_ROBUST_ZSCORE,"₹50,00,000 & Z >= 3.5","₹5,000,000.00 (Z=15.56)",0.9949,15.5558,Category Median (Normal/Others),2026-08-26T10:47:43.666818+00:00
ANOM_000010,WORK,179123,UNUSUALLY_HIGH_RECOMMENDED_AMOUNT,1.0,HIGH,"Recommended amount of ₹6,000,000.00 is in the 99.7th percentile for 'Normal/Others' (18.9 robust standard deviations above category median).","{""recommended_amount"": 6000000.0, ""category"": ""Normal/Others"", ""zscore"": 18.94}",STATISTICAL_ROBUST_ZSCORE,"₹50,00,000 & Z >= 3.5","₹6,000,000.00 (Z=18.94)",0.9968,18.9371,Category Median (Normal/Others),2026-08-26T10:47:43.666818+00:00
ANOM_000011,WORK,179124,UNUSUALLY_HIGH_RECOMMENDED_AMOUNT,1.0,HIGH,"Recommended amount of ₹8,000,000.00 is in the 99.8th percentile for 'Normal/Others' (25.7 robust standard deviations above category median).","{""recommended_amount"": 8000000.0, ""category"": ""Normal/Others"", ""zscore"": 25.7}",STATISTICAL_ROBUST_ZSCORE,"₹50,00,000 & Z >= 3.5","₹8,000,000.00 (Z=25.70)",0.9981,25.6997,Category Median (Normal/Others),2026-08-26T10:47:43.666818+00:00
ANOM_000013,WORK,197996,UNUSUALLY_HIGH_RECOMMENDED_AMOUNT,1.0,HIGH,"Recommended amount of ₹5,000,000.00 is in the 99.5th percentile for 'Normal/Others' (15.6 robust standard deviations above category median).","{""recommended_amount"": 5000000.0, ""category"": ""Normal/Others"", ""zscore"": 15.56}",STATISTICAL_ROBUST_ZSCORE,"₹50,00,000 & Z >= 3.5","₹5,000,000.00 (Z=15.56)",0.9949,15.5558,Category Median (Normal/Others),2026-08-26T10:47:43.666818+00:00
ANOM_000014,WORK,197997,UNUSUALLY_HIGH_RECOMMENDED_AMOUNT,1.0,HIGH,"Recommended amount of ₹5,000,000.00 is in the 99.5th percentile for 'Normal/Others' (15.6 robust standard deviations above category median).","{""recommended_amount"": 5000000.0, ""category"": ""Normal/Others"", ""zscore"": 15.56}",STATISTICAL_ROBUST_ZSCORE,"₹50,00,000 & Z >= 3.5","₹5,000,000.00 (Z=15.56)",0.9949,15.5558,Category Median (Normal/Others),2026-08-26T10:47:43.666818+00:00
ANOM_000015,WORK,197998,UNUSUALLY_HIGH_RECOMMENDED_AMOUNT,1.0,HIGH,"Recommended amount of ₹5,000,000.00 is in the 99.5th percentile for 'Normal/Others' (15.6 robust standard deviations above category median).","{""recommended_amount"": 5000000.0, ""category"": ""Normal/Others"", ""zscore"": 15.56}",STATISTICAL_ROBUST_ZSCORE,"₹50,00,000 & Z >= 3.5","₹5,000,000.00 (Z=15.56)",0.9949,15.5558,Category Median (Normal/Others),2026-08-26T10:47:43.666818+00:00
ANOM_000016,WORK,198737,UNUSUALLY_HIGH_RECOMMENDED_AMOUNT,1.0,HIGH,"Recommended amount of ₹7,000,000.00 is in the 99.8th percentile for 'Normal/Others' (22.3 robust standard deviations above category median).","{""recommended_amount"": 7000000.0, ""category"": ""Normal/Others"", ""zscore"": 22.32}",STATISTICAL_ROBUST_ZSCORE,"₹50,00,000 & Z >= 3.5","₹7,000,000.00 (Z=22.32)",0.9975,22.3184,Category Median (Normal/Others),2026-08-26T10:47:43.666818+00:00
ANOM_000017,WORK,221109,UNUSUALLY_HIGH_RECOMMENDED_AMOUNT,1.0,HIGH,"Recommended amount of ₹5,000,000.00 is in the 99.5th percentile for 'Normal/Others' (15.6 robust standard deviations above category median).","{""recommended_amount"": 5000000.0, ""category"": ""Normal/Others"", ""zscore"": 15.56}",STATISTICAL_ROBUST_ZSCORE,"₹50,00,000 & Z >= 3.5","₹5,000,000.00 (Z=15.56)",0.9949,15.5558,Category Median (Normal/Others),2026-08-26T10:47:43.666818+00:00
ANOM_000018,WORK,223847,UNUSUALLY_HIGH_RECOMMENDED_AMOUNT,1.0,HIGH,"Recommended amount of ₹5,000,000.00 is in the 99.5th percentile for 'Normal/Others' (15.6 robust standard deviations above category median).","{""recommended_amount"": 5000000.0, ""category"": ""Normal/Others"", ""zscore"": 15.56}",STATISTICAL_ROBUST_ZSCORE,"₹50,00,000 & Z >= 3.5","₹5,000,000.00 (Z=15.56)",0.9949,15.5558,Category Median (Normal/Others),2026-08-26T10:47:43.666818+00:00
ANOM_000019,WORK,227344,UNUSUALLY_HIGH_RECOMMENDED_AMOUNT,1.0,HIGH,"Recommended amount of ₹6,000,000.00 is in the 99.7th percentile for 'Normal/Others' (18.9 robust standard deviations above category median).","{""recommended_amount"": 6000000.0, ""category"": ""Normal/Others"", ""zscore"": 18.94}",STATISTICAL_ROBUST_ZSCORE,"₹50,00,000 & Z >= 3.5","₹6,000,000.00 (Z=18.94)",0.9968,18.9371,Category Median (Normal/Others),2026-08-26T10:47:43.666818+00:00
ANOM_000020,WORK,231995,UNUSUALLY_HIGH_RECOMMENDED_AMOUNT,1.0,HIGH,"Recommended amount of ₹6,000,000.00 is in the 99.7th percentile for 'Normal/Others' (18.9 robust standard deviations above category median).","{""recommended_amount"": 6000000.0, ""category"": ""Normal/Others"", ""zscore"": 18.94}",STATISTICAL_ROBUST_ZSCORE,"₹50,00,000 & Z >= 3.5","₹6,000,000.00 (Z=18.94)",0.9968,18.9371,Category Median (Normal/Others),2026-08-26T10:47:43.666818+00:00
ANOM_000021,WORK,232260,UNUSUALLY_HIGH_RECOMMENDED_AMOUNT,1.0,HIGH,"Recommended amount of ₹5,000,000.00 is in the 99.5th percentile for 'Normal/Others' (15.6 robust standard deviations above category median).","{""recommended_amount"": 5000000.0, ""category"": ""Normal/Others"", ""zscore"": 15.56}",STATISTICAL_ROBUST_ZSCORE,"₹50,00,000 & Z >= 3.5","₹5,000,000.00 (Z=15.56)",0.9949,15.5558,Category Median (Normal/Others),2026-08-26T10:47:43.666818+00:00
ANOM_000023,WORK,241572,UNUSUALLY_HIGH_RECOMMENDED_AMOUNT,1.0,HIGH,"Recommended amount of ₹5,000,000.00 is in the 99.5th percentile for 'Normal/Others' (15.6 robust standard deviations above category median).","{""recommended_amount"": 5000000.0, ""category"": ""Normal/Others"", ""zscore"": 15.56}",STATISTICAL_ROBUST_ZSCORE,"₹50,00,000 & Z >= 3.5","₹5,000,000.00 (Z=15.56)",0.9949,15.5558,Category Median (Normal/Others),2026-08-26T10:47:43.666818+00:00
ANOM_000024,WORK,251879,UNUSUALLY_HIGH_RECOMMENDED_AMOUNT,1.0,HIGH,"Recommended amount of ₹7,500,000.00 is in the 99.8th percentile for 'Normal/Others' (24.0 robust standard deviations above category median).","{""recommended_amount"": 7500000.0, ""category"": ""Normal/Others"", ""zscore"": 24.01}",STATISTICAL_ROBUST_ZSCORE,"₹50,00,000 & Z >= 3.5","₹7,500,000.00 (Z=24.01)",0.9979,24.0091,Category Median (Normal/Others),2026-08-26T10:47:43.666818+00:00
ANOM_000025,WORK,251880,UNUSUALLY_HIGH_RECOMMENDED_AMOUNT,1.0,HIGH,"Recommended amount of ₹7,500,000.00 is in the 99.8th percentile for 'Normal/Others' (24.0 robust standard deviations above category median).","{""recommended_amount"": 7500000.0, ""category"": ""Normal/Others"", ""zscore"": 24.01}",STATISTICAL_ROBUST_ZSCORE,"₹50,00,000 & Z >= 3.5","₹7,500,000.00 (Z=24.01)",0.9979,24.0091,Category Median (Normal/Others),2026-08-26T10:47:43.666818+00:00
ANOM_000026,WORK,251884,UNUSUALLY_HIGH_RECOMMENDED_AMOUNT,1.0,HIGH,"Recommended amount of ₹5,488,000.00 is in the 99.6th percentile for 'Normal/Others' (17.2 robust standard deviations above category median).","{""recommended_amount"": 5488000.0, ""category"": ""Normal/Others"", ""zscore"": 17.21}",STATISTICAL_ROBUST_ZSCORE,"₹50,00,000 & Z >= 3.5","₹5,488,000.00 (Z=17.21)",0.9964,17.2059,Category Median (Normal/Others),2026-08-26T10:47:43.666818+00:00
ANOM_000027,WORK,261732,UNUSUALLY_HIGH_RECOMMENDED_AMOUNT,1.0,HIGH,"Recommended amount of ₹5,000,000.00 is in the 99.5th percentile for 'Normal/Others' (15.6 robust standard deviations above category median).","{""recommended_amount"": 5000000.0, ""category"": ""Normal/Others"", ""zscore"": 15.56}",STATISTICAL_ROBUST_ZSCORE,"₹50,00,000 & Z >= 3.5","₹5,000,000.00 (Z=15.56)",0.9949,15.5558,Category Median (Normal/Others),2026-08-26T10:47:43.666818+00:00
ANOM_000028,WORK,275078,UNUSUALLY_HIGH_RECOMMENDED_AMOUNT,1.0,HIGH,"Recommended amount of ₹7,000,000.00 is in the 99.8th percentile for 'Normal/Others' (22.3 robust standard deviations above category median).","{""recommended_amount"": 7000000.0, ""category"": ""Normal/Others"", ""zscore"": 22.32}",STATISTICAL_ROBUST_ZSCORE,"₹50,00,000 & Z >= 3.5","₹7,000,000.00 (Z=22.32)",0.9975,22.3184,Category Median (Normal/Others),2026-08-26T10:47:43.666818+00:00
ANOM_000029,WORK,277368,UNUSUALLY_HIGH_RECOMMENDED_AMOUNT,1.0,HIGH,"Recommended amount of ₹12,000,000.00 is in the 99.9th percentile for 'Normal/Others' (39.2 robust standard deviations above category median).","{""recommended_amount"": 12000000.0, ""category"": ""Normal/Others"", ""zscore"": 39.22}",STATISTICAL_ROBUST_ZSCORE,"₹50,00,000 & Z >= 3.5","₹12,000,000.00 (Z=39.22)",0.9994,39.2249,Category Median (Normal/Others),2026-08-26T10:47:43.666818+00:00
ANOM_000030,WORK,279579,UNUSUALLY_HIGH_RECOMMENDED_AMOUNT,1.0,HIGH,"Recommended amount of ₹5,000,000.00 is in the 99.5th percentile for 'Normal/Others' (15.6 robust standard deviations above category median).","{""recommended_amount"": 5000000.0, ""category"": ""Normal/Others"", ""zscore"": 15.56}",STATISTICAL_ROBUST_ZSCORE,"₹50,00,000 & Z >= 3.5","₹5,000,000.00 (Z=15.56)",0.9949,15.5558,Category Median (Normal/Others),2026-08-26T10:47:43.666818+00:00
ANOM_000031,WORK,287067,UNUSUALLY_HIGH_RECOMMENDED_AMOUNT,1.0,HIGH,"Recommended amount of ₹5,000,000.00 is in the 99.5th percentile for 'Normal/Others' (15.6 robust standard deviations above category median).","{""recommended_amount"": 5000000.0, ""category"": ""Normal/Others"", ""zscore"": 15.56}",STATISTICAL_ROBUST_ZSCORE,"₹50,00,000 & Z >= 3.5","₹5,000,000.00 (Z=15.56)",0.9949,15.5558,Category Median (Normal/Others),2026-08-26T10:47:43.666818+00:00
ANOM_000032,WORK,298494,UNUSUALLY_HIGH_RECOMMENDED_AMOUNT,1.0,HIGH,"Recommended amount of ₹5,000,000.00 is in the 99.5th percentile for 'Normal/Others' (15.6 robust standard deviations above category median).","{""recommended_amount"": 5000000.0, ""category"": ""Normal/Others"", ""zscore"": 15.56}",STATISTICAL_ROBUST_ZSCORE,"₹50,00,000 & Z >= 3.5","₹5,000,000.00 (Z=15.56)",0.9949,15.5558,Category Median (Normal/Others),2026-08-26T10:47:43.666818+00:00
ANOM_000033,WORK,299400,UNUSUALLY_HIGH_RECOMMENDED_AMOUNT,1.0,HIGH,"Recommended amount of ₹7,500,000.00 is in the 99.8th percentile for 'Normal/Others' (24.0 robust standard deviations above category median).","{""recommended_amount"": 7500000.0, ""category"": ""Normal/Others"", ""zscore"": 24.01}",STATISTICAL_ROBUST_ZSCORE,"₹50,00,000 & Z >= 3.5","₹7,500,000.00 (Z=24.01)",0.9979,24.0091,Category Median (Normal/Others),2026-08-26T10:47:43.666818+00:00
ANOM_000034,WORK,137519,UNUSUALLY_HIGH_RECOMMENDED_AMOUNT,1.0,HIGH,"Recommended amount of ₹5,000,000.00 is in the 99.5th percentile for 'Normal/Others' (15.6 robust standard deviations above category median).","{""recommended_amount"": 5000000.0, ""category"": ""Normal/Others"", ""zscore"": 15.56}",STATISTICAL_ROBUST_ZSCORE,"₹50,00,000 & Z >= 3.5","₹5,000,000.00 (Z=15.56)",0.9949,15.5558,Category Median (Normal/Others),2026-08-26T10:47:43.666818+00:00
ANOM_000035,WORK,139500,UNUSUALLY_HIGH_RECOMMENDED_AMOUNT,1.0,HIGH,"Recommended amount of ₹5,000,000.00 is in the 99.5th percentile for 'Normal/Others' (15.6 robust standard deviations above category median).","{""recommended_amount"": 5000000.0, ""category"": ""Normal/Others"", ""zscore"": 15.56}",STATISTICAL_ROBUST_ZSCORE,"₹50,00,000 & Z >= 3.5","₹5,000,000.00 (Z=15.56)",0.9949,15.5558,Category Median (Normal/Others),2026-08-26T10:47:43.666818+00:00
ANOM_000036,WORK,166142,UNUSUALLY_HIGH_RECOMMENDED_AMOUNT,1.0,HIGH,"Recommended amount of ₹14,000,000.00 is in the 100.0th percentile for 'Normal/Others' (46.0 robust standard deviations above category median).","{""recommended_amount"": 14000000.0, ""category"": ""Normal/Others"", ""zscore"": 45.99}",STATISTICAL_ROBUST_ZSCORE,"₹50,00,000 & Z >= 3.5","₹14,000,000.00 (Z=45.99)",0.9995,45.9876,Category Median (Normal/Others),2026-08-26T10:47:43.666818+00:00
ANOM_000037,WORK,206788,UNUSUALLY_HIGH_RECOMMENDED_AMOUNT,1.0,HIGH,"Recommended amount of ₹5,000,000.00 is in the 99.5th percentile for 'Normal/Others' (15.6 robust standard deviations above category median).","{""recommended_amount"": 5000000.0, ""category"": ""Normal/Others"", ""zscore"": 15.56}",STATISTICAL_ROBUST_ZSCORE,"₹50,00,000 & Z >= 3.5","₹5,000,000.00 (Z=15.56)",0.9949,15.5558,Category Median (Normal/Others),2026-08-26T10:47:43.666818+00:00
ANOM_000038,WORK,208461,UNUSUALLY_HIGH_RECOMMENDED_AMOUNT,1.0,HIGH,"Recommended amount of ₹5,000,000.00 is in the 99.5th percentile for 'Normal/Others' (15.6 robust standard deviations above category median).","{""recommended_amount"": 5000000.0, ""category"": ""Normal/Others"", ""zscore"": 15.56}",STATISTICAL_ROBUST_ZSCORE,"₹50,00,000 & Z >= 3.5","₹5,000,000.00 (Z=15.56)",0.9949,15.5558,Category Median (Normal/Others),2026-08-26T10:47:43.666818+00:00
ANOM_000039,WORK,212156,UNUSUALLY_HIGH_RECOMMENDED_AMOUNT,1.0,HIGH,"Recommended amount of ₹6,393,000.00 is in the 99.7th percentile for 'Normal/Others' (20.3 robust standard deviations above category median).","{""recommended_amount"": 6393000.0, ""category"": ""Normal/Others"", ""zscore"": 20.27}",STATISTICAL_ROBUST_ZSCORE,"₹50,00,000 & Z >= 3.5","₹6,393,000.00 (Z=20.27)",0.9972,20.2659,Category Median (Normal/Others),2026-08-26T10:47:43.666818+00:00
ANOM_000040,WORK,281457,UNUSUALLY_HIGH_RECOMMENDED_AMOUNT,1.0,HIGH,"Recommended amount of ₹5,000,000.00 is in the 99.5th percentile for 'Normal/Others' (15.6 robust standard deviations above category median).","{""recommended_amount"": 5000000.0, ""category"": ""Normal/Others"", ""zscore"": 15.56}",STATISTICAL_ROBUST_ZSCORE,"₹50,00,000 & Z >= 3.5","₹5,000,000.00 (Z=15.56)",0.9949,15.5558,Category Median (Normal/Others),2026-08-26T10:47:43.666818+00:00
ANOM_000041,WORK,291486,UNUSUALLY_HIGH_RECOMMENDED_AMOUNT,1.0,HIGH,"Recommended amount of ₹6,000,000.00 is in the 99.7th percentile for 'Normal/Others' (18.9 robust standard deviations above category median).","{""recommended_amount"": 6000000.0, ""category"": ""Normal/Others"", ""zscore"": 18.94}",STATISTICAL_ROBUST_ZSCORE,"₹50,00,000 & Z >= 3.5","₹6,000,000.00 (Z=18.94)",0.9968,18.9371,Category Median (Normal/Others),2026-08-26T10:47:43.666818+00:00
ANOM_000044,WORK,212607,UNUSUALLY_HIGH_RECOMMENDED_AMOUNT,1.0,HIGH,"Recommended amount of ₹7,865,926.00 is in the 99.8th percentile for 'Normal/Others' (25.2 robust standard deviations above category median).","{""recommended_amount"": 7865926.0, ""category"": ""Normal/Others"", ""zscore"": 25.25}",STATISTICAL_ROBUST_ZSCORE,"₹50,00,000 & Z >= 3.5","₹7,865,926.00 (Z=25.25)",0.998,25.2464,Category Median (Normal/Others),2026-08-26T10:47:43.666818+00:00
ANOM_000045,WORK,261209,UNUSUALLY_HIGH_RECOMMENDED_AMOUNT,1.0,HIGH,"Recommended amount of ₹13,836,778.00 is in the 100.0th percentile for 'Normal/Others' (45.4 robust standard deviations above category median).","{""recommended_amount"": 13836778.0, ""category"": ""Normal/Others"", ""zscore"": 45.44}",STATISTICAL_ROBUST_ZSCORE,"₹50,00,000 & Z >= 3.5","₹13,836,778.00 (Z=45.44)",0.9995,45.4357,Category Median (Normal/Others),2026-08-26T10:47:43.666818+00:00
ANOM_000046,WORK,269245,UNUSUALLY_HIGH_RECOMMENDED_AMOUNT,1.0,HIGH,"Recommended amount of ₹6,985,680.00 is in the 99.7th percentile for 'Normal/Others' (22.3 robust standard deviations above category median).","{""recommended_amount"": 6985680.0, ""category"": ""Normal/Others"", ""zscore"": 22.27}",STATISTICAL_ROBUST_ZSCORE,"₹50,00,000 & Z >= 3.5","₹6,985,680.00 (Z=22.27)",0.9975,22.27,Category Median (Normal/Others),2026-08-26T10:47:43.666818+00:00
ANOM_000047,WORK,272885,UNUSUALLY_HIGH_RECOMMENDED_AMOUNT,1.0,HIGH,"Recommended amount of ₹5,000,000.00 is in the 99.5th percentile for 'Normal/Others' (15.6 robust standard deviations above category median).","{""recommended_amount"": 5000000.0, ""category"": ""Normal/Others"", ""zscore"": 15.56}",STATISTICAL_ROBUST_ZSCORE,"₹50,00,000 & Z >= 3.5","₹5,000,000.00 (Z=15.56)",0.9949,15.5558,Category Median (Normal/Others),2026-08-26T10:47:43.666818+00:00
ANOM_000048,WORK,275288,UNUSUALLY_HIGH_RECOMMENDED_AMOUNT,1.0,HIGH,"Recommended amount of ₹9,000,000.00 is in the 99.8th percentile for 'Normal/Others' (29.1 robust standard deviations above category median).","{""recommended_amount"": 9000000.0, ""category"": ""Normal/Others"", ""zscore"": 29.08}",STATISTICAL_ROBUST_ZSCORE,"₹50,00,000 & Z >= 3.5","₹9,000,000.00 (Z=29.08)",0.9984,29.081,Category Median (Normal/Others),2026-08-26T10:47:43.666818+00:00
ANOM_000049,WORK,277012,UNUSUALLY_HIGH_RECOMMENDED_AMOUNT,1.0,HIGH,"Recommended amount of ₹10,000,000.00 is in the 99.9th percentile for 'Normal/Others' (32.5 robust standard deviations above category median).","{""recommended_amount"": 10000000.0, ""category"": ""Normal/Others"", ""zscore"": 32.46}",STATISTICAL_ROBUST_ZSCORE,"₹50,00,000 & Z >= 3.5","₹10,000,000.00 (Z=32.46)",0.9989,32.4623,Category Median (Normal/Others),2026-08-26T10:47:43.666818+00:00
ANOM_000050,WORK,277336,UNUSUALLY_HIGH_RECOMMENDED_AMOUNT,1.0,HIGH,"Recommended amount of ₹9,301,700.00 is in the 99.8th percentile for 'Normal/Others' (30.1 robust standard deviations above category median).","{""recommended_amount"": 9301700.0, ""category"": ""Normal/Others"", ""zscore"": 30.1}",STATISTICAL_ROBUST_ZSCORE,"₹50,00,000 & Z >= 3.5","₹9,301,700.00 (Z=30.10)",0.9985,30.1012,Category Median (Normal/Others),2026-08-26T10:47:43.666818+00:00
ANOM_000051,WORK,277337,UNUSUALLY_HIGH_RECOMMENDED_AMOUNT,1.0,HIGH,"Recommended amount of ₹7,179,700.00 is in the 99.8th percentile for 'Normal/Others' (22.9 robust standard deviations above category median).","{""recommended_amount"": 7179700.0, ""category"": ""Normal/Others"", ""zscore"": 22.93}",STATISTICAL_ROBUST_ZSCORE,"₹50,00,000 & Z >= 3.5","₹7,179,700.00 (Z=22.93)",0.9976,22.926,Category Median (Normal/Others),2026-08-26T10:47:43.666818+00:00
ANOM_000052,WORK,279224,UNUSUALLY_HIGH_RECOMMENDED_AMOUNT,1.0,HIGH,"Recommended amount of ₹7,596,000.00 is in the 99.8th percentile for 'Normal/Others' (24.3 robust standard deviations above category median).","{""recommended_amount"": 7596000.0, ""category"": ""Normal/Others"", ""zscore"": 24.33}",STATISTICAL_ROBUST_ZSCORE,"₹50,00,000 & Z >= 3.5","₹7,596,000.00 (Z=24.33)",0.9979,24.3337,Category Median (Normal/Others),2026-08-26T10:47:43.666818+00:00
ANOM_000053,WORK,286942,UNUSUALLY_HIGH_RECOMMENDED_AMOUNT,1.0,HIGH,"Recommended amount of ₹10,000,000.00 is in the 99.9th percentile for 'Normal/Others' (32.5 robust standard deviations above category median).","{""recommended_amount"": 10000000.0, ""category"": ""Normal/Others"", ""zscore"": 32.46}",STATISTICAL_ROBUST_ZSCORE,"₹50,00,000 & Z >= 3.5","₹10,000,000.00 (Z=32.46)",0.9989,32.4623,Category Median (Normal/Others),2026-08-26T10:47:43.666818+00:00
ANOM_000054,WORK,286943,UNUSUALLY_HIGH_RECOMMENDED_AMOUNT,1.0,HIGH,"Recommended amount of ₹10,000,000.00 is in the 99.9th percentile for 'Normal/Others' (32.5 robust standard deviations above category median).","{""recommended_amount"": 10000000.0, ""category"": ""Normal/Others"", ""zscore"": 32.46}",STATISTICAL_ROBUST_ZSCORE,"₹50,00,000 & Z >= 3.5","₹10,000,000.00 (Z=32.46)",0.9989,32.4623,Category Median (Normal/Others),2026-08-26T10:47:43.666818+00:00
ANOM_000055,WORK,286944,UNUSUALLY_HIGH_RECOMMENDED_AMOUNT,1.0,HIGH,"Recommended amount of ₹10,000,000.00 is in the 99.9th percentile for 'Normal/Others' (32.5 robust standard deviations above category median).","{""recommended_amount"": 10000000.0, ""category"": ""Normal/Others"", ""zscore"": 32.46}",STATISTICAL_ROBUST_ZSCORE,"₹50,00,000 & Z >= 3.5","₹10,000,000.00 (Z=32.46)",0.9989,32.4623,Category Median (Normal/Others),2026-08-26T10:47:43.666818+00:00
ANOM_000056,WORK,286945,UNUSUALLY_HIGH_RECOMMENDED_AMOUNT,1.0,HIGH,"Recommended amount of ₹10,000,000.00 is in the 99.9th percentile for 'Normal/Others' (32.5 robust standard deviations above category median).","{""recommended_amount"": 10000000.0, ""category"": ""Normal/Others"", ""zscore"": 32.46}",STATISTICAL_ROBUST_ZSCORE,"₹50,00,000 & Z >= 3.5","₹10,000,000.00 (Z=32.46)",0.9989,32.4623,Category Median (Normal/Others),2026-08-26T10:47:43.666818+00:00
ANOM_000057,WORK,304742,UNUSUALLY_HIGH_RECOMMENDED_AMOUNT,1.0,HIGH,"Recommended amount of ₹6,351,000.00 is in the 99.7th percentile for 'Normal/Others' (20.1 robust standard deviations above category median).","{""recommended_amount"": 6351000.0, ""category"": ""Normal/Others"", ""zscore"": 20.12}",STATISTICAL_ROBUST_ZSCORE,"₹50,00,000 & Z >= 3.5","₹6,351,000.00 (Z=20.12)",0.9971,20.1239,Category Median (Normal/Others),2026-08-26T10:47:43.666818+00:00
ANOM_000058,WORK,182076,UNUSUALLY_HIGH_RECOMMENDED_AMOUNT,1.0,HIGH,"Recommended amount of ₹5,000,000.00 is in the 99.5th percentile for 'Normal/Others' (15.6 robust standard deviations above category median).","{""recommended_amount"": 5000000.0, ""category"": ""Normal/Others"", ""zscore"": 15.56}",STATISTICAL_ROBUST_ZSCORE,"₹50,00,000 & Z >= 3.5","₹5,000,000.00 (Z=15.56)",0.9949,15.5558,Category Median (Normal/Others),2026-08-26T10:47:43.666818+00:00
ANOM_000059,WORK,188247,UNUSUALLY_HIGH_RECOMMENDED_AMOUNT,1.0,HIGH,"Recommended amount of ₹5,000,000.00 is in the 99.5th percentile for 'Normal/Others' (15.6 robust standard deviations above category median).","{""recommended_amount"": 5000000.0, ""category"": ""Normal/Others"", ""zscore"": 15.56}",STATISTICAL_ROBUST_ZSCORE,"₹50,00,000 & Z >= 3.5","₹5,000,000.00 (Z=15.56)",0.9949,15.5558,Category Median (Normal/Others),2026-08-26T10:47:43.666818+00:00
ANOM_000060,WORK,192019,UNUSUALLY_HIGH_RECOMMENDED_AMOUNT,1.0,HIGH,"Recommended amount of ₹5,012,767.00 is in the 99.6th percentile for 'Normal/Others' (15.6 robust standard deviations above category median).","{""recommended_amount"": 5012767.0, ""category"": ""Normal/Others"", ""zscore"": 15.6}",STATISTICAL_ROBUST_ZSCORE,"₹50,00,000 & Z >= 3.5","₹5,012,767.00 (Z=15.60)",0.9958,15.5989,Category Median (Normal/Others),2026-08-26T10:47:43.666818+00:00
ANOM_000061,WORK,221148,UNUSUALLY_HIGH_RECOMMENDED_AMOUNT,1.0,HIGH,"Recommended amount of ₹5,000,000.00 is in the 99.5th percentile for 'Normal/Others' (15.6 robust standard deviations above category median).","{""recommended_amount"": 5000000.0, ""category"": ""Normal/Others"", ""zscore"": 15.56}",STATISTICAL_ROBUST_ZSCORE,"₹50,00,000 & Z >= 3.5","₹5,000,000.00 (Z=15.56)",0.9949,15.5558,Category Median (Normal/Others),2026-08-26T10:47:43.666818+00:00
ANOM_000062,WORK,292366,UNUSUALLY_HIGH_RECOMMENDED_AMOUNT,1.0,HIGH,"Recommended amount of ₹7,000,000.00 is in the 99.8th percentile for 'Normal/Others' (22.3 robust standard deviations above category median).","{""recommended_amount"": 7000000.0, ""category"": ""Normal/Others"", ""zscore"": 22.32}",STATISTICAL_ROBUST_ZSCORE,"₹50,00,000 & Z >= 3.5","₹7,000,000.00 (Z=22.32)",0.9975,22.3184,Category Median (Normal/Others),2026-08-26T10:47:43.666818+00:00
ANOM_000063,WORK,292371,UNUSUALLY_HIGH_RECOMMENDED_AMOUNT,1.0,HIGH,"Recommended amount of ₹5,000,000.00 is in the 99.5th percentile for 'Normal/Others' (15.6 robust standard deviations above category median).","{""recommended_amount"": 5000000.0, ""category"": ""Normal/Others"", ""zscore"": 15.56}",STATISTICAL_ROBUST_ZSCORE,"₹50,00,000 & Z >= 3.5","₹5,000,000.00 (Z=15.56)",0.9949,15.5558,Category Median (Normal/Others),2026-08-26T10:47:43.666818+00:00
ANOM_000064,WORK,173052,UNUSUALLY_HIGH_RECOMMENDED_AMOUNT,1.0,HIGH,"Recommended amount of ₹5,000,000.00 is in the 99.5th percentile for 'Normal/Others' (15.6 robust standard deviations above category median).","{""recommended_amount"": 5000000.0, ""category"": ""Normal/Others"", ""zscore"": 15.56}",STATISTICAL_ROBUST_ZSCORE,"₹50,00,000 & Z >= 3.5","₹5,000,000.00 (Z=15.56)",0.9949,15.5558,Category Median (Normal/Others),2026-08-26T10:47:43.666818+00:00
ANOM_000065,WORK,178906,UNUSUALLY_HIGH_RECOMMENDED_AMOUNT,1.0,HIGH,"Recommended amount of ₹9,424,000.00 is in the 99.9th percentile for 'Normal/Others' (30.5 robust standard deviations above category median).","{""recommended_amount"": 9424000.0, ""category"": ""Normal/Others"", ""zscore"": 30.51}",STATISTICAL_ROBUST_ZSCORE,"₹50,00,000 & Z >= 3.5","₹9,424,000.00 (Z=30.51)",0.9985,30.5147,Category Median (Normal/Others),2026-08-26T10:47:43.666818+00:00
ANOM_000066,WORK,222829,UNUSUALLY_HIGH_RECOMMENDED_AMOUNT,1.0,HIGH,"Recommended amount of ₹5,000,000.00 is in the 99.5th percentile for 'Normal/Others' (15.6 robust standard deviations above category median).","{""recommended_amount"": 5000000.0, ""category"": ""Normal/Others"", ""zscore"": 15.56}",STATISTICAL_ROBUST_ZSCORE,"₹50,00,000 & Z >= 3.5","₹5,000,000.00 (Z=15.56)",0.9949,15.5558,Category Median (Normal/Others),2026-08-26T10:47:43.666818+00:00
ANOM_000067,WORK,228446,UNUSUALLY_HIGH_RECOMMENDED_AMOUNT,1.0,HIGH,"Recommended amount of ₹11,000,000.00 is in the 99.9th percentile for 'Normal/Others' (35.8 robust standard deviations above category median).","{""recommended_amount"": 11000000.0, ""category"": ""Normal/Others"", ""zscore"": 35.84}",STATISTICAL_ROBUST_ZSCORE,"₹50,00,000 & Z >= 3.5","₹11,000,000.00 (Z=35.84)",0.9992,35.8436,Category Median (Normal/Others),2026-08-26T10:47:43.666818+00:00
ANOM_000068,WORK,228447,UNUSUALLY_HIGH_RECOMMENDED_AMOUNT,1.0,HIGH,"Recommended amount of ₹11,000,000.00 is in the 99.9th percentile for 'Normal/Others' (35.8 robust standard deviations above category median).","{""recommended_amount"": 11000000.0, ""category"": ""Normal/Others"", ""zscore"": 35.84}",STATISTICAL_ROBUST_ZSCORE,"₹50,00,000 & Z >= 3.5","₹11,000,000.00 (Z=35.84)",0.9992,35.8436,Category Median (Normal/Others),2026-08-26T10:47:43.666818+00:00
ANOM_000069,WORK,239127,UNUSUALLY_HIGH_RECOMMENDED_AMOUNT,1.0,HIGH,"Recommended amount of ₹5,000,000.00 is in the 99.5th percentile for 'Normal/Others' (15.6 robust standard deviations above category median).","{""recommended_amount"": 5000000.0, ""category"": ""Normal/Others"", ""zscore"": 15.56}",STATISTICAL_ROBUST_ZSCORE,"₹50,00,000 & Z >= 3.5","₹5,000,000.00 (Z=15.56)",0.9949,15.5558,Category Median (Normal/Others),2026-08-26T10:47:43.666818+00:00
ANOM_000070,WORK,256906,UNUSUALLY_HIGH_RECOMMENDED_AMOUNT,1.0,HIGH,"Recommended amount of ₹9,000,000.00 is in the 99.8th percentile for 'Normal/Others' (29.1 robust standard deviations above category median).","{""recommended_amount"": 9000000.0, ""category"": ""Normal/Others"", ""zscore"": 29.08}",STATISTICAL_ROBUST_ZSCORE,"₹50,00,000 & Z >= 3.5","₹9,000,000.00 (Z=29.08)",0.9984,29.081,Category Median (Normal/Others),2026-08-26T10:47:43.666818+00:00
ANOM_000071,WORK,274318,UNUSUALLY_HIGH_RECOMMENDED_AMOUNT,1.0,HIGH,"Recommended amount of ₹5,720,000.00 is in the 99.7th percentile for 'Normal/Others' (18.0 robust standard deviations above category median).","{""recommended_amount"": 5720000.0, ""category"": ""Normal/Others"", ""zscore"": 17.99}",STATISTICAL_ROBUST_ZSCORE,"₹50,00,000 & Z >= 3.5","₹5,720,000.00 (Z=17.99)",0.9966,17.9903,Category Median (Normal/Others),2026-08-26T10:47:43.666818+00:00
ANOM_000072,WORK,274319,UNUSUALLY_HIGH_RECOMMENDED_AMOUNT,1.0,HIGH,"Recommended amount of ₹5,200,000.00 is in the 99.6th percentile for 'Normal/Others' (16.2 robust standard deviations above category median).","{""recommended_amount"": 5200000.0, ""category"": ""Normal/Others"", ""zscore"": 16.23}",STATISTICAL_ROBUST_ZSCORE,"₹50,00,000 & Z >= 3.5","₹5,200,000.00 (Z=16.23)",0.996,16.232,Category Median (Normal/Others),2026-08-26T10:47:43.666818+00:00
ANOM_000073,WORK,276199,UNUSUALLY_HIGH_RECOMMENDED_AMOUNT,1.0,HIGH,"Recommended amount of ₹9,000,000.00 is in the 99.8th percentile for 'Normal/Others' (29.1 robust standard deviations above category median).","{""recommended_amount"": 9000000.0, ""category"": ""Normal/Others"", ""zscore"": 29.08}",STATISTICAL_ROBUST_ZSCORE,"₹50,00,000 & Z >= 3.5","₹9,000,000.00 (Z=29.08)",0.9984,29.081,Category Median (Normal/Others),2026-08-26T10:47:43.666818+00:00
ANOM_000074,WORK,276201,UNUSUALLY_HIGH_RECOMMENDED_AMOUNT,1.0,HIGH,"Recommended amount of ₹8,000,000.00 is in the 99.8th percentile for 'Normal/Others' (25.7 robust standard deviations above category median).","{""recommended_amount"": 8000000.0, ""category"": ""Normal/Others"", ""zscore"": 25.7}",STATISTICAL_ROBUST_ZSCORE,"₹50,00,000 & Z >= 3.5","₹8,000,000.00 (Z=25.70)",0.9981,25.6997,Category Median (Normal/Others),2026-08-26T10:47:43.666818+00:00
ANOM_000075,WORK,246454,UNUSUALLY_HIGH_RECOMMENDED_AMOUNT,1.0,HIGH,"Recommended amount of ₹9,386,764.00 is in the 99.8th percentile for 'Normal/Others' (30.4 robust standard deviations above category median).","{""recommended_amount"": 9386764.0, ""category"": ""Normal/Others"", ""zscore"": 30.39}",STATISTICAL_ROBUST_ZSCORE,"₹50,00,000 & Z >= 3.5","₹9,386,764.00 (Z=30.39)",0.9985,30.3888,Category Median (Normal/Others),2026-08-26T10:47:43.666818+00:00
ANOM_000076,WORK,1719,UNUSUALLY_HIGH_RECOMMENDED_AMOUNT,1.0,HIGH,"Recommended amount of ₹5,000,000.00 is in the 99.5th percentile for 'Normal/Others' (15.6 robust standard deviations above category median).","{""recommended_amount"": 5000000.0, ""category"": ""Normal/Others"", ""zscore"": 15.56}",STATISTICAL_ROBUST_ZSCORE,"₹50,00,000 & Z >= 3.5","₹5,000,000.00 (Z=15.56)",0.9949,15.5558,Category Median (Normal/Others),2026-08-26T10:47:43.666818+00:00
ANOM_000077,WORK,166162,UNUSUALLY_HIGH_RECOMMENDED_AMOUNT,1.0,HIGH,"Recommended amount of ₹15,000,000.00 is in the 100.0th percentile for 'Normal/Others' (49.4 robust standard deviations above category median).","{""recommended_amount"": 15000000.0, ""category"": ""Normal/Others"", ""zscore"": 49.37}",STATISTICAL_ROBUST_ZSCORE,"₹50,00,000 & Z >= 3.5","₹15,000,000.00 (Z=49.37)",0.9996,49.3689,Category Median (Normal/Others),2026-08-26T10:47:43.666818+00:00
ANOM_000079,WORK,158349,UNUSUALLY_HIGH_RECOMMENDED_AMOUNT,1.0,HIGH,"Recommended amount of ₹5,000,000.00 is in the 99.5th percentile for 'Normal/Others' (15.6 robust standard deviations above category median).","{""recommended_amount"": 5000000.0, ""category"": ""Normal/Others"", ""zscore"": 15.56}",STATISTICAL_ROBUST_ZSCORE,"₹50,00,000 & Z >= 3.5","₹5,000,000.00 (Z=15.56)",0.9949,15.5558,Category Median (Normal/Others),2026-08-26T10:47:43.666818+00:00
ANOM_000080,WORK,180861,UNUSUALLY_HIGH_RECOMMENDED_AMOUNT,1.0,HIGH,"Recommended amount of ₹5,000,000.00 is in the 99.5th percentile for 'Normal/Others' (15.6 robust standard deviations above category median).","{""recommended_amount"": 5000000.0, ""category"": ""Normal/Others"", ""zscore"": 15.56}",STATISTICAL_ROBUST_ZSCORE,"₹50,00,000 & Z >= 3.5","₹5,000,000.00 (Z=15.56)",0.9949,15.5558,Category Median (Normal/Others),2026-08-26T10:47:43.666818+00:00
ANOM_000081,WORK,187219,UNUSUALLY_HIGH_RECOMMENDED_AMOUNT,1.0,HIGH,"Recommended amount of ₹5,200,000.00 is in the 99.6th percentile for 'Normal/Others' (16.2 robust standard deviations above category median).","{""recommended_amount"": 5200000.0, ""category"": ""Normal/Others"", ""zscore"": 16.23}",STATISTICAL_ROBUST_ZSCORE,"₹50,00,000 & Z >= 3.5","₹5,200,000.00 (Z=16.23)",0.996,16.232,Category Median (Normal/Others),2026-08-26T10:47:43.666818+00:00
ANOM_000082,WORK,201010,UNUSUALLY_HIGH_RECOMMENDED_AMOUNT,1.0,HIGH,"Recommended amount of ₹5,000,000.00 is in the 99.5th percentile for 'Normal/Others' (15.6 robust standard deviations above category median).","{""recommended_amount"": 5000000.0, ""category"": ""Normal/Others"", ""zscore"": 15.56}",STATISTICAL_ROBUST_ZSCORE,"₹50,00,000 & Z >= 3.5","₹5,000,000.00 (Z=15.56)",0.9949,15.5558,Category Median (Normal/Others),2026-08-26T10:47:43.666818+00:00
ANOM_000083,WORK,238085,UNUSUALLY_HIGH_RECOMMENDED_AMOUNT,1.0,HIGH,"Recommended amount of ₹10,000,000.00 is in the 99.9th percentile for 'Normal/Others' (32.5 robust standard deviations above category median).","{""recommended_amount"": 10000000.0, ""category"": ""Normal/Others"", ""zscore"": 32.46}",STATISTICAL_ROBUST_ZSCORE,"₹50,00,000 & Z >= 3.5","₹10,000,000.00 (Z=32.46)",0.9989,32.4623,Category Median (Normal/Others),2026-08-26T10:47:43.666818+00:00
ANOM_000085,WORK,263473,UNUSUALLY_HIGH_RECOMMENDED_AMOUNT,1.0,HIGH,"Recommended amount of ₹5,100,000.00 is in the 99.6th percentile for 'Normal/Others' (15.9 robust standard deviations above category median).","{""recommended_amount"": 5100000.0, ""category"": ""Normal/Others"", ""zscore"": 15.89}",STATISTICAL_ROBUST_ZSCORE,"₹50,00,000 & Z >= 3.5","₹5,100,000.00 (Z=15.89)",0.9959,15.8939,Category Median (Normal/Others),2026-08-26T10:47:43.666818+00:00
ANOM_000086,WORK,263477,UNUSUALLY_HIGH_RECOMMENDED_AMOUNT,1.0,HIGH,"Recommended amount of ₹5,100,000.00 is in the 99.6th percentile for 'Normal/Others' (15.9 robust standard deviations above category median).","{""recommended_amount"": 5100000.0, ""category"": ""Normal/Others"", ""zscore"": 15.89}",STATISTICAL_ROBUST_ZSCORE,"₹50,00,000 & Z >= 3.5","₹5,100,000.00 (Z=15.89)",0.9959,15.8939,Category Median (Normal/Others),2026-08-26T10:47:43.666818+00:00
ANOM_000087,WORK,263514,UNUSUALLY_HIGH_RECOMMENDED_AMOUNT,1.0,HIGH,"Recommended amount of ₹5,200,000.00 is in the 99.6th percentile for 'Normal/Others' (16.2 robust standard deviations above category median).","{""recommended_amount"": 5200000.0, ""category"": ""Normal/Others"", ""zscore"": 16.23}",STATISTICAL_ROBUST_ZSCORE,"₹50,00,000 & Z >= 3.5","₹5,200,000.00 (Z=16.23)",0.996,16.232,Category Median (Normal/Others),2026-08-26T10:47:43.666818+00:00
ANOM_000088,WORK,263517,UNUSUALLY_HIGH_RECOMMENDED_AMOUNT,1.0,HIGH,"Recommended amount of ₹10,000,000.00 is in the 99.9th percentile for 'Normal/Others' (32.5 robust standard deviations above category median).","{""recommended_amount"": 10000000.0, ""category"": ""Normal/Others"", ""zscore"": 32.46}",STATISTICAL_ROBUST_ZSCORE,"₹50,00,000 & Z >= 3.5","₹10,000,000.00 (Z=32.46)",0.9989,32.4623,Category Median (Normal/Others),2026-08-26T10:47:43.666818+00:00
ANOM_000089,WORK,266683,UNUSUALLY_HIGH_RECOMMENDED_AMOUNT,1.0,HIGH,"Recommended amount of ₹8,400,000.00 is in the 99.8th percentile for 'Normal/Others' (27.1 robust standard deviations above category median).","{""recommended_amount"": 8400000.0, ""category"": ""Normal/Others"", ""zscore"": 27.05}",STATISTICAL_ROBUST_ZSCORE,"₹50,00,000 & Z >= 3.5","₹8,400,000.00 (Z=27.05)",0.9983,27.0522,Category Median (Normal/Others),2026-08-26T10:47:43.666818+00:00
ANOM_000090,WORK,266942,UNUSUALLY_HIGH_RECOMMENDED_AMOUNT,1.0,HIGH,"Recommended amount of ₹6,600,000.00 is in the 99.7th percentile for 'Normal/Others' (21.0 robust standard deviations above category median).","{""recommended_amount"": 6600000.0, ""category"": ""Normal/Others"", ""zscore"": 20.97}",STATISTICAL_ROBUST_ZSCORE,"₹50,00,000 & Z >= 3.5","₹6,600,000.00 (Z=20.97)",0.9973,20.9659,Category Median (Normal/Others),2026-08-26T10:47:43.666818+00:00
ANOM_000091,WORK,266944,UNUSUALLY_HIGH_RECOMMENDED_AMOUNT,1.0,HIGH,"Recommended amount of ₹6,600,000.00 is in the 99.7th percentile for 'Normal/Others' (21.0 robust standard deviations above category median).","{""recommended_amount"": 6600000.0, ""category"": ""Normal/Others"", ""zscore"": 20.97}",STATISTICAL_ROBUST_ZSCORE,"₹50,00,000 & Z >= 3.5","₹6,600,000.00 (Z=20.97)",0.9973,20.9659,Category Median (Normal/Others),2026-08-26T10:47:43.666818+00:00
ANOM_000092,WORK,266950,UNUSUALLY_HIGH_RECOMMENDED_AMOUNT,1.0,HIGH,"Recommended amount of ₹6,400,000.00 is in the 99.7th percentile for 'Normal/Others' (20.3 robust standard deviations above category median).","{""recommended_amount"": 6400000.0, ""category"": ""Normal/Others"", ""zscore"": 20.29}",STATISTICAL_ROBUST_ZSCORE,"₹50,00,000 & Z >= 3.5","₹6,400,000.00 (Z=20.29)",0.9972,20.2896,Category Median (Normal/Others),2026-08-26T10:47:43.666818+00:00
ANOM_000093,WORK,267724,UNUSUALLY_HIGH_RECOMMENDED_AMOUNT,1.0,HIGH,"Recommended amount of ₹10,000,000.00 is in the 99.9th percentile for 'Normal/Others' (32.5 robust standard deviations above category median).","{""recommended_amount"": 10000000.0, ""category"": ""Normal/Others"", ""zscore"": 32.46}",STATISTICAL_ROBUST_ZSCORE,"₹50,00,000 & Z >= 3.5","₹10,000,000.00 (Z=32.46)",0.9989,32.4623,Category Median (Normal/Others),2026-08-26T10:47:43.666818+00:00
ANOM_000094,WORK,276318,UNUSUALLY_HIGH_RECOMMENDED_AMOUNT,1.0,HIGH,"Recommended amount of ₹5,000,000.00 is in the 99.5th percentile for 'Normal/Others' (15.6 robust standard deviations above category median).","{""recommended_amount"": 5000000.0, ""category"": ""Normal/Others"", ""zscore"": 15.56}",STATISTICAL_ROBUST_ZSCORE,"₹50,00,000 & Z >= 3.5","₹5,000,000.00 (Z=15.56)",0.9949,15.5558,Category Median (Normal/Others),2026-08-26T10:47:43.666818+00:00
ANOM_000095,WORK,278251,UNUSUALLY_HIGH_RECOMMENDED_AMOUNT,1.0,HIGH,"Recommended amount of ₹5,000,000.00 is in the 99.5th percentile for 'Normal/Others' (15.6 robust standard deviations above category median).","{""recommended_amount"": 5000000.0, ""category"": ""Normal/Others"", ""zscore"": 15.56}",STATISTICAL_ROBUST_ZSCORE,"₹50,00,000 & Z >= 3.5","₹5,000,000.00 (Z=15.56)",0.9949,15.5558,Category Median (Normal/Others),2026-08-26T10:47:43.666818+00:00
ANOM_000096,WORK,291226,UNUSUALLY_HIGH_RECOMMENDED_AMOUNT,1.0,HIGH,"Recommended amount of ₹5,000,000.00 is in the 99.5th percentile for 'Normal/Others' (15.6 robust standard deviations above category median).","{""recommended_amount"": 5000000.0, ""category"": ""Normal/Others"", ""zscore"": 15.56}",STATISTICAL_ROBUST_ZSCORE,"₹50,00,000 & Z >= 3.5","₹5,000,000.00 (Z=15.56)",0.9949,15.5558,Category Median (Normal/Others),2026-08-26T10:47:43.666818+00:00
ANOM_000097,WORK,298255,UNUSUALLY_HIGH_RECOMMENDED_AMOUNT,1.0,HIGH,"Recommended amount of ₹5,000,000.00 is in the 99.5th percentile for 'Normal/Others' (15.6 robust standard deviations above category median).","{""recommended_amount"": 5000000.0, ""category"": ""Normal/Others"", ""zscore"": 15.56}",STATISTICAL_ROBUST_ZSCORE,"₹50,00,000 & Z >= 3.5","₹5,000,000.00 (Z=15.56)",0.9949,15.5558,Category Median (Normal/Others),2026-08-26T10:47:43.666818+00:00
ANOM_000098,WORK,300866,UNUSUALLY_HIGH_RECOMMENDED_AMOUNT,1.0,HIGH,"Recommended amount of ₹5,000,000.00 is in the 99.5th percentile for 'Normal/Others' (15.6 robust standard deviations above category median).","{""recommended_amount"": 5000000.0, ""category"": ""Normal/Others"", ""zscore"": 15.56}",STATISTICAL_ROBUST_ZSCORE,"₹50,00,000 & Z >= 3.5","₹5,000,000.00 (Z=15.56)",0.9949,15.5558,Category Median (Normal/Others),2026-08-26T10:47:43.666818+00:00
ANOM_000099,WORK,136720,UNUSUALLY_HIGH_RECOMMENDED_AMOUNT,1.0,HIGH,"Recommended amount of ₹5,400,000.00 is in the 99.6th percentile for 'Normal/Others' (16.9 robust standard deviations above category median).","{""recommended_amount"": 5400000.0, ""category"": ""Normal/Others"", ""zscore"": 16.91}",STATISTICAL_ROBUST_ZSCORE,"₹50,00,000 & Z >= 3.5","₹5,400,000.00 (Z=16.91)",0.9962,16.9083,Category Median (Normal/Others),2026-08-26T10:47:43.666818+00:00
ANOM_000101,WORK,156920,UNUSUALLY_HIGH_RECOMMENDED_AMOUNT,1.0,HIGH,"Recommended amount of ₹5,000,000.00 is in the 99.7th percentile for 'Repair and Renovation' (10.1 robust standard deviations above category median).","{""recommended_amount"": 5000000.0, ""category"": ""Repair and Renovation"", ""zscore"": 10.12}",STATISTICAL_ROBUST_ZSCORE,"₹50,00,000 & Z >= 3.5","₹5,000,000.00 (Z=10.12)",0.9971,10.1175,Category Median (Repair and Renovation),2026-08-26T10:47:43.666818+00:00
ANOM_000102,WORK,157751,UNUSUALLY_HIGH_RECOMMENDED_AMOUNT,1.0,HIGH,"Recommended amount of ₹7,896,000.00 is in the 99.8th percentile for 'Normal/Others' (25.3 robust standard deviations above category median).","{""recommended_amount"": 7896000.0, ""category"": ""Normal/Others"", ""zscore"": 25.35}",STATISTICAL_ROBUST_ZSCORE,"₹50,00,000 & Z >= 3.5","₹7,896,000.00 (Z=25.35)",0.998,25.348,Category Median (Normal/Others),2026-08-26T10:47:43.666818+00:00
ANOM_000103,WORK,169147,UNUSUALLY_HIGH_RECOMMENDED_AMOUNT,1.0,HIGH,"Recommended amount of ₹5,209,800.00 is in the 99.6th percentile for 'Normal/Others' (16.3 robust standard deviations above category median).","{""recommended_amount"": 5209800.0, ""category"": ""Normal/Others"", ""zscore"": 16.27}",STATISTICAL_ROBUST_ZSCORE,"₹50,00,000 & Z >= 3.5","₹5,209,800.00 (Z=16.27)",0.9961,16.2652,Category Median (Normal/Others),2026-08-26T10:47:43.666818+00:00
ANOM_000104,WORK,183604,UNUSUALLY_HIGH_RECOMMENDED_AMOUNT,1.0,HIGH,"Recommended amount of ₹5,170,000.00 is in the 99.6th percentile for 'Normal/Others' (16.1 robust standard deviations above category median).","{""recommended_amount"": 5170000.0, ""category"": ""Normal/Others"", ""zscore"": 16.13}",STATISTICAL_ROBUST_ZSCORE,"₹50,00,000 & Z >= 3.5","₹5,170,000.00 (Z=16.13)",0.9959,16.1306,Category Median (Normal/Others),2026-08-26T10:47:43.666818+00:00
ANOM_000105,WORK,194213,UNUSUALLY_HIGH_RECOMMENDED_AMOUNT,1.0,HIGH,"Recommended amount of ₹5,400,000.00 is in the 99.6th percentile for 'Normal/Others' (16.9 robust standard deviations above category median).","{""recommended_amount"": 5400000.0, ""category"": ""Normal/Others"", ""zscore"": 16.91}",STATISTICAL_ROBUST_ZSCORE,"₹50,00,000 & Z >= 3.5","₹5,400,000.00 (Z=16.91)",0.9962,16.9083,Category Median (Normal/Others),2026-08-26T10:47:43.666818+00:00
ANOM_000106,WORK,199166,UNUSUALLY_HIGH_RECOMMENDED_AMOUNT,1.0,HIGH,"Recommended amount of ₹5,000,000.00 is in the 99.5th percentile for 'Normal/Others' (15.6 robust standard deviations above category median).","{""recommended_amount"": 5000000.0, ""category"": ""Normal/Others"", ""zscore"": 15.56}",STATISTICAL_ROBUST_ZSCORE,"₹50,00,000 & Z >= 3.5","₹5,000,000.00 (Z=15.56)",0.9949,15.5558,Category Median (Normal/Others),2026-08-26T10:47:43.666818+00:00
ANOM_000108,WORK,262944,UNUSUALLY_HIGH_RECOMMENDED_AMOUNT,1.0,HIGH,"Recommended amount of ₹6,100,000.00 is in the 99.7th percentile for 'Normal/Others' (19.3 robust standard deviations above category median).","{""recommended_amount"": 6100000.0, ""category"": ""Normal/Others"", ""zscore"": 19.28}",STATISTICAL_ROBUST_ZSCORE,"₹50,00,000 & Z >= 3.5","₹6,100,000.00 (Z=19.28)",0.997,19.2752,Category Median (Normal/Others),2026-08-26T10:47:43.666818+00:00
ANOM_000109,WORK,269225,UNUSUALLY_HIGH_RECOMMENDED_AMOUNT,1.0,HIGH,"Recommended amount of ₹10,000,000.00 is in the 99.9th percentile for 'Normal/Others' (32.5 robust standard deviations above category median).","{""recommended_amount"": 10000000.0, ""category"": ""Normal/Others"", ""zscore"": 32.46}",STATISTICAL_ROBUST_ZSCORE,"₹50,00,000 & Z >= 3.5","₹10,000,000.00 (Z=32.46)",0.9989,32.4623,Category Median (Normal/Others),2026-08-26T10:47:43.666818+00:00
ANOM_000111,WORK,288969,UNUSUALLY_HIGH_RECOMMENDED_AMOUNT,1.0,HIGH,"Recommended amount of ₹5,000,000.00 is in the 99.5th percentile for 'Normal/Others' (15.6 robust standard deviations above category median).","{""recommended_amount"": 5000000.0, ""category"": ""Normal/Others"", ""zscore"": 15.56}",STATISTICAL_ROBUST_ZSCORE,"₹50,00,000 & Z >= 3.5","₹5,000,000.00 (Z=15.56)",0.9949,15.5558,Category Median (Normal/Others),2026-08-26T10:47:43.666818+00:00
ANOM_000112,WORK,294887,UNUSUALLY_HIGH_RECOMMENDED_AMOUNT,1.0,HIGH,"Recommended amount of ₹5,000,000.00 is in the 99.5th percentile for 'Normal/Others' (15.6 robust standard deviations above category median).","{""recommended_amount"": 5000000.0, ""category"": ""Normal/Others"", ""zscore"": 15.56}",STATISTICAL_ROBUST_ZSCORE,"₹50,00,000 & Z >= 3.5","₹5,000,000.00 (Z=15.56)",0.9949,15.5558,Category Median (Normal/Others),2026-08-26T10:47:43.666818+00:00
ANOM_000113,WORK,298122,UNUSUALLY_HIGH_RECOMMENDED_AMOUNT,1.0,HIGH,"Recommended amount of ₹12,500,000.00 is in the 99.9th percentile for 'Normal/Others' (40.9 robust standard deviations above category median).","{""recommended_amount"": 12500000.0, ""category"": ""Normal/Others"", ""zscore"": 40.92}",STATISTICAL_ROBUST_ZSCORE,"₹50,00,000 & Z >= 3.5","₹12,500,000.00 (Z=40.92)",0.9994,40.9156,Category Median (Normal/Others),2026-08-26T10:47:43.666818+00:00
ANOM_000114,WORK,299049,UNUSUALLY_HIGH_RECOMMENDED_AMOUNT,1.0,HIGH,"Recommended amount of ₹5,000,000.00 is in the 99.5th percentile for 'Normal/Others' (15.6 robust standard deviations above category median).","{""recommended_amount"": 5000000.0, ""category"": ""Normal/Others"", ""zscore"": 15.56}",STATISTICAL_ROBUST_ZSCORE,"₹50,00,000 & Z >= 3.5","₹5,000,000.00 (Z=15.56)",0.9949,15.5558,Category Median (Normal/Others),2026-08-26T10:47:43.666818+00:00
ANOM_000118,WORK,221011,UNUSUALLY_HIGH_RECOMMENDED_AMOUNT,1.0,HIGH,"Recommended amount of ₹5,694,490.00 is in the 99.7th percentile for 'Normal/Others' (17.9 robust standard deviations above category median).","{""recommended_amount"": 5694490.0, ""category"": ""Normal/Others"", ""zscore"": 17.9}",STATISTICAL_ROBUST_ZSCORE,"₹50,00,000 & Z >= 3.5","₹5,694,490.00 (Z=17.90)",0.9965,17.9041,Category Median (Normal/Others),2026-08-26T10:47:43.666818+00:00
ANOM_000119,WORK,249889,UNUSUALLY_HIGH_RECOMMENDED_AMOUNT,1.0,HIGH,"Recommended amount of ₹5,000,000.00 is in the 99.5th percentile for 'Normal/Others' (15.6 robust standard deviations above category median).","{""recommended_amount"": 5000000.0, ""category"": ""Normal/Others"", ""zscore"": 15.56}",STATISTICAL_ROBUST_ZSCORE,"₹50,00,000 & Z >= 3.5","₹5,000,000.00 (Z=15.56)",0.9949,15.5558,Category Median (Normal/Others),2026-08-26T10:47:43.666818+00:00
ANOM_000120,WORK,255493,UNUSUALLY_HIGH_RECOMMENDED_AMOUNT,1.0,HIGH,"Recommended amount of ₹5,000,000.00 is in the 99.5th percentile for 'Normal/Others' (15.6 robust standard deviations above category median).","{""recommended_amount"": 5000000.0, ""category"": ""Normal/Others"", ""zscore"": 15.56}",STATISTICAL_ROBUST_ZSCORE,"₹50,00,000 & Z >= 3.5","₹5,000,000.00 (Z=15.56)",0.9949,15.5558,Category Median (Normal/Others),2026-08-26T10:47:43.666818+00:00
ANOM_000121,WORK,255585,UNUSUALLY_HIGH_RECOMMENDED_AMOUNT,1.0,HIGH,"Recommended amount of ₹5,000,000.00 is in the 99.5th percentile for 'Normal/Others' (15.6 robust standard deviations above category median).","{""recommended_amount"": 5000000.0, ""category"": ""Normal/Others"", ""zscore"": 15.56}",STATISTICAL_ROBUST_ZSCORE,"₹50,00,000 & Z >= 3.5","₹5,000,000.00 (Z=15.56)",0.9949,15.5558,Category Median (Normal/Others),2026-08-26T10:47:43.666818+00:00
ANOM_000123,WORK,264726,UNUSUALLY_HIGH_RECOMMENDED_AMOUNT,1.0,HIGH,"Recommended amount of ₹5,000,000.00 is in the 99.5th percentile for 'Normal/Others' (15.6 robust standard deviations above category median).","{""recommended_amount"": 5000000.0, ""category"": ""Normal/Others"", ""zscore"": 15.56}",STATISTICAL_ROBUST_ZSCORE,"₹50,00,000 & Z >= 3.5","₹5,000,000.00 (Z=15.56)",0.9949,15.5558,Category Median (Normal/Others),2026-08-26T10:47:43.666818+00:00
ANOM_000124,WORK,284007,UNUSUALLY_HIGH_RECOMMENDED_AMOUNT,1.0,HIGH,"Recommended amount of ₹7,475,000.00 is in the 99.8th percentile for 'Normal/Others' (23.9 robust standard deviations above category median).","{""recommended_amount"": 7475000.0, ""category"": ""Normal/Others"", ""zscore"": 23.92}",STATISTICAL_ROBUST_ZSCORE,"₹50,00,000 & Z >= 3.5","₹7,475,000.00 (Z=23.92)",0.9978,23.9245,Category Median (Normal/Others),2026-08-26T10:47:43.666818+00:00
ANOM_000125,WORK,284008,UNUSUALLY_HIGH_RECOMMENDED_AMOUNT,1.0,HIGH,"Recommended amount of ₹7,475,000.00 is in the 99.8th percentile for 'Normal/Others' (23.9 robust standard deviations above category median).","{""recommended_amount"": 7475000.0, ""category"": ""Normal/Others"", ""zscore"": 23.92}",STATISTICAL_ROBUST_ZSCORE,"₹50,00,000 & Z >= 3.5","₹7,475,000.00 (Z=23.92)",0.9978,23.9245,Category Median (Normal/Others),2026-08-26T10:47:43.666818+00:00
ANOM_000126,WORK,302957,UNUSUALLY_HIGH_RECOMMENDED_AMOUNT,1.0,HIGH,"Recommended amount of ₹7,499,670.00 is in the 99.8th percentile for 'Normal/Others' (24.0 robust standard deviations above category median).","{""recommended_amount"": 7499670.0, ""category"": ""Normal/Others"", ""zscore"": 24.01}",STATISTICAL_ROBUST_ZSCORE,"₹50,00,000 & Z >= 3.5","₹7,499,670.00 (Z=24.01)",0.9978,24.0079,Category Median (Normal/Others),2026-08-26T10:47:43.666818+00:00
ANOM_000127,WORK,302973,UNUSUALLY_HIGH_RECOMMENDED_AMOUNT,1.0,HIGH,"Recommended amount of ₹18,067,000.00 is in the 100.0th percentile for 'Normal/Others' (59.7 robust standard deviations above category median).","{""recommended_amount"": 18067000.0, ""category"": ""Normal/Others"", ""zscore"": 59.74}",STATISTICAL_ROBUST_ZSCORE,"₹50,00,000 & Z >= 3.5","₹18,067,000.00 (Z=59.74)",0.9997,59.7393,Category Median (Normal/Others),2026-08-26T10:47:43.666818+00:00
ANOM_000128,WORK,210266,UNUSUALLY_HIGH_RECOMMENDED_AMOUNT,1.0,HIGH,"Recommended amount of ₹10,000,000.00 is in the 99.9th percentile for 'Normal/Others' (32.5 robust standard deviations above category median).","{""recommended_amount"": 10000000.0, ""category"": ""Normal/Others"", ""zscore"": 32.46}",STATISTICAL_ROBUST_ZSCORE,"₹50,00,000 & Z >= 3.5","₹10,000,000.00 (Z=32.46)",0.9989,32.4623,Category Median (Normal/Others),2026-08-26T10:47:43.666818+00:00
ANOM_000129,WORK,217291,UNUSUALLY_HIGH_RECOMMENDED_AMOUNT,1.0,HIGH,"Recommended amount of ₹5,000,000.00 is in the 99.5th percentile for 'Normal/Others' (15.6 robust standard deviations above category median).","{""recommended_amount"": 5000000.0, ""category"": ""Normal/Others"", ""zscore"": 15.56}",STATISTICAL_ROBUST_ZSCORE,"₹50,00,000 & Z >= 3.5","₹5,000,000.00 (Z=15.56)",0.9949,15.5558,Category Median (Normal/Others),2026-08-26T10:47:43.666818+00:00
ANOM_000130,WORK,218988,UNUSUALLY_HIGH_RECOMMENDED_AMOUNT,1.0,HIGH,"Recommended amount of ₹5,000,000.00 is in the 99.5th percentile for 'Normal/Others' (15.6 robust standard deviations above category median).","{""recommended_amount"": 5000000.0, ""category"": ""Normal/Others"", ""zscore"": 15.56}",STATISTICAL_ROBUST_ZSCORE,"₹50,00,000 & Z >= 3.5","₹5,000,000.00 (Z=15.56)",0.9949,15.5558,Category Median (Normal/Others),2026-08-26T10:47:43.666818+00:00
ANOM_000131,WORK,244680,UNUSUALLY_HIGH_RECOMMENDED_AMOUNT,1.0,HIGH,"Recommended amount of ₹5,000,000.00 is in the 99.5th percentile for 'Normal/Others' (15.6 robust standard deviations above category median).","{""recommended_amount"": 5000000.0, ""category"": ""Normal/Others"", ""zscore"": 15.56}",STATISTICAL_ROBUST_ZSCORE,"₹50,00,000 & Z >= 3.5","₹5,000,000.00 (Z=15.56)",0.9949,15.5558,Category Median (Normal/Others),2026-08-26T10:47:43.666818+00:00
ANOM_000132,WORK,250383,UNUSUALLY_HIGH_RECOMMENDED_AMOUNT,1.0,HIGH,"Recommended amount of ₹5,000,000.00 is in the 99.5th percentile for 'Normal/Others' (15.6 robust standard deviations above category median).","{""recommended_amount"": 5000000.0, ""category"": ""Normal/Others"", ""zscore"": 15.56}",STATISTICAL_ROBUST_ZSCORE,"₹50,00,000 & Z >= 3.5","₹5,000,000.00 (Z=15.56)",0.9949,15.5558,Category Median (Normal/Others),2026-08-26T10:47:43.666818+00:00
ANOM_000133,WORK,250980,UNUSUALLY_HIGH_RECOMMENDED_AMOUNT,1.0,HIGH,"Recommended amount of ₹5,000,000.00 is in the 99.5th percentile for 'Normal/Others' (15.6 robust standard deviations above category median).","{""recommended_amount"": 5000000.0, ""category"": ""Normal/Others"", ""zscore"": 15.56}",STATISTICAL_ROBUST_ZSCORE,"₹50,00,000 & Z >= 3.5","₹5,000,000.00 (Z=15.56)",0.9949,15.5558,Category Median (Normal/Others),2026-08-26T10:47:43.666818+00:00
ANOM_000134,WORK,252812,UNUSUALLY_HIGH_RECOMMENDED_AMOUNT,1.0,HIGH,"Recommended amount of ₹6,000,000.00 is in the 99.7th percentile for 'Normal/Others' (18.9 robust standard deviations above category median).","{""recommended_amount"": 6000000.0, ""category"": ""Normal/Others"", ""zscore"": 18.94}",STATISTICAL_ROBUST_ZSCORE,"₹50,00,000 & Z >= 3.5","₹6,000,000.00 (Z=18.94)",0.9968,18.9371,Category Median (Normal/Others),2026-08-26T10:47:43.666818+00:00
ANOM_000135,WORK,256783,UNUSUALLY_HIGH_RECOMMENDED_AMOUNT,1.0,HIGH,"Recommended amount of ₹5,000,000.00 is in the 99.5th percentile for 'Normal/Others' (15.6 robust standard deviations above category median).","{""recommended_amount"": 5000000.0, ""category"": ""Normal/Others"", ""zscore"": 15.56}",STATISTICAL_ROBUST_ZSCORE,"₹50,00,000 & Z >= 3.5","₹5,000,000.00 (Z=15.56)",0.9949,15.5558,Category Median (Normal/Others),2026-08-26T10:47:43.666818+00:00
ANOM_000136,WORK,276443,UNUSUALLY_HIGH_RECOMMENDED_AMOUNT,1.0,HIGH,"Recommended amount of ₹5,000,000.00 is in the 99.5th percentile for 'Normal/Others' (15.6 robust standard deviations above category median).","{""recommended_amount"": 5000000.0, ""category"": ""Normal/Others"", ""zscore"": 15.56}",STATISTICAL_ROBUST_ZSCORE,"₹50,00,000 & Z >= 3.5","₹5,000,000.00 (Z=15.56)",0.9949,15.5558,Category Median (Normal/Others),2026-08-26T10:47:43.666818+00:00
ANOM_000137,WORK,277863,UNUSUALLY_HIGH_RECOMMENDED_AMOUNT,1.0,HIGH,"Recommended amount of ₹6,000,000.00 is in the 99.7th percentile for 'Normal/Others' (18.9 robust standard deviations above category median).","{""recommended_amount"": 6000000.0, ""category"": ""Normal/Others"", ""zscore"": 18.94}",STATISTICAL_ROBUST_ZSCORE,"₹50,00,000 & Z >= 3.5","₹6,000,000.00 (Z=18.94)",0.9968,18.9371,Category Median (Normal/Others),2026-08-26T10:47:43.666818+00:00
ANOM_000138,WORK,278980,UNUSUALLY_HIGH_RECOMMENDED_AMOUNT,1.0,HIGH,"Recommended amount of ₹5,000,000.00 is in the 99.5th percentile for 'Normal/Others' (15.6 robust standard deviations above category median).","{""recommended_amount"": 5000000.0, ""category"": ""Normal/Others"", ""zscore"": 15.56}",STATISTICAL_ROBUST_ZSCORE,"₹50,00,000 & Z >= 3.5","₹5,000,000.00 (Z=15.56)",0.9949,15.5558,Category Median (Normal/Others),2026-08-26T10:47:43.666818+00:00
ANOM_000139,WORK,279602,UNUSUALLY_HIGH_RECOMMENDED_AMOUNT,1.0,HIGH,"Recommended amount of ₹5,000,000.00 is in the 99.5th percentile for 'Normal/Others' (15.6 robust standard deviations above category median).","{""recommended_amount"": 5000000.0, ""category"": ""Normal/Others"", ""zscore"": 15.56}",STATISTICAL_ROBUST_ZSCORE,"₹50,00,000 & Z >= 3.5","₹5,000,000.00 (Z=15.56)",0.9949,15.5558,Category Median (Normal/Others),2026-08-26T10:47:43.666818+00:00
ANOM_000140,WORK,282962,UNUSUALLY_HIGH_RECOMMENDED_AMOUNT,1.0,HIGH,"Recommended amount of ₹10,000,000.00 is in the 99.9th percentile for 'Normal/Others' (32.5 robust standard deviations above category median).","{""recommended_amount"": 10000000.0, ""category"": ""Normal/Others"", ""zscore"": 32.46}",STATISTICAL_ROBUST_ZSCORE,"₹50,00,000 & Z >= 3.5","₹10,000,000.00 (Z=32.46)",0.9989,32.4623,Category Median (Normal/Others),2026-08-26T10:47:43.666818+00:00
ANOM_000141,WORK,290047,UNUSUALLY_HIGH_RECOMMENDED_AMOUNT,1.0,HIGH,"Recommended amount of ₹5,000,000.00 is in the 99.5th percentile for 'Normal/Others' (15.6 robust standard deviations above category median).","{""recommended_amount"": 5000000.0, ""category"": ""Normal/Others"", ""zscore"": 15.56}",STATISTICAL_ROBUST_ZSCORE,"₹50,00,000 & Z >= 3.5","₹5,000,000.00 (Z=15.56)",0.9949,15.5558,Category Median (Normal/Others),2026-08-26T10:47:43.666818+00:00
ANOM_000142,WORK,290097,UNUSUALLY_HIGH_RECOMMENDED_AMOUNT,1.0,HIGH,"Recommended amount of ₹5,000,000.00 is in the 99.5th percentile for 'Normal/Others' (15.6 robust standard deviations above category median).","{""recommended_amount"": 5000000.0, ""category"": ""Normal/Others"", ""zscore"": 15.56}",STATISTICAL_ROBUST_ZSCORE,"₹50,00,000 & Z >= 3.5","₹5,000,000.00 (Z=15.56)",0.9949,15.5558,Category Median (Normal/Others),2026-08-26T10:47:43.666818+00:00
ANOM_000143,WORK,290133,UNUSUALLY_HIGH_RECOMMENDED_AMOUNT,1.0,HIGH,"Recommended amount of ₹10,000,000.00 is in the 99.9th percentile for 'Normal/Others' (32.5 robust standard deviations above category median).","{""recommended_amount"": 10000000.0, ""category"": ""Normal/Others"", ""zscore"": 32.46}",STATISTICAL_ROBUST_ZSCORE,"₹50,00,000 & Z >= 3.5","₹10,000,000.00 (Z=32.46)",0.9989,32.4623,Category Median (Normal/Others),2026-08-26T10:47:43.666818+00:00
ANOM_000144,WORK,291742,UNUSUALLY_HIGH_RECOMMENDED_AMOUNT,1.0,HIGH,"Recommended amount of ₹5,000,000.00 is in the 99.5th percentile for 'Normal/Others' (15.6 robust standard deviations above category median).","{""recommended_amount"": 5000000.0, ""category"": ""Normal/Others"", ""zscore"": 15.56}",STATISTICAL_ROBUST_ZSCORE,"₹50,00,000 & Z >= 3.5","₹5,000,000.00 (Z=15.56)",0.9949,15.5558,Category Median (Normal/Others),2026-08-26T10:47:43.666818+00:00
ANOM_000145,WORK,291814,UNUSUALLY_HIGH_RECOMMENDED_AMOUNT,1.0,HIGH,"Recommended amount of ₹8,000,000.00 is in the 99.8th percentile for 'Normal/Others' (25.7 robust standard deviations above category median).","{""recommended_amount"": 8000000.0, ""category"": ""Normal/Others"", ""zscore"": 25.7}",STATISTICAL_ROBUST_ZSCORE,"₹50,00,000 & Z >= 3.5","₹8,000,000.00 (Z=25.70)",0.9981,25.6997,Category Median (Normal/Others),2026-08-26T10:47:43.666818+00:00
ANOM_000146,WORK,295032,UNUSUALLY_HIGH_RECOMMENDED_AMOUNT,1.0,HIGH,"Recommended amount of ₹5,000,000.00 is in the 99.5th percentile for 'Normal/Others' (15.6 robust standard deviations above category median).","{""recommended_amount"": 5000000.0, ""category"": ""Normal/Others"", ""zscore"": 15.56}",STATISTICAL_ROBUST_ZSCORE,"₹50,00,000 & Z >= 3.5","₹5,000,000.00 (Z=15.56)",0.9949,15.5558,Category Median (Normal/Others),2026-08-26T10:47:43.666818+00:00
ANOM_000147,WORK,298611,UNUSUALLY_HIGH_RECOMMENDED_AMOUNT,1.0,HIGH,"Recommended amount of ₹5,000,000.00 is in the 99.5th percentile for 'Normal/Others' (15.6 robust standard deviations above category median).","{""recommended_amount"": 5000000.0, ""category"": ""Normal/Others"", ""zscore"": 15.56}",STATISTICAL_ROBUST_ZSCORE,"₹50,00,000 & Z >= 3.5","₹5,000,000.00 (Z=15.56)",0.9949,15.5558,Category Median (Normal/Others),2026-08-26T10:47:43.666818+00:00
ANOM_000148,WORK,298616,UNUSUALLY_HIGH_RECOMMENDED_AMOUNT,1.0,HIGH,"Recommended amount of ₹5,000,000.00 is in the 99.5th percentile for 'Normal/Others' (15.6 robust standard deviations above category median).","{""recommended_amount"": 5000000.0, ""category"": ""Normal/Others"", ""zscore"": 15.56}",STATISTICAL_ROBUST_ZSCORE,"₹50,00,000 & Z >= 3.5","₹5,000,000.00 (Z=15.56)",0.9949,15.5558,Category Median (Normal/Others),2026-08-26T10:47:43.666818+00:00
ANOM_000149,WORK,298654,UNUSUALLY_HIGH_RECOMMENDED_AMOUNT,1.0,HIGH,"Recommended amount of ₹5,000,000.00 is in the 99.5th percentile for 'Normal/Others' (15.6 robust standard deviations above category median).","{""recommended_amount"": 5000000.0, ""category"": ""Normal/Others"", ""zscore"": 15.56}",STATISTICAL_ROBUST_ZSCORE,"₹50,00,000 & Z >= 3.5","₹5,000,000.00 (Z=15.56)",0.9949,15.5558,Category Median (Normal/Others),2026-08-26T10:47:43.666818+00:00
ANOM_000150,WORK,306228,UNUSUALLY_HIGH_RECOMMENDED_AMOUNT,1.0,HIGH,"Recommended amount of ₹5,999,564.00 is in the 99.7th percentile for 'Normal/Others' (18.9 robust standard deviations above category median).","{""recommended_amount"": 5999564.0, ""category"": ""Normal/Others"", ""zscore"": 18.94}",STATISTICAL_ROBUST_ZSCORE,"₹50,00,000 & Z >= 3.5","₹5,999,564.00 (Z=18.94)",0.9967,18.9356,Category Median (Normal/Others),2026-08-26T10:47:43.666818+00:00
ANOM_000151,WORK,155524,UNUSUALLY_HIGH_RECOMMENDED_AMOUNT,1.0,HIGH,"Recommended amount of ₹11,000,000.00 is in the 99.9th percentile for 'Normal/Others' (35.8 robust standard deviations above category median).","{""recommended_amount"": 11000000.0, ""category"": ""Normal/Others"", ""zscore"": 35.84}",STATISTICAL_ROBUST_ZSCORE,"₹50,00,000 & Z >= 3.5","₹11,000,000.00 (Z=35.84)",0.9992,35.8436,Category Median (Normal/Others),2026-08-26T10:47:43.666818+00:00
ANOM_000152,WORK,198721,UNUSUALLY_HIGH_RECOMMENDED_AMOUNT,1.0,HIGH,"Recommended amount of ₹5,000,000.00 is in the 99.5th percentile for 'Normal/Others' (15.6 robust standard deviations above category median).","{""recommended_amount"": 5000000.0, ""category"": ""Normal/Others"", ""zscore"": 15.56}",STATISTICAL_ROBUST_ZSCORE,"₹50,00,000 & Z >= 3.5","₹5,000,000.00 (Z=15.56)",0.9949,15.5558,Category Median (Normal/Others),2026-08-26T10:47:43.666818+00:00
ANOM_000153,WORK,229508,UNUSUALLY_HIGH_RECOMMENDED_AMOUNT,1.0,HIGH,"Recommended amount of ₹10,000,000.00 is in the 99.9th percentile for 'Normal/Others' (32.5 robust standard deviations above category median).","{""recommended_amount"": 10000000.0, ""category"": ""Normal/Others"", ""zscore"": 32.46}",STATISTICAL_ROBUST_ZSCORE,"₹50,00,000 & Z >= 3.5","₹10,000,000.00 (Z=32.46)",0.9989,32.4623,Category Median (Normal/Others),2026-08-26T10:47:43.666818+00:00
ANOM_000154,WORK,237932,UNUSUALLY_HIGH_RECOMMENDED_AMOUNT,1.0,HIGH,"Recommended amount of ₹8,100,000.00 is in the 99.8th percentile for 'Normal/Others' (26.0 robust standard deviations above category median).","{""recommended_amount"": 8100000.0, ""category"": ""Normal/Others"", ""zscore"": 26.04}",STATISTICAL_ROBUST_ZSCORE,"₹50,00,000 & Z >= 3.5","₹8,100,000.00 (Z=26.04)",0.9982,26.0378,Category Median (Normal/Others),2026-08-26T10:47:43.666818+00:00
ANOM_000155,WORK,240203,UNUSUALLY_HIGH_RECOMMENDED_AMOUNT,1.0,HIGH,"Recommended amount of ₹6,000,000.00 is in the 99.7th percentile for 'Normal/Others' (18.9 robust standard deviations above category median).","{""recommended_amount"": 6000000.0, ""category"": ""Normal/Others"", ""zscore"": 18.94}",STATISTICAL_ROBUST_ZSCORE,"₹50,00,000 & Z >= 3.5","₹6,000,000.00 (Z=18.94)",0.9968,18.9371,Category Median (Normal/Others),2026-08-26T10:47:43.666818+00:00
ANOM_000156,WORK,248813,UNUSUALLY_HIGH_RECOMMENDED_AMOUNT,1.0,HIGH,"Recommended amount of ₹6,000,000.00 is in the 99.7th percentile for 'Normal/Others' (18.9 robust standard deviations above category median).","{""recommended_amount"": 6000000.0, ""category"": ""Normal/Others"", ""zscore"": 18.94}",STATISTICAL_ROBUST_ZSCORE,"₹50,00,000 & Z >= 3.5","₹6,000,000.00 (Z=18.94)",0.9968,18.9371,Category Median (Normal/Others),2026-08-26T10:47:43.666818+00:00
ANOM_000157,WORK,275361,UNUSUALLY_HIGH_RECOMMENDED_AMOUNT,1.0,HIGH,"Recommended amount of ₹10,000,000.00 is in the 99.9th percentile for 'Normal/Others' (32.5 robust standard deviations above category median).","{""recommended_amount"": 10000000.0, ""category"": ""Normal/Others"", ""zscore"": 32.46}",STATISTICAL_ROBUST_ZSCORE,"₹50,00,000 & Z >= 3.5","₹10,000,000.00 (Z=32.46)",0.9989,32.4623,Category Median (Normal/Others),2026-08-26T10:47:43.666818+00:00
ANOM_000158,WORK,282656,UNUSUALLY_HIGH_RECOMMENDED_AMOUNT,1.0,HIGH,"Recommended amount of ₹10,000,000.00 is in the 99.9th percentile for 'Normal/Others' (32.5 robust standard deviations above category median).","{""recommended_amount"": 10000000.0, ""category"": ""Normal/Others"", ""zscore"": 32.46}",STATISTICAL_ROBUST_ZSCORE,"₹50,00,000 & Z >= 3.5","₹10,000,000.00 (Z=32.46)",0.9989,32.4623,Category Median (Normal/Others),2026-08-26T10:47:43.666818+00:00
ANOM_000159,WORK,293792,UNUSUALLY_HIGH_RECOMMENDED_AMOUNT,1.0,HIGH,"Recommended amount of ₹5,000,000.00 is in the 99.5th percentile for 'Normal/Others' (15.6 robust standard deviations above category median).","{""recommended_amount"": 5000000.0, ""category"": ""Normal/Others"", ""zscore"": 15.56}",STATISTICAL_ROBUST_ZSCORE,"₹50,00,000 & Z >= 3.5","₹5,000,000.00 (Z=15.56)",0.9949,15.5558,Category Median (Normal/Others),2026-08-26T10:47:43.666818+00:00
ANOM_000160,WORK,155216,UNUSUALLY_HIGH_RECOMMENDED_AMOUNT,1.0,HIGH,"Recommended amount of ₹10,000,000.00 is in the 99.9th percentile for 'Normal/Others' (32.5 robust standard deviations above category median).","{""recommended_amount"": 10000000.0, ""category"": ""Normal/Others"", ""zscore"": 32.46}",STATISTICAL_ROBUST_ZSCORE,"₹50,00,000 & Z >= 3.5","₹10,000,000.00 (Z=32.46)",0.9989,32.4623,Category Median (Normal/Others),2026-08-26T10:47:43.666818+00:00
ANOM_000161,WORK,229128,UNUSUALLY_HIGH_RECOMMENDED_AMOUNT,1.0,HIGH,"Recommended amount of ₹5,000,000.00 is in the 99.5th percentile for 'Normal/Others' (15.6 robust standard deviations above category median).","{""recommended_amount"": 5000000.0, ""category"": ""Normal/Others"", ""zscore"": 15.56}",STATISTICAL_ROBUST_ZSCORE,"₹50,00,000 & Z >= 3.5","₹5,000,000.00 (Z=15.56)",0.9949,15.5558,Category Median (Normal/Others),2026-08-26T10:47:43.666818+00:00
ANOM_000162,WORK,193462,UNUSUALLY_HIGH_RECOMMENDED_AMOUNT,1.0,HIGH,"Recommended amount of ₹9,400,000.00 is in the 99.9th percentile for 'Normal/Others' (30.4 robust standard deviations above category median).","{""recommended_amount"": 9400000.0, ""category"": ""Normal/Others"", ""zscore"": 30.43}",STATISTICAL_ROBUST_ZSCORE,"₹50,00,000 & Z >= 3.5","₹9,400,000.00 (Z=30.43)",0.9985,30.4335,Category Median (Normal/Others),2026-08-26T10:47:43.666818+00:00
ANOM_000163,WORK,283789,UNUSUALLY_HIGH_RECOMMENDED_AMOUNT,1.0,HIGH,"Recommended amount of ₹7,800,000.00 is in the 99.8th percentile for 'Normal/Others' (25.0 robust standard deviations above category median).","{""recommended_amount"": 7800000.0, ""category"": ""Normal/Others"", ""zscore"": 25.02}",STATISTICAL_ROBUST_ZSCORE,"₹50,00,000 & Z >= 3.5","₹7,800,000.00 (Z=25.02)",0.998,25.0234,Category Median (Normal/Others),2026-08-26T10:47:43.666818+00:00
ANOM_000164,WORK,283790,UNUSUALLY_HIGH_RECOMMENDED_AMOUNT,1.0,HIGH,"Recommended amount of ₹9,900,000.00 is in the 99.9th percentile for 'Normal/Others' (32.1 robust standard deviations above category median).","{""recommended_amount"": 9900000.0, ""category"": ""Normal/Others"", ""zscore"": 32.12}",STATISTICAL_ROBUST_ZSCORE,"₹50,00,000 & Z >= 3.5","₹9,900,000.00 (Z=32.12)",0.9986,32.1242,Category Median (Normal/Others),2026-08-26T10:47:43.666818+00:00
ANOM_000165,WORK,283791,UNUSUALLY_HIGH_RECOMMENDED_AMOUNT,1.0,HIGH,"Recommended amount of ₹6,000,000.00 is in the 99.7th percentile for 'Normal/Others' (18.9 robust standard deviations above category median).","{""recommended_amount"": 6000000.0, ""category"": ""Normal/Others"", ""zscore"": 18.94}",STATISTICAL_ROBUST_ZSCORE,"₹50,00,000 & Z >= 3.5","₹6,000,000.00 (Z=18.94)",0.9968,18.9371,Category Median (Normal/Others),2026-08-26T10:47:43.666818+00:00
ANOM_000166,WORK,283805,UNUSUALLY_HIGH_RECOMMENDED_AMOUNT,1.0,HIGH,"Recommended amount of ₹9,800,000.00 is in the 99.9th percentile for 'Normal/Others' (31.8 robust standard deviations above category median).","{""recommended_amount"": 9800000.0, ""category"": ""Normal/Others"", ""zscore"": 31.79}",STATISTICAL_ROBUST_ZSCORE,"₹50,00,000 & Z >= 3.5","₹9,800,000.00 (Z=31.79)",0.9986,31.7861,Category Median (Normal/Others),2026-08-26T10:47:43.666818+00:00
ANOM_000167,WORK,230528,UNUSUALLY_HIGH_RECOMMENDED_AMOUNT,1.0,HIGH,"Recommended amount of ₹5,100,000.00 is in the 99.6th percentile for 'Normal/Others' (15.9 robust standard deviations above category median).","{""recommended_amount"": 5100000.0, ""category"": ""Normal/Others"", ""zscore"": 15.89}",STATISTICAL_ROBUST_ZSCORE,"₹50,00,000 & Z >= 3.5","₹5,100,000.00 (Z=15.89)",0.9959,15.8939,Category Median (Normal/Others),2026-08-26T10:47:43.666818+00:00
ANOM_000168,WORK,268656,UNUSUALLY_HIGH_RECOMMENDED_AMOUNT,1.0,HIGH,"Recommended amount of ₹6,400,000.00 is in the 99.7th percentile for 'Normal/Others' (20.3 robust standard deviations above category median).","{""recommended_amount"": 6400000.0, ""category"": ""Normal/Others"", ""zscore"": 20.29}",STATISTICAL_ROBUST_ZSCORE,"₹50,00,000 & Z >= 3.5","₹6,400,000.00 (Z=20.29)",0.9972,20.2896,Category Median (Normal/Others),2026-08-26T10:47:43.666818+00:00
ANOM_000169,WORK,216502,UNUSUALLY_HIGH_RECOMMENDED_AMOUNT,1.0,HIGH,"Recommended amount of ₹7,500,000.00 is in the 99.8th percentile for 'Normal/Others' (24.0 robust standard deviations above category median).","{""recommended_amount"": 7500000.0, ""category"": ""Normal/Others"", ""zscore"": 24.01}",STATISTICAL_ROBUST_ZSCORE,"₹50,00,000 & Z >= 3.5","₹7,500,000.00 (Z=24.01)",0.9979,24.0091,Category Median (Normal/Others),2026-08-26T10:47:43.666818+00:00
ANOM_000170,WORK,300007,UNUSUALLY_HIGH_RECOMMENDED_AMOUNT,1.0,HIGH,"Recommended amount of ₹5,000,000.00 is in the 99.5th percentile for 'Normal/Others' (15.6 robust standard deviations above category median).","{""recommended_amount"": 5000000.0, ""category"": ""Normal/Others"", ""zscore"": 15.56}",STATISTICAL_ROBUST_ZSCORE,"₹50,00,000 & Z >= 3.5","₹5,000,000.00 (Z=15.56)",0.9949,15.5558,Category Median (Normal/Others),2026-08-26T10:47:43.666818+00:00
ANOM_000171,WORK,295598,UNUSUALLY_HIGH_RECOMMENDED_AMOUNT,1.0,HIGH,"Recommended amount of ₹6,223,000.00 is in the 99.7th percentile for 'Normal/Others' (19.7 robust standard deviations above category median).","{""recommended_amount"": 6223000.0, ""category"": ""Normal/Others"", ""zscore"": 19.69}",STATISTICAL_ROBUST_ZSCORE,"₹50,00,000 & Z >= 3.5","₹6,223,000.00 (Z=19.69)",0.9971,19.6911,Category Median (Normal/Others),2026-08-26T10:47:43.666818+00:00
ANOM_000172,WORK,151460,UNUSUALLY_HIGH_RECOMMENDED_AMOUNT,1.0,HIGH,"Recommended amount of ₹5,100,000.00 is in the 99.6th percentile for 'Normal/Others' (15.9 robust standard deviations above category median).","{""recommended_amount"": 5100000.0, ""category"": ""Normal/Others"", ""zscore"": 15.89}",STATISTICAL_ROBUST_ZSCORE,"₹50,00,000 & Z >= 3.5","₹5,100,000.00 (Z=15.89)",0.9959,15.8939,Category Median (Normal/Others),2026-08-26T10:47:43.666818+00:00
ANOM_000174,WORK,218095,UNUSUALLY_HIGH_RECOMMENDED_AMOUNT,1.0,HIGH,"Recommended amount of ₹5,000,000.00 is in the 99.5th percentile for 'Normal/Others' (15.6 robust standard deviations above category median).","{""recommended_amount"": 5000000.0, ""category"": ""Normal/Others"", ""zscore"": 15.56}",STATISTICAL_ROBUST_ZSCORE,"₹50,00,000 & Z >= 3.5","₹5,000,000.00 (Z=15.56)",0.9949,15.5558,Category Median (Normal/Others),2026-08-26T10:47:43.666818+00:00
ANOM_000176,WORK,286822,UNUSUALLY_HIGH_RECOMMENDED_AMOUNT,1.0,HIGH,"Recommended amount of ₹5,000,000.00 is in the 99.5th percentile for 'Normal/Others' (15.6 robust standard deviations above category median).","{""recommended_amount"": 5000000.0, ""category"": ""Normal/Others"", ""zscore"": 15.56}",STATISTICAL_ROBUST_ZSCORE,"₹50,00,000 & Z >= 3.5","₹5,000,000.00 (Z=15.56)",0.9949,15.5558,Category Median (Normal/Others),2026-08-26T10:47:43.666818+00:00
ANOM_000177,WORK,297092,UNUSUALLY_HIGH_RECOMMENDED_AMOUNT,1.0,HIGH,"Recommended amount of ₹5,000,000.00 is in the 99.5th percentile for 'Normal/Others' (15.6 robust standard deviations above category median).","{""recommended_amount"": 5000000.0, ""category"": ""Normal/Others"", ""zscore"": 15.56}",STATISTICAL_ROBUST_ZSCORE,"₹50,00,000 & Z >= 3.5","₹5,000,000.00 (Z=15.56)",0.9949,15.5558,Category Median (Normal/Others),2026-08-26T10:47:43.666818+00:00
ANOM_000178,WORK,304365,UNUSUALLY_HIGH_RECOMMENDED_AMOUNT,1.0,HIGH,"Recommended amount of ₹5,000,000.00 is in the 99.5th percentile for 'Normal/Others' (15.6 robust standard deviations above category median).","{""recommended_amount"": 5000000.0, ""category"": ""Normal/Others"", ""zscore"": 15.56}",STATISTICAL_ROBUST_ZSCORE,"₹50,00,000 & Z >= 3.5","₹5,000,000.00 (Z=15.56)",0.9949,15.5558,Category Median (Normal/Others),2026-08-26T10:47:43.666818+00:00
ANOM_000179,WORK,225137,UNUSUALLY_HIGH_RECOMMENDED_AMOUNT,1.0,HIGH,"Recommended amount of ₹5,000,000.00 is in the 99.5th percentile for 'Normal/Others' (15.6 robust standard deviations above category median).","{""recommended_amount"": 5000000.0, ""category"": ""Normal/Others"", ""zscore"": 15.56}",STATISTICAL_ROBUST_ZSCORE,"₹50,00,000 & Z >= 3.5","₹5,000,000.00 (Z=15.56)",0.9949,15.5558,Category Median (Normal/Others),2026-08-26T10:47:43.666818+00:00
ANOM_000180,WORK,148981,UNUSUALLY_HIGH_RECOMMENDED_AMOUNT,1.0,HIGH,"Recommended amount of ₹10,000,000.00 is in the 99.9th percentile for 'Normal/Others' (32.5 robust standard deviations above category median).","{""recommended_amount"": 10000000.0, ""category"": ""Normal/Others"", ""zscore"": 32.46}",STATISTICAL_ROBUST_ZSCORE,"₹50,00,000 & Z >= 3.5","₹10,000,000.00 (Z=32.46)",0.9989,32.4623,Category Median (Normal/Others),2026-08-26T10:47:43.666818+00:00
ANOM_000181,WORK,152256,UNUSUALLY_HIGH_RECOMMENDED_AMOUNT,1.0,HIGH,"Recommended amount of ₹10,000,000.00 is in the 99.9th percentile for 'Normal/Others' (32.5 robust standard deviations above category median).","{""recommended_amount"": 10000000.0, ""category"": ""Normal/Others"", ""zscore"": 32.46}",STATISTICAL_ROBUST_ZSCORE,"₹50,00,000 & Z >= 3.5","₹10,000,000.00 (Z=32.46)",0.9989,32.4623,Category Median (Normal/Others),2026-08-26T10:47:43.666818+00:00
ANOM_000182,WORK,167531,UNUSUALLY_HIGH_RECOMMENDED_AMOUNT,1.0,HIGH,"Recommended amount of ₹15,000,000.00 is in the 100.0th percentile for 'Normal/Others' (49.4 robust standard deviations above category median).","{""recommended_amount"": 15000000.0, ""category"": ""Normal/Others"", ""zscore"": 49.37}",STATISTICAL_ROBUST_ZSCORE,"₹50,00,000 & Z >= 3.5","₹15,000,000.00 (Z=49.37)",0.9996,49.3689,Category Median (Normal/Others),2026-08-26T10:47:43.666818+00:00
ANOM_000183,WORK,171034,UNUSUALLY_HIGH_RECOMMENDED_AMOUNT,1.0,HIGH,"Recommended amount of ₹5,000,000.00 is in the 99.5th percentile for 'Normal/Others' (15.6 robust standard deviations above category median).","{""recommended_amount"": 5000000.0, ""category"": ""Normal/Others"", ""zscore"": 15.56}",STATISTICAL_ROBUST_ZSCORE,"₹50,00,000 & Z >= 3.5","₹5,000,000.00 (Z=15.56)",0.9949,15.5558,Category Median (Normal/Others),2026-08-26T10:47:43.666818+00:00
ANOM_000184,WORK,171250,UNUSUALLY_HIGH_RECOMMENDED_AMOUNT,1.0,HIGH,"Recommended amount of ₹5,500,000.00 is in the 99.6th percentile for 'Normal/Others' (17.2 robust standard deviations above category median).","{""recommended_amount"": 5500000.0, ""category"": ""Normal/Others"", ""zscore"": 17.25}",STATISTICAL_ROBUST_ZSCORE,"₹50,00,000 & Z >= 3.5","₹5,500,000.00 (Z=17.25)",0.9964,17.2464,Category Median (Normal/Others),2026-08-26T10:47:43.666818+00:00
ANOM_000185,WORK,171251,UNUSUALLY_HIGH_RECOMMENDED_AMOUNT,1.0,HIGH,"Recommended amount of ₹5,000,000.00 is in the 99.5th percentile for 'Normal/Others' (15.6 robust standard deviations above category median).","{""recommended_amount"": 5000000.0, ""category"": ""Normal/Others"", ""zscore"": 15.56}",STATISTICAL_ROBUST_ZSCORE,"₹50,00,000 & Z >= 3.5","₹5,000,000.00 (Z=15.56)",0.9949,15.5558,Category Median (Normal/Others),2026-08-26T10:47:43.666818+00:00
ANOM_000186,WORK,176412,UNUSUALLY_HIGH_RECOMMENDED_AMOUNT,1.0,HIGH,"Recommended amount of ₹5,000,000.00 is in the 99.5th percentile for 'Normal/Others' (15.6 robust standard deviations above category median).","{""recommended_amount"": 5000000.0, ""category"": ""Normal/Others"", ""zscore"": 15.56}",STATISTICAL_ROBUST_ZSCORE,"₹50,00,000 & Z >= 3.5","₹5,000,000.00 (Z=15.56)",0.9949,15.5558,Category Median (Normal/Others),2026-08-26T10:47:43.666818+00:00
ANOM_000187,WORK,179976,UNUSUALLY_HIGH_RECOMMENDED_AMOUNT,1.0,HIGH,"Recommended amount of ₹5,000,000.00 is in the 99.5th percentile for 'Normal/Others' (15.6 robust standard deviations above category median).","{""recommended_amount"": 5000000.0, ""category"": ""Normal/Others"", ""zscore"": 15.56}",STATISTICAL_ROBUST_ZSCORE,"₹50,00,000 & Z >= 3.5","₹5,000,000.00 (Z=15.56)",0.9949,15.5558,Category Median (Normal/Others),2026-08-26T10:47:43.666818+00:00
ANOM_000188,WORK,184578,UNUSUALLY_HIGH_RECOMMENDED_AMOUNT,1.0,HIGH,"Recommended amount of ₹10,000,000.00 is in the 99.9th percentile for 'Normal/Others' (32.5 robust standard deviations above category median).","{""recommended_amount"": 10000000.0, ""category"": ""Normal/Others"", ""zscore"": 32.46}",STATISTICAL_ROBUST_ZSCORE,"₹50,00,000 & Z >= 3.5","₹10,000,000.00 (Z=32.46)",0.9989,32.4623,Category Median (Normal/Others),2026-08-26T10:47:43.666818+00:00
ANOM_000190,WORK,184783,UNUSUALLY_HIGH_RECOMMENDED_AMOUNT,1.0,HIGH,"Recommended amount of ₹7,200,000.00 is in the 99.8th percentile for 'Normal/Others' (23.0 robust standard deviations above category median).","{""recommended_amount"": 7200000.0, ""category"": ""Normal/Others"", ""zscore"": 22.99}",STATISTICAL_ROBUST_ZSCORE,"₹50,00,000 & Z >= 3.5","₹7,200,000.00 (Z=22.99)",0.9977,22.9947,Category Median (Normal/Others),2026-08-26T10:47:43.666818+00:00
ANOM_000191,WORK,187271,UNUSUALLY_HIGH_RECOMMENDED_AMOUNT,1.0,HIGH,"Recommended amount of ₹10,000,000.00 is in the 99.9th percentile for 'Normal/Others' (32.5 robust standard deviations above category median).","{""recommended_amount"": 10000000.0, ""category"": ""Normal/Others"", ""zscore"": 32.46}",STATISTICAL_ROBUST_ZSCORE,"₹50,00,000 & Z >= 3.5","₹10,000,000.00 (Z=32.46)",0.9989,32.4623,Category Median (Normal/Others),2026-08-26T10:47:43.666818+00:00
ANOM_000192,WORK,192872,UNUSUALLY_HIGH_RECOMMENDED_AMOUNT,1.0,HIGH,"Recommended amount of ₹5,600,000.00 is in the 99.6th percentile for 'Normal/Others' (17.6 robust standard deviations above category median).","{""recommended_amount"": 5600000.0, ""category"": ""Normal/Others"", ""zscore"": 17.58}",STATISTICAL_ROBUST_ZSCORE,"₹50,00,000 & Z >= 3.5","₹5,600,000.00 (Z=17.58)",0.9965,17.5846,Category Median (Normal/Others),2026-08-26T10:47:43.666818+00:00
ANOM_000193,WORK,195871,UNUSUALLY_HIGH_RECOMMENDED_AMOUNT,1.0,HIGH,"Recommended amount of ₹16,000,000.00 is in the 100.0th percentile for 'Normal/Others' (52.8 robust standard deviations above category median).","{""recommended_amount"": 16000000.0, ""category"": ""Normal/Others"", ""zscore"": 52.75}",STATISTICAL_ROBUST_ZSCORE,"₹50,00,000 & Z >= 3.5","₹16,000,000.00 (Z=52.75)",0.9996,52.7502,Category Median (Normal/Others),2026-08-26T10:47:43.666818+00:00
ANOM_000194,WORK,196031,UNUSUALLY_HIGH_RECOMMENDED_AMOUNT,1.0,HIGH,"Recommended amount of ₹5,000,000.00 is in the 99.5th percentile for 'Normal/Others' (15.6 robust standard deviations above category median).","{""recommended_amount"": 5000000.0, ""category"": ""Normal/Others"", ""zscore"": 15.56}",STATISTICAL_ROBUST_ZSCORE,"₹50,00,000 & Z >= 3.5","₹5,000,000.00 (Z=15.56)",0.9949,15.5558,Category Median (Normal/Others),2026-08-26T10:47:43.666818+00:00
ANOM_000195,WORK,197304,UNUSUALLY_HIGH_RECOMMENDED_AMOUNT,1.0,HIGH,"Recommended amount of ₹5,440,000.00 is in the 99.6th percentile for 'Normal/Others' (17.0 robust standard deviations above category median).","{""recommended_amount"": 5440000.0, ""category"": ""Normal/Others"", ""zscore"": 17.04}",STATISTICAL_ROBUST_ZSCORE,"₹50,00,000 & Z >= 3.5","₹5,440,000.00 (Z=17.04)",0.9963,17.0436,Category Median (Normal/Others),2026-08-26T10:47:43.666818+00:00
ANOM_000196,WORK,197305,UNUSUALLY_HIGH_RECOMMENDED_AMOUNT,1.0,HIGH,"Recommended amount of ₹5,440,000.00 is in the 99.6th percentile for 'Normal/Others' (17.0 robust standard deviations above category median).","{""recommended_amount"": 5440000.0, ""category"": ""Normal/Others"", ""zscore"": 17.04}",STATISTICAL_ROBUST_ZSCORE,"₹50,00,000 & Z >= 3.5","₹5,440,000.00 (Z=17.04)",0.9963,17.0436,Category Median (Normal/Others),2026-08-26T10:47:43.666818+00:00
ANOM_000197,WORK,199393,UNUSUALLY_HIGH_RECOMMENDED_AMOUNT,1.0,HIGH,"Recommended amount of ₹5,000,000.00 is in the 99.5th percentile for 'Normal/Others' (15.6 robust standard deviations above category median).","{""recommended_amount"": 5000000.0, ""category"": ""Normal/Others"", ""zscore"": 15.56}",STATISTICAL_ROBUST_ZSCORE,"₹50,00,000 & Z >= 3.5","₹5,000,000.00 (Z=15.56)",0.9949,15.5558,Category Median (Normal/Others),2026-08-26T10:47:43.666818+00:00
ANOM_000198,WORK,201528,UNUSUALLY_HIGH_RECOMMENDED_AMOUNT,1.0,HIGH,"Recommended amount of ₹5,000,000.00 is in the 99.5th percentile for 'Normal/Others' (15.6 robust standard deviations above category median).","{""recommended_amount"": 5000000.0, ""category"": ""Normal/Others"", ""zscore"": 15.56}",STATISTICAL_ROBUST_ZSCORE,"₹50,00,000 & Z >= 3.5","₹5,000,000.00 (Z=15.56)",0.9949,15.5558,Category Median (Normal/Others),2026-08-26T10:47:43.666818+00:00
ANOM_000199,WORK,202605,UNUSUALLY_HIGH_RECOMMENDED_AMOUNT,1.0,HIGH,"Recommended amount of ₹6,000,000.00 is in the 99.7th percentile for 'Normal/Others' (18.9 robust standard deviations above category median).","{""recommended_amount"": 6000000.0, ""category"": ""Normal/Others"", ""zscore"": 18.94}",STATISTICAL_ROBUST_ZSCORE,"₹50,00,000 & Z >= 3.5","₹6,000,000.00 (Z=18.94)",0.9968,18.9371,Category Median (Normal/Others),2026-08-26T10:47:43.666818+00:00
ANOM_000200,WORK,205046,UNUSUALLY_HIGH_RECOMMENDED_AMOUNT,1.0,HIGH,"Recommended amount of ₹5,000,000.00 is in the 99.5th percentile for 'Normal/Others' (15.6 robust standard deviations above category median).","{""recommended_amount"": 5000000.0, ""category"": ""Normal/Others"", ""zscore"": 15.56}",STATISTICAL_ROBUST_ZSCORE,"₹50,00,000 & Z >= 3.5","₹5,000,000.00 (Z=15.56)",0.9949,15.5558,Category Median (Normal/Others),2026-08-26T10:47:43.666818+00:00
ANOM_000201,WORK,211743,UNUSUALLY_HIGH_RECOMMENDED_AMOUNT,1.0,HIGH,"Recommended amount of ₹8,000,000.00 is in the 99.8th percentile for 'Normal/Others' (25.7 robust standard deviations above category median).","{""recommended_amount"": 8000000.0, ""category"": ""Normal/Others"", ""zscore"": 25.7}",STATISTICAL_ROBUST_ZSCORE,"₹50,00,000 & Z >= 3.5","₹8,000,000.00 (Z=25.70)",0.9981,25.6997,Category Median (Normal/Others),2026-08-26T10:47:43.666818+00:00
ANOM_000202,WORK,213688,UNUSUALLY_HIGH_RECOMMENDED_AMOUNT,1.0,HIGH,"Recommended amount of ₹7,500,000.00 is in the 99.8th percentile for 'Normal/Others' (24.0 robust standard deviations above category median).","{""recommended_amount"": 7500000.0, ""category"": ""Normal/Others"", ""zscore"": 24.01}",STATISTICAL_ROBUST_ZSCORE,"₹50,00,000 & Z >= 3.5","₹7,500,000.00 (Z=24.01)",0.9979,24.0091,Category Median (Normal/Others),2026-08-26T10:47:43.666818+00:00
ANOM_000203,WORK,214835,UNUSUALLY_HIGH_RECOMMENDED_AMOUNT,1.0,HIGH,"Recommended amount of ₹5,000,000.00 is in the 99.5th percentile for 'Normal/Others' (15.6 robust standard deviations above category median).","{""recommended_amount"": 5000000.0, ""category"": ""Normal/Others"", ""zscore"": 15.56}",STATISTICAL_ROBUST_ZSCORE,"₹50,00,000 & Z >= 3.5","₹5,000,000.00 (Z=15.56)",0.9949,15.5558,Category Median (Normal/Others),2026-08-26T10:47:43.666818+00:00
ANOM_000204,WORK,220669,UNUSUALLY_HIGH_RECOMMENDED_AMOUNT,1.0,HIGH,"Recommended amount of ₹5,000,000.00 is in the 99.5th percentile for 'Normal/Others' (15.6 robust standard deviations above category median).","{""recommended_amount"": 5000000.0, ""category"": ""Normal/Others"", ""zscore"": 15.56}",STATISTICAL_ROBUST_ZSCORE,"₹50,00,000 & Z >= 3.5","₹5,000,000.00 (Z=15.56)",0.9949,15.5558,Category Median (Normal/Others),2026-08-26T10:47:43.666818+00:00
ANOM_000205,WORK,231160,UNUSUALLY_HIGH_RECOMMENDED_AMOUNT,1.0,HIGH,"Recommended amount of ₹10,000,000.00 is in the 99.9th percentile for 'Normal/Others' (32.5 robust standard deviations above category median).","{""recommended_amount"": 10000000.0, ""category"": ""Normal/Others"", ""zscore"": 32.46}",STATISTICAL_ROBUST_ZSCORE,"₹50,00,000 & Z >= 3.5","₹10,000,000.00 (Z=32.46)",0.9989,32.4623,Category Median (Normal/Others),2026-08-26T10:47:43.666818+00:00
ANOM_000206,WORK,232574,UNUSUALLY_HIGH_RECOMMENDED_AMOUNT,1.0,HIGH,"Recommended amount of ₹5,000,000.00 is in the 99.5th percentile for 'Normal/Others' (15.6 robust standard deviations above category median).","{""recommended_amount"": 5000000.0, ""category"": ""Normal/Others"", ""zscore"": 15.56}",STATISTICAL_ROBUST_ZSCORE,"₹50,00,000 & Z >= 3.5","₹5,000,000.00 (Z=15.56)",0.9949,15.5558,Category Median (Normal/Others),2026-08-26T10:47:43.666818+00:00
ANOM_000207,WORK,241554,UNUSUALLY_HIGH_RECOMMENDED_AMOUNT,1.0,HIGH,"Recommended amount of ₹10,000,000.00 is in the 99.9th percentile for 'Normal/Others' (32.5 robust standard deviations above category median).","{""recommended_amount"": 10000000.0, ""category"": ""Normal/Others"", ""zscore"": 32.46}",STATISTICAL_ROBUST_ZSCORE,"₹50,00,000 & Z >= 3.5","₹10,000,000.00 (Z=32.46)",0.9989,32.4623,Category Median (Normal/Others),2026-08-26T10:47:43.666818+00:00
ANOM_000208,WORK,246425,UNUSUALLY_HIGH_RECOMMENDED_AMOUNT,1.0,HIGH,"Recommended amount of ₹12,585,000.00 is in the 99.9th percentile for 'Normal/Others' (41.2 robust standard deviations above category median).","{""recommended_amount"": 12585000.0, ""category"": ""Normal/Others"", ""zscore"": 41.2}",STATISTICAL_ROBUST_ZSCORE,"₹50,00,000 & Z >= 3.5","₹12,585,000.00 (Z=41.20)",0.9995,41.203,Category Median (Normal/Others),2026-08-26T10:47:43.666818+00:00
ANOM_000209,WORK,246429,UNUSUALLY_HIGH_RECOMMENDED_AMOUNT,1.0,HIGH,"Recommended amount of ₹6,000,000.00 is in the 99.7th percentile for 'Normal/Others' (18.9 robust standard deviations above category median).","{""recommended_amount"": 6000000.0, ""category"": ""Normal/Others"", ""zscore"": 18.94}",STATISTICAL_ROBUST_ZSCORE,"₹50,00,000 & Z >= 3.5","₹6,000,000.00 (Z=18.94)",0.9968,18.9371,Category Median (Normal/Others),2026-08-26T10:47:43.666818+00:00
ANOM_000210,WORK,251841,UNUSUALLY_HIGH_RECOMMENDED_AMOUNT,1.0,HIGH,"Recommended amount of ₹5,000,000.00 is in the 99.5th percentile for 'Normal/Others' (15.6 robust standard deviations above category median).","{""recommended_amount"": 5000000.0, ""category"": ""Normal/Others"", ""zscore"": 15.56}",STATISTICAL_ROBUST_ZSCORE,"₹50,00,000 & Z >= 3.5","₹5,000,000.00 (Z=15.56)",0.9949,15.5558,Category Median (Normal/Others),2026-08-26T10:47:43.666818+00:00
ANOM_000211,WORK,254357,UNUSUALLY_HIGH_RECOMMENDED_AMOUNT,1.0,HIGH,"Recommended amount of ₹5,000,000.00 is in the 99.5th percentile for 'Normal/Others' (15.6 robust standard deviations above category median).","{""recommended_amount"": 5000000.0, ""category"": ""Normal/Others"", ""zscore"": 15.56}",STATISTICAL_ROBUST_ZSCORE,"₹50,00,000 & Z >= 3.5","₹5,000,000.00 (Z=15.56)",0.9949,15.5558,Category Median (Normal/Others),2026-08-26T10:47:43.666818+00:00
ANOM_000212,WORK,255274,UNUSUALLY_HIGH_RECOMMENDED_AMOUNT,1.0,HIGH,"Recommended amount of ₹5,000,000.00 is in the 99.5th percentile for 'Normal/Others' (15.6 robust standard deviations above category median).","{""recommended_amount"": 5000000.0, ""category"": ""Normal/Others"", ""zscore"": 15.56}",STATISTICAL_ROBUST_ZSCORE,"₹50,00,000 & Z >= 3.5","₹5,000,000.00 (Z=15.56)",0.9949,15.5558,Category Median (Normal/Others),2026-08-26T10:47:43.666818+00:00
ANOM_000213,WORK,257562,UNUSUALLY_HIGH_RECOMMENDED_AMOUNT,1.0,HIGH,"Recommended amount of ₹6,500,000.00 is in the 99.7th percentile for 'Normal/Others' (20.6 robust standard deviations above category median).","{""recommended_amount"": 6500000.0, ""category"": ""Normal/Others"", ""zscore"": 20.63}",STATISTICAL_ROBUST_ZSCORE,"₹50,00,000 & Z >= 3.5","₹6,500,000.00 (Z=20.63)",0.9972,20.6277,Category Median (Normal/Others),2026-08-26T10:47:43.666818+00:00
ANOM_000214,WORK,267867,UNUSUALLY_HIGH_RECOMMENDED_AMOUNT,1.0,HIGH,"Recommended amount of ₹5,990,000.00 is in the 99.7th percentile for 'Normal/Others' (18.9 robust standard deviations above category median).","{""recommended_amount"": 5990000.0, ""category"": ""Normal/Others"", ""zscore"": 18.9}",STATISTICAL_ROBUST_ZSCORE,"₹50,00,000 & Z >= 3.5","₹5,990,000.00 (Z=18.90)",0.9967,18.9033,Category Median (Normal/Others),2026-08-26T10:47:43.666818+00:00
ANOM_000215,WORK,268536,UNUSUALLY_HIGH_RECOMMENDED_AMOUNT,1.0,HIGH,"Recommended amount of ₹5,000,000.00 is in the 99.5th percentile for 'Normal/Others' (15.6 robust standard deviations above category median).","{""recommended_amount"": 5000000.0, ""category"": ""Normal/Others"", ""zscore"": 15.56}",STATISTICAL_ROBUST_ZSCORE,"₹50,00,000 & Z >= 3.5","₹5,000,000.00 (Z=15.56)",0.9949,15.5558,Category Median (Normal/Others),2026-08-26T10:47:43.666818+00:00
ANOM_000216,WORK,273229,UNUSUALLY_HIGH_RECOMMENDED_AMOUNT,1.0,HIGH,"Recommended amount of ₹5,000,000.00 is in the 99.5th percentile for 'Normal/Others' (15.6 robust standard deviations above category median).","{""recommended_amount"": 5000000.0, ""category"": ""Normal/Others"", ""zscore"": 15.56}",STATISTICAL_ROBUST_ZSCORE,"₹50,00,000 & Z >= 3.5","₹5,000,000.00 (Z=15.56)",0.9949,15.5558,Category Median (Normal/Others),2026-08-26T10:47:43.666818+00:00
ANOM_000217,WORK,273242,UNUSUALLY_HIGH_RECOMMENDED_AMOUNT,1.0,HIGH,"Recommended amount of ₹9,900,000.00 is in the 99.9th percentile for 'Normal/Others' (32.1 robust standard deviations above category median).","{""recommended_amount"": 9900000.0, ""category"": ""Normal/Others"", ""zscore"": 32.12}",STATISTICAL_ROBUST_ZSCORE,"₹50,00,000 & Z >= 3.5","₹9,900,000.00 (Z=32.12)",0.9986,32.1242,Category Median (Normal/Others),2026-08-26T10:47:43.666818+00:00
ANOM_000218,WORK,273244,UNUSUALLY_HIGH_RECOMMENDED_AMOUNT,1.0,HIGH,"Recommended amount of ₹7,500,000.00 is in the 99.8th percentile for 'Normal/Others' (24.0 robust standard deviations above category median).","{""recommended_amount"": 7500000.0, ""category"": ""Normal/Others"", ""zscore"": 24.01}",STATISTICAL_ROBUST_ZSCORE,"₹50,00,000 & Z >= 3.5","₹7,500,000.00 (Z=24.01)",0.9979,24.0091,Category Median (Normal/Others),2026-08-26T10:47:43.666818+00:00
ANOM_000219,WORK,280737,UNUSUALLY_HIGH_RECOMMENDED_AMOUNT,1.0,HIGH,"Recommended amount of ₹5,000,000.00 is in the 99.5th percentile for 'Normal/Others' (15.6 robust standard deviations above category median).","{""recommended_amount"": 5000000.0, ""category"": ""Normal/Others"", ""zscore"": 15.56}",STATISTICAL_ROBUST_ZSCORE,"₹50,00,000 & Z >= 3.5","₹5,000,000.00 (Z=15.56)",0.9949,15.5558,Category Median (Normal/Others),2026-08-26T10:47:43.666818+00:00
ANOM_000220,WORK,280738,UNUSUALLY_HIGH_RECOMMENDED_AMOUNT,1.0,HIGH,"Recommended amount of ₹5,000,000.00 is in the 99.5th percentile for 'Normal/Others' (15.6 robust standard deviations above category median).","{""recommended_amount"": 5000000.0, ""category"": ""Normal/Others"", ""zscore"": 15.56}",STATISTICAL_ROBUST_ZSCORE,"₹50,00,000 & Z >= 3.5","₹5,000,000.00 (Z=15.56)",0.9949,15.5558,Category Median (Normal/Others),2026-08-26T10:47:43.666818+00:00
ANOM_000221,WORK,280765,UNUSUALLY_HIGH_RECOMMENDED_AMOUNT,1.0,HIGH,"Recommended amount of ₹5,000,000.00 is in the 99.5th percentile for 'Normal/Others' (15.6 robust standard deviations above category median).","{""recommended_amount"": 5000000.0, ""category"": ""Normal/Others"", ""zscore"": 15.56}",STATISTICAL_ROBUST_ZSCORE,"₹50,00,000 & Z >= 3.5","₹5,000,000.00 (Z=15.56)",0.9949,15.5558,Category Median (Normal/Others),2026-08-26T10:47:43.666818+00:00
ANOM_000222,WORK,280779,UNUSUALLY_HIGH_RECOMMENDED_AMOUNT,1.0,HIGH,"Recommended amount of ₹5,100,000.00 is in the 99.6th percentile for 'Normal/Others' (15.9 robust standard deviations above category median).","{""recommended_amount"": 5100000.0, ""category"": ""Normal/Others"", ""zscore"": 15.89}",STATISTICAL_ROBUST_ZSCORE,"₹50,00,000 & Z >= 3.5","₹5,100,000.00 (Z=15.89)",0.9959,15.8939,Category Median (Normal/Others),2026-08-26T10:47:43.666818+00:00
ANOM_000223,WORK,283693,UNUSUALLY_HIGH_RECOMMENDED_AMOUNT,1.0,HIGH,"Recommended amount of ₹6,208,000.00 is in the 99.7th percentile for 'Normal/Others' (19.6 robust standard deviations above category median).","{""recommended_amount"": 6208000.0, ""category"": ""Normal/Others"", ""zscore"": 19.64}",STATISTICAL_ROBUST_ZSCORE,"₹50,00,000 & Z >= 3.5","₹6,208,000.00 (Z=19.64)",0.9971,19.6404,Category Median (Normal/Others),2026-08-26T10:47:43.666818+00:00
ANOM_000224,WORK,287594,UNUSUALLY_HIGH_RECOMMENDED_AMOUNT,1.0,HIGH,"Recommended amount of ₹5,000,000.00 is in the 99.5th percentile for 'Normal/Others' (15.6 robust standard deviations above category median).","{""recommended_amount"": 5000000.0, ""category"": ""Normal/Others"", ""zscore"": 15.56}",STATISTICAL_ROBUST_ZSCORE,"₹50,00,000 & Z >= 3.5","₹5,000,000.00 (Z=15.56)",0.9949,15.5558,Category Median (Normal/Others),2026-08-26T10:47:43.666818+00:00
ANOM_000225,WORK,290039,UNUSUALLY_HIGH_RECOMMENDED_AMOUNT,1.0,HIGH,"Recommended amount of ₹5,000,000.00 is in the 99.5th percentile for 'Normal/Others' (15.6 robust standard deviations above category median).","{""recommended_amount"": 5000000.0, ""category"": ""Normal/Others"", ""zscore"": 15.56}",STATISTICAL_ROBUST_ZSCORE,"₹50,00,000 & Z >= 3.5","₹5,000,000.00 (Z=15.56)",0.9949,15.5558,Category Median (Normal/Others),2026-08-26T10:47:43.666818+00:00
ANOM_000227,WORK,296021,UNUSUALLY_HIGH_RECOMMENDED_AMOUNT,1.0,HIGH,"Recommended amount of ₹5,000,000.00 is in the 99.5th percentile for 'Normal/Others' (15.6 robust standard deviations above category median).","{""recommended_amount"": 5000000.0, ""category"": ""Normal/Others"", ""zscore"": 15.56}",STATISTICAL_ROBUST_ZSCORE,"₹50,00,000 & Z >= 3.5","₹5,000,000.00 (Z=15.56)",0.9949,15.5558,Category Median (Normal/Others),2026-08-26T10:47:43.666818+00:00
ANOM_000228,WORK,297481,UNUSUALLY_HIGH_RECOMMENDED_AMOUNT,1.0,HIGH,"Recommended amount of ₹10,000,000.00 is in the 99.9th percentile for 'Normal/Others' (32.5 robust standard deviations above category median).","{""recommended_amount"": 10000000.0, ""category"": ""Normal/Others"", ""zscore"": 32.46}",STATISTICAL_ROBUST_ZSCORE,"₹50,00,000 & Z >= 3.5","₹10,000,000.00 (Z=32.46)",0.9989,32.4623,Category Median (Normal/Others),2026-08-26T10:47:43.666818+00:00
ANOM_000229,WORK,300178,UNUSUALLY_HIGH_RECOMMENDED_AMOUNT,1.0,HIGH,"Recommended amount of ₹5,790,000.00 is in the 99.7th percentile for 'Normal/Others' (18.2 robust standard deviations above category median).","{""recommended_amount"": 5790000.0, ""category"": ""Normal/Others"", ""zscore"": 18.23}",STATISTICAL_ROBUST_ZSCORE,"₹50,00,000 & Z >= 3.5","₹5,790,000.00 (Z=18.23)",0.9966,18.227,Category Median (Normal/Others),2026-08-26T10:47:43.666818+00:00
ANOM_000230,WORK,301206,UNUSUALLY_HIGH_RECOMMENDED_AMOUNT,1.0,HIGH,"Recommended amount of ₹5,300,000.00 is in the 99.6th percentile for 'Normal/Others' (16.6 robust standard deviations above category median).","{""recommended_amount"": 5300000.0, ""category"": ""Normal/Others"", ""zscore"": 16.57}",STATISTICAL_ROBUST_ZSCORE,"₹50,00,000 & Z >= 3.5","₹5,300,000.00 (Z=16.57)",0.9961,16.5702,Category Median (Normal/Others),2026-08-26T10:47:43.666818+00:00
ANOM_000231,WORK,301209,UNUSUALLY_HIGH_RECOMMENDED_AMOUNT,1.0,HIGH,"Recommended amount of ₹5,300,000.00 is in the 99.6th percentile for 'Normal/Others' (16.6 robust standard deviations above category median).","{""recommended_amount"": 5300000.0, ""category"": ""Normal/Others"", ""zscore"": 16.57}",STATISTICAL_ROBUST_ZSCORE,"₹50,00,000 & Z >= 3.5","₹5,300,000.00 (Z=16.57)",0.9961,16.5702,Category Median (Normal/Others),2026-08-26T10:47:43.666818+00:00
ANOM_000232,WORK,306335,UNUSUALLY_HIGH_RECOMMENDED_AMOUNT,1.0,HIGH,"Recommended amount of ₹7,200,000.00 is in the 99.8th percentile for 'Normal/Others' (23.0 robust standard deviations above category median).","{""recommended_amount"": 7200000.0, ""category"": ""Normal/Others"", ""zscore"": 22.99}",STATISTICAL_ROBUST_ZSCORE,"₹50,00,000 & Z >= 3.5","₹7,200,000.00 (Z=22.99)",0.9977,22.9947,Category Median (Normal/Others),2026-08-26T10:47:43.666818+00:00
ANOM_000233,WORK,306343,UNUSUALLY_HIGH_RECOMMENDED_AMOUNT,1.0,HIGH,"Recommended amount of ₹8,000,000.00 is in the 99.8th percentile for 'Normal/Others' (25.7 robust standard deviations above category median).","{""recommended_amount"": 8000000.0, ""category"": ""Normal/Others"", ""zscore"": 25.7}",STATISTICAL_ROBUST_ZSCORE,"₹50,00,000 & Z >= 3.5","₹8,000,000.00 (Z=25.70)",0.9981,25.6997,Category Median (Normal/Others),2026-08-26T10:47:43.666818+00:00
ANOM_000234,WORK,156766,UNUSUALLY_HIGH_RECOMMENDED_AMOUNT,1.0,HIGH,"Recommended amount of ₹5,000,000.00 is in the 99.5th percentile for 'Normal/Others' (15.6 robust standard deviations above category median).","{""recommended_amount"": 5000000.0, ""category"": ""Normal/Others"", ""zscore"": 15.56}",STATISTICAL_ROBUST_ZSCORE,"₹50,00,000 & Z >= 3.5","₹5,000,000.00 (Z=15.56)",0.9949,15.5558,Category Median (Normal/Others),2026-08-26T10:47:43.666818+00:00
ANOM_000235,WORK,196895,UNUSUALLY_HIGH_RECOMMENDED_AMOUNT,1.0,HIGH,"Recommended amount of ₹10,000,000.00 is in the 99.9th percentile for 'Normal/Others' (32.5 robust standard deviations above category median).","{""recommended_amount"": 10000000.0, ""category"": ""Normal/Others"", ""zscore"": 32.46}",STATISTICAL_ROBUST_ZSCORE,"₹50,00,000 & Z >= 3.5","₹10,000,000.00 (Z=32.46)",0.9989,32.4623,Category Median (Normal/Others),2026-08-26T10:47:43.666818+00:00
ANOM_000236,WORK,200883,UNUSUALLY_HIGH_RECOMMENDED_AMOUNT,1.0,HIGH,"Recommended amount of ₹5,600,000.00 is in the 99.6th percentile for 'Normal/Others' (17.6 robust standard deviations above category median).","{""recommended_amount"": 5600000.0, ""category"": ""Normal/Others"", ""zscore"": 17.58}",STATISTICAL_ROBUST_ZSCORE,"₹50,00,000 & Z >= 3.5","₹5,600,000.00 (Z=17.58)",0.9965,17.5846,Category Median (Normal/Others),2026-08-26T10:47:43.666818+00:00
ANOM_000237,WORK,200885,UNUSUALLY_HIGH_RECOMMENDED_AMOUNT,1.0,HIGH,"Recommended amount of ₹5,120,000.00 is in the 99.6th percentile for 'Normal/Others' (16.0 robust standard deviations above category median).","{""recommended_amount"": 5120000.0, ""category"": ""Normal/Others"", ""zscore"": 15.96}",STATISTICAL_ROBUST_ZSCORE,"₹50,00,000 & Z >= 3.5","₹5,120,000.00 (Z=15.96)",0.9959,15.9615,Category Median (Normal/Others),2026-08-26T10:47:43.666818+00:00
ANOM_000238,WORK,204089,UNUSUALLY_HIGH_RECOMMENDED_AMOUNT,1.0,HIGH,"Recommended amount of ₹10,000,000.00 is in the 99.9th percentile for 'Normal/Others' (32.5 robust standard deviations above category median).","{""recommended_amount"": 10000000.0, ""category"": ""Normal/Others"", ""zscore"": 32.46}",STATISTICAL_ROBUST_ZSCORE,"₹50,00,000 & Z >= 3.5","₹10,000,000.00 (Z=32.46)",0.9989,32.4623,Category Median (Normal/Others),2026-08-26T10:47:43.666818+00:00
ANOM_000239,WORK,209845,UNUSUALLY_HIGH_RECOMMENDED_AMOUNT,1.0,HIGH,"Recommended amount of ₹5,000,000.00 is in the 99.5th percentile for 'Normal/Others' (15.6 robust standard deviations above category median).","{""recommended_amount"": 5000000.0, ""category"": ""Normal/Others"", ""zscore"": 15.56}",STATISTICAL_ROBUST_ZSCORE,"₹50,00,000 & Z >= 3.5","₹5,000,000.00 (Z=15.56)",0.9949,15.5558,Category Median (Normal/Others),2026-08-26T10:47:43.666818+00:00
ANOM_000240,WORK,226250,UNUSUALLY_HIGH_RECOMMENDED_AMOUNT,1.0,HIGH,"Recommended amount of ₹5,000,000.00 is in the 99.5th percentile for 'Normal/Others' (15.6 robust standard deviations above category median).","{""recommended_amount"": 5000000.0, ""category"": ""Normal/Others"", ""zscore"": 15.56}",STATISTICAL_ROBUST_ZSCORE,"₹50,00,000 & Z >= 3.5","₹5,000,000.00 (Z=15.56)",0.9949,15.5558,Category Median (Normal/Others),2026-08-26T10:47:43.666818+00:00
ANOM_000241,WORK,239391,UNUSUALLY_HIGH_RECOMMENDED_AMOUNT,1.0,HIGH,"Recommended amount of ₹12,522,210.00 is in the 99.9th percentile for 'Normal/Others' (41.0 robust standard deviations above category median).","{""recommended_amount"": 12522210.0, ""category"": ""Normal/Others"", ""zscore"": 40.99}",STATISTICAL_ROBUST_ZSCORE,"₹50,00,000 & Z >= 3.5","₹12,522,210.00 (Z=40.99)",0.9994,40.9907,Category Median (Normal/Others),2026-08-26T10:47:43.666818+00:00
ANOM_000242,WORK,250877,UNUSUALLY_HIGH_RECOMMENDED_AMOUNT,1.0,HIGH,"Recommended amount of ₹8,000,000.00 is in the 99.8th percentile for 'Normal/Others' (25.7 robust standard deviations above category median).","{""recommended_amount"": 8000000.0, ""category"": ""Normal/Others"", ""zscore"": 25.7}",STATISTICAL_ROBUST_ZSCORE,"₹50,00,000 & Z >= 3.5","₹8,000,000.00 (Z=25.70)",0.9981,25.6997,Category Median (Normal/Others),2026-08-26T10:47:43.666818+00:00
ANOM_000243,WORK,258151,UNUSUALLY_HIGH_RECOMMENDED_AMOUNT,1.0,HIGH,"Recommended amount of ₹5,000,000.00 is in the 99.5th percentile for 'Normal/Others' (15.6 robust standard deviations above category median).","{""recommended_amount"": 5000000.0, ""category"": ""Normal/Others"", ""zscore"": 15.56}",STATISTICAL_ROBUST_ZSCORE,"₹50,00,000 & Z >= 3.5","₹5,000,000.00 (Z=15.56)",0.9949,15.5558,Category Median (Normal/Others),2026-08-26T10:47:43.666818+00:00
ANOM_000244,WORK,262008,UNUSUALLY_HIGH_RECOMMENDED_AMOUNT,1.0,HIGH,"Recommended amount of ₹5,000,000.00 is in the 99.5th percentile for 'Normal/Others' (15.6 robust standard deviations above category median).","{""recommended_amount"": 5000000.0, ""category"": ""Normal/Others"", ""zscore"": 15.56}",STATISTICAL_ROBUST_ZSCORE,"₹50,00,000 & Z >= 3.5","₹5,000,000.00 (Z=15.56)",0.9949,15.5558,Category Median (Normal/Others),2026-08-26T10:47:43.666818+00:00
ANOM_000245,WORK,272520,UNUSUALLY_HIGH_RECOMMENDED_AMOUNT,1.0,HIGH,"Recommended amount of ₹5,000,000.00 is in the 99.5th percentile for 'Normal/Others' (15.6 robust standard deviations above category median).","{""recommended_amount"": 5000000.0, ""category"": ""Normal/Others"", ""zscore"": 15.56}",STATISTICAL_ROBUST_ZSCORE,"₹50,00,000 & Z >= 3.5","₹5,000,000.00 (Z=15.56)",0.9949,15.5558,Category Median (Normal/Others),2026-08-26T10:47:43.666818+00:00
ANOM_000246,WORK,305195,UNUSUALLY_HIGH_RECOMMENDED_AMOUNT,1.0,HIGH,"Recommended amount of ₹13,149,854.00 is in the 99.9th percentile for 'Normal/Others' (43.1 robust standard deviations above category median).","{""recommended_amount"": 13149854.0, ""category"": ""Normal/Others"", ""zscore"": 43.11}",STATISTICAL_ROBUST_ZSCORE,"₹50,00,000 & Z >= 3.5","₹13,149,854.00 (Z=43.11)",0.9995,43.1129,Category Median (Normal/Others),2026-08-26T10:47:43.666818+00:00
ANOM_000247,WORK,196825,UNUSUALLY_HIGH_RECOMMENDED_AMOUNT,1.0,HIGH,"Recommended amount of ₹7,350,000.00 is in the 99.8th percentile for 'Normal/Others' (23.5 robust standard deviations above category median).","{""recommended_amount"": 7350000.0, ""category"": ""Normal/Others"", ""zscore"": 23.5}",STATISTICAL_ROBUST_ZSCORE,"₹50,00,000 & Z >= 3.5","₹7,350,000.00 (Z=23.50)",0.9977,23.5019,Category Median (Normal/Others),2026-08-26T10:47:43.666818+00:00
ANOM_000248,WORK,196826,UNUSUALLY_HIGH_RECOMMENDED_AMOUNT,1.0,HIGH,"Recommended amount of ₹7,350,000.00 is in the 99.8th percentile for 'Normal/Others' (23.5 robust standard deviations above category median).","{""recommended_amount"": 7350000.0, ""category"": ""Normal/Others"", ""zscore"": 23.5}",STATISTICAL_ROBUST_ZSCORE,"₹50,00,000 & Z >= 3.5","₹7,350,000.00 (Z=23.50)",0.9977,23.5019,Category Median (Normal/Others),2026-08-26T10:47:43.666818+00:00
ANOM_000249,WORK,259445,UNUSUALLY_HIGH_RECOMMENDED_AMOUNT,1.0,HIGH,"Recommended amount of ₹5,000,000.00 is in the 99.5th percentile for 'Normal/Others' (15.6 robust standard deviations above category median).","{""recommended_amount"": 5000000.0, ""category"": ""Normal/Others"", ""zscore"": 15.56}",STATISTICAL_ROBUST_ZSCORE,"₹50,00,000 & Z >= 3.5","₹5,000,000.00 (Z=15.56)",0.9949,15.5558,Category Median (Normal/Others),2026-08-26T10:47:43.666818+00:00
ANOM_000250,WORK,277680,UNUSUALLY_HIGH_RECOMMENDED_AMOUNT,1.0,HIGH,"Recommended amount of ₹5,000,000.00 is in the 99.5th percentile for 'Normal/Others' (15.6 robust standard deviations above category median).","{""recommended_amount"": 5000000.0, ""category"": ""Normal/Others"", ""zscore"": 15.56}",STATISTICAL_ROBUST_ZSCORE,"₹50,00,000 & Z >= 3.5","₹5,000,000.00 (Z=15.56)",0.9949,15.5558,Category Median (Normal/Others),2026-08-26T10:47:43.666818+00:00
ANOM_000251,WORK,278933,UNUSUALLY_HIGH_RECOMMENDED_AMOUNT,1.0,HIGH,"Recommended amount of ₹5,000,000.00 is in the 99.5th percentile for 'Normal/Others' (15.6 robust standard deviations above category median).","{""recommended_amount"": 5000000.0, ""category"": ""Normal/Others"", ""zscore"": 15.56}",STATISTICAL_ROBUST_ZSCORE,"₹50,00,000 & Z >= 3.5","₹5,000,000.00 (Z=15.56)",0.9949,15.5558,Category Median (Normal/Others),2026-08-26T10:47:43.666818+00:00
ANOM_000253,WORK,282142,UNUSUALLY_HIGH_RECOMMENDED_AMOUNT,1.0,HIGH,"Recommended amount of ₹8,000,000.00 is in the 99.8th percentile for 'Normal/Others' (25.7 robust standard deviations above category median).","{""recommended_amount"": 8000000.0, ""category"": ""Normal/Others"", ""zscore"": 25.7}",STATISTICAL_ROBUST_ZSCORE,"₹50,00,000 & Z >= 3.5","₹8,000,000.00 (Z=25.70)",0.9981,25.6997,Category Median (Normal/Others),2026-08-26T10:47:43.666818+00:00
ANOM_000254,WORK,288055,UNUSUALLY_HIGH_RECOMMENDED_AMOUNT,1.0,HIGH,"Recommended amount of ₹8,000,000.00 is in the 99.8th percentile for 'Normal/Others' (25.7 robust standard deviations above category median).","{""recommended_amount"": 8000000.0, ""category"": ""Normal/Others"", ""zscore"": 25.7}",STATISTICAL_ROBUST_ZSCORE,"₹50,00,000 & Z >= 3.5","₹8,000,000.00 (Z=25.70)",0.9981,25.6997,Category Median (Normal/Others),2026-08-26T10:47:43.666818+00:00
ANOM_000255,WORK,288067,UNUSUALLY_HIGH_RECOMMENDED_AMOUNT,1.0,HIGH,"Recommended amount of ₹12,500,000.00 is in the 99.9th percentile for 'Normal/Others' (40.9 robust standard deviations above category median).","{""recommended_amount"": 12500000.0, ""category"": ""Normal/Others"", ""zscore"": 40.92}",STATISTICAL_ROBUST_ZSCORE,"₹50,00,000 & Z >= 3.5","₹12,500,000.00 (Z=40.92)",0.9994,40.9156,Category Median (Normal/Others),2026-08-26T10:47:43.666818+00:00
ANOM_000256,WORK,288071,UNUSUALLY_HIGH_RECOMMENDED_AMOUNT,1.0,HIGH,"Recommended amount of ₹10,000,000.00 is in the 99.9th percentile for 'Normal/Others' (32.5 robust standard deviations above category median).","{""recommended_amount"": 10000000.0, ""category"": ""Normal/Others"", ""zscore"": 32.46}",STATISTICAL_ROBUST_ZSCORE,"₹50,00,000 & Z >= 3.5","₹10,000,000.00 (Z=32.46)",0.9989,32.4623,Category Median (Normal/Others),2026-08-26T10:47:43.666818+00:00
ANOM_000257,WORK,289419,UNUSUALLY_HIGH_RECOMMENDED_AMOUNT,1.0,HIGH,"Recommended amount of ₹7,500,000.00 is in the 99.8th percentile for 'Normal/Others' (24.0 robust standard deviations above category median).","{""recommended_amount"": 7500000.0, ""category"": ""Normal/Others"", ""zscore"": 24.01}",STATISTICAL_ROBUST_ZSCORE,"₹50,00,000 & Z >= 3.5","₹7,500,000.00 (Z=24.01)",0.9979,24.0091,Category Median (Normal/Others),2026-08-26T10:47:43.666818+00:00
ANOM_000258,WORK,289422,UNUSUALLY_HIGH_RECOMMENDED_AMOUNT,1.0,HIGH,"Recommended amount of ₹5,000,000.00 is in the 99.5th percentile for 'Normal/Others' (15.6 robust standard deviations above category median).","{""recommended_amount"": 5000000.0, ""category"": ""Normal/Others"", ""zscore"": 15.56}",STATISTICAL_ROBUST_ZSCORE,"₹50,00,000 & Z >= 3.5","₹5,000,000.00 (Z=15.56)",0.9949,15.5558,Category Median (Normal/Others),2026-08-26T10:47:43.666818+00:00
ANOM_000259,WORK,289425,UNUSUALLY_HIGH_RECOMMENDED_AMOUNT,1.0,HIGH,"Recommended amount of ₹5,000,000.00 is in the 99.5th percentile for 'Normal/Others' (15.6 robust standard deviations above category median).","{""recommended_amount"": 5000000.0, ""category"": ""Normal/Others"", ""zscore"": 15.56}",STATISTICAL_ROBUST_ZSCORE,"₹50,00,000 & Z >= 3.5","₹5,000,000.00 (Z=15.56)",0.9949,15.5558,Category Median (Normal/Others),2026-08-26T10:47:43.666818+00:00
ANOM_000260,WORK,289429,UNUSUALLY_HIGH_RECOMMENDED_AMOUNT,1.0,HIGH,"Recommended amount of ₹5,000,000.00 is in the 99.5th percentile for 'Normal/Others' (15.6 robust standard deviations above category median).","{""recommended_amount"": 5000000.0, ""category"": ""Normal/Others"", ""zscore"": 15.56}",STATISTICAL_ROBUST_ZSCORE,"₹50,00,000 & Z >= 3.5","₹5,000,000.00 (Z=15.56)",0.9949,15.5558,Category Median (Normal/Others),2026-08-26T10:47:43.666818+00:00
ANOM_000261,WORK,289431,UNUSUALLY_HIGH_RECOMMENDED_AMOUNT,1.0,HIGH,"Recommended amount of ₹5,000,000.00 is in the 99.5th percentile for 'Normal/Others' (15.6 robust standard deviations above category median).","{""recommended_amount"": 5000000.0, ""category"": ""Normal/Others"", ""zscore"": 15.56}",STATISTICAL_ROBUST_ZSCORE,"₹50,00,000 & Z >= 3.5","₹5,000,000.00 (Z=15.56)",0.9949,15.5558,Category Median (Normal/Others),2026-08-26T10:47:43.666818+00:00
ANOM_000262,WORK,289440,UNUSUALLY_HIGH_RECOMMENDED_AMOUNT,1.0,HIGH,"Recommended amount of ₹17,840,000.00 is in the 100.0th percentile for 'Normal/Others' (59.0 robust standard deviations above category median).","{""recommended_amount"": 17840000.0, ""category"": ""Normal/Others"", ""zscore"": 58.97}",STATISTICAL_ROBUST_ZSCORE,"₹50,00,000 & Z >= 3.5","₹17,840,000.00 (Z=58.97)",0.9997,58.9718,Category Median (Normal/Others),2026-08-26T10:47:43.666818+00:00
ANOM_000263,WORK,296201,UNUSUALLY_HIGH_RECOMMENDED_AMOUNT,1.0,HIGH,"Recommended amount of ₹15,576,000.00 is in the 100.0th percentile for 'Normal/Others' (51.3 robust standard deviations above category median).","{""recommended_amount"": 15576000.0, ""category"": ""Normal/Others"", ""zscore"": 51.32}",STATISTICAL_ROBUST_ZSCORE,"₹50,00,000 & Z >= 3.5","₹15,576,000.00 (Z=51.32)",0.9996,51.3165,Category Median (Normal/Others),2026-08-26T10:47:43.666818+00:00
ANOM_000265,WORK,174721,UNUSUALLY_HIGH_RECOMMENDED_AMOUNT,1.0,HIGH,"Recommended amount of ₹5,807,060.00 is in the 99.7th percentile for 'Normal/Others' (18.3 robust standard deviations above category median).","{""recommended_amount"": 5807060.0, ""category"": ""Normal/Others"", ""zscore"": 18.28}",STATISTICAL_ROBUST_ZSCORE,"₹50,00,000 & Z >= 3.5","₹5,807,060.00 (Z=18.28)",0.9966,18.2847,Category Median (Normal/Others),2026-08-26T10:47:43.666818+00:00
ANOM_000266,WORK,174723,UNUSUALLY_HIGH_RECOMMENDED_AMOUNT,1.0,HIGH,"Recommended amount of ₹5,479,250.00 is in the 99.6th percentile for 'Normal/Others' (17.2 robust standard deviations above category median).","{""recommended_amount"": 5479250.0, ""category"": ""Normal/Others"", ""zscore"": 17.18}",STATISTICAL_ROBUST_ZSCORE,"₹50,00,000 & Z >= 3.5","₹5,479,250.00 (Z=17.18)",0.9963,17.1763,Category Median (Normal/Others),2026-08-26T10:47:43.666818+00:00
ANOM_000267,WORK,177536,UNUSUALLY_HIGH_RECOMMENDED_AMOUNT,1.0,HIGH,"Recommended amount of ₹11,517,641.00 is in the 99.9th percentile for 'Normal/Others' (37.6 robust standard deviations above category median).","{""recommended_amount"": 11517641.0, ""category"": ""Normal/Others"", ""zscore"": 37.59}",STATISTICAL_ROBUST_ZSCORE,"₹50,00,000 & Z >= 3.5","₹11,517,641.00 (Z=37.59)",0.9993,37.5939,Category Median (Normal/Others),2026-08-26T10:47:43.666818+00:00
ANOM_000268,WORK,180904,UNUSUALLY_HIGH_RECOMMENDED_AMOUNT,1.0,HIGH,"Recommended amount of ₹6,683,300.00 is in the 99.7th percentile for 'Normal/Others' (21.2 robust standard deviations above category median).","{""recommended_amount"": 6683300.0, ""category"": ""Normal/Others"", ""zscore"": 21.25}",STATISTICAL_ROBUST_ZSCORE,"₹50,00,000 & Z >= 3.5","₹6,683,300.00 (Z=21.25)",0.9974,21.2475,Category Median (Normal/Others),2026-08-26T10:47:43.666818+00:00
ANOM_000269,WORK,210306,UNUSUALLY_HIGH_RECOMMENDED_AMOUNT,1.0,HIGH,"Recommended amount of ₹5,372,892.00 is in the 99.6th percentile for 'Normal/Others' (16.8 robust standard deviations above category median).","{""recommended_amount"": 5372892.0, ""category"": ""Normal/Others"", ""zscore"": 16.82}",STATISTICAL_ROBUST_ZSCORE,"₹50,00,000 & Z >= 3.5","₹5,372,892.00 (Z=16.82)",0.9962,16.8166,Category Median (Normal/Others),2026-08-26T10:47:43.666818+00:00
ANOM_000270,WORK,221826,UNUSUALLY_HIGH_RECOMMENDED_AMOUNT,1.0,HIGH,"Recommended amount of ₹10,000,000.00 is in the 99.9th percentile for 'Normal/Others' (32.5 robust standard deviations above category median).","{""recommended_amount"": 10000000.0, ""category"": ""Normal/Others"", ""zscore"": 32.46}",STATISTICAL_ROBUST_ZSCORE,"₹50,00,000 & Z >= 3.5","₹10,000,000.00 (Z=32.46)",0.9989,32.4623,Category Median (Normal/Others),2026-08-26T10:47:43.666818+00:00
ANOM_000271,WORK,254548,UNUSUALLY_HIGH_RECOMMENDED_AMOUNT,1.0,HIGH,"Recommended amount of ₹10,000,000.00 is in the 99.9th percentile for 'Normal/Others' (32.5 robust standard deviations above category median).","{""recommended_amount"": 10000000.0, ""category"": ""Normal/Others"", ""zscore"": 32.46}",STATISTICAL_ROBUST_ZSCORE,"₹50,00,000 & Z >= 3.5","₹10,000,000.00 (Z=32.46)",0.9989,32.4623,Category Median (Normal/Others),2026-08-26T10:47:43.666818+00:00
ANOM_000272,WORK,296973,UNUSUALLY_HIGH_RECOMMENDED_AMOUNT,1.0,HIGH,"Recommended amount of ₹10,000,000.00 is in the 99.9th percentile for 'Normal/Others' (32.5 robust standard deviations above category median).","{""recommended_amount"": 10000000.0, ""category"": ""Normal/Others"", ""zscore"": 32.46}",STATISTICAL_ROBUST_ZSCORE,"₹50,00,000 & Z >= 3.5","₹10,000,000.00 (Z=32.46)",0.9989,32.4623,Category Median (Normal/Others),2026-08-26T10:47:43.666818+00:00
ANOM_000273,WORK,297399,UNUSUALLY_HIGH_RECOMMENDED_AMOUNT,1.0,HIGH,"Recommended amount of ₹10,000,000.00 is in the 99.9th percentile for 'Normal/Others' (32.5 robust standard deviations above category median).","{""recommended_amount"": 10000000.0, ""category"": ""Normal/Others"", ""zscore"": 32.46}",STATISTICAL_ROBUST_ZSCORE,"₹50,00,000 & Z >= 3.5","₹10,000,000.00 (Z=32.46)",0.9989,32.4623,Category Median (Normal/Others),2026-08-26T10:47:43.666818+00:00
ANOM_000274,WORK,301145,UNUSUALLY_HIGH_RECOMMENDED_AMOUNT,1.0,HIGH,"Recommended amount of ₹10,000,000.00 is in the 99.9th percentile for 'Normal/Others' (32.5 robust standard deviations above category median).","{""recommended_amount"": 10000000.0, ""category"": ""Normal/Others"", ""zscore"": 32.46}",STATISTICAL_ROBUST_ZSCORE,"₹50,00,000 & Z >= 3.5","₹10,000,000.00 (Z=32.46)",0.9989,32.4623,Category Median (Normal/Others),2026-08-26T10:47:43.666818+00:00
ANOM_000275,WORK,136735,UNUSUALLY_HIGH_RECOMMENDED_AMOUNT,1.0,HIGH,"Recommended amount of ₹5,580,000.00 is in the 99.6th percentile for 'Normal/Others' (17.5 robust standard deviations above category median).","{""recommended_amount"": 5580000.0, ""category"": ""Normal/Others"", ""zscore"": 17.52}",STATISTICAL_ROBUST_ZSCORE,"₹50,00,000 & Z >= 3.5","₹5,580,000.00 (Z=17.52)",0.9964,17.5169,Category Median (Normal/Others),2026-08-26T10:47:43.666818+00:00
ANOM_000276,WORK,136736,UNUSUALLY_HIGH_RECOMMENDED_AMOUNT,1.0,HIGH,"Recommended amount of ₹6,520,794.00 is in the 99.7th percentile for 'Normal/Others' (20.7 robust standard deviations above category median).","{""recommended_amount"": 6520794.0, ""category"": ""Normal/Others"", ""zscore"": 20.7}",STATISTICAL_ROBUST_ZSCORE,"₹50,00,000 & Z >= 3.5","₹6,520,794.00 (Z=20.70)",0.9973,20.6981,Category Median (Normal/Others),2026-08-26T10:47:43.666818+00:00
ANOM_000277,WORK,161482,UNUSUALLY_HIGH_RECOMMENDED_AMOUNT,1.0,HIGH,"Recommended amount of ₹5,714,566.00 is in the 99.7th percentile for 'Normal/Others' (18.0 robust standard deviations above category median).","{""recommended_amount"": 5714566.0, ""category"": ""Normal/Others"", ""zscore"": 17.97}",STATISTICAL_ROBUST_ZSCORE,"₹50,00,000 & Z >= 3.5","₹5,714,566.00 (Z=17.97)",0.9965,17.9719,Category Median (Normal/Others),2026-08-26T10:47:43.666818+00:00
ANOM_000278,WORK,166818,UNUSUALLY_HIGH_RECOMMENDED_AMOUNT,1.0,HIGH,"Recommended amount of ₹7,019,025.00 is in the 99.8th percentile for 'Normal/Others' (22.4 robust standard deviations above category median).","{""recommended_amount"": 7019025.0, ""category"": ""Normal/Others"", ""zscore"": 22.38}",STATISTICAL_ROBUST_ZSCORE,"₹50,00,000 & Z >= 3.5","₹7,019,025.00 (Z=22.38)",0.9975,22.3827,Category Median (Normal/Others),2026-08-26T10:47:43.666818+00:00
ANOM_000279,WORK,171050,UNUSUALLY_HIGH_RECOMMENDED_AMOUNT,1.0,HIGH,"Recommended amount of ₹5,599,000.00 is in the 99.6th percentile for 'Normal/Others' (17.6 robust standard deviations above category median).","{""recommended_amount"": 5599000.0, ""category"": ""Normal/Others"", ""zscore"": 17.58}",STATISTICAL_ROBUST_ZSCORE,"₹50,00,000 & Z >= 3.5","₹5,599,000.00 (Z=17.58)",0.9965,17.5812,Category Median (Normal/Others),2026-08-26T10:47:43.666818+00:00
ANOM_000280,WORK,174146,UNUSUALLY_HIGH_RECOMMENDED_AMOUNT,1.0,HIGH,"Recommended amount of ₹8,244,881.00 is in the 99.8th percentile for 'Normal/Others' (26.5 robust standard deviations above category median).","{""recommended_amount"": 8244881.0, ""category"": ""Normal/Others"", ""zscore"": 26.53}",STATISTICAL_ROBUST_ZSCORE,"₹50,00,000 & Z >= 3.5","₹8,244,881.00 (Z=26.53)",0.9983,26.5277,Category Median (Normal/Others),2026-08-26T10:47:43.666818+00:00
ANOM_000281,WORK,174147,UNUSUALLY_HIGH_RECOMMENDED_AMOUNT,1.0,HIGH,"Recommended amount of ₹11,402,495.00 is in the 99.9th percentile for 'Normal/Others' (37.2 robust standard deviations above category median).","{""recommended_amount"": 11402495.0, ""category"": ""Normal/Others"", ""zscore"": 37.2}",STATISTICAL_ROBUST_ZSCORE,"₹50,00,000 & Z >= 3.5","₹11,402,495.00 (Z=37.20)",0.9993,37.2046,Category Median (Normal/Others),2026-08-26T10:47:43.666818+00:00
ANOM_000282,WORK,176431,UNUSUALLY_HIGH_RECOMMENDED_AMOUNT,1.0,HIGH,"Recommended amount of ₹8,594,232.00 is in the 99.8th percentile for 'Normal/Others' (27.7 robust standard deviations above category median).","{""recommended_amount"": 8594232.0, ""category"": ""Normal/Others"", ""zscore"": 27.71}",STATISTICAL_ROBUST_ZSCORE,"₹50,00,000 & Z >= 3.5","₹8,594,232.00 (Z=27.71)",0.9983,27.709,Category Median (Normal/Others),2026-08-26T10:47:43.666818+00:00
ANOM_000283,WORK,189870,UNUSUALLY_HIGH_RECOMMENDED_AMOUNT,1.0,HIGH,"Recommended amount of ₹6,447,168.00 is in the 99.7th percentile for 'Normal/Others' (20.4 robust standard deviations above category median).","{""recommended_amount"": 6447168.0, ""category"": ""Normal/Others"", ""zscore"": 20.45}",STATISTICAL_ROBUST_ZSCORE,"₹50,00,000 & Z >= 3.5","₹6,447,168.00 (Z=20.45)",0.9972,20.4491,Category Median (Normal/Others),2026-08-26T10:47:43.666818+00:00
ANOM_000284,WORK,189872,UNUSUALLY_HIGH_RECOMMENDED_AMOUNT,1.0,HIGH,"Recommended amount of ₹5,413,824.00 is in the 99.6th percentile for 'Normal/Others' (17.0 robust standard deviations above category median).","{""recommended_amount"": 5413824.0, ""category"": ""Normal/Others"", ""zscore"": 16.96}",STATISTICAL_ROBUST_ZSCORE,"₹50,00,000 & Z >= 3.5","₹5,413,824.00 (Z=16.96)",0.9963,16.955,Category Median (Normal/Others),2026-08-26T10:47:43.666818+00:00
ANOM_000286,WORK,210661,UNUSUALLY_HIGH_RECOMMENDED_AMOUNT,1.0,HIGH,"Recommended amount of ₹13,383,520.00 is in the 100.0th percentile for 'Normal/Others' (43.9 robust standard deviations above category median).","{""recommended_amount"": 13383520.0, ""category"": ""Normal/Others"", ""zscore"": 43.9}",STATISTICAL_ROBUST_ZSCORE,"₹50,00,000 & Z >= 3.5","₹13,383,520.00 (Z=43.90)",0.9995,43.903,Category Median (Normal/Others),2026-08-26T10:47:43.666818+00:00
ANOM_000287,WORK,214632,UNUSUALLY_HIGH_RECOMMENDED_AMOUNT,1.0,HIGH,"Recommended amount of ₹5,849,060.00 is in the 99.7th percentile for 'Normal/Others' (18.4 robust standard deviations above category median).","{""recommended_amount"": 5849060.0, ""category"": ""Normal/Others"", ""zscore"": 18.43}",STATISTICAL_ROBUST_ZSCORE,"₹50,00,000 & Z >= 3.5","₹5,849,060.00 (Z=18.43)",0.9966,18.4267,Category Median (Normal/Others),2026-08-26T10:47:43.666818+00:00
ANOM_000288,WORK,214766,UNUSUALLY_HIGH_RECOMMENDED_AMOUNT,1.0,HIGH,"Recommended amount of ₹16,757,000.00 is in the 100.0th percentile for 'Normal/Others' (55.3 robust standard deviations above category median).","{""recommended_amount"": 16757000.0, ""category"": ""Normal/Others"", ""zscore"": 55.31}",STATISTICAL_ROBUST_ZSCORE,"₹50,00,000 & Z >= 3.5","₹16,757,000.00 (Z=55.31)",0.9997,55.3098,Category Median (Normal/Others),2026-08-26T10:47:43.666818+00:00
ANOM_000289,WORK,216110,UNUSUALLY_HIGH_RECOMMENDED_AMOUNT,1.0,HIGH,"Recommended amount of ₹10,763,500.00 is in the 99.9th percentile for 'Normal/Others' (35.0 robust standard deviations above category median).","{""recommended_amount"": 10763500.0, ""category"": ""Normal/Others"", ""zscore"": 35.04}",STATISTICAL_ROBUST_ZSCORE,"₹50,00,000 & Z >= 3.5","₹10,763,500.00 (Z=35.04)",0.9992,35.044,Category Median (Normal/Others),2026-08-26T10:47:43.666818+00:00
ANOM_000291,WORK,220829,UNUSUALLY_HIGH_RECOMMENDED_AMOUNT,1.0,HIGH,"Recommended amount of ₹7,850,000.00 is in the 99.8th percentile for 'Normal/Others' (25.2 robust standard deviations above category median).","{""recommended_amount"": 7850000.0, ""category"": ""Normal/Others"", ""zscore"": 25.19}",STATISTICAL_ROBUST_ZSCORE,"₹50,00,000 & Z >= 3.5","₹7,850,000.00 (Z=25.19)",0.998,25.1925,Category Median (Normal/Others),2026-08-26T10:47:43.666818+00:00
ANOM_000292,WORK,225860,UNUSUALLY_HIGH_RECOMMENDED_AMOUNT,1.0,HIGH,"Recommended amount of ₹6,968,560.00 is in the 99.7th percentile for 'Normal/Others' (22.2 robust standard deviations above category median).","{""recommended_amount"": 6968560.0, ""category"": ""Normal/Others"", ""zscore"": 22.21}",STATISTICAL_ROBUST_ZSCORE,"₹50,00,000 & Z >= 3.5","₹6,968,560.00 (Z=22.21)",0.9974,22.2121,Category Median (Normal/Others),2026-08-26T10:47:43.666818+00:00
ANOM_000293,WORK,225862,UNUSUALLY_HIGH_RECOMMENDED_AMOUNT,1.0,HIGH,"Recommended amount of ₹6,097,477.00 is in the 99.7th percentile for 'Normal/Others' (19.3 robust standard deviations above category median).","{""recommended_amount"": 6097477.0, ""category"": ""Normal/Others"", ""zscore"": 19.27}",STATISTICAL_ROBUST_ZSCORE,"₹50,00,000 & Z >= 3.5","₹6,097,477.00 (Z=19.27)",0.997,19.2667,Category Median (Normal/Others),2026-08-26T10:47:43.666818+00:00
ANOM_000294,WORK,225863,UNUSUALLY_HIGH_RECOMMENDED_AMOUNT,1.0,HIGH,"Recommended amount of ₹9,581,750.00 is in the 99.9th percentile for 'Normal/Others' (31.0 robust standard deviations above category median).","{""recommended_amount"": 9581750.0, ""category"": ""Normal/Others"", ""zscore"": 31.05}",STATISTICAL_ROBUST_ZSCORE,"₹50,00,000 & Z >= 3.5","₹9,581,750.00 (Z=31.05)",0.9986,31.0481,Category Median (Normal/Others),2026-08-26T10:47:43.666818+00:00
ANOM_000295,WORK,225865,UNUSUALLY_HIGH_RECOMMENDED_AMOUNT,1.0,HIGH,"Recommended amount of ₹8,710,700.00 is in the 99.8th percentile for 'Normal/Others' (28.1 robust standard deviations above category median).","{""recommended_amount"": 8710700.0, ""category"": ""Normal/Others"", ""zscore"": 28.1}",STATISTICAL_ROBUST_ZSCORE,"₹50,00,000 & Z >= 3.5","₹8,710,700.00 (Z=28.10)",0.9983,28.1028,Category Median (Normal/Others),2026-08-26T10:47:43.666818+00:00
ANOM_000296,WORK,228661,UNUSUALLY_HIGH_RECOMMENDED_AMOUNT,1.0,HIGH,"Recommended amount of ₹7,200,000.00 is in the 99.8th percentile for 'Normal/Others' (23.0 robust standard deviations above category median).","{""recommended_amount"": 7200000.0, ""category"": ""Normal/Others"", ""zscore"": 22.99}",STATISTICAL_ROBUST_ZSCORE,"₹50,00,000 & Z >= 3.5","₹7,200,000.00 (Z=22.99)",0.9977,22.9947,Category Median (Normal/Others),2026-08-26T10:47:43.666818+00:00
ANOM_000297,WORK,229414,UNUSUALLY_HIGH_RECOMMENDED_AMOUNT,1.0,HIGH,"Recommended amount of ₹11,576,000.00 is in the 99.9th percentile for 'Normal/Others' (37.8 robust standard deviations above category median).","{""recommended_amount"": 11576000.0, ""category"": ""Normal/Others"", ""zscore"": 37.79}",STATISTICAL_ROBUST_ZSCORE,"₹50,00,000 & Z >= 3.5","₹11,576,000.00 (Z=37.79)",0.9993,37.7913,Category Median (Normal/Others),2026-08-26T10:47:43.666818+00:00
ANOM_000299,WORK,229418,UNUSUALLY_HIGH_RECOMMENDED_AMOUNT,1.0,HIGH,"Recommended amount of ₹19,747,300.00 is in the 100.0th percentile for 'Normal/Others' (65.4 robust standard deviations above category median).","{""recommended_amount"": 19747300.0, ""category"": ""Normal/Others"", ""zscore"": 65.42}",STATISTICAL_ROBUST_ZSCORE,"₹50,00,000 & Z >= 3.5","₹19,747,300.00 (Z=65.42)",0.9997,65.4209,Category Median (Normal/Others),2026-08-26T10:47:43.666818+00:00
ANOM_000300,WORK,229420,UNUSUALLY_HIGH_RECOMMENDED_AMOUNT,1.0,HIGH,"Recommended amount of ₹7,149,900.00 is in the 99.8th percentile for 'Normal/Others' (22.8 robust standard deviations above category median).","{""recommended_amount"": 7149900.0, ""category"": ""Normal/Others"", ""zscore"": 22.83}",STATISTICAL_ROBUST_ZSCORE,"₹50,00,000 & Z >= 3.5","₹7,149,900.00 (Z=22.83)",0.9976,22.8253,Category Median (Normal/Others),2026-08-26T10:47:43.666818+00:00
ANOM_000301,WORK,231653,UNUSUALLY_HIGH_RECOMMENDED_AMOUNT,1.0,HIGH,"Recommended amount of ₹6,060,000.00 is in the 99.7th percentile for 'Normal/Others' (19.1 robust standard deviations above category median).","{""recommended_amount"": 6060000.0, ""category"": ""Normal/Others"", ""zscore"": 19.14}",STATISTICAL_ROBUST_ZSCORE,"₹50,00,000 & Z >= 3.5","₹6,060,000.00 (Z=19.14)",0.997,19.14,Category Median (Normal/Others),2026-08-26T10:47:43.666818+00:00
ANOM_000302,WORK,235614,UNUSUALLY_HIGH_RECOMMENDED_AMOUNT,1.0,HIGH,"Recommended amount of ₹8,699,002.00 is in the 99.8th percentile for 'Normal/Others' (28.1 robust standard deviations above category median).","{""recommended_amount"": 8699002.0, ""category"": ""Normal/Others"", ""zscore"": 28.06}",STATISTICAL_ROBUST_ZSCORE,"₹50,00,000 & Z >= 3.5","₹8,699,002.00 (Z=28.06)",0.9983,28.0632,Category Median (Normal/Others),2026-08-26T10:47:43.666818+00:00
ANOM_000303,WORK,238655,UNUSUALLY_HIGH_RECOMMENDED_AMOUNT,1.0,HIGH,"Recommended amount of ₹12,600,000.00 is in the 99.9th percentile for 'Normal/Others' (41.3 robust standard deviations above category median).","{""recommended_amount"": 12600000.0, ""category"": ""Normal/Others"", ""zscore"": 41.25}",STATISTICAL_ROBUST_ZSCORE,"₹50,00,000 & Z >= 3.5","₹12,600,000.00 (Z=41.25)",0.9995,41.2537,Category Median (Normal/Others),2026-08-26T10:47:43.666818+00:00
ANOM_000304,WORK,242608,UNUSUALLY_HIGH_RECOMMENDED_AMOUNT,1.0,HIGH,"Recommended amount of ₹6,126,645.00 is in the 99.7th percentile for 'Normal/Others' (19.4 robust standard deviations above category median).","{""recommended_amount"": 6126645.0, ""category"": ""Normal/Others"", ""zscore"": 19.37}",STATISTICAL_ROBUST_ZSCORE,"₹50,00,000 & Z >= 3.5","₹6,126,645.00 (Z=19.37)",0.997,19.3653,Category Median (Normal/Others),2026-08-26T10:47:43.666818+00:00
ANOM_000305,WORK,249980,UNUSUALLY_HIGH_RECOMMENDED_AMOUNT,1.0,HIGH,"Recommended amount of ₹5,724,290.00 is in the 99.7th percentile for 'Normal/Others' (18.0 robust standard deviations above category median).","{""recommended_amount"": 5724290.0, ""category"": ""Normal/Others"", ""zscore"": 18.0}",STATISTICAL_ROBUST_ZSCORE,"₹50,00,000 & Z >= 3.5","₹5,724,290.00 (Z=18.00)",0.9966,18.0048,Category Median (Normal/Others),2026-08-26T10:47:43.666818+00:00
ANOM_000306,WORK,250092,UNUSUALLY_HIGH_RECOMMENDED_AMOUNT,1.0,HIGH,"Recommended amount of ₹6,700,000.00 is in the 99.7th percentile for 'Normal/Others' (21.3 robust standard deviations above category median).","{""recommended_amount"": 6700000.0, ""category"": ""Normal/Others"", ""zscore"": 21.3}",STATISTICAL_ROBUST_ZSCORE,"₹50,00,000 & Z >= 3.5","₹6,700,000.00 (Z=21.30)",0.9974,21.304,Category Median (Normal/Others),2026-08-26T10:47:43.666818+00:00
ANOM_000307,WORK,252111,UNUSUALLY_HIGH_RECOMMENDED_AMOUNT,1.0,HIGH,"Recommended amount of ₹6,300,000.00 is in the 99.9th percentile for 'Repair and Renovation' (13.0 robust standard deviations above category median).","{""recommended_amount"": 6300000.0, ""category"": ""Repair and Renovation"", ""zscore"": 13.04}",STATISTICAL_ROBUST_ZSCORE,"₹50,00,000 & Z >= 3.5","₹6,300,000.00 (Z=13.04)",0.999,13.0403,Category Median (Repair and Renovation),2026-08-26T10:47:43.666818+00:00
ANOM_000308,WORK,252116,UNUSUALLY_HIGH_RECOMMENDED_AMOUNT,1.0,HIGH,"Recommended amount of ₹6,600,000.00 is in the 99.7th percentile for 'Normal/Others' (21.0 robust standard deviations above category median).","{""recommended_amount"": 6600000.0, ""category"": ""Normal/Others"", ""zscore"": 20.97}",STATISTICAL_ROBUST_ZSCORE,"₹50,00,000 & Z >= 3.5","₹6,600,000.00 (Z=20.97)",0.9973,20.9659,Category Median (Normal/Others),2026-08-26T10:47:43.666818+00:00
ANOM_000309,WORK,252124,UNUSUALLY_HIGH_RECOMMENDED_AMOUNT,1.0,HIGH,"Recommended amount of ₹6,300,000.00 is in the 99.7th percentile for 'Normal/Others' (20.0 robust standard deviations above category median).","{""recommended_amount"": 6300000.0, ""category"": ""Normal/Others"", ""zscore"": 19.95}",STATISTICAL_ROBUST_ZSCORE,"₹50,00,000 & Z >= 3.5","₹6,300,000.00 (Z=19.95)",0.9971,19.9515,Category Median (Normal/Others),2026-08-26T10:47:43.666818+00:00
ANOM_000310,WORK,252126,UNUSUALLY_HIGH_RECOMMENDED_AMOUNT,1.0,HIGH,"Recommended amount of ₹11,500,000.00 is in the 99.9th percentile for 'Normal/Others' (37.5 robust standard deviations above category median).","{""recommended_amount"": 11500000.0, ""category"": ""Normal/Others"", ""zscore"": 37.53}",STATISTICAL_ROBUST_ZSCORE,"₹50,00,000 & Z >= 3.5","₹11,500,000.00 (Z=37.53)",0.9993,37.5343,Category Median (Normal/Others),2026-08-26T10:47:43.666818+00:00
ANOM_000311,WORK,252852,UNUSUALLY_HIGH_RECOMMENDED_AMOUNT,1.0,HIGH,"Recommended amount of ₹7,150,000.00 is in the 99.8th percentile for 'Normal/Others' (22.8 robust standard deviations above category median).","{""recommended_amount"": 7150000.0, ""category"": ""Normal/Others"", ""zscore"": 22.83}",STATISTICAL_ROBUST_ZSCORE,"₹50,00,000 & Z >= 3.5","₹7,150,000.00 (Z=22.83)",0.9976,22.8256,Category Median (Normal/Others),2026-08-26T10:47:43.666818+00:00
ANOM_000312,WORK,254284,UNUSUALLY_HIGH_RECOMMENDED_AMOUNT,1.0,HIGH,"Recommended amount of ₹9,900,000.00 is in the 99.9th percentile for 'Normal/Others' (32.1 robust standard deviations above category median).","{""recommended_amount"": 9900000.0, ""category"": ""Normal/Others"", ""zscore"": 32.12}",STATISTICAL_ROBUST_ZSCORE,"₹50,00,000 & Z >= 3.5","₹9,900,000.00 (Z=32.12)",0.9986,32.1242,Category Median (Normal/Others),2026-08-26T10:47:43.666818+00:00
ANOM_000313,WORK,255542,UNUSUALLY_HIGH_RECOMMENDED_AMOUNT,1.0,HIGH,"Recommended amount of ₹5,374,250.00 is in the 99.6th percentile for 'Normal/Others' (16.8 robust standard deviations above category median).","{""recommended_amount"": 5374250.0, ""category"": ""Normal/Others"", ""zscore"": 16.82}",STATISTICAL_ROBUST_ZSCORE,"₹50,00,000 & Z >= 3.5","₹5,374,250.00 (Z=16.82)",0.9962,16.8212,Category Median (Normal/Others),2026-08-26T10:47:43.666818+00:00
ANOM_000314,WORK,258118,UNUSUALLY_HIGH_RECOMMENDED_AMOUNT,1.0,HIGH,"Recommended amount of ₹12,206,893.00 is in the 99.9th percentile for 'Normal/Others' (39.9 robust standard deviations above category median).","{""recommended_amount"": 12206893.0, ""category"": ""Normal/Others"", ""zscore"": 39.92}",STATISTICAL_ROBUST_ZSCORE,"₹50,00,000 & Z >= 3.5","₹12,206,893.00 (Z=39.92)",0.9994,39.9245,Category Median (Normal/Others),2026-08-26T10:47:43.666818+00:00
ANOM_000315,WORK,258729,UNUSUALLY_HIGH_RECOMMENDED_AMOUNT,1.0,HIGH,"Recommended amount of ₹5,077,000.00 is in the 99.6th percentile for 'Normal/Others' (15.8 robust standard deviations above category median).","{""recommended_amount"": 5077000.0, ""category"": ""Normal/Others"", ""zscore"": 15.82}",STATISTICAL_ROBUST_ZSCORE,"₹50,00,000 & Z >= 3.5","₹5,077,000.00 (Z=15.82)",0.9958,15.8161,Category Median (Normal/Others),2026-08-26T10:47:43.666818+00:00
ANOM_000316,WORK,259219,UNUSUALLY_HIGH_RECOMMENDED_AMOUNT,1.0,HIGH,"Recommended amount of ₹12,533,850.00 is in the 99.9th percentile for 'Normal/Others' (41.0 robust standard deviations above category median).","{""recommended_amount"": 12533850.0, ""category"": ""Normal/Others"", ""zscore"": 41.03}",STATISTICAL_ROBUST_ZSCORE,"₹50,00,000 & Z >= 3.5","₹12,533,850.00 (Z=41.03)",0.9994,41.03,Category Median (Normal/Others),2026-08-26T10:47:43.666818+00:00
ANOM_000317,WORK,268853,UNUSUALLY_HIGH_RECOMMENDED_AMOUNT,1.0,HIGH,"Recommended amount of ₹7,759,136.00 is in the 99.8th percentile for 'Normal/Others' (24.9 robust standard deviations above category median).","{""recommended_amount"": 7759136.0, ""category"": ""Normal/Others"", ""zscore"": 24.89}",STATISTICAL_ROBUST_ZSCORE,"₹50,00,000 & Z >= 3.5","₹7,759,136.00 (Z=24.89)",0.998,24.8853,Category Median (Normal/Others),2026-08-26T10:47:43.666818+00:00
ANOM_000318,WORK,270346,UNUSUALLY_HIGH_RECOMMENDED_AMOUNT,1.0,HIGH,"Recommended amount of ₹11,570,000.00 is in the 99.9th percentile for 'Normal/Others' (37.8 robust standard deviations above category median).","{""recommended_amount"": 11570000.0, ""category"": ""Normal/Others"", ""zscore"": 37.77}",STATISTICAL_ROBUST_ZSCORE,"₹50,00,000 & Z >= 3.5","₹11,570,000.00 (Z=37.77)",0.9993,37.771,Category Median (Normal/Others),2026-08-26T10:47:43.666818+00:00
ANOM_000319,WORK,274517,UNUSUALLY_HIGH_RECOMMENDED_AMOUNT,1.0,HIGH,"Recommended amount of ₹9,030,000.00 is in the 99.8th percentile for 'Normal/Others' (29.2 robust standard deviations above category median).","{""recommended_amount"": 9030000.0, ""category"": ""Normal/Others"", ""zscore"": 29.18}",STATISTICAL_ROBUST_ZSCORE,"₹50,00,000 & Z >= 3.5","₹9,030,000.00 (Z=29.18)",0.9984,29.1825,Category Median (Normal/Others),2026-08-26T10:47:43.666818+00:00
ANOM_000321,WORK,275951,UNUSUALLY_HIGH_RECOMMENDED_AMOUNT,1.0,HIGH,"Recommended amount of ₹8,621,382.00 is in the 99.8th percentile for 'Normal/Others' (27.8 robust standard deviations above category median).","{""recommended_amount"": 8621382.0, ""category"": ""Normal/Others"", ""zscore"": 27.8}",STATISTICAL_ROBUST_ZSCORE,"₹50,00,000 & Z >= 3.5","₹8,621,382.00 (Z=27.80)",0.9983,27.8008,Category Median (Normal/Others),2026-08-26T10:47:43.666818+00:00
ANOM_000322,WORK,277142,UNUSUALLY_HIGH_RECOMMENDED_AMOUNT,1.0,HIGH,"Recommended amount of ₹9,483,000.00 is in the 99.9th percentile for 'Normal/Others' (30.7 robust standard deviations above category median).","{""recommended_amount"": 9483000.0, ""category"": ""Normal/Others"", ""zscore"": 30.71}",STATISTICAL_ROBUST_ZSCORE,"₹50,00,000 & Z >= 3.5","₹9,483,000.00 (Z=30.71)",0.9985,30.7142,Category Median (Normal/Others),2026-08-26T10:47:43.666818+00:00
ANOM_000323,WORK,281155,UNUSUALLY_HIGH_RECOMMENDED_AMOUNT,1.0,HIGH,"Recommended amount of ₹6,768,000.00 is in the 99.7th percentile for 'Normal/Others' (21.5 robust standard deviations above category median).","{""recommended_amount"": 6768000.0, ""category"": ""Normal/Others"", ""zscore"": 21.53}",STATISTICAL_ROBUST_ZSCORE,"₹50,00,000 & Z >= 3.5","₹6,768,000.00 (Z=21.53)",0.9974,21.5339,Category Median (Normal/Others),2026-08-26T10:47:43.666818+00:00
ANOM_000325,WORK,284151,UNUSUALLY_HIGH_RECOMMENDED_AMOUNT,1.0,HIGH,"Recommended amount of ₹6,086,000.00 is in the 99.7th percentile for 'Normal/Others' (19.2 robust standard deviations above category median).","{""recommended_amount"": 6086000.0, ""category"": ""Normal/Others"", ""zscore"": 19.23}",STATISTICAL_ROBUST_ZSCORE,"₹50,00,000 & Z >= 3.5","₹6,086,000.00 (Z=19.23)",0.997,19.2279,Category Median (Normal/Others),2026-08-26T10:47:43.666818+00:00
ANOM_000327,WORK,286495,UNUSUALLY_HIGH_RECOMMENDED_AMOUNT,1.0,HIGH,"Recommended amount of ₹5,950,000.00 is in the 99.7th percentile for 'Normal/Others' (18.8 robust standard deviations above category median).","{""recommended_amount"": 5950000.0, ""category"": ""Normal/Others"", ""zscore"": 18.77}",STATISTICAL_ROBUST_ZSCORE,"₹50,00,000 & Z >= 3.5","₹5,950,000.00 (Z=18.77)",0.9967,18.768,Category Median (Normal/Others),2026-08-26T10:47:43.666818+00:00
ANOM_000328,WORK,287867,UNUSUALLY_HIGH_RECOMMENDED_AMOUNT,1.0,HIGH,"Recommended amount of ₹5,481,216.00 is in the 99.6th percentile for 'Normal/Others' (17.2 robust standard deviations above category median).","{""recommended_amount"": 5481216.0, ""category"": ""Normal/Others"", ""zscore"": 17.18}",STATISTICAL_ROBUST_ZSCORE,"₹50,00,000 & Z >= 3.5","₹5,481,216.00 (Z=17.18)",0.9963,17.1829,Category Median (Normal/Others),2026-08-26T10:47:43.666818+00:00
ANOM_000330,WORK,294027,UNUSUALLY_HIGH_RECOMMENDED_AMOUNT,1.0,HIGH,"Recommended amount of ₹14,533,200.00 is in the 100.0th percentile for 'Normal/Others' (47.8 robust standard deviations above category median).","{""recommended_amount"": 14533200.0, ""category"": ""Normal/Others"", ""zscore"": 47.79}",STATISTICAL_ROBUST_ZSCORE,"₹50,00,000 & Z >= 3.5","₹14,533,200.00 (Z=47.79)",0.9996,47.7905,Category Median (Normal/Others),2026-08-26T10:47:43.666818+00:00
ANOM_000331,WORK,295263,UNUSUALLY_HIGH_RECOMMENDED_AMOUNT,1.0,HIGH,"Recommended amount of ₹7,800,000.00 is in the 99.8th percentile for 'Normal/Others' (25.0 robust standard deviations above category median).","{""recommended_amount"": 7800000.0, ""category"": ""Normal/Others"", ""zscore"": 25.02}",STATISTICAL_ROBUST_ZSCORE,"₹50,00,000 & Z >= 3.5","₹7,800,000.00 (Z=25.02)",0.998,25.0234,Category Median (Normal/Others),2026-08-26T10:47:43.666818+00:00
ANOM_000332,WORK,295272,UNUSUALLY_HIGH_RECOMMENDED_AMOUNT,1.0,HIGH,"Recommended amount of ₹14,493,600.00 is in the 100.0th percentile for 'Normal/Others' (47.7 robust standard deviations above category median).","{""recommended_amount"": 14493600.0, ""category"": ""Normal/Others"", ""zscore"": 47.66}",STATISTICAL_ROBUST_ZSCORE,"₹50,00,000 & Z >= 3.5","₹14,493,600.00 (Z=47.66)",0.9996,47.6566,Category Median (Normal/Others),2026-08-26T10:47:43.666818+00:00
ANOM_000333,WORK,298370,UNUSUALLY_HIGH_RECOMMENDED_AMOUNT,1.0,HIGH,"Recommended amount of ₹10,500,000.00 is in the 99.9th percentile for 'Normal/Others' (34.2 robust standard deviations above category median).","{""recommended_amount"": 10500000.0, ""category"": ""Normal/Others"", ""zscore"": 34.15}",STATISTICAL_ROBUST_ZSCORE,"₹50,00,000 & Z >= 3.5","₹10,500,000.00 (Z=34.15)",0.9992,34.153,Category Median (Normal/Others),2026-08-26T10:47:43.666818+00:00
ANOM_000334,WORK,298371,UNUSUALLY_HIGH_RECOMMENDED_AMOUNT,1.0,HIGH,"Recommended amount of ₹6,720,000.00 is in the 99.7th percentile for 'Normal/Others' (21.4 robust standard deviations above category median).","{""recommended_amount"": 6720000.0, ""category"": ""Normal/Others"", ""zscore"": 21.37}",STATISTICAL_ROBUST_ZSCORE,"₹50,00,000 & Z >= 3.5","₹6,720,000.00 (Z=21.37)",0.9974,21.3716,Category Median (Normal/Others),2026-08-26T10:47:43.666818+00:00
ANOM_000335,WORK,298622,UNUSUALLY_HIGH_RECOMMENDED_AMOUNT,1.0,HIGH,"Recommended amount of ₹6,126,645.00 is in the 99.7th percentile for 'Normal/Others' (19.4 robust standard deviations above category median).","{""recommended_amount"": 6126645.0, ""category"": ""Normal/Others"", ""zscore"": 19.37}",STATISTICAL_ROBUST_ZSCORE,"₹50,00,000 & Z >= 3.5","₹6,126,645.00 (Z=19.37)",0.997,19.3653,Category Median (Normal/Others),2026-08-26T10:47:43.666818+00:00
ANOM_000336,WORK,300408,UNUSUALLY_HIGH_RECOMMENDED_AMOUNT,1.0,HIGH,"Recommended amount of ₹9,723,940.00 is in the 99.9th percentile for 'Normal/Others' (31.5 robust standard deviations above category median).","{""recommended_amount"": 9723940.0, ""category"": ""Normal/Others"", ""zscore"": 31.53}",STATISTICAL_ROBUST_ZSCORE,"₹50,00,000 & Z >= 3.5","₹9,723,940.00 (Z=31.53)",0.9986,31.5289,Category Median (Normal/Others),2026-08-26T10:47:43.666818+00:00
ANOM_000337,WORK,300636,UNUSUALLY_HIGH_RECOMMENDED_AMOUNT,1.0,HIGH,"Recommended amount of ₹6,240,000.00 is in the 99.7th percentile for 'Normal/Others' (19.7 robust standard deviations above category median).","{""recommended_amount"": 6240000.0, ""category"": ""Normal/Others"", ""zscore"": 19.75}",STATISTICAL_ROBUST_ZSCORE,"₹50,00,000 & Z >= 3.5","₹6,240,000.00 (Z=19.75)",0.9971,19.7486,Category Median (Normal/Others),2026-08-26T10:47:43.666818+00:00
ANOM_000338,WORK,301697,UNUSUALLY_HIGH_RECOMMENDED_AMOUNT,1.0,HIGH,"Recommended amount of ₹7,462,400.00 is in the 99.8th percentile for 'Normal/Others' (23.9 robust standard deviations above category median).","{""recommended_amount"": 7462400.0, ""category"": ""Normal/Others"", ""zscore"": 23.88}",STATISTICAL_ROBUST_ZSCORE,"₹50,00,000 & Z >= 3.5","₹7,462,400.00 (Z=23.88)",0.9978,23.8819,Category Median (Normal/Others),2026-08-26T10:47:43.666818+00:00
ANOM_000339,WORK,301698,UNUSUALLY_HIGH_RECOMMENDED_AMOUNT,1.0,HIGH,"Recommended amount of ₹5,257,600.00 is in the 99.6th percentile for 'Normal/Others' (16.4 robust standard deviations above category median).","{""recommended_amount"": 5257600.0, ""category"": ""Normal/Others"", ""zscore"": 16.43}",STATISTICAL_ROBUST_ZSCORE,"₹50,00,000 & Z >= 3.5","₹5,257,600.00 (Z=16.43)",0.9961,16.4268,Category Median (Normal/Others),2026-08-26T10:47:43.666818+00:00
ANOM_000340,WORK,301699,UNUSUALLY_HIGH_RECOMMENDED_AMOUNT,1.0,HIGH,"Recommended amount of ₹5,596,800.00 is in the 99.6th percentile for 'Normal/Others' (17.6 robust standard deviations above category median).","{""recommended_amount"": 5596800.0, ""category"": ""Normal/Others"", ""zscore"": 17.57}",STATISTICAL_ROBUST_ZSCORE,"₹50,00,000 & Z >= 3.5","₹5,596,800.00 (Z=17.57)",0.9965,17.5737,Category Median (Normal/Others),2026-08-26T10:47:43.666818+00:00
ANOM_000341,WORK,301701,UNUSUALLY_HIGH_RECOMMENDED_AMOUNT,1.0,HIGH,"Recommended amount of ₹6,105,600.00 is in the 99.7th percentile for 'Normal/Others' (19.3 robust standard deviations above category median).","{""recommended_amount"": 6105600.0, ""category"": ""Normal/Others"", ""zscore"": 19.29}",STATISTICAL_ROBUST_ZSCORE,"₹50,00,000 & Z >= 3.5","₹6,105,600.00 (Z=19.29)",0.997,19.2942,Category Median (Normal/Others),2026-08-26T10:47:43.666818+00:00
ANOM_000342,WORK,305611,UNUSUALLY_HIGH_RECOMMENDED_AMOUNT,1.0,HIGH,"Recommended amount of ₹9,051,870.00 is in the 99.8th percentile for 'Normal/Others' (29.3 robust standard deviations above category median).","{""recommended_amount"": 9051870.0, ""category"": ""Normal/Others"", ""zscore"": 29.26}",STATISTICAL_ROBUST_ZSCORE,"₹50,00,000 & Z >= 3.5","₹9,051,870.00 (Z=29.26)",0.9985,29.2564,Category Median (Normal/Others),2026-08-26T10:47:43.666818+00:00
ANOM_000344,WORK,210693,UNUSUALLY_HIGH_RECOMMENDED_AMOUNT,1.0,HIGH,"Recommended amount of ₹5,000,000.00 is in the 99.5th percentile for 'Normal/Others' (15.6 robust standard deviations above category median).","{""recommended_amount"": 5000000.0, ""category"": ""Normal/Others"", ""zscore"": 15.56}",STATISTICAL_ROBUST_ZSCORE,"₹50,00,000 & Z >= 3.5","₹5,000,000.00 (Z=15.56)",0.9949,15.5558,Category Median (Normal/Others),2026-08-26T10:47:43.666818+00:00
ANOM_000346,WORK,285342,UNUSUALLY_HIGH_RECOMMENDED_AMOUNT,1.0,HIGH,"Recommended amount of ₹5,000,000.00 is in the 99.5th percentile for 'Normal/Others' (15.6 robust standard deviations above category median).","{""recommended_amount"": 5000000.0, ""category"": ""Normal/Others"", ""zscore"": 15.56}",STATISTICAL_ROBUST_ZSCORE,"₹50,00,000 & Z >= 3.5","₹5,000,000.00 (Z=15.56)",0.9949,15.5558,Category Median (Normal/Others),2026-08-26T10:47:43.666818+00:00
ANOM_000347,WORK,1077,UNUSUALLY_HIGH_RECOMMENDED_AMOUNT,1.0,HIGH,"Recommended amount of ₹5,000,000.00 is in the 99.7th percentile for 'Repair and Renovation' (10.1 robust standard deviations above category median).","{""recommended_amount"": 5000000.0, ""category"": ""Repair and Renovation"", ""zscore"": 10.12}",STATISTICAL_ROBUST_ZSCORE,"₹50,00,000 & Z >= 3.5","₹5,000,000.00 (Z=10.12)",0.9971,10.1175,Category Median (Repair and Renovation),2026-08-26T10:47:43.666818+00:00
ANOM_000348,WORK,1284,UNUSUALLY_HIGH_RECOMMENDED_AMOUNT,1.0,HIGH,"Recommended amount of ₹5,000,000.00 is in the 99.7th percentile for 'Repair and Renovation' (10.1 robust standard deviations above category median).","{""recommended_amount"": 5000000.0, ""category"": ""Repair and Renovation"", ""zscore"": 10.12}",STATISTICAL_ROBUST_ZSCORE,"₹50,00,000 & Z >= 3.5","₹5,000,000.00 (Z=10.12)",0.9971,10.1175,Category Median (Repair and Renovation),2026-08-26T10:47:43.666818+00:00
ANOM_000349,WORK,135277,UNUSUALLY_HIGH_RECOMMENDED_AMOUNT,1.0,HIGH,"Recommended amount of ₹5,925,309.00 is in the 99.7th percentile for 'Normal/Others' (18.7 robust standard deviations above category median).","{""recommended_amount"": 5925309.0, ""category"": ""Normal/Others"", ""zscore"": 18.68}",STATISTICAL_ROBUST_ZSCORE,"₹50,00,000 & Z >= 3.5","₹5,925,309.00 (Z=18.68)",0.9967,18.6845,Category Median (Normal/Others),2026-08-26T10:47:43.666818+00:00
ANOM_000350,WORK,135284,UNUSUALLY_HIGH_RECOMMENDED_AMOUNT,1.0,HIGH,"Recommended amount of ₹5,697,372.00 is in the 99.7th percentile for 'Normal/Others' (17.9 robust standard deviations above category median).","{""recommended_amount"": 5697372.0, ""category"": ""Normal/Others"", ""zscore"": 17.91}",STATISTICAL_ROBUST_ZSCORE,"₹50,00,000 & Z >= 3.5","₹5,697,372.00 (Z=17.91)",0.9965,17.9138,Category Median (Normal/Others),2026-08-26T10:47:43.666818+00:00
ANOM_000351,WORK,137367,UNUSUALLY_HIGH_RECOMMENDED_AMOUNT,1.0,HIGH,"Recommended amount of ₹8,800,000.00 is in the 99.8th percentile for 'Normal/Others' (28.4 robust standard deviations above category median).","{""recommended_amount"": 8800000.0, ""category"": ""Normal/Others"", ""zscore"": 28.4}",STATISTICAL_ROBUST_ZSCORE,"₹50,00,000 & Z >= 3.5","₹8,800,000.00 (Z=28.40)",0.9984,28.4048,Category Median (Normal/Others),2026-08-26T10:47:43.666818+00:00
ANOM_000352,WORK,139548,UNUSUALLY_HIGH_RECOMMENDED_AMOUNT,1.0,HIGH,"Recommended amount of ₹6,433,401.00 is in the 99.7th percentile for 'Normal/Others' (20.4 robust standard deviations above category median).","{""recommended_amount"": 6433401.0, ""category"": ""Normal/Others"", ""zscore"": 20.4}",STATISTICAL_ROBUST_ZSCORE,"₹50,00,000 & Z >= 3.5","₹6,433,401.00 (Z=20.40)",0.9972,20.4026,Category Median (Normal/Others),2026-08-26T10:47:43.666818+00:00
ANOM_000353,WORK,141110,UNUSUALLY_HIGH_RECOMMENDED_AMOUNT,1.0,HIGH,"Recommended amount of ₹11,000,000.00 is in the 99.9th percentile for 'Normal/Others' (35.8 robust standard deviations above category median).","{""recommended_amount"": 11000000.0, ""category"": ""Normal/Others"", ""zscore"": 35.84}",STATISTICAL_ROBUST_ZSCORE,"₹50,00,000 & Z >= 3.5","₹11,000,000.00 (Z=35.84)",0.9992,35.8436,Category Median (Normal/Others),2026-08-26T10:47:43.666818+00:00
ANOM_000354,WORK,145107,UNUSUALLY_HIGH_RECOMMENDED_AMOUNT,1.0,HIGH,"Recommended amount of ₹7,600,000.00 is in the 99.8th percentile for 'Normal/Others' (24.3 robust standard deviations above category median).","{""recommended_amount"": 7600000.0, ""category"": ""Normal/Others"", ""zscore"": 24.35}",STATISTICAL_ROBUST_ZSCORE,"₹50,00,000 & Z >= 3.5","₹7,600,000.00 (Z=24.35)",0.9979,24.3472,Category Median (Normal/Others),2026-08-26T10:47:43.666818+00:00
ANOM_000355,WORK,149594,UNUSUALLY_HIGH_RECOMMENDED_AMOUNT,1.0,HIGH,"Recommended amount of ₹11,000,000.00 is in the 99.9th percentile for 'Normal/Others' (35.8 robust standard deviations above category median).","{""recommended_amount"": 11000000.0, ""category"": ""Normal/Others"", ""zscore"": 35.84}",STATISTICAL_ROBUST_ZSCORE,"₹50,00,000 & Z >= 3.5","₹11,000,000.00 (Z=35.84)",0.9992,35.8436,Category Median (Normal/Others),2026-08-26T10:47:43.666818+00:00
ANOM_000356,WORK,149810,UNUSUALLY_HIGH_RECOMMENDED_AMOUNT,1.0,HIGH,"Recommended amount of ₹10,000,000.00 is in the 99.9th percentile for 'Normal/Others' (32.5 robust standard deviations above category median).","{""recommended_amount"": 10000000.0, ""category"": ""Normal/Others"", ""zscore"": 32.46}",STATISTICAL_ROBUST_ZSCORE,"₹50,00,000 & Z >= 3.5","₹10,000,000.00 (Z=32.46)",0.9989,32.4623,Category Median (Normal/Others),2026-08-26T10:47:43.666818+00:00
ANOM_000357,WORK,150090,UNUSUALLY_HIGH_RECOMMENDED_AMOUNT,1.0,HIGH,"Recommended amount of ₹10,000,000.00 is in the 99.9th percentile for 'Normal/Others' (32.5 robust standard deviations above category median).","{""recommended_amount"": 10000000.0, ""category"": ""Normal/Others"", ""zscore"": 32.46}",STATISTICAL_ROBUST_ZSCORE,"₹50,00,000 & Z >= 3.5","₹10,000,000.00 (Z=32.46)",0.9989,32.4623,Category Median (Normal/Others),2026-08-26T10:47:43.666818+00:00
ANOM_000358,WORK,151535,UNUSUALLY_HIGH_RECOMMENDED_AMOUNT,1.0,HIGH,"Recommended amount of ₹5,000,000.00 is in the 99.5th percentile for 'Normal/Others' (15.6 robust standard deviations above category median).","{""recommended_amount"": 5000000.0, ""category"": ""Normal/Others"", ""zscore"": 15.56}",STATISTICAL_ROBUST_ZSCORE,"₹50,00,000 & Z >= 3.5","₹5,000,000.00 (Z=15.56)",0.9949,15.5558,Category Median (Normal/Others),2026-08-26T10:47:43.666818+00:00
ANOM_000359,WORK,152381,UNUSUALLY_HIGH_RECOMMENDED_AMOUNT,1.0,HIGH,"Recommended amount of ₹6,000,000.00 is in the 99.7th percentile for 'Normal/Others' (18.9 robust standard deviations above category median).","{""recommended_amount"": 6000000.0, ""category"": ""Normal/Others"", ""zscore"": 18.94}",STATISTICAL_ROBUST_ZSCORE,"₹50,00,000 & Z >= 3.5","₹6,000,000.00 (Z=18.94)",0.9968,18.9371,Category Median (Normal/Others),2026-08-26T10:47:43.666818+00:00
ANOM_000360,WORK,152382,UNUSUALLY_HIGH_RECOMMENDED_AMOUNT,1.0,HIGH,"Recommended amount of ₹6,000,000.00 is in the 99.7th percentile for 'Normal/Others' (18.9 robust standard deviations above category median).","{""recommended_amount"": 6000000.0, ""category"": ""Normal/Others"", ""zscore"": 18.94}",STATISTICAL_ROBUST_ZSCORE,"₹50,00,000 & Z >= 3.5","₹6,000,000.00 (Z=18.94)",0.9968,18.9371,Category Median (Normal/Others),2026-08-26T10:47:43.666818+00:00
ANOM_000363,WORK,156804,UNUSUALLY_HIGH_RECOMMENDED_AMOUNT,1.0,HIGH,"Recommended amount of ₹7,429,927.00 is in the 99.8th percentile for 'Normal/Others' (23.8 robust standard deviations above category median).","{""recommended_amount"": 7429927.0, ""category"": ""Normal/Others"", ""zscore"": 23.77}",STATISTICAL_ROBUST_ZSCORE,"₹50,00,000 & Z >= 3.5","₹7,429,927.00 (Z=23.77)",0.9978,23.7721,Category Median (Normal/Others),2026-08-26T10:47:43.666818+00:00
ANOM_000364,WORK,156815,UNUSUALLY_HIGH_RECOMMENDED_AMOUNT,1.0,HIGH,"Recommended amount of ₹6,000,000.00 is in the 99.7th percentile for 'Normal/Others' (18.9 robust standard deviations above category median).","{""recommended_amount"": 6000000.0, ""category"": ""Normal/Others"", ""zscore"": 18.94}",STATISTICAL_ROBUST_ZSCORE,"₹50,00,000 & Z >= 3.5","₹6,000,000.00 (Z=18.94)",0.9968,18.9371,Category Median (Normal/Others),2026-08-26T10:47:43.666818+00:00
ANOM_000365,WORK,157697,UNUSUALLY_HIGH_RECOMMENDED_AMOUNT,1.0,HIGH,"Recommended amount of ₹5,832,150.00 is in the 99.7th percentile for 'Normal/Others' (18.4 robust standard deviations above category median).","{""recommended_amount"": 5832150.0, ""category"": ""Normal/Others"", ""zscore"": 18.37}",STATISTICAL_ROBUST_ZSCORE,"₹50,00,000 & Z >= 3.5","₹5,832,150.00 (Z=18.37)",0.9966,18.3695,Category Median (Normal/Others),2026-08-26T10:47:43.666818+00:00
ANOM_000366,WORK,167569,UNUSUALLY_HIGH_RECOMMENDED_AMOUNT,1.0,HIGH,"Recommended amount of ₹5,000,000.00 is in the 99.5th percentile for 'Normal/Others' (15.6 robust standard deviations above category median).","{""recommended_amount"": 5000000.0, ""category"": ""Normal/Others"", ""zscore"": 15.56}",STATISTICAL_ROBUST_ZSCORE,"₹50,00,000 & Z >= 3.5","₹5,000,000.00 (Z=15.56)",0.9949,15.5558,Category Median (Normal/Others),2026-08-26T10:47:43.666818+00:00
ANOM_000367,WORK,189521,UNUSUALLY_HIGH_RECOMMENDED_AMOUNT,1.0,HIGH,"Recommended amount of ₹8,194,000.00 is in the 99.8th percentile for 'Normal/Others' (26.4 robust standard deviations above category median).","{""recommended_amount"": 8194000.0, ""category"": ""Normal/Others"", ""zscore"": 26.36}",STATISTICAL_ROBUST_ZSCORE,"₹50,00,000 & Z >= 3.5","₹8,194,000.00 (Z=26.36)",0.9982,26.3557,Category Median (Normal/Others),2026-08-26T10:47:43.666818+00:00
ANOM_000368,WORK,191918,UNUSUALLY_HIGH_RECOMMENDED_AMOUNT,1.0,HIGH,"Recommended amount of ₹6,925,908.00 is in the 99.7th percentile for 'Normal/Others' (22.1 robust standard deviations above category median).","{""recommended_amount"": 6925908.0, ""category"": ""Normal/Others"", ""zscore"": 22.07}",STATISTICAL_ROBUST_ZSCORE,"₹50,00,000 & Z >= 3.5","₹6,925,908.00 (Z=22.07)",0.9974,22.0679,Category Median (Normal/Others),2026-08-26T10:47:43.666818+00:00
ANOM_000369,WORK,205552,UNUSUALLY_HIGH_RECOMMENDED_AMOUNT,1.0,HIGH,"Recommended amount of ₹5,199,735.00 is in the 99.6th percentile for 'Normal/Others' (16.2 robust standard deviations above category median).","{""recommended_amount"": 5199735.0, ""category"": ""Normal/Others"", ""zscore"": 16.23}",STATISTICAL_ROBUST_ZSCORE,"₹50,00,000 & Z >= 3.5","₹5,199,735.00 (Z=16.23)",0.996,16.2311,Category Median (Normal/Others),2026-08-26T10:47:43.666818+00:00
ANOM_000370,WORK,207494,UNUSUALLY_HIGH_RECOMMENDED_AMOUNT,1.0,HIGH,"Recommended amount of ₹8,000,000.00 is in the 99.8th percentile for 'Normal/Others' (25.7 robust standard deviations above category median).","{""recommended_amount"": 8000000.0, ""category"": ""Normal/Others"", ""zscore"": 25.7}",STATISTICAL_ROBUST_ZSCORE,"₹50,00,000 & Z >= 3.5","₹8,000,000.00 (Z=25.70)",0.9981,25.6997,Category Median (Normal/Others),2026-08-26T10:47:43.666818+00:00
ANOM_000371,WORK,208639,UNUSUALLY_HIGH_RECOMMENDED_AMOUNT,1.0,HIGH,"Recommended amount of ₹7,285,644.00 is in the 99.8th percentile for 'Normal/Others' (23.3 robust standard deviations above category median).","{""recommended_amount"": 7285644.0, ""category"": ""Normal/Others"", ""zscore"": 23.28}",STATISTICAL_ROBUST_ZSCORE,"₹50,00,000 & Z >= 3.5","₹7,285,644.00 (Z=23.28)",0.9977,23.2842,Category Median (Normal/Others),2026-08-26T10:47:43.666818+00:00
ANOM_000372,WORK,208642,UNUSUALLY_HIGH_RECOMMENDED_AMOUNT,1.0,HIGH,"Recommended amount of ₹5,343,068.00 is in the 99.6th percentile for 'Normal/Others' (16.7 robust standard deviations above category median).","{""recommended_amount"": 5343068.0, ""category"": ""Normal/Others"", ""zscore"": 16.72}",STATISTICAL_ROBUST_ZSCORE,"₹50,00,000 & Z >= 3.5","₹5,343,068.00 (Z=16.72)",0.9961,16.7158,Category Median (Normal/Others),2026-08-26T10:47:43.666818+00:00
ANOM_000373,WORK,208657,UNUSUALLY_HIGH_RECOMMENDED_AMOUNT,1.0,HIGH,"Recommended amount of ₹5,500,000.00 is in the 99.6th percentile for 'Normal/Others' (17.2 robust standard deviations above category median).","{""recommended_amount"": 5500000.0, ""category"": ""Normal/Others"", ""zscore"": 17.25}",STATISTICAL_ROBUST_ZSCORE,"₹50,00,000 & Z >= 3.5","₹5,500,000.00 (Z=17.25)",0.9964,17.2464,Category Median (Normal/Others),2026-08-26T10:47:43.666818+00:00
ANOM_000374,WORK,209059,UNUSUALLY_HIGH_RECOMMENDED_AMOUNT,1.0,HIGH,"Recommended amount of ₹5,200,000.00 is in the 99.6th percentile for 'Normal/Others' (16.2 robust standard deviations above category median).","{""recommended_amount"": 5200000.0, ""category"": ""Normal/Others"", ""zscore"": 16.23}",STATISTICAL_ROBUST_ZSCORE,"₹50,00,000 & Z >= 3.5","₹5,200,000.00 (Z=16.23)",0.996,16.232,Category Median (Normal/Others),2026-08-26T10:47:43.666818+00:00
ANOM_000375,WORK,209066,UNUSUALLY_HIGH_RECOMMENDED_AMOUNT,1.0,HIGH,"Recommended amount of ₹5,390,000.00 is in the 99.6th percentile for 'Normal/Others' (16.9 robust standard deviations above category median).","{""recommended_amount"": 5390000.0, ""category"": ""Normal/Others"", ""zscore"": 16.87}",STATISTICAL_ROBUST_ZSCORE,"₹50,00,000 & Z >= 3.5","₹5,390,000.00 (Z=16.87)",0.9962,16.8745,Category Median (Normal/Others),2026-08-26T10:47:43.666818+00:00
ANOM_000376,WORK,209067,UNUSUALLY_HIGH_RECOMMENDED_AMOUNT,1.0,HIGH,"Recommended amount of ₹6,160,000.00 is in the 99.7th percentile for 'Normal/Others' (19.5 robust standard deviations above category median).","{""recommended_amount"": 6160000.0, ""category"": ""Normal/Others"", ""zscore"": 19.48}",STATISTICAL_ROBUST_ZSCORE,"₹50,00,000 & Z >= 3.5","₹6,160,000.00 (Z=19.48)",0.9971,19.4781,Category Median (Normal/Others),2026-08-26T10:47:43.666818+00:00
ANOM_000377,WORK,209935,UNUSUALLY_HIGH_RECOMMENDED_AMOUNT,1.0,HIGH,"Recommended amount of ₹5,000,000.00 is in the 99.5th percentile for 'Normal/Others' (15.6 robust standard deviations above category median).","{""recommended_amount"": 5000000.0, ""category"": ""Normal/Others"", ""zscore"": 15.56}",STATISTICAL_ROBUST_ZSCORE,"₹50,00,000 & Z >= 3.5","₹5,000,000.00 (Z=15.56)",0.9949,15.5558,Category Median (Normal/Others),2026-08-26T10:47:43.666818+00:00
ANOM_000378,WORK,210691,UNUSUALLY_HIGH_RECOMMENDED_AMOUNT,1.0,HIGH,"Recommended amount of ₹12,000,000.00 is in the 99.9th percentile for 'Normal/Others' (39.2 robust standard deviations above category median).","{""recommended_amount"": 12000000.0, ""category"": ""Normal/Others"", ""zscore"": 39.22}",STATISTICAL_ROBUST_ZSCORE,"₹50,00,000 & Z >= 3.5","₹12,000,000.00 (Z=39.22)",0.9994,39.2249,Category Median (Normal/Others),2026-08-26T10:47:43.666818+00:00
ANOM_000379,WORK,211149,UNUSUALLY_HIGH_RECOMMENDED_AMOUNT,1.0,HIGH,"Recommended amount of ₹6,501,833.00 is in the 99.7th percentile for 'Normal/Others' (20.6 robust standard deviations above category median).","{""recommended_amount"": 6501833.0, ""category"": ""Normal/Others"", ""zscore"": 20.63}",STATISTICAL_ROBUST_ZSCORE,"₹50,00,000 & Z >= 3.5","₹6,501,833.00 (Z=20.63)",0.9973,20.6339,Category Median (Normal/Others),2026-08-26T10:47:43.666818+00:00
ANOM_000380,WORK,211150,UNUSUALLY_HIGH_RECOMMENDED_AMOUNT,1.0,HIGH,"Recommended amount of ₹7,910,400.00 is in the 99.8th percentile for 'Normal/Others' (25.4 robust standard deviations above category median).","{""recommended_amount"": 7910400.0, ""category"": ""Normal/Others"", ""zscore"": 25.4}",STATISTICAL_ROBUST_ZSCORE,"₹50,00,000 & Z >= 3.5","₹7,910,400.00 (Z=25.40)",0.9981,25.3967,Category Median (Normal/Others),2026-08-26T10:47:43.666818+00:00
ANOM_000381,WORK,212373,UNUSUALLY_HIGH_RECOMMENDED_AMOUNT,1.0,HIGH,"Recommended amount of ₹7,235,000.00 is in the 99.8th percentile for 'Normal/Others' (23.1 robust standard deviations above category median).","{""recommended_amount"": 7235000.0, ""category"": ""Normal/Others"", ""zscore"": 23.11}",STATISTICAL_ROBUST_ZSCORE,"₹50,00,000 & Z >= 3.5","₹7,235,000.00 (Z=23.11)",0.9977,23.113,Category Median (Normal/Others),2026-08-26T10:47:43.666818+00:00
ANOM_000382,WORK,219448,UNUSUALLY_HIGH_RECOMMENDED_AMOUNT,1.0,HIGH,"Recommended amount of ₹5,000,000.00 is in the 99.5th percentile for 'Normal/Others' (15.6 robust standard deviations above category median).","{""recommended_amount"": 5000000.0, ""category"": ""Normal/Others"", ""zscore"": 15.56}",STATISTICAL_ROBUST_ZSCORE,"₹50,00,000 & Z >= 3.5","₹5,000,000.00 (Z=15.56)",0.9949,15.5558,Category Median (Normal/Others),2026-08-26T10:47:43.666818+00:00
ANOM_000383,WORK,220280,UNUSUALLY_HIGH_RECOMMENDED_AMOUNT,1.0,HIGH,"Recommended amount of ₹10,000,000.00 is in the 99.9th percentile for 'Normal/Others' (32.5 robust standard deviations above category median).","{""recommended_amount"": 10000000.0, ""category"": ""Normal/Others"", ""zscore"": 32.46}",STATISTICAL_ROBUST_ZSCORE,"₹50,00,000 & Z >= 3.5","₹10,000,000.00 (Z=32.46)",0.9989,32.4623,Category Median (Normal/Others),2026-08-26T10:47:43.666818+00:00
ANOM_000384,WORK,226809,UNUSUALLY_HIGH_RECOMMENDED_AMOUNT,1.0,HIGH,"Recommended amount of ₹5,000,000.00 is in the 99.5th percentile for 'Normal/Others' (15.6 robust standard deviations above category median).","{""recommended_amount"": 5000000.0, ""category"": ""Normal/Others"", ""zscore"": 15.56}",STATISTICAL_ROBUST_ZSCORE,"₹50,00,000 & Z >= 3.5","₹5,000,000.00 (Z=15.56)",0.9949,15.5558,Category Median (Normal/Others),2026-08-26T10:47:43.666818+00:00
ANOM_000385,WORK,240010,UNUSUALLY_HIGH_RECOMMENDED_AMOUNT,1.0,HIGH,"Recommended amount of ₹5,467,000.00 is in the 99.6th percentile for 'Normal/Others' (17.1 robust standard deviations above category median).","{""recommended_amount"": 5467000.0, ""category"": ""Normal/Others"", ""zscore"": 17.13}",STATISTICAL_ROBUST_ZSCORE,"₹50,00,000 & Z >= 3.5","₹5,467,000.00 (Z=17.13)",0.9963,17.1349,Category Median (Normal/Others),2026-08-26T10:47:43.666818+00:00
ANOM_000386,WORK,241938,UNUSUALLY_HIGH_RECOMMENDED_AMOUNT,1.0,HIGH,"Recommended amount of ₹5,365,620.00 is in the 99.6th percentile for 'Normal/Others' (16.8 robust standard deviations above category median).","{""recommended_amount"": 5365620.0, ""category"": ""Normal/Others"", ""zscore"": 16.79}",STATISTICAL_ROBUST_ZSCORE,"₹50,00,000 & Z >= 3.5","₹5,365,620.00 (Z=16.79)",0.9962,16.7921,Category Median (Normal/Others),2026-08-26T10:47:43.666818+00:00
ANOM_000387,WORK,242147,UNUSUALLY_HIGH_RECOMMENDED_AMOUNT,1.0,HIGH,"Recommended amount of ₹5,391,008.00 is in the 99.6th percentile for 'Normal/Others' (16.9 robust standard deviations above category median).","{""recommended_amount"": 5391008.0, ""category"": ""Normal/Others"", ""zscore"": 16.88}",STATISTICAL_ROBUST_ZSCORE,"₹50,00,000 & Z >= 3.5","₹5,391,008.00 (Z=16.88)",0.9962,16.8779,Category Median (Normal/Others),2026-08-26T10:47:43.666818+00:00
ANOM_000388,WORK,242169,UNUSUALLY_HIGH_RECOMMENDED_AMOUNT,1.0,HIGH,"Recommended amount of ₹11,717,344.00 is in the 99.9th percentile for 'Normal/Others' (38.3 robust standard deviations above category median).","{""recommended_amount"": 11717344.0, ""category"": ""Normal/Others"", ""zscore"": 38.27}",STATISTICAL_ROBUST_ZSCORE,"₹50,00,000 & Z >= 3.5","₹11,717,344.00 (Z=38.27)",0.9993,38.2692,Category Median (Normal/Others),2026-08-26T10:47:43.666818+00:00
ANOM_000389,WORK,244989,UNUSUALLY_HIGH_RECOMMENDED_AMOUNT,1.0,HIGH,"Recommended amount of ₹9,122,000.00 is in the 99.8th percentile for 'Normal/Others' (29.5 robust standard deviations above category median).","{""recommended_amount"": 9122000.0, ""category"": ""Normal/Others"", ""zscore"": 29.49}",STATISTICAL_ROBUST_ZSCORE,"₹50,00,000 & Z >= 3.5","₹9,122,000.00 (Z=29.49)",0.9985,29.4935,Category Median (Normal/Others),2026-08-26T10:47:43.666818+00:00
ANOM_000390,WORK,250093,UNUSUALLY_HIGH_RECOMMENDED_AMOUNT,1.0,HIGH,"Recommended amount of ₹6,437,084.00 is in the 99.7th percentile for 'Normal/Others' (20.4 robust standard deviations above category median).","{""recommended_amount"": 6437084.0, ""category"": ""Normal/Others"", ""zscore"": 20.42}",STATISTICAL_ROBUST_ZSCORE,"₹50,00,000 & Z >= 3.5","₹6,437,084.00 (Z=20.42)",0.9972,20.415,Category Median (Normal/Others),2026-08-26T10:47:43.666818+00:00
ANOM_000391,WORK,254693,UNUSUALLY_HIGH_RECOMMENDED_AMOUNT,1.0,HIGH,"Recommended amount of ₹5,000,000.00 is in the 99.5th percentile for 'Normal/Others' (15.6 robust standard deviations above category median).","{""recommended_amount"": 5000000.0, ""category"": ""Normal/Others"", ""zscore"": 15.56}",STATISTICAL_ROBUST_ZSCORE,"₹50,00,000 & Z >= 3.5","₹5,000,000.00 (Z=15.56)",0.9949,15.5558,Category Median (Normal/Others),2026-08-26T10:47:43.666818+00:00
ANOM_000392,WORK,254694,UNUSUALLY_HIGH_RECOMMENDED_AMOUNT,1.0,HIGH,"Recommended amount of ₹5,000,000.00 is in the 99.5th percentile for 'Normal/Others' (15.6 robust standard deviations above category median).","{""recommended_amount"": 5000000.0, ""category"": ""Normal/Others"", ""zscore"": 15.56}",STATISTICAL_ROBUST_ZSCORE,"₹50,00,000 & Z >= 3.5","₹5,000,000.00 (Z=15.56)",0.9949,15.5558,Category Median (Normal/Others),2026-08-26T10:47:43.666818+00:00
ANOM_000393,WORK,257051,UNUSUALLY_HIGH_RECOMMENDED_AMOUNT,1.0,HIGH,"Recommended amount of ₹10,000,000.00 is in the 99.9th percentile for 'Normal/Others' (32.5 robust standard deviations above category median).","{""recommended_amount"": 10000000.0, ""category"": ""Normal/Others"", ""zscore"": 32.46}",STATISTICAL_ROBUST_ZSCORE,"₹50,00,000 & Z >= 3.5","₹10,000,000.00 (Z=32.46)",0.9989,32.4623,Category Median (Normal/Others),2026-08-26T10:47:43.666818+00:00
ANOM_000394,WORK,263364,UNUSUALLY_HIGH_RECOMMENDED_AMOUNT,1.0,HIGH,"Recommended amount of ₹7,000,000.00 is in the 99.8th percentile for 'Normal/Others' (22.3 robust standard deviations above category median).","{""recommended_amount"": 7000000.0, ""category"": ""Normal/Others"", ""zscore"": 22.32}",STATISTICAL_ROBUST_ZSCORE,"₹50,00,000 & Z >= 3.5","₹7,000,000.00 (Z=22.32)",0.9975,22.3184,Category Median (Normal/Others),2026-08-26T10:47:43.666818+00:00
ANOM_000395,WORK,264647,UNUSUALLY_HIGH_RECOMMENDED_AMOUNT,1.0,HIGH,"Recommended amount of ₹8,983,692.00 is in the 100.0th percentile for 'Repair and Renovation' (19.1 robust standard deviations above category median).","{""recommended_amount"": 8983692.0, ""category"": ""Repair and Renovation"", ""zscore"": 19.07}",STATISTICAL_ROBUST_ZSCORE,"₹50,00,000 & Z >= 3.5","₹8,983,692.00 (Z=19.07)",1.0,19.0742,Category Median (Repair and Renovation),2026-08-26T10:47:43.666818+00:00
ANOM_000396,WORK,266013,UNUSUALLY_HIGH_RECOMMENDED_AMOUNT,1.0,HIGH,"Recommended amount of ₹5,000,000.00 is in the 99.5th percentile for 'Normal/Others' (15.6 robust standard deviations above category median).","{""recommended_amount"": 5000000.0, ""category"": ""Normal/Others"", ""zscore"": 15.56}",STATISTICAL_ROBUST_ZSCORE,"₹50,00,000 & Z >= 3.5","₹5,000,000.00 (Z=15.56)",0.9949,15.5558,Category Median (Normal/Others),2026-08-26T10:47:43.666818+00:00
ANOM_000397,WORK,266343,UNUSUALLY_HIGH_RECOMMENDED_AMOUNT,1.0,HIGH,"Recommended amount of ₹5,000,000.00 is in the 99.5th percentile for 'Normal/Others' (15.6 robust standard deviations above category median).","{""recommended_amount"": 5000000.0, ""category"": ""Normal/Others"", ""zscore"": 15.56}",STATISTICAL_ROBUST_ZSCORE,"₹50,00,000 & Z >= 3.5","₹5,000,000.00 (Z=15.56)",0.9949,15.5558,Category Median (Normal/Others),2026-08-26T10:47:43.666818+00:00
ANOM_000398,WORK,266344,UNUSUALLY_HIGH_RECOMMENDED_AMOUNT,1.0,HIGH,"Recommended amount of ₹5,500,000.00 is in the 99.6th percentile for 'Normal/Others' (17.2 robust standard deviations above category median).","{""recommended_amount"": 5500000.0, ""category"": ""Normal/Others"", ""zscore"": 17.25}",STATISTICAL_ROBUST_ZSCORE,"₹50,00,000 & Z >= 3.5","₹5,500,000.00 (Z=17.25)",0.9964,17.2464,Category Median (Normal/Others),2026-08-26T10:47:43.666818+00:00
ANOM_000399,WORK,266349,UNUSUALLY_HIGH_RECOMMENDED_AMOUNT,1.0,HIGH,"Recommended amount of ₹5,500,000.00 is in the 99.6th percentile for 'Normal/Others' (17.2 robust standard deviations above category median).","{""recommended_amount"": 5500000.0, ""category"": ""Normal/Others"", ""zscore"": 17.25}",STATISTICAL_ROBUST_ZSCORE,"₹50,00,000 & Z >= 3.5","₹5,500,000.00 (Z=17.25)",0.9964,17.2464,Category Median (Normal/Others),2026-08-26T10:47:43.666818+00:00
ANOM_000400,WORK,267071,UNUSUALLY_HIGH_RECOMMENDED_AMOUNT,1.0,HIGH,"Recommended amount of ₹5,184,158.00 is in the 99.6th percentile for 'Normal/Others' (16.2 robust standard deviations above category median).","{""recommended_amount"": 5184158.0, ""category"": ""Normal/Others"", ""zscore"": 16.18}",STATISTICAL_ROBUST_ZSCORE,"₹50,00,000 & Z >= 3.5","₹5,184,158.00 (Z=16.18)",0.996,16.1785,Category Median (Normal/Others),2026-08-26T10:47:43.666818+00:00
ANOM_000401,WORK,269847,UNUSUALLY_HIGH_RECOMMENDED_AMOUNT,1.0,HIGH,"Recommended amount of ₹6,600,513.00 is in the 99.7th percentile for 'Normal/Others' (21.0 robust standard deviations above category median).","{""recommended_amount"": 6600513.0, ""category"": ""Normal/Others"", ""zscore"": 20.97}",STATISTICAL_ROBUST_ZSCORE,"₹50,00,000 & Z >= 3.5","₹6,600,513.00 (Z=20.97)",0.9973,20.9676,Category Median (Normal/Others),2026-08-26T10:47:43.666818+00:00
ANOM_000402,WORK,270244,UNUSUALLY_HIGH_RECOMMENDED_AMOUNT,1.0,HIGH,"Recommended amount of ₹5,123,999.00 is in the 99.6th percentile for 'Normal/Others' (16.0 robust standard deviations above category median).","{""recommended_amount"": 5123999.0, ""category"": ""Normal/Others"", ""zscore"": 15.98}",STATISTICAL_ROBUST_ZSCORE,"₹50,00,000 & Z >= 3.5","₹5,123,999.00 (Z=15.98)",0.9959,15.9751,Category Median (Normal/Others),2026-08-26T10:47:43.666818+00:00
ANOM_000403,WORK,272183,UNUSUALLY_HIGH_RECOMMENDED_AMOUNT,1.0,HIGH,"Recommended amount of ₹5,500,000.00 is in the 99.6th percentile for 'Normal/Others' (17.2 robust standard deviations above category median).","{""recommended_amount"": 5500000.0, ""category"": ""Normal/Others"", ""zscore"": 17.25}",STATISTICAL_ROBUST_ZSCORE,"₹50,00,000 & Z >= 3.5","₹5,500,000.00 (Z=17.25)",0.9964,17.2464,Category Median (Normal/Others),2026-08-26T10:47:43.666818+00:00
ANOM_000404,WORK,280615,UNUSUALLY_HIGH_RECOMMENDED_AMOUNT,1.0,HIGH,"Recommended amount of ₹7,165,000.00 is in the 99.8th percentile for 'Normal/Others' (22.9 robust standard deviations above category median).","{""recommended_amount"": 7165000.0, ""category"": ""Normal/Others"", ""zscore"": 22.88}",STATISTICAL_ROBUST_ZSCORE,"₹50,00,000 & Z >= 3.5","₹7,165,000.00 (Z=22.88)",0.9976,22.8763,Category Median (Normal/Others),2026-08-26T10:47:43.666818+00:00
ANOM_000405,WORK,282365,UNUSUALLY_HIGH_RECOMMENDED_AMOUNT,1.0,HIGH,"Recommended amount of ₹8,400,000.00 is in the 99.8th percentile for 'Normal/Others' (27.1 robust standard deviations above category median).","{""recommended_amount"": 8400000.0, ""category"": ""Normal/Others"", ""zscore"": 27.05}",STATISTICAL_ROBUST_ZSCORE,"₹50,00,000 & Z >= 3.5","₹8,400,000.00 (Z=27.05)",0.9983,27.0522,Category Median (Normal/Others),2026-08-26T10:47:43.666818+00:00
ANOM_000406,WORK,282366,UNUSUALLY_HIGH_RECOMMENDED_AMOUNT,1.0,HIGH,"Recommended amount of ₹7,250,000.00 is in the 99.8th percentile for 'Normal/Others' (23.2 robust standard deviations above category median).","{""recommended_amount"": 7250000.0, ""category"": ""Normal/Others"", ""zscore"": 23.16}",STATISTICAL_ROBUST_ZSCORE,"₹50,00,000 & Z >= 3.5","₹7,250,000.00 (Z=23.16)",0.9977,23.1637,Category Median (Normal/Others),2026-08-26T10:47:43.666818+00:00
ANOM_000407,WORK,282367,UNUSUALLY_HIGH_RECOMMENDED_AMOUNT,1.0,HIGH,"Recommended amount of ₹8,750,000.00 is in the 99.8th percentile for 'Normal/Others' (28.2 robust standard deviations above category median).","{""recommended_amount"": 8750000.0, ""category"": ""Normal/Others"", ""zscore"": 28.24}",STATISTICAL_ROBUST_ZSCORE,"₹50,00,000 & Z >= 3.5","₹8,750,000.00 (Z=28.24)",0.9984,28.2357,Category Median (Normal/Others),2026-08-26T10:47:43.666818+00:00
ANOM_000408,WORK,282368,UNUSUALLY_HIGH_RECOMMENDED_AMOUNT,1.0,HIGH,"Recommended amount of ₹16,100,000.00 is in the 100.0th percentile for 'Normal/Others' (53.1 robust standard deviations above category median).","{""recommended_amount"": 16100000.0, ""category"": ""Normal/Others"", ""zscore"": 53.09}",STATISTICAL_ROBUST_ZSCORE,"₹50,00,000 & Z >= 3.5","₹16,100,000.00 (Z=53.09)",0.9996,53.0883,Category Median (Normal/Others),2026-08-26T10:47:43.666818+00:00
ANOM_000410,WORK,289975,UNUSUALLY_HIGH_RECOMMENDED_AMOUNT,1.0,HIGH,"Recommended amount of ₹6,633,167.00 is in the 99.7th percentile for 'Normal/Others' (21.1 robust standard deviations above category median).","{""recommended_amount"": 6633167.0, ""category"": ""Normal/Others"", ""zscore"": 21.08}",STATISTICAL_ROBUST_ZSCORE,"₹50,00,000 & Z >= 3.5","₹6,633,167.00 (Z=21.08)",0.9974,21.078,Category Median (Normal/Others),2026-08-26T10:47:43.666818+00:00
ANOM_000411,WORK,291698,UNUSUALLY_HIGH_RECOMMENDED_AMOUNT,1.0,HIGH,"Recommended amount of ₹5,000,000.00 is in the 99.5th percentile for 'Normal/Others' (15.6 robust standard deviations above category median).","{""recommended_amount"": 5000000.0, ""category"": ""Normal/Others"", ""zscore"": 15.56}",STATISTICAL_ROBUST_ZSCORE,"₹50,00,000 & Z >= 3.5","₹5,000,000.00 (Z=15.56)",0.9949,15.5558,Category Median (Normal/Others),2026-08-26T10:47:43.666818+00:00
ANOM_000412,WORK,294211,UNUSUALLY_HIGH_RECOMMENDED_AMOUNT,1.0,HIGH,"Recommended amount of ₹5,200,000.00 is in the 99.6th percentile for 'Normal/Others' (16.2 robust standard deviations above category median).","{""recommended_amount"": 5200000.0, ""category"": ""Normal/Others"", ""zscore"": 16.23}",STATISTICAL_ROBUST_ZSCORE,"₹50,00,000 & Z >= 3.5","₹5,200,000.00 (Z=16.23)",0.996,16.232,Category Median (Normal/Others),2026-08-26T10:47:43.666818+00:00
ANOM_000413,WORK,295391,UNUSUALLY_HIGH_RECOMMENDED_AMOUNT,1.0,HIGH,"Recommended amount of ₹19,000,000.00 is in the 100.0th percentile for 'Normal/Others' (62.9 robust standard deviations above category median).","{""recommended_amount"": 19000000.0, ""category"": ""Normal/Others"", ""zscore"": 62.89}",STATISTICAL_ROBUST_ZSCORE,"₹50,00,000 & Z >= 3.5","₹19,000,000.00 (Z=62.89)",0.9997,62.8941,Category Median (Normal/Others),2026-08-26T10:47:43.666818+00:00
ANOM_000414,WORK,295405,UNUSUALLY_HIGH_RECOMMENDED_AMOUNT,1.0,HIGH,"Recommended amount of ₹6,000,000.00 is in the 99.7th percentile for 'Normal/Others' (18.9 robust standard deviations above category median).","{""recommended_amount"": 6000000.0, ""category"": ""Normal/Others"", ""zscore"": 18.94}",STATISTICAL_ROBUST_ZSCORE,"₹50,00,000 & Z >= 3.5","₹6,000,000.00 (Z=18.94)",0.9968,18.9371,Category Median (Normal/Others),2026-08-26T10:47:43.666818+00:00
ANOM_000415,WORK,295406,UNUSUALLY_HIGH_RECOMMENDED_AMOUNT,1.0,HIGH,"Recommended amount of ₹6,000,000.00 is in the 99.7th percentile for 'Normal/Others' (18.9 robust standard deviations above category median).","{""recommended_amount"": 6000000.0, ""category"": ""Normal/Others"", ""zscore"": 18.94}",STATISTICAL_ROBUST_ZSCORE,"₹50,00,000 & Z >= 3.5","₹6,000,000.00 (Z=18.94)",0.9968,18.9371,Category Median (Normal/Others),2026-08-26T10:47:43.666818+00:00
ANOM_000416,WORK,305217,UNUSUALLY_HIGH_RECOMMENDED_AMOUNT,1.0,HIGH,"Recommended amount of ₹8,000,000.00 is in the 99.8th percentile for 'Normal/Others' (25.7 robust standard deviations above category median).","{""recommended_amount"": 8000000.0, ""category"": ""Normal/Others"", ""zscore"": 25.7}",STATISTICAL_ROBUST_ZSCORE,"₹50,00,000 & Z >= 3.5","₹8,000,000.00 (Z=25.70)",0.9981,25.6997,Category Median (Normal/Others),2026-08-26T10:47:43.666818+00:00
ANOM_000457,TRANSACTION,TXN_000207,UNUSUALLY_HIGH_EXPENDITURE_TRANSACTION,1.0,HIGH,"Payment voucher of ₹5,651,433.00 for 'Lighting of public spaces' is 40.3 robust standard deviations above activity median.","{""expenditure_amount"": 5651433.0, ""activity"": ""Lighting of public spaces"", ""vendor"": ""SHRI GURU KRIPA NARSINGH ASSOCIATES"", ""zscore"": 40.25}",STATISTICAL_ROBUST_ZSCORE,"₹50,00,000 & Z >= 3.5","₹5,651,433.00 (Z=40.25)",0.997,40.2511,Activity Median (Lighting of public spaces),2026-08-26T10:47:43.666818+00:00
ANOM_000458,TRANSACTION,TXN_002312,UNUSUALLY_HIGH_EXPENDITURE_TRANSACTION,1.0,HIGH,"Payment voucher of ₹8,660,974.00 for 'Lighting of public spaces' is 62.3 robust standard deviations above activity median.","{""expenditure_amount"": 8660974.0, ""activity"": ""Lighting of public spaces"", ""vendor"": ""ATHARV ENTERPRISES"", ""zscore"": 62.3}",STATISTICAL_ROBUST_ZSCORE,"₹50,00,000 & Z >= 3.5","₹8,660,974.00 (Z=62.30)",0.9987,62.2991,Activity Median (Lighting of public spaces),2026-08-26T10:47:43.666818+00:00
ANOM_000459,TRANSACTION,TXN_002824,UNUSUALLY_HIGH_EXPENDITURE_TRANSACTION,1.0,HIGH,"Payment voucher of ₹9,707,139.00 for 'Street lights' is 63.9 robust standard deviations above activity median.","{""expenditure_amount"": 9707139.0, ""activity"": ""Street lights"", ""vendor"": ""GAUR CONSTRUCTION"", ""zscore"": 63.88}",STATISTICAL_ROBUST_ZSCORE,"₹50,00,000 & Z >= 3.5","₹9,707,139.00 (Z=63.88)",0.9999,63.8764,Activity Median (Street lights),2026-08-26T10:47:43.666818+00:00
ANOM_000460,TRANSACTION,TXN_003599,UNUSUALLY_HIGH_EXPENDITURE_TRANSACTION,1.0,HIGH,"Payment voucher of ₹6,800,000.00 for 'Construction of roads, link roads, pathways or any other road with or without drainage system' is 22.7 robust standard deviations above activity median.","{""expenditure_amount"": 6800000.0, ""activity"": ""Construction of roads, link roads, pathways or any other road with or without drainage system"", ""vendor"": ""LHANGTI KONYAK"", ""zscore"": 22.68}",STATISTICAL_ROBUST_ZSCORE,"₹50,00,000 & Z >= 3.5","₹6,800,000.00 (Z=22.68)",0.9999,22.6828,"Activity Median (Construction of roads, link roads, pathways or any other road with or without drainage system)",2026-08-26T10:47:43.666818+00:00
ANOM_000461,TRANSACTION,TXN_004402,UNUSUALLY_HIGH_EXPENDITURE_TRANSACTION,1.0,HIGH,"Payment voucher of ₹9,000,000.00 for 'Purchase of hospital equipment' is 16.6 robust standard deviations above activity median.","{""expenditure_amount"": 9000000.0, ""activity"": ""Purchase of hospital equipment"", ""vendor"": ""SOFTHARD INNOVATIONS SOLUTIONS PRIVATE LIMITED"", ""zscore"": 16.56}",STATISTICAL_ROBUST_ZSCORE,"₹50,00,000 & Z >= 3.5","₹9,000,000.00 (Z=16.56)",0.9773,16.5569,Activity Median (Purchase of hospital equipment),2026-08-26T10:47:43.666818+00:00
ANOM_000463,TRANSACTION,TXN_005631,UNUSUALLY_HIGH_EXPENDITURE_TRANSACTION,1.0,HIGH,"Payment voucher of ₹7,800,000.00 for 'Purchase of training equipment' is 193.6 robust standard deviations above activity median.","{""expenditure_amount"": 7800000.0, ""activity"": ""Purchase of training equipment"", ""vendor"": ""NAGAROOTS PVT LTD"", ""zscore"": 193.58}",STATISTICAL_ROBUST_ZSCORE,"₹50,00,000 & Z >= 3.5","₹7,800,000.00 (Z=193.58)",1.0,193.5815,Activity Median (Purchase of training equipment),2026-08-26T10:47:43.666818+00:00
ANOM_000464,TRANSACTION,TXN_006195,UNUSUALLY_HIGH_EXPENDITURE_TRANSACTION,1.0,HIGH,"Payment voucher of ₹5,199,865.00 for 'Construction of boundary walls of existing public and community buildings' is 20.0 robust standard deviations above activity median.","{""expenditure_amount"": 5199865.0, ""activity"": ""Construction of boundary walls of existing public and community buildings"", ""vendor"": ""DEEPA TRADERS"", ""zscore"": 19.98}",STATISTICAL_ROBUST_ZSCORE,"₹50,00,000 & Z >= 3.5","₹5,199,865.00 (Z=19.98)",1.0,19.9839,Activity Median (Construction of boundary walls of existing public and community buildings),2026-08-26T10:47:43.666818+00:00
ANOM_000465,TRANSACTION,TXN_006835,UNUSUALLY_HIGH_EXPENDITURE_TRANSACTION,1.0,HIGH,"Payment voucher of ₹5,998,083.00 for 'Construction of community centers and community halls' is 22.0 robust standard deviations above activity median.","{""expenditure_amount"": 5998083.0, ""activity"": ""Construction of community centers and community halls"", ""vendor"": ""SRI VAARI INFRAS"", ""zscore"": 22.02}",STATISTICAL_ROBUST_ZSCORE,"₹50,00,000 & Z >= 3.5","₹5,998,083.00 (Z=22.02)",0.9996,22.0185,Activity Median (Construction of community centers and community halls),2026-08-26T10:47:43.666818+00:00
ANOM_000467,TRANSACTION,TXN_007189,UNUSUALLY_HIGH_EXPENDITURE_TRANSACTION,1.0,HIGH,"Payment voucher of ₹6,101,030.00 for 'Lighting of public spaces' is 43.5 robust standard deviations above activity median.","{""expenditure_amount"": 6101030.0, ""activity"": ""Lighting of public spaces"", ""vendor"": ""ATHARV ENTERPRISES"", ""zscore"": 43.54}",STATISTICAL_ROBUST_ZSCORE,"₹50,00,000 & Z >= 3.5","₹6,101,030.00 (Z=43.54)",0.9976,43.5449,Activity Median (Lighting of public spaces),2026-08-26T10:47:43.666818+00:00
ANOM_000468,TRANSACTION,TXN_007391,UNUSUALLY_HIGH_EXPENDITURE_TRANSACTION,1.0,HIGH,"Payment voucher of ₹8,480,806.00 for 'Lighting of public spaces' is 61.0 robust standard deviations above activity median.","{""expenditure_amount"": 8480806.0, ""activity"": ""Lighting of public spaces"", ""vendor"": ""ATHARV ENTERPRISES"", ""zscore"": 60.98}",STATISTICAL_ROBUST_ZSCORE,"₹50,00,000 & Z >= 3.5","₹8,480,806.00 (Z=60.98)",0.9984,60.9792,Activity Median (Lighting of public spaces),2026-08-26T10:47:43.666818+00:00
ANOM_000469,TRANSACTION,TXN_007392,UNUSUALLY_HIGH_EXPENDITURE_TRANSACTION,1.0,HIGH,"Payment voucher of ₹8,490,943.00 for 'Lighting of public spaces' is 61.1 robust standard deviations above activity median.","{""expenditure_amount"": 8490943.0, ""activity"": ""Lighting of public spaces"", ""vendor"": ""ATHARV ENTERPRISES"", ""zscore"": 61.05}",STATISTICAL_ROBUST_ZSCORE,"₹50,00,000 & Z >= 3.5","₹8,490,943.00 (Z=61.05)",0.9985,61.0534,Activity Median (Lighting of public spaces),2026-08-26T10:47:43.666818+00:00
ANOM_000470,TRANSACTION,TXN_007462,UNUSUALLY_HIGH_EXPENDITURE_TRANSACTION,1.0,HIGH,"Payment voucher of ₹7,737,422.00 for 'Crematoriums/energy efficient crematoriums or structures on burial/cremation ground' is 63.9 robust standard deviations above activity median.","{""expenditure_amount"": 7737422.0, ""activity"": ""Crematoriums/energy efficient crematoriums or structures on burial/cremation ground"", ""vendor"": ""ALPHA EQUIPMENTS"", ""zscore"": 63.93}",STATISTICAL_ROBUST_ZSCORE,"₹50,00,000 & Z >= 3.5","₹7,737,422.00 (Z=63.93)",1.0,63.9254,Activity Median (Crematoriums/energy efficient crematoriums or structures on burial/cremation ground),2026-08-26T10:47:43.666818+00:00
ANOM_000471,TRANSACTION,TXN_008125,UNUSUALLY_HIGH_EXPENDITURE_TRANSACTION,1.0,HIGH,"Payment voucher of ₹9,415,694.00 for 'Lighting of public spaces' is 67.8 robust standard deviations above activity median.","{""expenditure_amount"": 9415694.0, ""activity"": ""Lighting of public spaces"", ""vendor"": ""SHRI GURU KRIPA NARSINGH ASSOSIATES"", ""zscore"": 67.83}",STATISTICAL_ROBUST_ZSCORE,"₹50,00,000 & Z >= 3.5","₹9,415,694.00 (Z=67.83)",0.9991,67.8282,Activity Median (Lighting of public spaces),2026-08-26T10:47:43.666818+00:00
ANOM_000472,TRANSACTION,TXN_008387,UNUSUALLY_HIGH_EXPENDITURE_TRANSACTION,1.0,HIGH,"Payment voucher of ₹9,415,694.00 for 'Lighting of public spaces' is 67.8 robust standard deviations above activity median.","{""expenditure_amount"": 9415694.0, ""activity"": ""Lighting of public spaces"", ""vendor"": ""SHRI GURU KRIPA NARSINGH ASSOSIATES"", ""zscore"": 67.83}",STATISTICAL_ROBUST_ZSCORE,"₹50,00,000 & Z >= 3.5","₹9,415,694.00 (Z=67.83)",0.9991,67.8282,Activity Median (Lighting of public spaces),2026-08-26T10:47:43.666818+00:00
ANOM_000473,TRANSACTION,TXN_008388,UNUSUALLY_HIGH_EXPENDITURE_TRANSACTION,1.0,HIGH,"Payment voucher of ₹9,415,694.00 for 'Lighting of public spaces' is 67.8 robust standard deviations above activity median.","{""expenditure_amount"": 9415694.0, ""activity"": ""Lighting of public spaces"", ""vendor"": ""SHRI GURU KRIPA NARSINGH ASSOSIATES"", ""zscore"": 67.83}",STATISTICAL_ROBUST_ZSCORE,"₹50,00,000 & Z >= 3.5","₹9,415,694.00 (Z=67.83)",0.9991,67.8282,Activity Median (Lighting of public spaces),2026-08-26T10:47:43.666818+00:00
ANOM_000474,TRANSACTION,TXN_008428,UNUSUALLY_HIGH_EXPENDITURE_TRANSACTION,1.0,HIGH,"Payment voucher of ₹8,956,790.00 for 'Lighting of public spaces' is 64.5 robust standard deviations above activity median.","{""expenditure_amount"": 8956790.0, ""activity"": ""Lighting of public spaces"", ""vendor"": ""SHRI GURU KRIPA NARSINGH ASSOSIATES"", ""zscore"": 64.47}",STATISTICAL_ROBUST_ZSCORE,"₹50,00,000 & Z >= 3.5","₹8,956,790.00 (Z=64.47)",0.9989,64.4662,Activity Median (Lighting of public spaces),2026-08-26T10:47:43.666818+00:00
ANOM_000475,TRANSACTION,TXN_008507,UNUSUALLY_HIGH_EXPENDITURE_TRANSACTION,1.0,HIGH,"Payment voucher of ₹9,977,320.00 for 'Purchase of hospital equipment' is 18.5 robust standard deviations above activity median.","{""expenditure_amount"": 9977320.0, ""activity"": ""Purchase of hospital equipment"", ""vendor"": ""FUTURISTA ENTERPRISES PVT LTD"", ""zscore"": 18.46}",STATISTICAL_ROBUST_ZSCORE,"₹50,00,000 & Z >= 3.5","₹9,977,320.00 (Z=18.46)",0.9886,18.4598,Activity Median (Purchase of hospital equipment),2026-08-26T10:47:43.666818+00:00
ANOM_000476,TRANSACTION,TXN_008529,UNUSUALLY_HIGH_EXPENDITURE_TRANSACTION,1.0,HIGH,"Payment voucher of ₹5,253,449.00 for 'Construction of community centers and community halls' is 19.2 robust standard deviations above activity median.","{""expenditure_amount"": 5253449.0, ""activity"": ""Construction of community centers and community halls"", ""vendor"": ""MOUSUMI BANIK"", ""zscore"": 19.19}",STATISTICAL_ROBUST_ZSCORE,"₹50,00,000 & Z >= 3.5","₹5,253,449.00 (Z=19.19)",0.9992,19.1921,Activity Median (Construction of community centers and community halls),2026-08-26T10:47:43.666818+00:00
ANOM_000477,TRANSACTION,TXN_009018,UNUSUALLY_HIGH_EXPENDITURE_TRANSACTION,1.0,HIGH,"Payment voucher of ₹5,000,000.00 for 'Development of playfields and sports grounds' is 30.4 robust standard deviations above activity median.","{""expenditure_amount"": 5000000.0, ""activity"": ""Development of playfields and sports grounds"", ""vendor"": ""APRJ CONSTRUCTIONS PRIVATE LIMITED"", ""zscore"": 30.39}",STATISTICAL_ROBUST_ZSCORE,"₹50,00,000 & Z >= 3.5","₹5,000,000.00 (Z=30.39)",1.0,30.3857,Activity Median (Development of playfields and sports grounds),2026-08-26T10:47:43.666818+00:00
ANOM_000478,TRANSACTION,TXN_009233,UNUSUALLY_HIGH_EXPENDITURE_TRANSACTION,1.0,HIGH,"Payment voucher of ₹6,894,000.00 for 'Construction of community centers and community halls' is 25.4 robust standard deviations above activity median.","{""expenditure_amount"": 6894000.0, ""activity"": ""Construction of community centers and community halls"", ""vendor"": ""MASRAT SIDIQ GILKAR"", ""zscore"": 25.42}",STATISTICAL_ROBUST_ZSCORE,"₹50,00,000 & Z >= 3.5","₹6,894,000.00 (Z=25.42)",1.0,25.4192,Activity Median (Construction of community centers and community halls),2026-08-26T10:47:43.666818+00:00
ANOM_000479,TRANSACTION,TXN_010493,UNUSUALLY_HIGH_EXPENDITURE_TRANSACTION,1.0,HIGH,"Payment voucher of ₹5,758,516.00 for 'Construction of community centers and community halls' is 21.1 robust standard deviations above activity median.","{""expenditure_amount"": 5758516.0, ""activity"": ""Construction of community centers and community halls"", ""vendor"": ""ASIB ENTERPRISE"", ""zscore"": 21.11}",STATISTICAL_ROBUST_ZSCORE,"₹50,00,000 & Z >= 3.5","₹5,758,516.00 (Z=21.11)",0.9994,21.1092,Activity Median (Construction of community centers and community halls),2026-08-26T10:47:43.666818+00:00
ANOM_000480,TRANSACTION,TXN_011602,UNUSUALLY_HIGH_EXPENDITURE_TRANSACTION,1.0,HIGH,"Payment voucher of ₹8,601,839.00 for 'Construction of rooms and facilities for hospitals, FWC , PHC Centers and ANM centers' is 34.6 robust standard deviations above activity median.","{""expenditure_amount"": 8601839.0, ""activity"": ""Construction of rooms and facilities for hospitals, FWC , PHC Centers and ANM centers"", ""vendor"": ""LOKENATH CONSTRUCTION"", ""zscore"": 34.59}",STATISTICAL_ROBUST_ZSCORE,"₹50,00,000 & Z >= 3.5","₹8,601,839.00 (Z=34.59)",1.0,34.5859,"Activity Median (Construction of rooms and facilities for hospitals, FWC , PHC Centers and ANM centers)",2026-08-26T10:47:43.666818+00:00
ANOM_000481,TRANSACTION,TXN_015435,UNUSUALLY_HIGH_EXPENDITURE_TRANSACTION,1.0,HIGH,"Payment voucher of ₹7,938,332.00 for 'Construction of culverts and bridges' is 34.4 robust standard deviations above activity median.","{""expenditure_amount"": 7938332.0, ""activity"": ""Construction of culverts and bridges"", ""vendor"": ""SAIBABA STONE CRUSHER AND CONSTRUCTION"", ""zscore"": 34.41}",STATISTICAL_ROBUST_ZSCORE,"₹50,00,000 & Z >= 3.5","₹7,938,332.00 (Z=34.41)",1.0,34.4113,Activity Median (Construction of culverts and bridges),2026-08-26T10:47:43.666818+00:00
ANOM_000483,TRANSACTION,TXN_017269,UNUSUALLY_HIGH_EXPENDITURE_TRANSACTION,1.0,HIGH,"Payment voucher of ₹8,100,000.00 for 'Purchase of prosthetics, wheel chairs, tricycles (manual or motorized), elect scooties, hearing aids' is 539.3 robust standard deviations above activity median.","{""expenditure_amount"": 8100000.0, ""activity"": ""Purchase of prosthetics, wheel chairs, tricycles (manual or motorized), elect scooties, hearing aids"", ""vendor"": ""GOURI KRISHI BHANDER"", ""zscore"": 539.26}",STATISTICAL_ROBUST_ZSCORE,"₹50,00,000 & Z >= 3.5","₹8,100,000.00 (Z=539.26)",1.0,539.2627,"Activity Median (Purchase of prosthetics, wheel chairs, tricycles (manual or motorized), elect scooties, hearing aids)",2026-08-26T10:47:43.666818+00:00
ANOM_000484,TRANSACTION,TXN_017943,UNUSUALLY_HIGH_EXPENDITURE_TRANSACTION,1.0,HIGH,"Payment voucher of ₹14,430,350.00 for 'Street lights' is 95.4 robust standard deviations above activity median.","{""expenditure_amount"": 14430350.0, ""activity"": ""Street lights"", ""vendor"": ""TRILOKI NATH TRIPATHI"", ""zscore"": 95.39}",STATISTICAL_ROBUST_ZSCORE,"₹50,00,000 & Z >= 3.5","₹14,430,350.00 (Z=95.39)",1.0,95.395,Activity Median (Street lights),2026-08-26T10:47:43.666818+00:00
ANOM_000485,TRANSACTION,TXN_018226,UNUSUALLY_HIGH_EXPENDITURE_TRANSACTION,1.0,HIGH,"Payment voucher of ₹5,000,000.00 for 'Construction of additional rooms and halls in the existing public and community building' is 21.5 robust standard deviations above activity median.","{""expenditure_amount"": 5000000.0, ""activity"": ""Construction of additional rooms and halls in the existing public and community building"", ""vendor"": ""SATYAKRISHNA ENTERPRISE"", ""zscore"": 21.54}",STATISTICAL_ROBUST_ZSCORE,"₹50,00,000 & Z >= 3.5","₹5,000,000.00 (Z=21.54)",1.0,21.5423,Activity Median (Construction of additional rooms and halls in the existing public and community building),2026-08-26T10:47:43.666818+00:00
ANOM_000486,TRANSACTION,TXN_018237,UNUSUALLY_HIGH_EXPENDITURE_TRANSACTION,1.0,HIGH,"Payment voucher of ₹5,959,310.00 for 'Installing community drinking water plants' is 29.1 robust standard deviations above activity median.","{""expenditure_amount"": 5959310.0, ""activity"": ""Installing community drinking water plants"", ""vendor"": ""SOUMEN ADHIKARY"", ""zscore"": 29.06}",STATISTICAL_ROBUST_ZSCORE,"₹50,00,000 & Z >= 3.5","₹5,959,310.00 (Z=29.06)",0.9992,29.0558,Activity Median (Installing community drinking water plants),2026-08-26T10:47:43.666818+00:00
ANOM_000487,TRANSACTION,TXN_020201,UNUSUALLY_HIGH_EXPENDITURE_TRANSACTION,1.0,HIGH,"Payment voucher of ₹7,164,134.00 for 'Construction of rooms and halls in school and colleges' is 25.9 robust standard deviations above activity median.","{""expenditure_amount"": 7164134.0, ""activity"": ""Construction of rooms and halls in school and colleges"", ""vendor"": ""BAIDYA NATH GHOSH"", ""zscore"": 25.86}",STATISTICAL_ROBUST_ZSCORE,"₹50,00,000 & Z >= 3.5","₹7,164,134.00 (Z=25.86)",0.9991,25.8627,Activity Median (Construction of rooms and halls in school and colleges),2026-08-26T10:47:43.666818+00:00
ANOM_000488,TRANSACTION,TXN_020355,UNUSUALLY_HIGH_EXPENDITURE_TRANSACTION,1.0,HIGH,"Payment voucher of ₹5,388,159.00 for 'Street lights' is 35.1 robust standard deviations above activity median.","{""expenditure_amount"": 5388159.0, ""activity"": ""Street lights"", ""vendor"": ""SHYAM SOLAR TRADING"", ""zscore"": 35.06}",STATISTICAL_ROBUST_ZSCORE,"₹50,00,000 & Z >= 3.5","₹5,388,159.00 (Z=35.06)",0.9992,35.0553,Activity Median (Street lights),2026-08-26T10:47:43.666818+00:00
ANOM_000489,TRANSACTION,TXN_020495,UNUSUALLY_HIGH_EXPENDITURE_TRANSACTION,1.0,HIGH,"Payment voucher of ₹5,096,668.00 for 'Installing community drinking water plants' is 24.7 robust standard deviations above activity median.","{""expenditure_amount"": 5096668.0, ""activity"": ""Installing community drinking water plants"", ""vendor"": ""GOPAL CHANDRA CHOWDHURY"", ""zscore"": 24.68}",STATISTICAL_ROBUST_ZSCORE,"₹50,00,000 & Z >= 3.5","₹5,096,668.00 (Z=24.68)",0.9983,24.6787,Activity Median (Installing community drinking water plants),2026-08-26T10:47:43.666818+00:00
ANOM_000490,TRANSACTION,TXN_021887,UNUSUALLY_HIGH_EXPENDITURE_TRANSACTION,1.0,HIGH,"Payment voucher of ₹5,209,170.00 for 'Construction of community centers and community halls' is 19.0 robust standard deviations above activity median.","{""expenditure_amount"": 5209170.0, ""activity"": ""Construction of community centers and community halls"", ""vendor"": ""SHANKRAJ CONSTRUCTION"", ""zscore"": 19.02}",STATISTICAL_ROBUST_ZSCORE,"₹50,00,000 & Z >= 3.5","₹5,209,170.00 (Z=19.02)",0.999,19.024,Activity Median (Construction of community centers and community halls),2026-08-26T10:47:43.666818+00:00
ANOM_000491,TRANSACTION,TXN_022221,UNUSUALLY_HIGH_EXPENDITURE_TRANSACTION,1.0,HIGH,"Payment voucher of ₹5,094,124.00 for 'Improvement of electricity distribution infrastructure' is 31.4 robust standard deviations above activity median.","{""expenditure_amount"": 5094124.0, ""activity"": ""Improvement of electricity distribution infrastructure"", ""vendor"": ""GOODWILL COMMERCIAL"", ""zscore"": 31.41}",STATISTICAL_ROBUST_ZSCORE,"₹50,00,000 & Z >= 3.5","₹5,094,124.00 (Z=31.41)",1.0,31.4072,Activity Median (Improvement of electricity distribution infrastructure),2026-08-26T10:47:43.666818+00:00
ANOM_000492,TRANSACTION,TXN_023110,UNUSUALLY_HIGH_EXPENDITURE_TRANSACTION,1.0,HIGH,"Payment voucher of ₹7,032,423.00 for 'Development of public parks' is 20.5 robust standard deviations above activity median.","{""expenditure_amount"": 7032423.0, ""activity"": ""Development of public parks"", ""vendor"": ""R R THULASI BUILDERS INDIA PRIVATE LIMITED"", ""zscore"": 20.45}",STATISTICAL_ROBUST_ZSCORE,"₹50,00,000 & Z >= 3.5","₹7,032,423.00 (Z=20.45)",1.0,20.4517,Activity Median (Development of public parks),2026-08-26T10:47:43.666818+00:00
ANOM_000493,TRANSACTION,TXN_023524,UNUSUALLY_HIGH_EXPENDITURE_TRANSACTION,1.0,HIGH,"Payment voucher of ₹8,000,000.00 for 'Purchase of hospital equipment' is 14.6 robust standard deviations above activity median.","{""expenditure_amount"": 8000000.0, ""activity"": ""Purchase of hospital equipment"", ""vendor"": ""LABMEDICA SYSTEMS PVT LTD"", ""zscore"": 14.61}",STATISTICAL_ROBUST_ZSCORE,"₹50,00,000 & Z >= 3.5","₹8,000,000.00 (Z=14.61)",0.9688,14.6098,Activity Median (Purchase of hospital equipment),2026-08-26T10:47:43.666818+00:00
ANOM_000494,TRANSACTION,TXN_023767,UNUSUALLY_HIGH_EXPENDITURE_TRANSACTION,1.0,HIGH,"Payment voucher of ₹8,000,000.00 for 'Purchase of hospital equipment' is 14.6 robust standard deviations above activity median.","{""expenditure_amount"": 8000000.0, ""activity"": ""Purchase of hospital equipment"", ""vendor"": ""LABMEDICA SYSTEMS PVT LTD"", ""zscore"": 14.61}",STATISTICAL_ROBUST_ZSCORE,"₹50,00,000 & Z >= 3.5","₹8,000,000.00 (Z=14.61)",0.9688,14.6098,Activity Median (Purchase of hospital equipment),2026-08-26T10:47:43.666818+00:00
ANOM_000495,TRANSACTION,TXN_024683,UNUSUALLY_HIGH_EXPENDITURE_TRANSACTION,1.0,HIGH,"Payment voucher of ₹7,140,065.00 for 'Lighting of public spaces' is 51.2 robust standard deviations above activity median.","{""expenditure_amount"": 7140065.0, ""activity"": ""Lighting of public spaces"", ""vendor"": ""DAD INCORPORATION"", ""zscore"": 51.16}",STATISTICAL_ROBUST_ZSCORE,"₹50,00,000 & Z >= 3.5","₹7,140,065.00 (Z=51.16)",0.9979,51.1569,Activity Median (Lighting of public spaces),2026-08-26T10:47:43.666818+00:00
ANOM_000496,TRANSACTION,TXN_024807,UNUSUALLY_HIGH_EXPENDITURE_TRANSACTION,1.0,HIGH,"Payment voucher of ₹6,000,000.00 for 'Construction of community centers and community halls' is 22.0 robust standard deviations above activity median.","{""expenditure_amount"": 6000000.0, ""activity"": ""Construction of community centers and community halls"", ""vendor"": ""SELVANAYAKIAMMAN BUILDERS"", ""zscore"": 22.03}",STATISTICAL_ROBUST_ZSCORE,"₹50,00,000 & Z >= 3.5","₹6,000,000.00 (Z=22.03)",0.9998,22.0258,Activity Median (Construction of community centers and community halls),2026-08-26T10:47:43.666818+00:00
ANOM_000498,TRANSACTION,TXN_026491,UNUSUALLY_HIGH_EXPENDITURE_TRANSACTION,1.0,HIGH,"Payment voucher of ₹5,260,434.00 for 'Construction of community centers and community halls' is 19.2 robust standard deviations above activity median.","{""expenditure_amount"": 5260434.0, ""activity"": ""Construction of community centers and community halls"", ""vendor"": ""EAGGLE EYE INFRASTRUCTURES"", ""zscore"": 19.22}",STATISTICAL_ROBUST_ZSCORE,"₹50,00,000 & Z >= 3.5","₹5,260,434.00 (Z=19.22)",0.9993,19.2186,Activity Median (Construction of community centers and community halls),2026-08-26T10:47:43.666818+00:00
ANOM_000499,TRANSACTION,TXN_026492,UNUSUALLY_HIGH_EXPENDITURE_TRANSACTION,1.0,HIGH,"Payment voucher of ₹10,000,000.00 for 'Construction of rooms and halls in school and colleges' is 36.4 robust standard deviations above activity median.","{""expenditure_amount"": 10000000.0, ""activity"": ""Construction of rooms and halls in school and colleges"", ""vendor"": ""GOUTAM CONSTRUCTION"", ""zscore"": 36.39}",STATISTICAL_ROBUST_ZSCORE,"₹50,00,000 & Z >= 3.5","₹10,000,000.00 (Z=36.39)",1.0,36.3942,Activity Median (Construction of rooms and halls in school and colleges),2026-08-26T10:47:43.666818+00:00
ANOM_000500,TRANSACTION,TXN_027054,UNUSUALLY_HIGH_EXPENDITURE_TRANSACTION,1.0,HIGH,"Payment voucher of ₹8,775,290.00 for 'Lighting of public spaces' is 63.1 robust standard deviations above activity median.","{""expenditure_amount"": 8775290.0, ""activity"": ""Lighting of public spaces"", ""vendor"": ""SARKAR ENTERPRISE"", ""zscore"": 63.14}",STATISTICAL_ROBUST_ZSCORE,"₹50,00,000 & Z >= 3.5","₹8,775,290.00 (Z=63.14)",0.9988,63.1366,Activity Median (Lighting of public spaces),2026-08-26T10:47:43.666818+00:00
ANOM_000501,TRANSACTION,TXN_027351,UNUSUALLY_HIGH_EXPENDITURE_TRANSACTION,1.0,HIGH,"Payment voucher of ₹8,756,596.00 for 'Street lights' is 57.5 robust standard deviations above activity median.","{""expenditure_amount"": 8756596.0, ""activity"": ""Street lights"", ""vendor"": ""SARKAR ENTERPRISE"", ""zscore"": 57.53}",STATISTICAL_ROBUST_ZSCORE,"₹50,00,000 & Z >= 3.5","₹8,756,596.00 (Z=57.53)",0.9997,57.5333,Activity Median (Street lights),2026-08-26T10:47:43.666818+00:00
ANOM_000503,TRANSACTION,TXN_027530,UNUSUALLY_HIGH_EXPENDITURE_TRANSACTION,1.0,HIGH,"Payment voucher of ₹5,005,890.00 for 'Lighting of public spaces' is 35.5 robust standard deviations above activity median.","{""expenditure_amount"": 5005890.0, ""activity"": ""Lighting of public spaces"", ""vendor"": ""MS JAI SINGH VERMA"", ""zscore"": 35.52}",STATISTICAL_ROBUST_ZSCORE,"₹50,00,000 & Z >= 3.5","₹5,005,890.00 (Z=35.52)",0.9961,35.5218,Activity Median (Lighting of public spaces),2026-08-26T10:47:43.666818+00:00
ANOM_000504,TRANSACTION,TXN_027741,UNUSUALLY_HIGH_EXPENDITURE_TRANSACTION,1.0,HIGH,"Payment voucher of ₹5,256,000.00 for 'Construction of stadiums' is 87.6 robust standard deviations above activity median.","{""expenditure_amount"": 5256000.0, ""activity"": ""Construction of stadiums"", ""vendor"": ""SUJIT KUMAR CHAKRABORTY"", ""zscore"": 87.62}",STATISTICAL_ROBUST_ZSCORE,"₹50,00,000 & Z >= 3.5","₹5,256,000.00 (Z=87.62)",1.0,87.6219,Activity Median (Construction of stadiums),2026-08-26T10:47:43.666818+00:00
ANOM_000505,TRANSACTION,TXN_027858,UNUSUALLY_HIGH_EXPENDITURE_TRANSACTION,1.0,HIGH,"Payment voucher of ₹7,783,740.00 for 'Construction of rooms and facilities for hospitals, FWC , PHC Centers and ANM centers' is 31.2 robust standard deviations above activity median.","{""expenditure_amount"": 7783740.0, ""activity"": ""Construction of rooms and facilities for hospitals, FWC , PHC Centers and ANM centers"", ""vendor"": ""UNITECH INSULATION"", ""zscore"": 31.23}",STATISTICAL_ROBUST_ZSCORE,"₹50,00,000 & Z >= 3.5","₹7,783,740.00 (Z=31.23)",0.9949,31.2278,"Activity Median (Construction of rooms and facilities for hospitals, FWC , PHC Centers and ANM centers)",2026-08-26T10:47:43.666818+00:00
ANOM_000506,TRANSACTION,TXN_027908,UNUSUALLY_HIGH_EXPENDITURE_TRANSACTION,1.0,HIGH,"Payment voucher of ₹5,004,990.00 for 'Lighting of public spaces' is 35.5 robust standard deviations above activity median.","{""expenditure_amount"": 5004990.0, ""activity"": ""Lighting of public spaces"", ""vendor"": ""MS JAI SINGH VERMA"", ""zscore"": 35.52}",STATISTICAL_ROBUST_ZSCORE,"₹50,00,000 & Z >= 3.5","₹5,004,990.00 (Z=35.52)",0.996,35.5152,Activity Median (Lighting of public spaces),2026-08-26T10:47:43.666818+00:00
ANOM_000507,TRANSACTION,TXN_028308,UNUSUALLY_HIGH_EXPENDITURE_TRANSACTION,1.0,HIGH,"Payment voucher of ₹7,221,061.00 for 'Construction of rooms and facilities for hospitals, FWC , PHC Centers and ANM centers' is 28.9 robust standard deviations above activity median.","{""expenditure_amount"": 7221061.0, ""activity"": ""Construction of rooms and facilities for hospitals, FWC , PHC Centers and ANM centers"", ""vendor"": ""UNITECH INSULATION"", ""zscore"": 28.92}",STATISTICAL_ROBUST_ZSCORE,"₹50,00,000 & Z >= 3.5","₹7,221,061.00 (Z=28.92)",0.9899,28.9182,"Activity Median (Construction of rooms and facilities for hospitals, FWC , PHC Centers and ANM centers)",2026-08-26T10:47:43.666818+00:00
ANOM_000508,TRANSACTION,TXN_031309,UNUSUALLY_HIGH_EXPENDITURE_TRANSACTION,1.0,HIGH,"Payment voucher of ₹7,450,495.00 for 'Construction of rooms and halls in school and colleges' is 26.9 robust standard deviations above activity median.","{""expenditure_amount"": 7450495.0, ""activity"": ""Construction of rooms and halls in school and colleges"", ""vendor"": ""CODS CONSTRUCTIONS"", ""zscore"": 26.93}",STATISTICAL_ROBUST_ZSCORE,"₹50,00,000 & Z >= 3.5","₹7,450,495.00 (Z=26.93)",0.9995,26.9261,Activity Median (Construction of rooms and halls in school and colleges),2026-08-26T10:47:43.666818+00:00
ANOM_000509,TRANSACTION,TXN_033959,UNUSUALLY_HIGH_EXPENDITURE_TRANSACTION,1.0,HIGH,"Payment voucher of ₹9,471,280.00 for 'Purchase of hospital equipment' is 17.5 robust standard deviations above activity median.","{""expenditure_amount"": 9471280.0, ""activity"": ""Purchase of hospital equipment"", ""vendor"": ""EXCELLENT TRADERS"", ""zscore"": 17.47}",STATISTICAL_ROBUST_ZSCORE,"₹50,00,000 & Z >= 3.5","₹9,471,280.00 (Z=17.47)",0.983,17.4745,Activity Median (Purchase of hospital equipment),2026-08-26T10:47:43.666818+00:00
ANOM_000510,TRANSACTION,TXN_034060,UNUSUALLY_HIGH_EXPENDITURE_TRANSACTION,1.0,HIGH,"Payment voucher of ₹6,000,000.00 for 'Installing hand pumps' is 172.8 robust standard deviations above activity median.","{""expenditure_amount"": 6000000.0, ""activity"": ""Installing hand pumps"", ""vendor"": ""RAMAN CHIHANSUNG"", ""zscore"": 172.81}",STATISTICAL_ROBUST_ZSCORE,"₹50,00,000 & Z >= 3.5","₹6,000,000.00 (Z=172.81)",0.9997,172.8122,Activity Median (Installing hand pumps),2026-08-26T10:47:43.666818+00:00
ANOM_000511,TRANSACTION,TXN_034061,UNUSUALLY_HIGH_EXPENDITURE_TRANSACTION,1.0,HIGH,"Payment voucher of ₹6,000,000.00 for 'Installing hand pumps' is 172.8 robust standard deviations above activity median.","{""expenditure_amount"": 6000000.0, ""activity"": ""Installing hand pumps"", ""vendor"": ""RAMAN CHIHANSUNG"", ""zscore"": 172.81}",STATISTICAL_ROBUST_ZSCORE,"₹50,00,000 & Z >= 3.5","₹6,000,000.00 (Z=172.81)",0.9997,172.8122,Activity Median (Installing hand pumps),2026-08-26T10:47:43.666818+00:00
ANOM_000512,TRANSACTION,TXN_034770,UNUSUALLY_HIGH_EXPENDITURE_TRANSACTION,1.0,HIGH,"Payment voucher of ₹5,760,978.00 for 'Lighting of public spaces' is 41.1 robust standard deviations above activity median.","{""expenditure_amount"": 5760978.0, ""activity"": ""Lighting of public spaces"", ""vendor"": ""RAVI ELECTRONICS"", ""zscore"": 41.05}",STATISTICAL_ROBUST_ZSCORE,"₹50,00,000 & Z >= 3.5","₹5,760,978.00 (Z=41.05)",0.9971,41.0536,Activity Median (Lighting of public spaces),2026-08-26T10:47:43.666818+00:00
ANOM_000513,TRANSACTION,TXN_034818,UNUSUALLY_HIGH_EXPENDITURE_TRANSACTION,1.0,HIGH,"Payment voucher of ₹6,000,000.00 for 'Installing tube-wells and borewells' is 65.8 robust standard deviations above activity median.","{""expenditure_amount"": 6000000.0, ""activity"": ""Installing tube-wells and borewells"", ""vendor"": ""RAMAN CHIHANSUNG"", ""zscore"": 65.76}",STATISTICAL_ROBUST_ZSCORE,"₹50,00,000 & Z >= 3.5","₹6,000,000.00 (Z=65.76)",1.0,65.7638,Activity Median (Installing tube-wells and borewells),2026-08-26T10:47:43.666818+00:00
ANOM_000514,TRANSACTION,TXN_035038,UNUSUALLY_HIGH_EXPENDITURE_TRANSACTION,1.0,HIGH,"Payment voucher of ₹6,803,986.00 for 'Lighting of public spaces' is 48.7 robust standard deviations above activity median.","{""expenditure_amount"": 6803986.0, ""activity"": ""Lighting of public spaces"", ""vendor"": ""SG ENTERPRISE"", ""zscore"": 48.69}",STATISTICAL_ROBUST_ZSCORE,"₹50,00,000 & Z >= 3.5","₹6,803,986.00 (Z=48.69)",0.9978,48.6947,Activity Median (Lighting of public spaces),2026-08-26T10:47:43.666818+00:00
ANOM_000515,TRANSACTION,TXN_035271,UNUSUALLY_HIGH_EXPENDITURE_TRANSACTION,1.0,HIGH,"Payment voucher of ₹6,500,000.00 for 'Construction of roads, link roads, pathways or any other road with or without drainage system' is 21.6 robust standard deviations above activity median.","{""expenditure_amount"": 6500000.0, ""activity"": ""Construction of roads, link roads, pathways or any other road with or without drainage system"", ""vendor"": ""KEVIU MIACHIEO"", ""zscore"": 21.64}",STATISTICAL_ROBUST_ZSCORE,"₹50,00,000 & Z >= 3.5","₹6,500,000.00 (Z=21.64)",0.9998,21.6439,"Activity Median (Construction of roads, link roads, pathways or any other road with or without drainage system)",2026-08-26T10:47:43.666818+00:00
ANOM_000517,TRANSACTION,TXN_038565,UNUSUALLY_HIGH_EXPENDITURE_TRANSACTION,1.0,HIGH,"Payment voucher of ₹5,000,000.00 for 'Construction of community centers and community halls' is 18.2 robust standard deviations above activity median.","{""expenditure_amount"": 5000000.0, ""activity"": ""Construction of community centers and community halls"", ""vendor"": ""UNIQUE CONSTRUCTION"", ""zscore"": 18.23}",STATISTICAL_ROBUST_ZSCORE,"₹50,00,000 & Z >= 3.5","₹5,000,000.00 (Z=18.23)",0.9988,18.23,Activity Median (Construction of community centers and community halls),2026-08-26T10:47:43.666818+00:00
ANOM_000518,TRANSACTION,TXN_039494,UNUSUALLY_HIGH_EXPENDITURE_TRANSACTION,1.0,HIGH,"Payment voucher of ₹5,000,000.00 for 'Providing supply pipelines for drinking water' is 31.8 robust standard deviations above activity median.","{""expenditure_amount"": 5000000.0, ""activity"": ""Providing supply pipelines for drinking water"", ""vendor"": ""AIOK M SANGMA"", ""zscore"": 31.81}",STATISTICAL_ROBUST_ZSCORE,"₹50,00,000 & Z >= 3.5","₹5,000,000.00 (Z=31.81)",0.9949,31.8076,Activity Median (Providing supply pipelines for drinking water),2026-08-26T10:47:43.666818+00:00
ANOM_000519,TRANSACTION,TXN_039506,UNUSUALLY_HIGH_EXPENDITURE_TRANSACTION,1.0,HIGH,"Payment voucher of ₹5,500,000.00 for 'Providing supply pipelines for drinking water' is 35.1 robust standard deviations above activity median.","{""expenditure_amount"": 5500000.0, ""activity"": ""Providing supply pipelines for drinking water"", ""vendor"": ""AIOK M SANGMA"", ""zscore"": 35.09}",STATISTICAL_ROBUST_ZSCORE,"₹50,00,000 & Z >= 3.5","₹5,500,000.00 (Z=35.09)",0.9974,35.093,Activity Median (Providing supply pipelines for drinking water),2026-08-26T10:47:43.666818+00:00
ANOM_000520,TRANSACTION,TXN_039770,UNUSUALLY_HIGH_EXPENDITURE_TRANSACTION,1.0,HIGH,"Payment voucher of ₹9,000,000.00 for 'Construction of flood control embankments/ protection walls along riverbanks, hilltops, roadsides' is 35.5 robust standard deviations above activity median.","{""expenditure_amount"": 9000000.0, ""activity"": ""Construction of flood control embankments/ protection walls along riverbanks, hilltops, roadsides"", ""vendor"": ""CHUBATOSHI PONGEN"", ""zscore"": 35.49}",STATISTICAL_ROBUST_ZSCORE,"₹50,00,000 & Z >= 3.5","₹9,000,000.00 (Z=35.49)",1.0,35.492,"Activity Median (Construction of flood control embankments/ protection walls along riverbanks, hilltops, roadsides)",2026-08-26T10:47:43.666818+00:00
ANOM_000521,TRANSACTION,TXN_041238,UNUSUALLY_HIGH_EXPENDITURE_TRANSACTION,1.0,HIGH,"Payment voucher of ₹6,398,161.00 for 'Lighting of public spaces' is 45.7 robust standard deviations above activity median.","{""expenditure_amount"": 6398161.0, ""activity"": ""Lighting of public spaces"", ""vendor"": ""LAXMI ELECTRICALS"", ""zscore"": 45.72}",STATISTICAL_ROBUST_ZSCORE,"₹50,00,000 & Z >= 3.5","₹6,398,161.00 (Z=45.72)",0.9977,45.7217,Activity Median (Lighting of public spaces),2026-08-26T10:47:43.666818+00:00
ANOM_000524,TRANSACTION,TXN_042017,UNUSUALLY_HIGH_EXPENDITURE_TRANSACTION,1.0,HIGH,"Payment voucher of ₹10,000,000.00 for 'Tree plantation for community' is 16.0 robust standard deviations above activity median.","{""expenditure_amount"": 10000000.0, ""activity"": ""Tree plantation for community"", ""vendor"": ""FINGERPRINT"", ""zscore"": 16.02}",STATISTICAL_ROBUST_ZSCORE,"₹50,00,000 & Z >= 3.5","₹10,000,000.00 (Z=16.02)",1.0,16.0162,Activity Median (Tree plantation for community),2026-08-26T10:47:43.666818+00:00
ANOM_000526,TRANSACTION,TXN_045251,UNUSUALLY_HIGH_EXPENDITURE_TRANSACTION,1.0,HIGH,"Payment voucher of ₹5,000,000.00 for 'Purchase of immovable sports equipment' is 55.4 robust standard deviations above activity median.","{""expenditure_amount"": 5000000.0, ""activity"": ""Purchase of immovable sports equipment"", ""vendor"": ""MURPHY THUMRAH"", ""zscore"": 55.41}",STATISTICAL_ROBUST_ZSCORE,"₹50,00,000 & Z >= 3.5","₹5,000,000.00 (Z=55.41)",1.0,55.4142,Activity Median (Purchase of immovable sports equipment),2026-08-26T10:47:43.666818+00:00
ANOM_000527,TRANSACTION,TXN_045312,UNUSUALLY_HIGH_EXPENDITURE_TRANSACTION,1.0,HIGH,"Payment voucher of ₹6,000,000.00 for 'Installing community drinking water plants' is 29.3 robust standard deviations above activity median.","{""expenditure_amount"": 6000000.0, ""activity"": ""Installing community drinking water plants"", ""vendor"": ""MURPHY THUMRAH"", ""zscore"": 29.26}",STATISTICAL_ROBUST_ZSCORE,"₹50,00,000 & Z >= 3.5","₹6,000,000.00 (Z=29.26)",1.0,29.2622,Activity Median (Installing community drinking water plants),2026-08-26T10:47:43.666818+00:00
ANOM_000528,TRANSACTION,TXN_048124,UNUSUALLY_HIGH_EXPENDITURE_TRANSACTION,1.0,HIGH,"Payment voucher of ₹7,534,461.00 for 'Lighting of public spaces' is 54.0 robust standard deviations above activity median.","{""expenditure_amount"": 7534461.0, ""activity"": ""Lighting of public spaces"", ""vendor"": ""PRIYANKA YADAU"", ""zscore"": 54.05}",STATISTICAL_ROBUST_ZSCORE,"₹50,00,000 & Z >= 3.5","₹7,534,461.00 (Z=54.05)",0.998,54.0462,Activity Median (Lighting of public spaces),2026-08-26T10:47:43.666818+00:00
ANOM_000529,TRANSACTION,TXN_049025,UNUSUALLY_HIGH_EXPENDITURE_TRANSACTION,1.0,HIGH,"Payment voucher of ₹8,109,494.00 for 'Lighting of public spaces' is 58.3 robust standard deviations above activity median.","{""expenditure_amount"": 8109494.0, ""activity"": ""Lighting of public spaces"", ""vendor"": ""MANNAT CONSTRUCTION"", ""zscore"": 58.26}",STATISTICAL_ROBUST_ZSCORE,"₹50,00,000 & Z >= 3.5","₹8,109,494.00 (Z=58.26)",0.9981,58.2589,Activity Median (Lighting of public spaces),2026-08-26T10:47:43.666818+00:00
ANOM_000530,TRANSACTION,TXN_050504,UNUSUALLY_HIGH_EXPENDITURE_TRANSACTION,1.0,HIGH,"Payment voucher of ₹5,999,949.00 for 'Lighting of public spaces' is 42.8 robust standard deviations above activity median.","{""expenditure_amount"": 5999949.0, ""activity"": ""Lighting of public spaces"", ""vendor"": ""DUTTA ENTERPRISE"", ""zscore"": 42.8}",STATISTICAL_ROBUST_ZSCORE,"₹50,00,000 & Z >= 3.5","₹5,999,949.00 (Z=42.80)",0.9973,42.8043,Activity Median (Lighting of public spaces),2026-08-26T10:47:43.666818+00:00
ANOM_000531,TRANSACTION,TXN_052196,UNUSUALLY_HIGH_EXPENDITURE_TRANSACTION,1.0,HIGH,"Payment voucher of ₹6,020,000.00 for 'Lighting of public spaces' is 43.0 robust standard deviations above activity median.","{""expenditure_amount"": 6020000.0, ""activity"": ""Lighting of public spaces"", ""vendor"": ""SOM NATH INFRATECH"", ""zscore"": 42.95}",STATISTICAL_ROBUST_ZSCORE,"₹50,00,000 & Z >= 3.5","₹6,020,000.00 (Z=42.95)",0.9974,42.9512,Activity Median (Lighting of public spaces),2026-08-26T10:47:43.666818+00:00
ANOM_000532,TRANSACTION,TXN_053096,UNUSUALLY_HIGH_EXPENDITURE_TRANSACTION,1.0,HIGH,"Payment voucher of ₹6,600,000.00 for 'Development of playground' is 37.1 robust standard deviations above activity median.","{""expenditure_amount"": 6600000.0, ""activity"": ""Development of playground"", ""vendor"": ""REIPANG VARU"", ""zscore"": 37.14}",STATISTICAL_ROBUST_ZSCORE,"₹50,00,000 & Z >= 3.5","₹6,600,000.00 (Z=37.14)",1.0,37.1427,Activity Median (Development of playground),2026-08-26T10:47:43.666818+00:00
ANOM_000533,TRANSACTION,TXN_053561,UNUSUALLY_HIGH_EXPENDITURE_TRANSACTION,1.0,HIGH,"Payment voucher of ₹5,000,000.00 for 'Purchase of IT systems, including hardware and software for educational purposes' is 14.3 robust standard deviations above activity median.","{""expenditure_amount"": 5000000.0, ""activity"": ""Purchase of IT systems, including hardware and software for educational purposes"", ""vendor"": ""A2F DIGITAL PVT LTD"", ""zscore"": 14.31}",STATISTICAL_ROBUST_ZSCORE,"₹50,00,000 & Z >= 3.5","₹5,000,000.00 (Z=14.31)",1.0,14.3055,"Activity Median (Purchase of IT systems, including hardware and software for educational purposes)",2026-08-26T10:47:43.666818+00:00
ANOM_000534,TRANSACTION,TXN_054633,UNUSUALLY_HIGH_EXPENDITURE_TRANSACTION,1.0,HIGH,"Payment voucher of ₹7,000,000.00 for 'Construction of flood control embankments/ protection walls along riverbanks, hilltops, roadsides' is 27.4 robust standard deviations above activity median.","{""expenditure_amount"": 7000000.0, ""activity"": ""Construction of flood control embankments/ protection walls along riverbanks, hilltops, roadsides"", ""vendor"": ""AKUONUO"", ""zscore"": 27.39}",STATISTICAL_ROBUST_ZSCORE,"₹50,00,000 & Z >= 3.5","₹7,000,000.00 (Z=27.39)",0.9983,27.3875,"Activity Median (Construction of flood control embankments/ protection walls along riverbanks, hilltops, roadsides)",2026-08-26T10:47:43.666818+00:00
ANOM_000535,TRANSACTION,TXN_055334,UNUSUALLY_HIGH_EXPENDITURE_TRANSACTION,1.0,HIGH,"Payment voucher of ₹5,000,000.00 for 'Construction of community centers and community halls' is 18.2 robust standard deviations above activity median.","{""expenditure_amount"": 5000000.0, ""activity"": ""Construction of community centers and community halls"", ""vendor"": ""JAMES PHANGCHO"", ""zscore"": 18.23}",STATISTICAL_ROBUST_ZSCORE,"₹50,00,000 & Z >= 3.5","₹5,000,000.00 (Z=18.23)",0.9988,18.23,Activity Median (Construction of community centers and community halls),2026-08-26T10:47:43.666818+00:00
ANOM_000536,TRANSACTION,TXN_057823,UNUSUALLY_HIGH_EXPENDITURE_TRANSACTION,1.0,HIGH,"Payment voucher of ₹5,900,000.00 for 'Lighting of public spaces' is 42.1 robust standard deviations above activity median.","{""expenditure_amount"": 5900000.0, ""activity"": ""Lighting of public spaces"", ""vendor"": ""POORVA CONSTRUCTION CO"", ""zscore"": 42.07}",STATISTICAL_ROBUST_ZSCORE,"₹50,00,000 & Z >= 3.5","₹5,900,000.00 (Z=42.07)",0.9972,42.0721,Activity Median (Lighting of public spaces),2026-08-26T10:47:43.666818+00:00
ANOM_000537,TRANSACTION,TXN_058187,UNUSUALLY_HIGH_EXPENDITURE_TRANSACTION,1.0,HIGH,"Payment voucher of ₹6,000,000.00 for 'Construction of community centers and community halls' is 22.0 robust standard deviations above activity median.","{""expenditure_amount"": 6000000.0, ""activity"": ""Construction of community centers and community halls"", ""vendor"": ""SATELITE ELECTRONICS"", ""zscore"": 22.03}",STATISTICAL_ROBUST_ZSCORE,"₹50,00,000 & Z >= 3.5","₹6,000,000.00 (Z=22.03)",0.9998,22.0258,Activity Median (Construction of community centers and community halls),2026-08-26T10:47:43.666818+00:00
ANOM_000538,TRANSACTION,TXN_058385,UNUSUALLY_HIGH_EXPENDITURE_TRANSACTION,1.0,HIGH,"Payment voucher of ₹16,912,380.00 for 'Purchase of ambulances (Four, three and two wheelers)' is 17.4 robust standard deviations above activity median.","{""expenditure_amount"": 16912380.0, ""activity"": ""Purchase of ambulances (Four, three and two wheelers)"", ""vendor"": ""NEO MOTORS"", ""zscore"": 17.38}",STATISTICAL_ROBUST_ZSCORE,"₹50,00,000 & Z >= 3.5","₹16,912,380.00 (Z=17.38)",1.0,17.3818,"Activity Median (Purchase of ambulances (Four, three and two wheelers))",2026-08-26T10:47:43.666818+00:00
ANOM_000539,TRANSACTION,TXN_058711,UNUSUALLY_HIGH_EXPENDITURE_TRANSACTION,1.0,HIGH,"Payment voucher of ₹8,471,391.00 for 'Lighting of public spaces' is 60.9 robust standard deviations above activity median.","{""expenditure_amount"": 8471391.0, ""activity"": ""Lighting of public spaces"", ""vendor"": ""NPS CONSULTANT PRIVATE LIMITED"", ""zscore"": 60.91}",STATISTICAL_ROBUST_ZSCORE,"₹50,00,000 & Z >= 3.5","₹8,471,391.00 (Z=60.91)",0.9982,60.9102,Activity Median (Lighting of public spaces),2026-08-26T10:47:43.666818+00:00
ANOM_000540,TRANSACTION,TXN_059457,UNUSUALLY_HIGH_EXPENDITURE_TRANSACTION,1.0,HIGH,"Payment voucher of ₹8,474,101.00 for 'Lighting of public spaces' is 60.9 robust standard deviations above activity median.","{""expenditure_amount"": 8474101.0, ""activity"": ""Lighting of public spaces"", ""vendor"": ""NPS CONSULTANT PRIVATE LIMITED"", ""zscore"": 60.93}",STATISTICAL_ROBUST_ZSCORE,"₹50,00,000 & Z >= 3.5","₹8,474,101.00 (Z=60.93)",0.9983,60.93,Activity Median (Lighting of public spaces),2026-08-26T10:47:43.666818+00:00
ANOM_000541,TRANSACTION,TXN_061211,UNUSUALLY_HIGH_EXPENDITURE_TRANSACTION,1.0,HIGH,"Payment voucher of ₹9,998,850.00 for 'Purchase of furniture and fixtures for educational purposes' is 29.1 robust standard deviations above activity median.","{""expenditure_amount"": 9998850.0, ""activity"": ""Purchase of furniture and fixtures for educational purposes"", ""vendor"": ""SPECTRUM SERVICES"", ""zscore"": 29.07}",STATISTICAL_ROBUST_ZSCORE,"₹50,00,000 & Z >= 3.5","₹9,998,850.00 (Z=29.07)",1.0,29.075,Activity Median (Purchase of furniture and fixtures for educational purposes),2026-08-26T10:47:43.666818+00:00
ANOM_000542,TRANSACTION,TXN_061698,UNUSUALLY_HIGH_EXPENDITURE_TRANSACTION,1.0,HIGH,"Payment voucher of ₹5,781,878.00 for 'Lighting of public spaces' is 41.2 robust standard deviations above activity median.","{""expenditure_amount"": 5781878.0, ""activity"": ""Lighting of public spaces"", ""vendor"": ""TECHNO BEST"", ""zscore"": 41.21}",STATISTICAL_ROBUST_ZSCORE,"₹50,00,000 & Z >= 3.5","₹5,781,878.00 (Z=41.21)",0.9971,41.2067,Activity Median (Lighting of public spaces),2026-08-26T10:47:43.666818+00:00
ANOM_000543,TRANSACTION,TXN_061771,UNUSUALLY_HIGH_EXPENDITURE_TRANSACTION,1.0,HIGH,"Payment voucher of ₹6,154,491.00 for 'Street lights' is 40.2 robust standard deviations above activity median.","{""expenditure_amount"": 6154491.0, ""activity"": ""Street lights"", ""vendor"": ""TECHNO BEST"", ""zscore"": 40.17}",STATISTICAL_ROBUST_ZSCORE,"₹50,00,000 & Z >= 3.5","₹6,154,491.00 (Z=40.17)",0.9996,40.1691,Activity Median (Street lights),2026-08-26T10:47:43.666818+00:00
ANOM_000544,TRANSACTION,TXN_062694,UNUSUALLY_HIGH_EXPENDITURE_TRANSACTION,1.0,HIGH,"Payment voucher of ₹9,995,964.00 for 'Purchase of hospital equipment' is 18.5 robust standard deviations above activity median.","{""expenditure_amount"": 9995964.0, ""activity"": ""Purchase of hospital equipment"", ""vendor"": ""SHRI VAIKUNTHANAATHAA"", ""zscore"": 18.5}",STATISTICAL_ROBUST_ZSCORE,"₹50,00,000 & Z >= 3.5","₹9,995,964.00 (Z=18.50)",0.9943,18.4961,Activity Median (Purchase of hospital equipment),2026-08-26T10:47:43.666818+00:00
ANOM_000545,TRANSACTION,TXN_063590,UNUSUALLY_HIGH_EXPENDITURE_TRANSACTION,1.0,HIGH,"Payment voucher of ₹8,378,000.00 for 'Construction of roads, link roads, pathways or any other road with or without drainage system' is 28.1 robust standard deviations above activity median.","{""expenditure_amount"": 8378000.0, ""activity"": ""Construction of roads, link roads, pathways or any other road with or without drainage system"", ""vendor"": ""NISTHA ENTERPRISES"", ""zscore"": 28.15}",STATISTICAL_ROBUST_ZSCORE,"₹50,00,000 & Z >= 3.5","₹8,378,000.00 (Z=28.15)",1.0,28.1475,"Activity Median (Construction of roads, link roads, pathways or any other road with or without drainage system)",2026-08-26T10:47:43.666818+00:00
ANOM_000546,TRANSACTION,TXN_063819,UNUSUALLY_HIGH_EXPENDITURE_TRANSACTION,1.0,HIGH,"Payment voucher of ₹6,855,994.00 for 'Construction of roads, link roads, pathways or any other road with or without drainage system' is 22.9 robust standard deviations above activity median.","{""expenditure_amount"": 6855994.0, ""activity"": ""Construction of roads, link roads, pathways or any other road with or without drainage system"", ""vendor"": ""SRI SAI SAMHITA CONSTRUCTIONS"", ""zscore"": 22.88}",STATISTICAL_ROBUST_ZSCORE,"₹50,00,000 & Z >= 3.5","₹6,855,994.00 (Z=22.88)",0.9999,22.8767,"Activity Median (Construction of roads, link roads, pathways or any other road with or without drainage system)",2026-08-26T10:47:43.666818+00:00
ANOM_000547,TRANSACTION,TXN_064118,UNUSUALLY_HIGH_EXPENDITURE_TRANSACTION,1.0,HIGH,"Payment voucher of ₹5,499,446.00 for 'Lighting of public spaces' is 39.1 robust standard deviations above activity median.","{""expenditure_amount"": 5499446.0, ""activity"": ""Lighting of public spaces"", ""vendor"": ""BIDYUT BHANDARI"", ""zscore"": 39.14}",STATISTICAL_ROBUST_ZSCORE,"₹50,00,000 & Z >= 3.5","₹5,499,446.00 (Z=39.14)",0.9968,39.1376,Activity Median (Lighting of public spaces),2026-08-26T10:47:43.666818+00:00
ANOM_000548,TRANSACTION,TXN_064431,UNUSUALLY_HIGH_EXPENDITURE_TRANSACTION,1.0,HIGH,"Payment voucher of ₹5,578,935.00 for 'Lighting of public spaces' is 39.7 robust standard deviations above activity median.","{""expenditure_amount"": 5578935.0, ""activity"": ""Lighting of public spaces"", ""vendor"": ""BIDYUT BHANDARI"", ""zscore"": 39.72}",STATISTICAL_ROBUST_ZSCORE,"₹50,00,000 & Z >= 3.5","₹5,578,935.00 (Z=39.72)",0.9969,39.72,Activity Median (Lighting of public spaces),2026-08-26T10:47:43.666818+00:00
ANOM_000549,TRANSACTION,TXN_064432,UNUSUALLY_HIGH_EXPENDITURE_TRANSACTION,1.0,HIGH,"Payment voucher of ₹5,215,848.00 for 'Street lights' is 33.9 robust standard deviations above activity median.","{""expenditure_amount"": 5215848.0, ""activity"": ""Street lights"", ""vendor"": ""BIDYUT BHANDARI"", ""zscore"": 33.91}",STATISTICAL_ROBUST_ZSCORE,"₹50,00,000 & Z >= 3.5","₹5,215,848.00 (Z=33.91)",0.9991,33.9054,Activity Median (Street lights),2026-08-26T10:47:43.666818+00:00
ANOM_000550,TRANSACTION,TXN_065836,UNUSUALLY_HIGH_EXPENDITURE_TRANSACTION,1.0,HIGH,"Payment voucher of ₹5,023,131.00 for 'Construction of roads, link roads, pathways or any other road with or without drainage system' is 16.5 robust standard deviations above activity median.","{""expenditure_amount"": 5023131.0, ""activity"": ""Construction of roads, link roads, pathways or any other road with or without drainage system"", ""vendor"": ""MD SADDAM"", ""zscore"": 16.53}",STATISTICAL_ROBUST_ZSCORE,"₹50,00,000 & Z >= 3.5","₹5,023,131.00 (Z=16.53)",0.9997,16.5295,"Activity Median (Construction of roads, link roads, pathways or any other road with or without drainage system)",2026-08-26T10:47:43.666818+00:00
ANOM_000551,TRANSACTION,TXN_069086,UNUSUALLY_HIGH_EXPENDITURE_TRANSACTION,1.0,HIGH,"Payment voucher of ₹5,222,264.00 for 'Lighting of public spaces' is 37.1 robust standard deviations above activity median.","{""expenditure_amount"": 5222264.0, ""activity"": ""Lighting of public spaces"", ""vendor"": ""BALAJI ENTERPRISES"", ""zscore"": 37.11}",STATISTICAL_ROBUST_ZSCORE,"₹50,00,000 & Z >= 3.5","₹5,222,264.00 (Z=37.11)",0.9962,37.107,Activity Median (Lighting of public spaces),2026-08-26T10:47:43.666818+00:00
ANOM_000552,TRANSACTION,TXN_069149,UNUSUALLY_HIGH_EXPENDITURE_TRANSACTION,1.0,HIGH,"Payment voucher of ₹5,223,249.00 for 'Lighting of public spaces' is 37.1 robust standard deviations above activity median.","{""expenditure_amount"": 5223249.0, ""activity"": ""Lighting of public spaces"", ""vendor"": ""BALAJI ENTERPRISES"", ""zscore"": 37.11}",STATISTICAL_ROBUST_ZSCORE,"₹50,00,000 & Z >= 3.5","₹5,223,249.00 (Z=37.11)",0.9963,37.1142,Activity Median (Lighting of public spaces),2026-08-26T10:47:43.666818+00:00
ANOM_000553,TRANSACTION,TXN_069834,UNUSUALLY_HIGH_EXPENDITURE_TRANSACTION,1.0,HIGH,"Payment voucher of ₹5,475,757.00 for 'Lighting of public spaces' is 39.0 robust standard deviations above activity median.","{""expenditure_amount"": 5475757.0, ""activity"": ""Lighting of public spaces"", ""vendor"": ""SUNNY ENTERPRISES"", ""zscore"": 38.96}",STATISTICAL_ROBUST_ZSCORE,"₹50,00,000 & Z >= 3.5","₹5,475,757.00 (Z=38.96)",0.9967,38.9641,Activity Median (Lighting of public spaces),2026-08-26T10:47:43.666818+00:00
ANOM_000554,TRANSACTION,TXN_069952,UNUSUALLY_HIGH_EXPENDITURE_TRANSACTION,1.0,HIGH,"Payment voucher of ₹9,912,140.00 for 'Lighting of public spaces' is 71.5 robust standard deviations above activity median.","{""expenditure_amount"": 9912140.0, ""activity"": ""Lighting of public spaces"", ""vendor"": ""SUNNY ENTERPRISES"", ""zscore"": 71.47}",STATISTICAL_ROBUST_ZSCORE,"₹50,00,000 & Z >= 3.5","₹9,912,140.00 (Z=71.47)",0.9994,71.4652,Activity Median (Lighting of public spaces),2026-08-26T10:47:43.666818+00:00
ANOM_000555,TRANSACTION,TXN_069953,UNUSUALLY_HIGH_EXPENDITURE_TRANSACTION,1.0,HIGH,"Payment voucher of ₹10,471,626.00 for 'Lighting of public spaces' is 75.6 robust standard deviations above activity median.","{""expenditure_amount"": 10471626.0, ""activity"": ""Lighting of public spaces"", ""vendor"": ""SUNNY ENTERPRISES"", ""zscore"": 75.56}",STATISTICAL_ROBUST_ZSCORE,"₹50,00,000 & Z >= 3.5","₹10,471,626.00 (Z=75.56)",0.9995,75.564,Activity Median (Lighting of public spaces),2026-08-26T10:47:43.666818+00:00
ANOM_000556,TRANSACTION,TXN_070025,UNUSUALLY_HIGH_EXPENDITURE_TRANSACTION,1.0,HIGH,"Payment voucher of ₹10,697,260.00 for 'Lighting of public spaces' is 77.2 robust standard deviations above activity median.","{""expenditure_amount"": 10697260.0, ""activity"": ""Lighting of public spaces"", ""vendor"": ""SUNNY ENTERPRISES"", ""zscore"": 77.22}",STATISTICAL_ROBUST_ZSCORE,"₹50,00,000 & Z >= 3.5","₹10,697,260.00 (Z=77.22)",0.9996,77.217,Activity Median (Lighting of public spaces),2026-08-26T10:47:43.666818+00:00
ANOM_000557,TRANSACTION,TXN_072339,UNUSUALLY_HIGH_EXPENDITURE_TRANSACTION,1.0,HIGH,"Payment voucher of ₹5,241,600.00 for 'Lighting of public spaces' is 37.2 robust standard deviations above activity median.","{""expenditure_amount"": 5241600.0, ""activity"": ""Lighting of public spaces"", ""vendor"": ""SHRI GURU KRIPA NARSINGH ASSOCIATES"", ""zscore"": 37.25}",STATISTICAL_ROBUST_ZSCORE,"₹50,00,000 & Z >= 3.5","₹5,241,600.00 (Z=37.25)",0.9964,37.2487,Activity Median (Lighting of public spaces),2026-08-26T10:47:43.666818+00:00
ANOM_000558,TRANSACTION,TXN_072802,UNUSUALLY_HIGH_EXPENDITURE_TRANSACTION,1.0,HIGH,"Payment voucher of ₹5,199,096.00 for 'Construction of roads, link roads, pathways or any other road with or without drainage system' is 17.1 robust standard deviations above activity median.","{""expenditure_amount"": 5199096.0, ""activity"": ""Construction of roads, link roads, pathways or any other road with or without drainage system"", ""vendor"": ""PRADEEP KUMAR"", ""zscore"": 17.14}",STATISTICAL_ROBUST_ZSCORE,"₹50,00,000 & Z >= 3.5","₹5,199,096.00 (Z=17.14)",0.9998,17.1388,"Activity Median (Construction of roads, link roads, pathways or any other road with or without drainage system)",2026-08-26T10:47:43.666818+00:00
ANOM_000560,TRANSACTION,TXN_073596,UNUSUALLY_HIGH_EXPENDITURE_TRANSACTION,1.0,HIGH,"Payment voucher of ₹5,617,445.00 for 'Construction of bus-sheds or bus-stops' is 16.5 robust standard deviations above activity median.","{""expenditure_amount"": 5617445.0, ""activity"": ""Construction of bus-sheds or bus-stops"", ""vendor"": ""M KARTHIKEYAN"", ""zscore"": 16.48}",STATISTICAL_ROBUST_ZSCORE,"₹50,00,000 & Z >= 3.5","₹5,617,445.00 (Z=16.48)",1.0,16.4813,Activity Median (Construction of bus-sheds or bus-stops),2026-08-26T10:47:43.666818+00:00
ANOM_000561,TRANSACTION,TXN_074749,UNUSUALLY_HIGH_EXPENDITURE_TRANSACTION,1.0,HIGH,"Payment voucher of ₹8,592,595.00 for 'Lighting of public spaces' is 61.8 robust standard deviations above activity median.","{""expenditure_amount"": 8592595.0, ""activity"": ""Lighting of public spaces"", ""vendor"": ""PRAHARSH INFRASTRUCTURE"", ""zscore"": 61.8}",STATISTICAL_ROBUST_ZSCORE,"₹50,00,000 & Z >= 3.5","₹8,592,595.00 (Z=61.80)",0.9986,61.7981,Activity Median (Lighting of public spaces),2026-08-26T10:47:43.666818+00:00
ANOM_000562,TRANSACTION,TXN_074750,UNUSUALLY_HIGH_EXPENDITURE_TRANSACTION,1.0,HIGH,"Payment voucher of ₹12,189,495.00 for 'Lighting of public spaces' is 88.1 robust standard deviations above activity median.","{""expenditure_amount"": 12189495.0, ""activity"": ""Lighting of public spaces"", ""vendor"": ""PRAHARSH INFRASTRUCTURE"", ""zscore"": 88.15}",STATISTICAL_ROBUST_ZSCORE,"₹50,00,000 & Z >= 3.5","₹12,189,495.00 (Z=88.15)",0.9999,88.1491,Activity Median (Lighting of public spaces),2026-08-26T10:47:43.666818+00:00
ANOM_000563,TRANSACTION,TXN_074782,UNUSUALLY_HIGH_EXPENDITURE_TRANSACTION,1.0,HIGH,"Payment voucher of ₹18,913,181.00 for 'Providing CCTV camera system for security of public areas' is 91.2 robust standard deviations above activity median.","{""expenditure_amount"": 18913181.0, ""activity"": ""Providing CCTV camera system for security of public areas"", ""vendor"": ""CENTRAL ELECTRONICS LIMITED"", ""zscore"": 91.22}",STATISTICAL_ROBUST_ZSCORE,"₹50,00,000 & Z >= 3.5","₹18,913,181.00 (Z=91.22)",1.0,91.2197,Activity Median (Providing CCTV camera system for security of public areas),2026-08-26T10:47:43.666818+00:00
ANOM_000564,TRANSACTION,TXN_074999,UNUSUALLY_HIGH_EXPENDITURE_TRANSACTION,1.0,HIGH,"Payment voucher of ₹11,978,268.00 for 'Lighting of public spaces' is 86.6 robust standard deviations above activity median.","{""expenditure_amount"": 11978268.0, ""activity"": ""Lighting of public spaces"", ""vendor"": ""PRAHARSH INFRASTRUCTURE"", ""zscore"": 86.6}",STATISTICAL_ROBUST_ZSCORE,"₹50,00,000 & Z >= 3.5","₹11,978,268.00 (Z=86.60)",0.9998,86.6017,Activity Median (Lighting of public spaces),2026-08-26T10:47:43.666818+00:00
ANOM_000565,TRANSACTION,TXN_075019,UNUSUALLY_HIGH_EXPENDITURE_TRANSACTION,1.0,HIGH,"Payment voucher of ₹5,656,600.00 for 'Providing supply pipelines for drinking water' is 36.1 robust standard deviations above activity median.","{""expenditure_amount"": 5656600.0, ""activity"": ""Providing supply pipelines for drinking water"", ""vendor"": ""A F CONSTRUCTION OP BY ISMAIL"", ""zscore"": 36.12}",STATISTICAL_ROBUST_ZSCORE,"₹50,00,000 & Z >= 3.5","₹5,656,600.00 (Z=36.12)",1.0,36.1219,Activity Median (Providing supply pipelines for drinking water),2026-08-26T10:47:43.666818+00:00
ANOM_000566,TRANSACTION,TXN_075084,UNUSUALLY_HIGH_EXPENDITURE_TRANSACTION,1.0,HIGH,"Payment voucher of ₹5,171,812.00 for 'Construction of roads, link roads, pathways or any other road with or without drainage system' is 17.0 robust standard deviations above activity median.","{""expenditure_amount"": 5171812.0, ""activity"": ""Construction of roads, link roads, pathways or any other road with or without drainage system"", ""vendor"": ""MS RAJ KAMAL CONSTRUCTIONS"", ""zscore"": 17.04}",STATISTICAL_ROBUST_ZSCORE,"₹50,00,000 & Z >= 3.5","₹5,171,812.00 (Z=17.04)",0.9997,17.0444,"Activity Median (Construction of roads, link roads, pathways or any other road with or without drainage system)",2026-08-26T10:47:43.666818+00:00
ANOM_000567,TRANSACTION,TXN_075306,UNUSUALLY_HIGH_EXPENDITURE_TRANSACTION,1.0,HIGH,"Payment voucher of ₹9,866,200.00 for 'Lighting of public spaces' is 71.1 robust standard deviations above activity median.","{""expenditure_amount"": 9866200.0, ""activity"": ""Lighting of public spaces"", ""vendor"": ""PRAHARSH INFRASTRUCTURE"", ""zscore"": 71.13}",STATISTICAL_ROBUST_ZSCORE,"₹50,00,000 & Z >= 3.5","₹9,866,200.00 (Z=71.13)",0.9993,71.1286,Activity Median (Lighting of public spaces),2026-08-26T10:47:43.666818+00:00
ANOM_000568,TRANSACTION,TXN_075307,UNUSUALLY_HIGH_EXPENDITURE_TRANSACTION,1.0,HIGH,"Payment voucher of ₹11,953,957.00 for 'Lighting of public spaces' is 86.4 robust standard deviations above activity median.","{""expenditure_amount"": 11953957.0, ""activity"": ""Lighting of public spaces"", ""vendor"": ""PRAHARSH INFRASTRUCTURE"", ""zscore"": 86.42}",STATISTICAL_ROBUST_ZSCORE,"₹50,00,000 & Z >= 3.5","₹11,953,957.00 (Z=86.42)",0.9997,86.4236,Activity Median (Lighting of public spaces),2026-08-26T10:47:43.666818+00:00
ANOM_000569,TRANSACTION,TXN_075379,UNUSUALLY_HIGH_EXPENDITURE_TRANSACTION,1.0,HIGH,"Payment voucher of ₹7,135,389.00 for 'Construction of roads, link roads, pathways or any other road with or without drainage system' is 23.8 robust standard deviations above activity median.","{""expenditure_amount"": 7135389.0, ""activity"": ""Construction of roads, link roads, pathways or any other road with or without drainage system"", ""vendor"": ""MS RAJ KAMAL CONSTRUCTIONS"", ""zscore"": 23.84}",STATISTICAL_ROBUST_ZSCORE,"₹50,00,000 & Z >= 3.5","₹7,135,389.00 (Z=23.84)",1.0,23.8443,"Activity Median (Construction of roads, link roads, pathways or any other road with or without drainage system)",2026-08-26T10:47:43.666818+00:00
ANOM_000570,TRANSACTION,TXN_076314,UNUSUALLY_HIGH_EXPENDITURE_TRANSACTION,1.0,HIGH,"Payment voucher of ₹5,958,963.00 for 'Construction of flood control embankments/ protection walls along riverbanks, hilltops, roadsides' is 23.2 robust standard deviations above activity median.","{""expenditure_amount"": 5958963.0, ""activity"": ""Construction of flood control embankments/ protection walls along riverbanks, hilltops, roadsides"", ""vendor"": ""SRI MURALI KRISHNA CONSTRUCTIONS"", ""zscore"": 23.17}",STATISTICAL_ROBUST_ZSCORE,"₹50,00,000 & Z >= 3.5","₹5,958,963.00 (Z=23.17)",0.9966,23.1689,"Activity Median (Construction of flood control embankments/ protection walls along riverbanks, hilltops, roadsides)",2026-08-26T10:47:43.666818+00:00
ANOM_000571,TRANSACTION,TXN_076906,UNUSUALLY_HIGH_EXPENDITURE_TRANSACTION,1.0,HIGH,"Payment voucher of ₹6,034,908.00 for 'Lighting of public spaces' is 43.1 robust standard deviations above activity median.","{""expenditure_amount"": 6034908.0, ""activity"": ""Lighting of public spaces"", ""vendor"": ""AARADHYA ENTERPRISES"", ""zscore"": 43.06}",STATISTICAL_ROBUST_ZSCORE,"₹50,00,000 & Z >= 3.5","₹6,034,908.00 (Z=43.06)",0.9975,43.0605,Activity Median (Lighting of public spaces),2026-08-26T10:47:43.666818+00:00
ANOM_000572,TRANSACTION,TXN_077140,UNUSUALLY_HIGH_EXPENDITURE_TRANSACTION,1.0,HIGH,"Payment voucher of ₹9,026,089.00 for 'Lighting of public spaces' is 65.0 robust standard deviations above activity median.","{""expenditure_amount"": 9026089.0, ""activity"": ""Lighting of public spaces"", ""vendor"": ""AARADHYA ENTERPRISES"", ""zscore"": 64.97}",STATISTICAL_ROBUST_ZSCORE,"₹50,00,000 & Z >= 3.5","₹9,026,089.00 (Z=64.97)",0.999,64.9739,Activity Median (Lighting of public spaces),2026-08-26T10:47:43.666818+00:00
ANOM_000573,TRANSACTION,TXN_077413,UNUSUALLY_HIGH_EXPENDITURE_TRANSACTION,1.0,HIGH,"Payment voucher of ₹5,346,000.00 for 'Lighting of public spaces' is 38.0 robust standard deviations above activity median.","{""expenditure_amount"": 5346000.0, ""activity"": ""Lighting of public spaces"", ""vendor"": ""RMK ENTERPRISES"", ""zscore"": 38.01}",STATISTICAL_ROBUST_ZSCORE,"₹50,00,000 & Z >= 3.5","₹5,346,000.00 (Z=38.01)",0.9965,38.0135,Activity Median (Lighting of public spaces),2026-08-26T10:47:43.666818+00:00
ANOM_000574,TRANSACTION,TXN_078739,UNUSUALLY_HIGH_EXPENDITURE_TRANSACTION,1.0,HIGH,"Payment voucher of ₹5,900,000.00 for 'Street lights' is 38.5 robust standard deviations above activity median.","{""expenditure_amount"": 5900000.0, ""activity"": ""Street lights"", ""vendor"": ""AJAY KUMAR SINGH"", ""zscore"": 38.47}",STATISTICAL_ROBUST_ZSCORE,"₹50,00,000 & Z >= 3.5","₹5,900,000.00 (Z=38.47)",0.9994,38.4709,Activity Median (Street lights),2026-08-26T10:47:43.666818+00:00
ANOM_000575,TRANSACTION,TXN_078821,UNUSUALLY_HIGH_EXPENDITURE_TRANSACTION,1.0,HIGH,"Payment voucher of ₹5,900,000.00 for 'Street lights' is 38.5 robust standard deviations above activity median.","{""expenditure_amount"": 5900000.0, ""activity"": ""Street lights"", ""vendor"": ""AJAY KUMAR SINGH"", ""zscore"": 38.47}",STATISTICAL_ROBUST_ZSCORE,"₹50,00,000 & Z >= 3.5","₹5,900,000.00 (Z=38.47)",0.9994,38.4709,Activity Median (Street lights),2026-08-26T10:47:43.666818+00:00
ANOM_000576,TRANSACTION,TXN_079545,UNUSUALLY_HIGH_EXPENDITURE_TRANSACTION,1.0,HIGH,"Payment voucher of ₹8,076,660.00 for 'Construction of common work sheds/ common covered sitting area' is 38.3 robust standard deviations above activity median.","{""expenditure_amount"": 8076660.0, ""activity"": ""Construction of common work sheds/ common covered sitting area"", ""vendor"": ""MP AGRO BIAORA"", ""zscore"": 38.27}",STATISTICAL_ROBUST_ZSCORE,"₹50,00,000 & Z >= 3.5","₹8,076,660.00 (Z=38.27)",0.9996,38.2743,Activity Median (Construction of common work sheds/ common covered sitting area),2026-08-26T10:47:43.666818+00:00
ANOM_000577,TRANSACTION,TXN_079565,UNUSUALLY_HIGH_EXPENDITURE_TRANSACTION,1.0,HIGH,"Payment voucher of ₹5,280,000.00 for 'Construction of bus-sheds or bus-stops' is 15.4 robust standard deviations above activity median.","{""expenditure_amount"": 5280000.0, ""activity"": ""Construction of bus-sheds or bus-stops"", ""vendor"": ""SHREE VISHNU TRADERS"", ""zscore"": 15.42}",STATISTICAL_ROBUST_ZSCORE,"₹50,00,000 & Z >= 3.5","₹5,280,000.00 (Z=15.42)",0.9991,15.4205,Activity Median (Construction of bus-sheds or bus-stops),2026-08-26T10:47:43.666818+00:00
ANOM_000578,TRANSACTION,TXN_079724,UNUSUALLY_HIGH_EXPENDITURE_TRANSACTION,1.0,HIGH,"Payment voucher of ₹8,100,000.00 for 'Construction of common work sheds/ common covered sitting area' is 38.4 robust standard deviations above activity median.","{""expenditure_amount"": 8100000.0, ""activity"": ""Construction of common work sheds/ common covered sitting area"", ""vendor"": ""MP AGRO BIAORA"", ""zscore"": 38.39}",STATISTICAL_ROBUST_ZSCORE,"₹50,00,000 & Z >= 3.5","₹8,100,000.00 (Z=38.39)",1.0,38.3875,Activity Median (Construction of common work sheds/ common covered sitting area),2026-08-26T10:47:43.666818+00:00
ANOM_000586,TRANSACTION,TXN_081497,UNUSUALLY_HIGH_EXPENDITURE_TRANSACTION,1.0,HIGH,"Payment voucher of ₹5,368,000.00 for 'Lighting of public spaces' is 38.2 robust standard deviations above activity median.","{""expenditure_amount"": 5368000.0, ""activity"": ""Lighting of public spaces"", ""vendor"": ""BIHARI JI MAHADEV ASSOCIATES"", ""zscore"": 38.17}",STATISTICAL_ROBUST_ZSCORE,"₹50,00,000 & Z >= 3.5","₹5,368,000.00 (Z=38.17)",0.9966,38.1747,Activity Median (Lighting of public spaces),2026-08-26T10:47:43.666818+00:00
ANOM_000587,TRANSACTION,TXN_081885,UNUSUALLY_HIGH_EXPENDITURE_TRANSACTION,1.0,HIGH,"Payment voucher of ₹5,490,893.00 for 'Development of public parks' is 15.8 robust standard deviations above activity median.","{""expenditure_amount"": 5490893.0, ""activity"": ""Development of public parks"", ""vendor"": ""GUNASHEELAN P"", ""zscore"": 15.8}",STATISTICAL_ROBUST_ZSCORE,"₹50,00,000 & Z >= 3.5","₹5,490,893.00 (Z=15.80)",0.9979,15.7976,Activity Median (Development of public parks),2026-08-26T10:47:43.666818+00:00
ANOM_000588,TRANSACTION,TXN_082153,UNUSUALLY_HIGH_EXPENDITURE_TRANSACTION,1.0,HIGH,"Payment voucher of ₹5,368,129.00 for 'Installation of multi-gym equipment' is 15.1 robust standard deviations above activity median.","{""expenditure_amount"": 5368129.0, ""activity"": ""Installation of multi-gym equipment"", ""vendor"": ""PUNA IRON INDUSTRIES"", ""zscore"": 15.08}",STATISTICAL_ROBUST_ZSCORE,"₹50,00,000 & Z >= 3.5","₹5,368,129.00 (Z=15.08)",1.0,15.079,Activity Median (Installation of multi-gym equipment),2026-08-26T10:47:43.666818+00:00
ANOM_000589,TRANSACTION,TXN_073463,DISPROPORTIONATE_SINGLE_TRANSACTION_SHARE,1.0,HIGH,"Single disbursement of ₹32,562,250.00 accounts for 82.8% of MP's cumulative total expenditure.","{""expenditure_amount"": 32562250.0, ""share_pct"": 82.78, ""mp_name"": ""MUHAMMED HAMDULLAH SAYEED""}",DOMAIN_RULE_THRESHOLD,Share >= 40% & Amount >= 50L,"82.8% (₹32,562,250.00)",0.99,,MP Cumulative Expenditure,2026-08-26T10:47:43.666818+00:00
ANOM_000692,MP,INTERNAL_MP_490,UNUSUAL_PENDING_PAYMENT_RATIO,1.0,HIGH,High unresolved payment rate: 75.8% of transactions (25 pending out of 33 total).,"{""pending_rate_pct"": 75.75757575757575, ""pending_count"": 25, ""total_transactions"": 33}",STATISTICAL_PERCENTILE_THRESHOLD,Pending Rate >= 15% & Count >= 10,75.8% (25 pending),0.94,28.622,National Median Pending Rate (1.74%),2026-08-26T10:47:43.666818+00:00
ANOM_000693,MP,INTERNAL_MP_492,UNUSUAL_PENDING_PAYMENT_RATIO,1.0,HIGH,High unresolved payment rate: 94.8% of transactions (55 pending out of 58 total).,"{""pending_rate_pct"": 94.82758620689656, ""pending_count"": 55, ""total_transactions"": 58}",STATISTICAL_PERCENTILE_THRESHOLD,Pending Rate >= 15% & Count >= 10,94.8% (55 pending),0.94,35.9966,National Median Pending Rate (1.74%),2026-08-26T10:47:43.666818+00:00
ANOM_000590,TRANSACTION,TXN_074782,DISPROPORTIONATE_SINGLE_TRANSACTION_SHARE,0.9801,HIGH,"Single disbursement of ₹18,913,181.00 accounts for 66.0% of MP's cumulative total expenditure.","{""expenditure_amount"": 18913181.0, ""share_pct"": 66.01, ""mp_name"": ""MANOJ TIWARI""}",DOMAIN_RULE_THRESHOLD,Share >= 40% & Amount >= 50L,"66.0% (₹18,913,181.00)",0.99,,MP Cumulative Expenditure,2026-08-26T10:47:43.666818+00:00
ANOM_000662,MP,INTERNAL_MP_538,HIGH_VENDOR_CONCENTRATION,0.98,HIGH,"Disproportionately concentrated procurement: Top vendor captured 100.0% of MP's total expenditure (Vendor HHI: 10,000 across 31 transactions).","{""vendor_hhi"": 10000.0, ""top_vendor_share_pct"": 100.0, ""transaction_count"": 31, ""distinct_vendors"": 1}",ECONOMIC_CONCENTRATION_INDEX,HHI >= 3500 or Top Share >= 60%,"HHI=10,000, Top Share=100.0%",0.9963,8.185,"National Median HHI (1,069.89)",2026-08-26T10:47:43.666818+00:00
ANOM_000611,MP,INTERNAL_MP_177,HIGH_VENDOR_CONCENTRATION,0.9648,HIGH,"Disproportionately concentrated procurement: Top vendor captured 97.8% of MP's total expenditure (Vendor HHI: 9,574 across 90 transactions).","{""vendor_hhi"": 9573.79, ""top_vendor_share_pct"": 97.83, ""transaction_count"": 90, ""distinct_vendors"": 3}",ECONOMIC_CONCENTRATION_INDEX,HHI >= 3500 or Top Share >= 60%,"HHI=9,574, Top Share=97.8%",0.9908,7.7944,"National Median HHI (1,069.89)",2026-08-26T10:47:43.666818+00:00
ANOM_000617,MP,INTERNAL_MP_193,HIGH_VENDOR_CONCENTRATION,0.9571,HIGH,"Disproportionately concentrated procurement: Top vendor captured 96.7% of MP's total expenditure (Vendor HHI: 9,363 across 115 transactions).","{""vendor_hhi"": 9362.62, ""top_vendor_share_pct"": 96.73, ""transaction_count"": 115, ""distinct_vendors"": 3}",ECONOMIC_CONCENTRATION_INDEX,HHI >= 3500 or Top Share >= 60%,"HHI=9,363, Top Share=96.7%",0.989,7.6008,"National Median HHI (1,069.89)",2026-08-26T10:47:43.666818+00:00
ANOM_000677,MP,INTERNAL_MP_341,UNUSUAL_PENDING_PAYMENT_RATIO,0.9519,HIGH,High unresolved payment rate: 37.7% of transactions (20 pending out of 53 total).,"{""pending_rate_pct"": 37.735849056603776, ""pending_count"": 20, ""total_transactions"": 53}",STATISTICAL_PERCENTILE_THRESHOLD,Pending Rate >= 15% & Count >= 10,37.7% (20 pending),0.94,13.9185,National Median Pending Rate (1.74%),2026-08-26T10:47:43.666818+00:00
ANOM_000594,MP,INTERNAL_MP_050,HIGH_VENDOR_CONCENTRATION,0.9435,HIGH,"Disproportionately concentrated procurement: Top vendor captured 94.8% of MP's total expenditure (Vendor HHI: 8,994 across 156 transactions).","{""vendor_hhi"": 8993.76, ""top_vendor_share_pct"": 94.79, ""transaction_count"": 156, ""distinct_vendors"": 6}",ECONOMIC_CONCENTRATION_INDEX,HHI >= 3500 or Top Share >= 60%,"HHI=8,994, Top Share=94.8%",0.9871,7.2627,"National Median HHI (1,069.89)",2026-08-26T10:47:43.666818+00:00
ANOM_000523,TRANSACTION,TXN_041730,UNUSUALLY_HIGH_EXPENDITURE_TRANSACTION,0.9411,HIGH,"Payment voucher of ₹9,900,000.00 for 'Purchase of ambulances (Four, three and two wheelers)' is 9.5 robust standard deviations above activity median.","{""expenditure_amount"": 9900000.0, ""activity"": ""Purchase of ambulances (Four, three and two wheelers)"", ""vendor"": ""IMLICHUBA"", ""zscore"": 9.53}",STATISTICAL_ROBUST_ZSCORE,"₹50,00,000 & Z >= 3.5","₹9,900,000.00 (Z=9.53)",0.9908,9.5279,"Activity Median (Purchase of ambulances (Four, three and two wheelers))",2026-08-26T10:47:43.666818+00:00
ANOM_000649,MP,INTERNAL_MP_471,HIGH_VENDOR_CONCENTRATION,0.9409,HIGH,"Disproportionately concentrated procurement: Top vendor captured 94.4% of MP's total expenditure (Vendor HHI: 8,918 across 94 transactions).","{""vendor_hhi"": 8918.27, ""top_vendor_share_pct"": 94.41, ""transaction_count"": 94, ""distinct_vendors"": 8}",ECONOMIC_CONCENTRATION_INDEX,HHI >= 3500 or Top Share >= 60%,"HHI=8,918, Top Share=94.4%",0.9853,7.1935,"National Median HHI (1,069.89)",2026-08-26T10:47:43.666818+00:00
ANOM_000616,MP,INTERNAL_MP_190,HIGH_VENDOR_CONCENTRATION,0.9375,HIGH,"Disproportionately concentrated procurement: Top vendor captured 93.9% of MP's total expenditure (Vendor HHI: 8,859 across 83 transactions).","{""vendor_hhi"": 8859.34, ""top_vendor_share_pct"": 93.93, ""transaction_count"": 83, ""distinct_vendors"": 2}",ECONOMIC_CONCENTRATION_INDEX,HHI >= 3500 or Top Share >= 60%,"HHI=8,859, Top Share=93.9%",0.9834,7.1395,"National Median HHI (1,069.89)",2026-08-26T10:47:43.666818+00:00
ANOM_000663,MP,INTERNAL_MP_539,HIGH_VENDOR_CONCENTRATION,0.9323,HIGH,"Disproportionately concentrated procurement: Top vendor captured 93.2% of MP's total expenditure (Vendor HHI: 8,730 across 102 transactions).","{""vendor_hhi"": 8729.76, ""top_vendor_share_pct"": 93.18, ""transaction_count"": 102, ""distinct_vendors"": 2}",ECONOMIC_CONCENTRATION_INDEX,HHI >= 3500 or Top Share >= 60%,"HHI=8,730, Top Share=93.2%",0.9816,7.0208,"National Median HHI (1,069.89)",2026-08-26T10:47:43.666818+00:00
ANOM_000622,MP,INTERNAL_MP_262,HIGH_VENDOR_CONCENTRATION,0.9288,HIGH,"Disproportionately concentrated procurement: Top vendor captured 92.7% of MP's total expenditure (Vendor HHI: 8,644 across 41 transactions).","{""vendor_hhi"": 8643.66, ""top_vendor_share_pct"": 92.68, ""transaction_count"": 41, ""distinct_vendors"": 2}",ECONOMIC_CONCENTRATION_INDEX,HHI >= 3500 or Top Share >= 60%,"HHI=8,644, Top Share=92.7%",0.9797,6.9419,"National Median HHI (1,069.89)",2026-08-26T10:47:43.666818+00:00
ANOM_000482,TRANSACTION,TXN_016263,UNUSUALLY_HIGH_EXPENDITURE_TRANSACTION,0.9287,HIGH,"Payment voucher of ₹6,300,000.00 for 'Purchase of vehicle for mobile dispensaries (Four, three and two wheelers)' is 9.2 robust standard deviations above activity median.","{""expenditure_amount"": 6300000.0, ""activity"": ""Purchase of vehicle for mobile dispensaries (Four, three and two wheelers)"", ""vendor"": ""RAVI METAL WORKS"", ""zscore"": 9.22}",STATISTICAL_ROBUST_ZSCORE,"₹50,00,000 & Z >= 3.5","₹6,300,000.00 (Z=9.22)",1.0,9.2178,"Activity Median (Purchase of vehicle for mobile dispensaries (Four, three and two wheelers))",2026-08-26T10:47:43.666818+00:00
ANOM_000652,MP,INTERNAL_MP_478,HIGH_VENDOR_CONCENTRATION,0.927,HIGH,"Disproportionately concentrated procurement: Top vendor captured 92.4% of MP's total expenditure (Vendor HHI: 8,583 across 559 transactions).","{""vendor_hhi"": 8582.74, ""top_vendor_share_pct"": 92.43, ""transaction_count"": 559, ""distinct_vendors"": 4}",ECONOMIC_CONCENTRATION_INDEX,HHI >= 3500 or Top Share >= 60%,"HHI=8,583, Top Share=92.4%",0.9779,6.886,"National Median HHI (1,069.89)",2026-08-26T10:47:43.666818+00:00
ANOM_000687,MP,INTERNAL_MP_468,UNUSUAL_PENDING_PAYMENT_RATIO,0.9252,HIGH,High unresolved payment rate: 34.4% of transactions (97 pending out of 282 total).,"{""pending_rate_pct"": 34.39716312056738, ""pending_count"": 97, ""total_transactions"": 282}",STATISTICAL_PERCENTILE_THRESHOLD,Pending Rate >= 15% & Count >= 10,34.4% (97 pending),0.94,12.6273,National Median Pending Rate (1.74%),2026-08-26T10:47:43.666818+00:00
ANOM_000635,MP,INTERNAL_MP_432,HIGH_VENDOR_CONCENTRATION,0.9244,HIGH,"Disproportionately concentrated procurement: Top vendor captured 92.1% of MP's total expenditure (Vendor HHI: 8,498 across 30 transactions).","{""vendor_hhi"": 8497.52, ""top_vendor_share_pct"": 92.06, ""transaction_count"": 30, ""distinct_vendors"": 4}",ECONOMIC_CONCENTRATION_INDEX,HHI >= 3500 or Top Share >= 60%,"HHI=8,498, Top Share=92.1%",0.9761,6.8079,"National Median HHI (1,069.89)",2026-08-26T10:47:43.666818+00:00
ANOM_000657,MP,INTERNAL_MP_495,HIGH_VENDOR_CONCENTRATION,0.9164,HIGH,"Disproportionately concentrated procurement: Top vendor captured 90.9% of MP's total expenditure (Vendor HHI: 8,283 across 69 transactions).","{""vendor_hhi"": 8283.27, ""top_vendor_share_pct"": 90.91, ""transaction_count"": 69, ""distinct_vendors"": 7}",ECONOMIC_CONCENTRATION_INDEX,HHI >= 3500 or Top Share >= 60%,"HHI=8,283, Top Share=90.9%",0.9705,6.6115,"National Median HHI (1,069.89)",2026-08-26T10:47:43.666818+00:00
ANOM_000675,MP,INTERNAL_MP_316,UNUSUAL_PENDING_PAYMENT_RATIO,0.9081,HIGH,High unresolved payment rate: 32.3% of transactions (10 pending out of 31 total).,"{""pending_rate_pct"": 32.25806451612903, ""pending_count"": 10, ""total_transactions"": 31}",STATISTICAL_PERCENTILE_THRESHOLD,Pending Rate >= 15% & Count >= 10,32.3% (10 pending),0.94,11.8001,National Median Pending Rate (1.74%),2026-08-26T10:47:43.666818+00:00
ANOM_000651,MP,INTERNAL_MP_477,HIGH_VENDOR_CONCENTRATION,0.907,HIGH,"Disproportionately concentrated procurement: Top vendor captured 89.6% of MP's total expenditure (Vendor HHI: 8,078 across 83 transactions).","{""vendor_hhi"": 8077.9, ""top_vendor_share_pct"": 89.57, ""transaction_count"": 83, ""distinct_vendors"": 3}",ECONOMIC_CONCENTRATION_INDEX,HHI >= 3500 or Top Share >= 60%,"HHI=8,078, Top Share=89.6%",0.9687,6.4233,"National Median HHI (1,069.89)",2026-08-26T10:47:43.666818+00:00
ANOM_000591,TRANSACTION,TXN_075019,DISPROPORTIONATE_SINGLE_TRANSACTION_SHARE,0.9032,MEDIUM,"Single disbursement of ₹5,656,600.00 accounts for 50.6% of MP's cumulative total expenditure.","{""expenditure_amount"": 5656600.0, ""share_pct"": 50.63, ""mp_name"": ""ASADUDDIN OWAISI""}",DOMAIN_RULE_THRESHOLD,Share >= 40% & Amount >= 50L,"50.6% (₹5,656,600.00)",0.99,,MP Cumulative Expenditure,2026-08-26T10:47:43.666818+00:00
ANOM_000664,MP,INTERNAL_MP_073,UNUSUAL_PENDING_PAYMENT_RATIO,0.9,HIGH,High unresolved payment rate: 31.2% of transactions (10 pending out of 32 total).,"{""pending_rate_pct"": 31.25, ""pending_count"": 10, ""total_transactions"": 32}",STATISTICAL_PERCENTILE_THRESHOLD,Pending Rate >= 15% & Count >= 10,31.2% (10 pending),0.94,11.4103,National Median Pending Rate (1.74%),2026-08-26T10:47:43.666818+00:00
ANOM_000695,MP,INTERNAL_MP_497,UNUSUAL_PENDING_PAYMENT_RATIO,0.8919,HIGH,High unresolved payment rate: 30.2% of transactions (26 pending out of 86 total).,"{""pending_rate_pct"": 30.23255813953488, ""pending_count"": 26, ""total_transactions"": 86}",STATISTICAL_PERCENTILE_THRESHOLD,Pending Rate >= 15% & Count >= 10,30.2% (26 pending),0.94,11.0168,National Median Pending Rate (1.74%),2026-08-26T10:47:43.666818+00:00
ANOM_000624,MP,INTERNAL_MP_291,HIGH_VENDOR_CONCENTRATION,0.8884,HIGH,"Disproportionately concentrated procurement: Top vendor captured 86.9% of MP's total expenditure (Vendor HHI: 7,640 across 67 transactions).","{""vendor_hhi"": 7639.66, ""top_vendor_share_pct"": 86.91, ""transaction_count"": 67, ""distinct_vendors"": 3}",ECONOMIC_CONCENTRATION_INDEX,HHI >= 3500 or Top Share >= 60%,"HHI=7,640, Top Share=86.9%",0.9669,6.0216,"National Median HHI (1,069.89)",2026-08-26T10:47:43.666818+00:00
ANOM_000645,MP,INTERNAL_MP_462,HIGH_VENDOR_CONCENTRATION,0.8859,HIGH,"Disproportionately concentrated procurement: Top vendor captured 86.6% of MP's total expenditure (Vendor HHI: 7,624 across 145 transactions).","{""vendor_hhi"": 7624.16, ""top_vendor_share_pct"": 86.56, ""transaction_count"": 145, ""distinct_vendors"": 6}",ECONOMIC_CONCENTRATION_INDEX,HHI >= 3500 or Top Share >= 60%,"HHI=7,624, Top Share=86.6%",0.965,6.0074,"National Median HHI (1,069.89)",2026-08-26T10:47:43.666818+00:00
ANOM_000525,TRANSACTION,TXN_042018,UNUSUALLY_HIGH_EXPENDITURE_TRANSACTION,0.8784,HIGH,"Payment voucher of ₹8,500,000.00 for 'Purchase of ambulances (Four, three and two wheelers)' is 8.0 robust standard deviations above activity median.","{""expenditure_amount"": 8500000.0, ""activity"": ""Purchase of ambulances (Four, three and two wheelers)"", ""vendor"": ""IMLICHUBA"", ""zscore"": 7.96}",STATISTICAL_ROBUST_ZSCORE,"₹50,00,000 & Z >= 3.5","₹8,500,000.00 (Z=7.96)",0.9817,7.9599,"Activity Median (Purchase of ambulances (Four, three and two wheelers))",2026-08-26T10:47:43.666818+00:00
ANOM_000669,MP,INTERNAL_MP_142,UNUSUAL_PENDING_PAYMENT_RATIO,0.8763,MEDIUM,High unresolved payment rate: 28.3% of transactions (86 pending out of 304 total).,"{""pending_rate_pct"": 28.289473684210524, ""pending_count"": 86, ""total_transactions"": 304}",STATISTICAL_PERCENTILE_THRESHOLD,Pending Rate >= 15% & Count >= 10,28.3% (86 pending),0.94,10.2654,National Median Pending Rate (1.74%),2026-08-26T10:47:43.666818+00:00
ANOM_000678,MP,INTERNAL_MP_374,UNUSUAL_PENDING_PAYMENT_RATIO,0.8713,MEDIUM,High unresolved payment rate: 27.7% of transactions (13 pending out of 47 total).,"{""pending_rate_pct"": 27.659574468085108, ""pending_count"": 13, ""total_transactions"": 47}",STATISTICAL_PERCENTILE_THRESHOLD,Pending Rate >= 15% & Count >= 10,27.7% (13 pending),0.94,10.0218,National Median Pending Rate (1.74%),2026-08-26T10:47:43.666818+00:00
ANOM_000599,MP,INTERNAL_MP_078,HIGH_VENDOR_CONCENTRATION,0.8691,HIGH,"Disproportionately concentrated procurement: Top vendor captured 84.2% of MP's total expenditure (Vendor HHI: 7,127 across 142 transactions).","{""vendor_hhi"": 7127.36, ""top_vendor_share_pct"": 84.16, ""transaction_count"": 142, ""distinct_vendors"": 10}",ECONOMIC_CONCENTRATION_INDEX,HHI >= 3500 or Top Share >= 60%,"HHI=7,127, Top Share=84.2%",0.9632,5.5521,"National Median HHI (1,069.89)",2026-08-26T10:47:43.666818+00:00
ANOM_000422,WORK,133588,UNUSUALLY_LONG_COMPLETION_DURATION,0.867,HIGH,Execution duration from recommendation to completion was 767.0 days (~25.2 months).,"{""duration_days"": 767.0, ""recommendation_date"": ""2024-07-17T00:00:00.000Z"", ""completed_date"": ""2026-08-23T00:00:00.000Z""}",STATISTICAL_PERCENTILE_THRESHOLD,Duration >= 500 days,767.0 days,0.95,3.23,Mean Lifecycle Duration (380 days),2026-08-26T10:47:43.666818+00:00
ANOM_000423,WORK,133601,UNUSUALLY_LONG_COMPLETION_DURATION,0.867,HIGH,Execution duration from recommendation to completion was 767.0 days (~25.2 months).,"{""duration_days"": 767.0, ""recommendation_date"": ""2024-07-17T00:00:00.000Z"", ""completed_date"": ""2026-08-23T00:00:00.000Z""}",STATISTICAL_PERCENTILE_THRESHOLD,Duration >= 500 days,767.0 days,0.95,3.23,Mean Lifecycle Duration (380 days),2026-08-26T10:47:43.666818+00:00
ANOM_000522,TRANSACTION,TXN_041729,UNUSUALLY_HIGH_EXPENDITURE_TRANSACTION,0.8635,HIGH,"Payment voucher of ₹5,000,000.00 for 'Tree plantation for community' is 7.6 robust standard deviations above activity median.","{""expenditure_amount"": 5000000.0, ""activity"": ""Tree plantation for community"", ""vendor"": ""FINGERPRINT"", ""zscore"": 7.59}",STATISTICAL_ROBUST_ZSCORE,"₹50,00,000 & Z >= 3.5","₹5,000,000.00 (Z=7.59)",0.9655,7.5866,Activity Median (Tree plantation for community),2026-08-26T10:47:43.666818+00:00
ANOM_000618,MP,INTERNAL_MP_212,HIGH_VENDOR_CONCENTRATION,0.8595,HIGH,"Disproportionately concentrated procurement: Top vendor captured 82.8% of MP's total expenditure (Vendor HHI: 6,895 across 20 transactions).","{""vendor_hhi"": 6895.13, ""top_vendor_share_pct"": 82.78, ""transaction_count"": 20, ""distinct_vendors"": 18}",ECONOMIC_CONCENTRATION_INDEX,HHI >= 3500 or Top Share >= 60%,"HHI=6,895, Top Share=82.8%",0.9576,5.3392,"National Median HHI (1,069.89)",2026-08-26T10:47:43.666818+00:00
ANOM_000613,MP,INTERNAL_MP_184,HIGH_VENDOR_CONCENTRATION,0.856,HIGH,"Disproportionately concentrated procurement: Top vendor captured 82.3% of MP's total expenditure (Vendor HHI: 6,956 across 127 transactions).","{""vendor_hhi"": 6956.33, ""top_vendor_share_pct"": 82.28, ""transaction_count"": 127, ""distinct_vendors"": 3}",ECONOMIC_CONCENTRATION_INDEX,HHI >= 3500 or Top Share >= 60%,"HHI=6,956, Top Share=82.3%",0.9613,5.3953,"National Median HHI (1,069.89)",2026-08-26T10:47:43.666818+00:00
ANOM_000607,MP,INTERNAL_MP_161,HIGH_VENDOR_CONCENTRATION,0.8523,HIGH,"Disproportionately concentrated procurement: Top vendor captured 81.8% of MP's total expenditure (Vendor HHI: 6,854 across 238 transactions).","{""vendor_hhi"": 6854.43, ""top_vendor_share_pct"": 81.76, ""transaction_count"": 238, ""distinct_vendors"": 3}",ECONOMIC_CONCENTRATION_INDEX,HHI >= 3500 or Top Share >= 60%,"HHI=6,854, Top Share=81.8%",0.9558,5.3019,"National Median HHI (1,069.89)",2026-08-26T10:47:43.666818+00:00
ANOM_000641,MP,INTERNAL_MP_445,HIGH_VENDOR_CONCENTRATION,0.8511,HIGH,"Disproportionately concentrated procurement: Top vendor captured 81.6% of MP's total expenditure (Vendor HHI: 6,944 across 367 transactions).","{""vendor_hhi"": 6944.23, ""top_vendor_share_pct"": 81.58, ""transaction_count"": 367, ""distinct_vendors"": 4}",ECONOMIC_CONCENTRATION_INDEX,HHI >= 3500 or Top Share >= 60%,"HHI=6,944, Top Share=81.6%",0.9595,5.3842,"National Median HHI (1,069.89)",2026-08-26T10:47:43.666818+00:00
ANOM_000696,MP,INTERNAL_MP_526,UNUSUAL_PENDING_PAYMENT_RATIO,0.85,MEDIUM,High unresolved payment rate: 25.0% of transactions (11 pending out of 44 total).,"{""pending_rate_pct"": 25.0, ""pending_count"": 11, ""total_transactions"": 44}",STATISTICAL_PERCENTILE_THRESHOLD,Pending Rate >= 15% & Count >= 10,25.0% (11 pending),0.94,8.9933,National Median Pending Rate (1.74%),2026-08-26T10:47:43.666818+00:00
ANOM_000697,MP,INTERNAL_MP_016,MP_UTILIZATION_EXTREME_OUTLIER,0.85,MEDIUM,"Fund stagnation risk: MP has utilized only 0.0% of allocated ₹147,000,000.00.","{""utilization_pct"": 0.0, ""allocated_amount"": 147000000.0, ""total_expenditure"": 0.0}",DOMAIN_RULE_THRESHOLD,Utilization <= 5.0% with Allocation >= 10 Cr,0.0%,0.012,-1.4425,National Median Utilization (32.23%),2026-08-26T10:47:43.666818+00:00
ANOM_000701,MP,INTERNAL_MP_064,MP_UTILIZATION_EXTREME_OUTLIER,0.85,MEDIUM,"Fund stagnation risk: MP has utilized only 0.0% of allocated ₹147,000,000.00.","{""utilization_pct"": 0.0, ""allocated_amount"": 147000000.0, ""total_expenditure"": 0.0}",DOMAIN_RULE_THRESHOLD,Utilization <= 5.0% with Allocation >= 10 Cr,0.0%,0.012,-1.4425,National Median Utilization (32.23%),2026-08-26T10:47:43.666818+00:00
ANOM_000703,MP,INTERNAL_MP_068,MP_UTILIZATION_EXTREME_OUTLIER,0.85,MEDIUM,"Fund stagnation risk: MP has utilized only 0.0% of allocated ₹147,000,000.00.","{""utilization_pct"": 0.0, ""allocated_amount"": 147000000.0, ""total_expenditure"": 0.0}",DOMAIN_RULE_THRESHOLD,Utilization <= 5.0% with Allocation >= 10 Cr,0.0%,0.012,-1.4425,National Median Utilization (32.23%),2026-08-26T10:47:43.666818+00:00
ANOM_000704,MP,INTERNAL_MP_069,MP_UTILIZATION_EXTREME_OUTLIER,0.85,MEDIUM,"Fund stagnation risk: MP has utilized only 0.0% of allocated ₹147,000,000.00.","{""utilization_pct"": 0.0, ""allocated_amount"": 147000000.0, ""total_expenditure"": 0.0}",DOMAIN_RULE_THRESHOLD,Utilization <= 5.0% with Allocation >= 10 Cr,0.0%,0.012,-1.4425,National Median Utilization (32.23%),2026-08-26T10:47:43.666818+00:00
ANOM_000705,MP,INTERNAL_MP_074,MP_UTILIZATION_EXTREME_OUTLIER,0.85,MEDIUM,"Fund stagnation risk: MP has utilized only 0.0% of allocated ₹147,000,000.00.","{""utilization_pct"": 0.0, ""allocated_amount"": 147000000.0, ""total_expenditure"": 0.0}",DOMAIN_RULE_THRESHOLD,Utilization <= 5.0% with Allocation >= 10 Cr,0.0%,0.012,-1.4425,National Median Utilization (32.23%),2026-08-26T10:47:43.666818+00:00
ANOM_000707,MP,INTERNAL_MP_154,MP_UTILIZATION_EXTREME_OUTLIER,0.85,MEDIUM,"Fund stagnation risk: MP has utilized only 0.0% of allocated ₹147,000,000.00.","{""utilization_pct"": 0.0, ""allocated_amount"": 147000000.0, ""total_expenditure"": 0.0}",DOMAIN_RULE_THRESHOLD,Utilization <= 5.0% with Allocation >= 10 Cr,0.0%,0.012,-1.4425,National Median Utilization (32.23%),2026-08-26T10:47:43.666818+00:00
ANOM_000716,MP,INTERNAL_MP_288,MP_UTILIZATION_EXTREME_OUTLIER,0.85,MEDIUM,"Fund stagnation risk: MP has utilized only 0.0% of allocated ₹147,000,000.00.","{""utilization_pct"": 0.0, ""allocated_amount"": 147000000.0, ""total_expenditure"": 0.0}",DOMAIN_RULE_THRESHOLD,Utilization <= 5.0% with Allocation >= 10 Cr,0.0%,0.012,-1.4425,National Median Utilization (32.23%),2026-08-26T10:47:43.666818+00:00
ANOM_000718,MP,INTERNAL_MP_300,MP_UTILIZATION_EXTREME_OUTLIER,0.85,MEDIUM,"Fund stagnation risk: MP has utilized only 0.0% of allocated ₹147,000,000.00.","{""utilization_pct"": 0.0, ""allocated_amount"": 147000000.0, ""total_expenditure"": 0.0}",DOMAIN_RULE_THRESHOLD,Utilization <= 5.0% with Allocation >= 10 Cr,0.0%,0.012,-1.4425,National Median Utilization (32.23%),2026-08-26T10:47:43.666818+00:00
ANOM_000725,MP,INTERNAL_MP_354,MP_UTILIZATION_EXTREME_OUTLIER,0.85,MEDIUM,"Fund stagnation risk: MP has utilized only 0.0% of allocated ₹147,000,000.00.","{""utilization_pct"": 0.0, ""allocated_amount"": 147000000.0, ""total_expenditure"": 0.0}",DOMAIN_RULE_THRESHOLD,Utilization <= 5.0% with Allocation >= 10 Cr,0.0%,0.012,-1.4425,National Median Utilization (32.23%),2026-08-26T10:47:43.666818+00:00
ANOM_000729,MP,INTERNAL_MP_413,MP_UTILIZATION_EXTREME_OUTLIER,0.85,MEDIUM,"Fund stagnation risk: MP has utilized only 0.0% of allocated ₹147,000,000.00.","{""utilization_pct"": 0.0, ""allocated_amount"": 147000000.0, ""total_expenditure"": 0.0}",DOMAIN_RULE_THRESHOLD,Utilization <= 5.0% with Allocation >= 10 Cr,0.0%,0.012,-1.4425,National Median Utilization (32.23%),2026-08-26T10:47:43.666818+00:00
ANOM_000730,MP,INTERNAL_MP_414,MP_UTILIZATION_EXTREME_OUTLIER,0.85,MEDIUM,"Fund stagnation risk: MP has utilized only 0.0% of allocated ₹245,063,957.00.","{""utilization_pct"": 0.0, ""allocated_amount"": 245063957.0, ""total_expenditure"": 0.0}",DOMAIN_RULE_THRESHOLD,Utilization <= 5.0% with Allocation >= 10 Cr,0.0%,0.012,-1.4425,National Median Utilization (32.23%),2026-08-26T10:47:43.666818+00:00
ANOM_000502,TRANSACTION,TXN_027482,UNUSUALLY_HIGH_EXPENDITURE_TRANSACTION,0.8493,HIGH,"Payment voucher of ₹7,850,000.00 for 'Purchase of ambulances (Four, three and two wheelers)' is 7.2 robust standard deviations above activity median.","{""expenditure_amount"": 7850000.0, ""activity"": ""Purchase of ambulances (Four, three and two wheelers)"", ""vendor"": ""VIKRAM ENTERPRISES"", ""zscore"": 7.23}",STATISTICAL_ROBUST_ZSCORE,"₹50,00,000 & Z >= 3.5","₹7,850,000.00 (Z=7.23)",0.9725,7.2319,"Activity Median (Purchase of ambulances (Four, three and two wheelers))",2026-08-26T10:47:43.666818+00:00
ANOM_000643,MP,INTERNAL_MP_454,HIGH_VENDOR_CONCENTRATION,0.848,HIGH,"Disproportionately concentrated procurement: Top vendor captured 81.2% of MP's total expenditure (Vendor HHI: 6,785 across 10 transactions).","{""vendor_hhi"": 6784.86, ""top_vendor_share_pct"": 81.15, ""transaction_count"": 10, ""distinct_vendors"": 3}",ECONOMIC_CONCENTRATION_INDEX,HHI >= 3500 or Top Share >= 60%,"HHI=6,785, Top Share=81.2%",0.954,5.2381,"National Median HHI (1,069.89)",2026-08-26T10:47:43.666818+00:00
ANOM_000636,MP,INTERNAL_MP_434,HIGH_VENDOR_CONCENTRATION,0.8457,HIGH,"Disproportionately concentrated procurement: Top vendor captured 80.8% of MP's total expenditure (Vendor HHI: 6,570 across 239 transactions).","{""vendor_hhi"": 6570.13, ""top_vendor_share_pct"": 80.82, ""transaction_count"": 239, ""distinct_vendors"": 16}",ECONOMIC_CONCENTRATION_INDEX,HHI >= 3500 or Top Share >= 60%,"HHI=6,570, Top Share=80.8%",0.9484,5.0413,"National Median HHI (1,069.89)",2026-08-26T10:47:43.666818+00:00
ANOM_000711,MP,INTERNAL_MP_259,MP_UTILIZATION_EXTREME_OUTLIER,0.839,MEDIUM,"Fund stagnation risk: MP has utilized only 0.2% of allocated ₹147,000,000.00.","{""utilization_pct"": 0.22, ""allocated_amount"": 147000000.0, ""total_expenditure"": 325000.0}",DOMAIN_RULE_THRESHOLD,Utilization <= 5.0% with Allocation >= 10 Cr,0.2%,0.0239,-1.4327,National Median Utilization (32.23%),2026-08-26T10:47:43.666818+00:00
ANOM_000661,MP,INTERNAL_MP_529,HIGH_VENDOR_CONCENTRATION,0.8379,HIGH,"Disproportionately concentrated procurement: Top vendor captured 79.7% of MP's total expenditure (Vendor HHI: 6,764 across 31 transactions).","{""vendor_hhi"": 6763.82, ""top_vendor_share_pct"": 79.7, ""transaction_count"": 31, ""distinct_vendors"": 2}",ECONOMIC_CONCENTRATION_INDEX,HHI >= 3500 or Top Share >= 60%,"HHI=6,764, Top Share=79.7%",0.9521,5.2189,"National Median HHI (1,069.89)",2026-08-26T10:47:43.666818+00:00
ANOM_000417,WORK,182584,UNUSUAL_COST_VARIANCE,0.8374,MEDIUM,"Final completed cost (₹150,190.00) reduced below original recommended amount (₹400,000.00) by -62.5% (variance: ₹-249,810.00).","{""recommended_amount"": 400000.0, ""final_amount"": 150190.0, ""variance_amount"": -249810.0, ""variance_pct"": -62.45}",DOMAIN_RULE_THRESHOLD,|Variance %| >= 40% or |Variance ₹| >= 10L,"-62.5% (₹-249,810.00)",,,Recommended Amount,2026-08-26T10:47:43.666818+00:00
ANOM_000466,TRANSACTION,TXN_007097,UNUSUALLY_HIGH_EXPENDITURE_TRANSACTION,0.8368,HIGH,"Payment voucher of ₹5,426,798.00 for 'Construction of Government office buildings (Post office, Police station, Police chauki, etc.)' is 6.9 robust standard deviations above activity median.","{""expenditure_amount"": 5426798.0, ""activity"": ""Construction of Government office buildings (Post office, Police station, Police chauki, etc.)"", ""vendor"": ""DIVAGAR CONSTRUCTION"", ""zscore"": 6.92}",STATISTICAL_ROBUST_ZSCORE,"₹50,00,000 & Z >= 3.5","₹5,426,798.00 (Z=6.92)",1.0,6.9192,"Activity Median (Construction of Government office buildings (Post office, Police station, Police chauki, etc.))",2026-08-26T10:47:43.666818+00:00
ANOM_000592,MP,INTERNAL_MP_043,HIGH_VENDOR_CONCENTRATION,0.8366,HIGH,"Disproportionately concentrated procurement: Top vendor captured 79.5% of MP's total expenditure (Vendor HHI: 6,680 across 68 transactions).","{""vendor_hhi"": 6679.61, ""top_vendor_share_pct"": 79.52, ""transaction_count"": 68, ""distinct_vendors"": 4}",ECONOMIC_CONCENTRATION_INDEX,HHI >= 3500 or Top Share >= 60%,"HHI=6,680, Top Share=79.5%",0.9503,5.1417,"National Median HHI (1,069.89)",2026-08-26T10:47:43.666818+00:00
ANOM_000656,MP,INTERNAL_MP_492,HIGH_VENDOR_CONCENTRATION,0.8335,HIGH,"Disproportionately concentrated procurement: Top vendor captured 79.1% of MP's total expenditure (Vendor HHI: 6,430 across 58 transactions).","{""vendor_hhi"": 6430.37, ""top_vendor_share_pct"": 79.07, ""transaction_count"": 58, ""distinct_vendors"": 4}",ECONOMIC_CONCENTRATION_INDEX,HHI >= 3500 or Top Share >= 60%,"HHI=6,430, Top Share=79.1%",0.9466,4.9132,"National Median HHI (1,069.89)",2026-08-26T10:47:43.666818+00:00
ANOM_000723,MP,INTERNAL_MP_347,MP_UTILIZATION_EXTREME_OUTLIER,0.8335,MEDIUM,"Fund stagnation risk: MP has utilized only 0.3% of allocated ₹147,000,000.00.","{""utilization_pct"": 0.33, ""allocated_amount"": 147000000.0, ""total_expenditure"": 491827.0}",DOMAIN_RULE_THRESHOLD,Utilization <= 5.0% with Allocation >= 10 Cr,0.3%,0.0258,-1.4278,National Median Utilization (32.23%),2026-08-26T10:47:43.666818+00:00
ANOM_000673,MP,INTERNAL_MP_197,UNUSUAL_PENDING_PAYMENT_RATIO,0.8214,MEDIUM,High unresolved payment rate: 21.4% of transactions (21 pending out of 98 total).,"{""pending_rate_pct"": 21.428571428571427, ""pending_count"": 21, ""total_transactions"": 98}",STATISTICAL_PERCENTILE_THRESHOLD,Pending Rate >= 15% & Count >= 10,21.4% (21 pending),0.94,7.6122,National Median Pending Rate (1.74%),2026-08-26T10:47:43.666818+00:00
ANOM_000686,MP,INTERNAL_MP_464,UNUSUAL_PENDING_PAYMENT_RATIO,0.8214,MEDIUM,High unresolved payment rate: 21.4% of transactions (21 pending out of 98 total).,"{""pending_rate_pct"": 21.428571428571427, ""pending_count"": 21, ""total_transactions"": 98}",STATISTICAL_PERCENTILE_THRESHOLD,Pending Rate >= 15% & Count >= 10,21.4% (21 pending),0.94,7.6122,National Median Pending Rate (1.74%),2026-08-26T10:47:43.666818+00:00
ANOM_000431,WORK,138241,UNUSUALLY_LONG_COMPLETION_DURATION,0.821,HIGH,Execution duration from recommendation to completion was 721.0 days (~23.7 months).,"{""duration_days"": 721.0, ""recommendation_date"": ""2024-09-02T00:00:00.000Z"", ""completed_date"": ""2026-08-24T00:00:00.000Z""}",STATISTICAL_PERCENTILE_THRESHOLD,Duration >= 500 days,721.0 days,0.95,2.84,Mean Lifecycle Duration (380 days),2026-08-26T10:47:43.666818+00:00
ANOM_000603,MP,INTERNAL_MP_150,HIGH_VENDOR_CONCENTRATION,0.8169,HIGH,"Disproportionately concentrated procurement: Top vendor captured 76.7% of MP's total expenditure (Vendor HHI: 6,167 across 269 transactions).","{""vendor_hhi"": 6167.17, ""top_vendor_share_pct"": 76.7, ""transaction_count"": 269, ""distinct_vendors"": 4}",ECONOMIC_CONCENTRATION_INDEX,HHI >= 3500 or Top Share >= 60%,"HHI=6,167, Top Share=76.7%",0.9411,4.672,"National Median HHI (1,069.89)",2026-08-26T10:47:43.666818+00:00
ANOM_000681,MP,INTERNAL_MP_435,UNUSUAL_PENDING_PAYMENT_RATIO,0.813,MEDIUM,High unresolved payment rate: 20.4% of transactions (107 pending out of 525 total).,"{""pending_rate_pct"": 20.38095238095238, ""pending_count"": 107, ""total_transactions"": 525}",STATISTICAL_PERCENTILE_THRESHOLD,Pending Rate >= 15% & Count >= 10,20.4% (107 pending),0.94,7.2071,National Median Pending Rate (1.74%),2026-08-26T10:47:43.666818+00:00
ANOM_000691,MP,INTERNAL_MP_489,UNUSUAL_PENDING_PAYMENT_RATIO,0.8114,MEDIUM,High unresolved payment rate: 20.2% of transactions (67 pending out of 332 total).,"{""pending_rate_pct"": 20.180722891566266, ""pending_count"": 67, ""total_transactions"": 332}",STATISTICAL_PERCENTILE_THRESHOLD,Pending Rate >= 15% & Count >= 10,20.2% (67 pending),0.94,7.1297,National Median Pending Rate (1.74%),2026-08-26T10:47:43.666818+00:00
ANOM_000655,MP,INTERNAL_MP_490,HIGH_VENDOR_CONCENTRATION,0.8109,HIGH,"Disproportionately concentrated procurement: Top vendor captured 75.8% of MP's total expenditure (Vendor HHI: 5,914 across 33 transactions).","{""vendor_hhi"": 5913.71, ""top_vendor_share_pct"": 75.84, ""transaction_count"": 33, ""distinct_vendors"": 6}",ECONOMIC_CONCENTRATION_INDEX,HHI >= 3500 or Top Share >= 60%,"HHI=5,914, Top Share=75.8%",0.9337,4.4397,"National Median HHI (1,069.89)",2026-08-26T10:47:43.666818+00:00
ANOM_000682,MP,INTERNAL_MP_437,UNUSUAL_PENDING_PAYMENT_RATIO,0.81,MEDIUM,High unresolved payment rate: 20.0% of transactions (50 pending out of 250 total).,"{""pending_rate_pct"": 20.0, ""pending_count"": 50, ""total_transactions"": 250}",STATISTICAL_PERCENTILE_THRESHOLD,Pending Rate >= 15% & Count >= 10,20.0% (50 pending),0.94,7.0598,National Median Pending Rate (1.74%),2026-08-26T10:47:43.666818+00:00
ANOM_000710,MP,INTERNAL_MP_250,MP_UTILIZATION_EXTREME_OUTLIER,0.809,MEDIUM,"Fund stagnation risk: MP has utilized only 0.8% of allocated ₹147,000,000.00.","{""utilization_pct"": 0.82, ""allocated_amount"": 147000000.0, ""total_expenditure"": 1208028.0}",DOMAIN_RULE_THRESHOLD,Utilization <= 5.0% with Allocation >= 10 Cr,0.8%,0.0276,-1.4058,National Median Utilization (32.23%),2026-08-26T10:47:43.666818+00:00
ANOM_000516,TRANSACTION,TXN_035776,UNUSUALLY_HIGH_EXPENDITURE_TRANSACTION,0.8073,HIGH,"Payment voucher of ₹5,337,652.00 for 'Setting up public non-conventional energy plants' is 6.2 robust standard deviations above activity median.","{""expenditure_amount"": 5337652.0, ""activity"": ""Setting up public non-conventional energy plants"", ""vendor"": ""AADI AND RUDRANSH CONSTRUCTION COMPANY"", ""zscore"": 6.18}",STATISTICAL_ROBUST_ZSCORE,"₹50,00,000 & Z >= 3.5","₹5,337,652.00 (Z=6.18)",1.0,6.1826,Activity Median (Setting up public non-conventional energy plants),2026-08-26T10:47:43.666818+00:00
ANOM_000424,WORK,140714,UNUSUALLY_LONG_COMPLETION_DURATION,0.803,HIGH,Execution duration from recommendation to completion was 703.0 days (~23.1 months).,"{""duration_days"": 703.0, ""recommendation_date"": ""2024-09-20T00:00:00.000Z"", ""completed_date"": ""2026-08-24T00:00:00.000Z""}",STATISTICAL_PERCENTILE_THRESHOLD,Duration >= 500 days,703.0 days,0.95,2.69,Mean Lifecycle Duration (380 days),2026-08-26T10:47:43.666818+00:00
ANOM_000425,WORK,140715,UNUSUALLY_LONG_COMPLETION_DURATION,0.803,HIGH,Execution duration from recommendation to completion was 703.0 days (~23.1 months).,"{""duration_days"": 703.0, ""recommendation_date"": ""2024-09-20T00:00:00.000Z"", ""completed_date"": ""2026-08-24T00:00:00.000Z""}",STATISTICAL_PERCENTILE_THRESHOLD,Duration >= 500 days,703.0 days,0.95,2.69,Mean Lifecycle Duration (380 days),2026-08-26T10:47:43.666818+00:00
ANOM_000630,MP,INTERNAL_MP_423,HIGH_VENDOR_CONCENTRATION,0.8022,HIGH,"Disproportionately concentrated procurement: Top vendor captured 74.6% of MP's total expenditure (Vendor HHI: 6,021 across 81 transactions).","{""vendor_hhi"": 6020.61, ""top_vendor_share_pct"": 74.6, ""transaction_count"": 81, ""distinct_vendors"": 3}",ECONOMIC_CONCENTRATION_INDEX,HHI >= 3500 or Top Share >= 60%,"HHI=6,021, Top Share=74.6%",0.9374,4.5377,"National Median HHI (1,069.89)",2026-08-26T10:47:43.666818+00:00
ANOM_000666,MP,INTERNAL_MP_121,UNUSUAL_PENDING_PAYMENT_RATIO,0.8015,MEDIUM,High unresolved payment rate: 18.9% of transactions (25 pending out of 132 total).,"{""pending_rate_pct"": 18.939393939393938, ""pending_count"": 25, ""total_transactions"": 132}",STATISTICAL_PERCENTILE_THRESHOLD,Pending Rate >= 15% & Count >= 10,18.9% (25 pending),0.94,6.6496,National Median Pending Rate (1.74%),2026-08-26T10:47:43.666818+00:00
ANOM_000679,MP,INTERNAL_MP_425,UNUSUAL_PENDING_PAYMENT_RATIO,0.8009,MEDIUM,High unresolved payment rate: 18.9% of transactions (10 pending out of 53 total).,"{""pending_rate_pct"": 18.867924528301888, ""pending_count"": 10, ""total_transactions"": 53}",STATISTICAL_PERCENTILE_THRESHOLD,Pending Rate >= 15% & Count >= 10,18.9% (10 pending),0.94,6.622,National Median Pending Rate (1.74%),2026-08-26T10:47:43.666818+00:00
ANOM_000694,MP,INTERNAL_MP_496,UNUSUAL_PENDING_PAYMENT_RATIO,0.8008,MEDIUM,High unresolved payment rate: 18.8% of transactions (36 pending out of 191 total).,"{""pending_rate_pct"": 18.848167539267017, ""pending_count"": 36, ""total_transactions"": 191}",STATISTICAL_PERCENTILE_THRESHOLD,Pending Rate >= 15% & Count >= 10,18.8% (36 pending),0.94,6.6143,National Median Pending Rate (1.74%),2026-08-26T10:47:43.666818+00:00
ANOM_000446,WORK,142801,UNUSUALLY_LONG_COMPLETION_DURATION,0.8,HIGH,Execution duration from recommendation to completion was 700.0 days (~23.0 months).,"{""duration_days"": 700.0, ""recommendation_date"": ""2024-09-23T00:00:00.000Z"", ""completed_date"": ""2026-08-24T00:00:00.000Z""}",STATISTICAL_PERCENTILE_THRESHOLD,Duration >= 500 days,700.0 days,0.95,2.67,Mean Lifecycle Duration (380 days),2026-08-26T10:47:43.666818+00:00
ANOM_000418,WORK,162033,UNUSUAL_COST_VARIANCE,0.8,MEDIUM,"Final completed cost (₹100,000.00) reduced below original recommended amount (₹200,000.00) by -50.0% (variance: ₹-100,000.00).","{""recommended_amount"": 200000.0, ""final_amount"": 100000.0, ""variance_amount"": -100000.0, ""variance_pct"": -50.0}",DOMAIN_RULE_THRESHOLD,|Variance %| >= 40% or |Variance ₹| >= 10L,"-50.0% (₹-100,000.00)",,,Recommended Amount,2026-08-26T10:47:43.666818+00:00
ANOM_000670,MP,INTERNAL_MP_147,UNUSUAL_PENDING_PAYMENT_RATIO,0.8,MEDIUM,High unresolved payment rate: 18.8% of transactions (15 pending out of 80 total).,"{""pending_rate_pct"": 18.75, ""pending_count"": 15, ""total_transactions"": 80}",STATISTICAL_PERCENTILE_THRESHOLD,Pending Rate >= 15% & Count >= 10,18.8% (15 pending),0.94,6.5764,National Median Pending Rate (1.74%),2026-08-26T10:47:43.666818+00:00
ANOM_000690,MP,INTERNAL_MP_484,UNUSUAL_PENDING_PAYMENT_RATIO,0.7993,MEDIUM,High unresolved payment rate: 18.7% of transactions (28 pending out of 150 total).,"{""pending_rate_pct"": 18.666666666666668, ""pending_count"": 28, ""total_transactions"": 150}",STATISTICAL_PERCENTILE_THRESHOLD,Pending Rate >= 15% & Count >= 10,18.7% (28 pending),0.94,6.5441,National Median Pending Rate (1.74%),2026-08-26T10:47:43.666818+00:00
ANOM_000685,MP,INTERNAL_MP_459,UNUSUAL_PENDING_PAYMENT_RATIO,0.7989,MEDIUM,High unresolved payment rate: 18.6% of transactions (121 pending out of 650 total).,"{""pending_rate_pct"": 18.615384615384613, ""pending_count"": 121, ""total_transactions"": 650}",STATISTICAL_PERCENTILE_THRESHOLD,Pending Rate >= 15% & Count >= 10,18.6% (121 pending),0.94,6.5243,National Median Pending Rate (1.74%),2026-08-26T10:47:43.666818+00:00
ANOM_000444,WORK,141333,UNUSUALLY_LONG_COMPLETION_DURATION,0.798,MEDIUM,Execution duration from recommendation to completion was 698.0 days (~23.0 months).,"{""duration_days"": 698.0, ""recommendation_date"": ""2024-09-25T00:00:00.000Z"", ""completed_date"": ""2026-08-24T00:00:00.000Z""}",STATISTICAL_PERCENTILE_THRESHOLD,Duration >= 500 days,698.0 days,0.95,2.65,Mean Lifecycle Duration (380 days),2026-08-26T10:47:43.666818+00:00
ANOM_000447,WORK,143791,UNUSUALLY_LONG_COMPLETION_DURATION,0.798,MEDIUM,Execution duration from recommendation to completion was 698.0 days (~23.0 months).,"{""duration_days"": 698.0, ""recommendation_date"": ""2024-09-26T00:00:00.000Z"", ""completed_date"": ""2026-08-25T00:00:00.000Z""}",STATISTICAL_PERCENTILE_THRESHOLD,Duration >= 500 days,698.0 days,0.95,2.65,Mean Lifecycle Duration (380 days),2026-08-26T10:47:43.666818+00:00
ANOM_000684,MP,INTERNAL_MP_455,UNUSUAL_PENDING_PAYMENT_RATIO,0.7962,MEDIUM,High unresolved payment rate: 18.3% of transactions (19 pending out of 104 total).,"{""pending_rate_pct"": 18.269230769230766, ""pending_count"": 19, ""total_transactions"": 104}",STATISTICAL_PERCENTILE_THRESHOLD,Pending Rate >= 15% & Count >= 10,18.3% (19 pending),0.94,6.3905,National Median Pending Rate (1.74%),2026-08-26T10:47:43.666818+00:00
ANOM_000671,MP,INTERNAL_MP_171,UNUSUAL_PENDING_PAYMENT_RATIO,0.7961,MEDIUM,High unresolved payment rate: 18.3% of transactions (21 pending out of 115 total).,"{""pending_rate_pct"": 18.26086956521739, ""pending_count"": 21, ""total_transactions"": 115}",STATISTICAL_PERCENTILE_THRESHOLD,Pending Rate >= 15% & Count >= 10,18.3% (21 pending),0.94,6.3872,National Median Pending Rate (1.74%),2026-08-26T10:47:43.666818+00:00
ANOM_000012,WORK,180022,UNUSUALLY_HIGH_RECOMMENDED_AMOUNT,0.7948,HIGH,"Recommended amount of ₹5,000,000.00 is in the 99.1th percentile for 'Trust and Society' (5.4 robust standard deviations above category median).","{""recommended_amount"": 5000000.0, ""category"": ""Trust and Society"", ""zscore"": 5.4}",STATISTICAL_ROBUST_ZSCORE,"₹50,00,000 & Z >= 3.5","₹5,000,000.00 (Z=5.40)",0.9908,5.396,Category Median (Trust and Society),2026-08-26T10:47:43.666818+00:00
ANOM_000022,WORK,236765,UNUSUALLY_HIGH_RECOMMENDED_AMOUNT,0.7948,HIGH,"Recommended amount of ₹5,000,000.00 is in the 99.1th percentile for 'Trust and Society' (5.4 robust standard deviations above category median).","{""recommended_amount"": 5000000.0, ""category"": ""Trust and Society"", ""zscore"": 5.4}",STATISTICAL_ROBUST_ZSCORE,"₹50,00,000 & Z >= 3.5","₹5,000,000.00 (Z=5.40)",0.9908,5.396,Category Median (Trust and Society),2026-08-26T10:47:43.666818+00:00
ANOM_000084,WORK,250298,UNUSUALLY_HIGH_RECOMMENDED_AMOUNT,0.7948,HIGH,"Recommended amount of ₹5,000,000.00 is in the 99.1th percentile for 'Trust and Society' (5.4 robust standard deviations above category median).","{""recommended_amount"": 5000000.0, ""category"": ""Trust and Society"", ""zscore"": 5.4}",STATISTICAL_ROBUST_ZSCORE,"₹50,00,000 & Z >= 3.5","₹5,000,000.00 (Z=5.40)",0.9908,5.396,Category Median (Trust and Society),2026-08-26T10:47:43.666818+00:00
ANOM_000100,WORK,138758,UNUSUALLY_HIGH_RECOMMENDED_AMOUNT,0.7948,HIGH,"Recommended amount of ₹5,000,000.00 is in the 99.1th percentile for 'Trust and Society' (5.4 robust standard deviations above category median).","{""recommended_amount"": 5000000.0, ""category"": ""Trust and Society"", ""zscore"": 5.4}",STATISTICAL_ROBUST_ZSCORE,"₹50,00,000 & Z >= 3.5","₹5,000,000.00 (Z=5.40)",0.9908,5.396,Category Median (Trust and Society),2026-08-26T10:47:43.666818+00:00
ANOM_000107,WORK,228124,UNUSUALLY_HIGH_RECOMMENDED_AMOUNT,0.7948,HIGH,"Recommended amount of ₹5,000,000.00 is in the 99.1th percentile for 'Trust and Society' (5.4 robust standard deviations above category median).","{""recommended_amount"": 5000000.0, ""category"": ""Trust and Society"", ""zscore"": 5.4}",STATISTICAL_ROBUST_ZSCORE,"₹50,00,000 & Z >= 3.5","₹5,000,000.00 (Z=5.40)",0.9908,5.396,Category Median (Trust and Society),2026-08-26T10:47:43.666818+00:00
ANOM_000110,WORK,288952,UNUSUALLY_HIGH_RECOMMENDED_AMOUNT,0.7948,HIGH,"Recommended amount of ₹5,000,000.00 is in the 99.1th percentile for 'Trust and Society' (5.4 robust standard deviations above category median).","{""recommended_amount"": 5000000.0, ""category"": ""Trust and Society"", ""zscore"": 5.4}",STATISTICAL_ROBUST_ZSCORE,"₹50,00,000 & Z >= 3.5","₹5,000,000.00 (Z=5.40)",0.9908,5.396,Category Median (Trust and Society),2026-08-26T10:47:43.666818+00:00
ANOM_000117,WORK,176443,UNUSUALLY_HIGH_RECOMMENDED_AMOUNT,0.7948,HIGH,"Recommended amount of ₹5,000,000.00 is in the 99.1th percentile for 'Trust and Society' (5.4 robust standard deviations above category median).","{""recommended_amount"": 5000000.0, ""category"": ""Trust and Society"", ""zscore"": 5.4}",STATISTICAL_ROBUST_ZSCORE,"₹50,00,000 & Z >= 3.5","₹5,000,000.00 (Z=5.40)",0.9908,5.396,Category Median (Trust and Society),2026-08-26T10:47:43.666818+00:00
ANOM_000173,WORK,194372,UNUSUALLY_HIGH_RECOMMENDED_AMOUNT,0.7948,HIGH,"Recommended amount of ₹5,000,000.00 is in the 99.1th percentile for 'Trust and Society' (5.4 robust standard deviations above category median).","{""recommended_amount"": 5000000.0, ""category"": ""Trust and Society"", ""zscore"": 5.4}",STATISTICAL_ROBUST_ZSCORE,"₹50,00,000 & Z >= 3.5","₹5,000,000.00 (Z=5.40)",0.9908,5.396,Category Median (Trust and Society),2026-08-26T10:47:43.666818+00:00
ANOM_000175,WORK,286315,UNUSUALLY_HIGH_RECOMMENDED_AMOUNT,0.7948,HIGH,"Recommended amount of ₹5,000,000.00 is in the 99.1th percentile for 'Trust and Society' (5.4 robust standard deviations above category median).","{""recommended_amount"": 5000000.0, ""category"": ""Trust and Society"", ""zscore"": 5.4}",STATISTICAL_ROBUST_ZSCORE,"₹50,00,000 & Z >= 3.5","₹5,000,000.00 (Z=5.40)",0.9908,5.396,Category Median (Trust and Society),2026-08-26T10:47:43.666818+00:00
ANOM_000343,WORK,176954,UNUSUALLY_HIGH_RECOMMENDED_AMOUNT,0.7948,HIGH,"Recommended amount of ₹5,000,000.00 is in the 99.1th percentile for 'Trust and Society' (5.4 robust standard deviations above category median).","{""recommended_amount"": 5000000.0, ""category"": ""Trust and Society"", ""zscore"": 5.4}",STATISTICAL_ROBUST_ZSCORE,"₹50,00,000 & Z >= 3.5","₹5,000,000.00 (Z=5.40)",0.9908,5.396,Category Median (Trust and Society),2026-08-26T10:47:43.666818+00:00
ANOM_000345,WORK,234630,UNUSUALLY_HIGH_RECOMMENDED_AMOUNT,0.7948,HIGH,"Recommended amount of ₹5,000,000.00 is in the 99.1th percentile for 'Trust and Society' (5.4 robust standard deviations above category median).","{""recommended_amount"": 5000000.0, ""category"": ""Trust and Society"", ""zscore"": 5.4}",STATISTICAL_ROBUST_ZSCORE,"₹50,00,000 & Z >= 3.5","₹5,000,000.00 (Z=5.40)",0.9908,5.396,Category Median (Trust and Society),2026-08-26T10:47:43.666818+00:00
ANOM_000409,WORK,284088,UNUSUALLY_HIGH_RECOMMENDED_AMOUNT,0.7948,HIGH,"Recommended amount of ₹5,000,000.00 is in the 99.1th percentile for 'Trust and Society' (5.4 robust standard deviations above category median).","{""recommended_amount"": 5000000.0, ""category"": ""Trust and Society"", ""zscore"": 5.4}",STATISTICAL_ROBUST_ZSCORE,"₹50,00,000 & Z >= 3.5","₹5,000,000.00 (Z=5.40)",0.9908,5.396,Category Median (Trust and Society),2026-08-26T10:47:43.666818+00:00
ANOM_000674,MP,INTERNAL_MP_314,UNUSUAL_PENDING_PAYMENT_RATIO,0.7938,MEDIUM,High unresolved payment rate: 18.0% of transactions (23 pending out of 128 total).,"{""pending_rate_pct"": 17.96875, ""pending_count"": 23, ""total_transactions"": 128}",STATISTICAL_PERCENTILE_THRESHOLD,Pending Rate >= 15% & Count >= 10,18.0% (23 pending),0.94,6.2743,National Median Pending Rate (1.74%),2026-08-26T10:47:43.666818+00:00
ANOM_000676,MP,INTERNAL_MP_331,UNUSUAL_PENDING_PAYMENT_RATIO,0.7921,MEDIUM,High unresolved payment rate: 17.8% of transactions (114 pending out of 642 total).,"{""pending_rate_pct"": 17.75700934579439, ""pending_count"": 114, ""total_transactions"": 642}",STATISTICAL_PERCENTILE_THRESHOLD,Pending Rate >= 15% & Count >= 10,17.8% (114 pending),0.94,6.1924,National Median Pending Rate (1.74%),2026-08-26T10:47:43.666818+00:00
ANOM_000706,MP,INTERNAL_MP_153,MP_UTILIZATION_EXTREME_OUTLIER,0.7895,MEDIUM,"Fund stagnation risk: MP has utilized only 1.2% of allocated ₹147,000,000.00.","{""utilization_pct"": 1.21, ""allocated_amount"": 147000000.0, ""total_expenditure"": 1785510.0}",DOMAIN_RULE_THRESHOLD,Utilization <= 5.0% with Allocation >= 10 Cr,1.2%,0.0295,-1.3884,National Median Utilization (32.23%),2026-08-26T10:47:43.666818+00:00
ANOM_000642,MP,INTERNAL_MP_448,HIGH_VENDOR_CONCENTRATION,0.7893,HIGH,"Disproportionately concentrated procurement: Top vendor captured 72.8% of MP's total expenditure (Vendor HHI: 5,674 across 83 transactions).","{""vendor_hhi"": 5673.91, ""top_vendor_share_pct"": 72.76, ""transaction_count"": 83, ""distinct_vendors"": 3}",ECONOMIC_CONCENTRATION_INDEX,HHI >= 3500 or Top Share >= 60%,"HHI=5,674, Top Share=72.8%",0.9263,4.2199,"National Median HHI (1,069.89)",2026-08-26T10:47:43.666818+00:00
ANOM_000667,MP,INTERNAL_MP_128,UNUSUAL_PENDING_PAYMENT_RATIO,0.7888,MEDIUM,High unresolved payment rate: 17.4% of transactions (21 pending out of 121 total).,"{""pending_rate_pct"": 17.355371900826448, ""pending_count"": 21, ""total_transactions"": 121}",STATISTICAL_PERCENTILE_THRESHOLD,Pending Rate >= 15% & Count >= 10,17.4% (21 pending),0.94,6.0371,National Median Pending Rate (1.74%),2026-08-26T10:47:43.666818+00:00
ANOM_000606,MP,INTERNAL_MP_159,HIGH_VENDOR_CONCENTRATION,0.7871,HIGH,"Disproportionately concentrated procurement: Top vendor captured 72.4% of MP's total expenditure (Vendor HHI: 5,716 across 333 transactions).","{""vendor_hhi"": 5716.49, ""top_vendor_share_pct"": 72.44, ""transaction_count"": 333, ""distinct_vendors"": 3}",ECONOMIC_CONCENTRATION_INDEX,HHI >= 3500 or Top Share >= 60%,"HHI=5,716, Top Share=72.4%",0.93,4.2589,"National Median HHI (1,069.89)",2026-08-26T10:47:43.666818+00:00
ANOM_000668,MP,INTERNAL_MP_139,UNUSUAL_PENDING_PAYMENT_RATIO,0.786,MEDIUM,High unresolved payment rate: 17.0% of transactions (34 pending out of 200 total).,"{""pending_rate_pct"": 17.0, ""pending_count"": 34, ""total_transactions"": 200}",STATISTICAL_PERCENTILE_THRESHOLD,Pending Rate >= 15% & Count >= 10,17.0% (34 pending),0.94,5.8996,National Median Pending Rate (1.74%),2026-08-26T10:47:43.666818+00:00
ANOM_000633,MP,INTERNAL_MP_429,HIGH_VENDOR_CONCENTRATION,0.7825,HIGH,"Disproportionately concentrated procurement: Top vendor captured 71.8% of MP's total expenditure (Vendor HHI: 5,620 across 231 transactions).","{""vendor_hhi"": 5619.77, ""top_vendor_share_pct"": 71.79, ""transaction_count"": 231, ""distinct_vendors"": 9}",ECONOMIC_CONCENTRATION_INDEX,HHI >= 3500 or Top Share >= 60%,"HHI=5,620, Top Share=71.8%",0.9245,4.1703,"National Median HHI (1,069.89)",2026-08-26T10:47:43.666818+00:00
ANOM_000689,MP,INTERNAL_MP_483,UNUSUAL_PENDING_PAYMENT_RATIO,0.7812,MEDIUM,High unresolved payment rate: 16.4% of transactions (21 pending out of 128 total).,"{""pending_rate_pct"": 16.40625, ""pending_count"": 21, ""total_transactions"": 128}",STATISTICAL_PERCENTILE_THRESHOLD,Pending Rate >= 15% & Count >= 10,16.4% (21 pending),0.94,5.67,National Median Pending Rate (1.74%),2026-08-26T10:47:43.666818+00:00
ANOM_000698,MP,INTERNAL_MP_017,MP_UTILIZATION_EXTREME_OUTLIER,0.781,MEDIUM,"Fund stagnation risk: MP has utilized only 1.4% of allocated ₹174,009,663.11.","{""utilization_pct"": 1.38, ""allocated_amount"": 174009663.11, ""total_expenditure"": 2402685.0}",DOMAIN_RULE_THRESHOLD,Utilization <= 5.0% with Allocation >= 10 Cr,1.4%,0.0313,-1.3808,National Median Utilization (32.23%),2026-08-26T10:47:43.666818+00:00
ANOM_000634,MP,INTERNAL_MP_431,HIGH_VENDOR_CONCENTRATION,0.7805,HIGH,"Disproportionately concentrated procurement: Top vendor captured 71.5% of MP's total expenditure (Vendor HHI: 5,265 across 76 transactions).","{""vendor_hhi"": 5265.46, ""top_vendor_share_pct"": 71.5, ""transaction_count"": 76, ""distinct_vendors"": 7}",ECONOMIC_CONCENTRATION_INDEX,HHI >= 3500 or Top Share >= 60%,"HHI=5,265, Top Share=71.5%",0.9153,3.8455,"National Median HHI (1,069.89)",2026-08-26T10:47:43.666818+00:00
ANOM_000683,MP,INTERNAL_MP_444,UNUSUAL_PENDING_PAYMENT_RATIO,0.7778,MEDIUM,High unresolved payment rate: 16.0% of transactions (46 pending out of 288 total).,"{""pending_rate_pct"": 15.97222222222222, ""pending_count"": 46, ""total_transactions"": 288}",STATISTICAL_PERCENTILE_THRESHOLD,Pending Rate >= 15% & Count >= 10,16.0% (46 pending),0.94,5.5022,National Median Pending Rate (1.74%),2026-08-26T10:47:43.666818+00:00
ANOM_000688,MP,INTERNAL_MP_472,UNUSUAL_PENDING_PAYMENT_RATIO,0.7743,MEDIUM,High unresolved payment rate: 15.5% of transactions (23 pending out of 148 total).,"{""pending_rate_pct"": 15.54054054054054, ""pending_count"": 23, ""total_transactions"": 148}",STATISTICAL_PERCENTILE_THRESHOLD,Pending Rate >= 15% & Count >= 10,15.5% (23 pending),0.94,5.3352,National Median Pending Rate (1.74%),2026-08-26T10:47:43.666818+00:00
ANOM_000665,MP,INTERNAL_MP_078,UNUSUAL_PENDING_PAYMENT_RATIO,0.7739,MEDIUM,High unresolved payment rate: 15.5% of transactions (22 pending out of 142 total).,"{""pending_rate_pct"": 15.492957746478872, ""pending_count"": 22, ""total_transactions"": 142}",STATISTICAL_PERCENTILE_THRESHOLD,Pending Rate >= 15% & Count >= 10,15.5% (22 pending),0.94,5.3168,National Median Pending Rate (1.74%),2026-08-26T10:47:43.666818+00:00
ANOM_000672,MP,INTERNAL_MP_178,UNUSUAL_PENDING_PAYMENT_RATIO,0.7731,MEDIUM,High unresolved payment rate: 15.4% of transactions (10 pending out of 65 total).,"{""pending_rate_pct"": 15.384615384615383, ""pending_count"": 10, ""total_transactions"": 65}",STATISTICAL_PERCENTILE_THRESHOLD,Pending Rate >= 15% & Count >= 10,15.4% (10 pending),0.94,5.2749,National Median Pending Rate (1.74%),2026-08-26T10:47:43.666818+00:00
ANOM_000680,MP,INTERNAL_MP_427,UNUSUAL_PENDING_PAYMENT_RATIO,0.7731,MEDIUM,High unresolved payment rate: 15.4% of transactions (12 pending out of 78 total).,"{""pending_rate_pct"": 15.384615384615383, ""pending_count"": 12, ""total_transactions"": 78}",STATISTICAL_PERCENTILE_THRESHOLD,Pending Rate >= 15% & Count >= 10,15.4% (12 pending),0.94,5.2749,National Median Pending Rate (1.74%),2026-08-26T10:47:43.666818+00:00
ANOM_000735,VENDOR,INTERNAL_VND_00005,VENDOR_SINGLE_MP_DOMINANCE,0.773,HIGH,"High single-patron reliance: Vendor received ₹122,963,972.00 with 97.6% of revenue originating exclusively from MP 'RAM PRASAD CHAUDHARY'.","{""total_received_amount"": 122963972.0, ""single_mp_reliance_pct"": 97.56, ""primary_mp_id"": ""INTERNAL_MP_434"", ""primary_mp_name"": ""RAM PRASAD CHAUDHARY""}",DOMAIN_RULE_THRESHOLD,Revenue >= 2 Cr & Single MP Reliance >= 95%,"₹122,963,972.00 (97.6% reliance)",0.9998,248.679,Vendor Multi-Patron Distribution,2026-08-26T10:47:43.666818+00:00
ANOM_000629,MP,INTERNAL_MP_422,HIGH_VENDOR_CONCENTRATION,0.7664,MEDIUM,"Disproportionately concentrated procurement: Top vendor captured 69.5% of MP's total expenditure (Vendor HHI: 4,945 across 75 transactions).","{""vendor_hhi"": 4944.88, ""top_vendor_share_pct"": 69.48, ""transaction_count"": 75, ""distinct_vendors"": 16}",ECONOMIC_CONCENTRATION_INDEX,HHI >= 3500 or Top Share >= 60%,"HHI=4,945, Top Share=69.5%",0.9042,3.5517,"National Median HHI (1,069.89)",2026-08-26T10:47:43.666818+00:00
ANOM_000658,MP,INTERNAL_MP_508,HIGH_VENDOR_CONCENTRATION,0.7659,HIGH,"Disproportionately concentrated procurement: Top vendor captured 69.4% of MP's total expenditure (Vendor HHI: 5,065 across 42 transactions).","{""vendor_hhi"": 5064.71, ""top_vendor_share_pct"": 69.42, ""transaction_count"": 42, ""distinct_vendors"": 5}",ECONOMIC_CONCENTRATION_INDEX,HHI >= 3500 or Top Share >= 60%,"HHI=5,065, Top Share=69.4%",0.9116,3.6615,"National Median HHI (1,069.89)",2026-08-26T10:47:43.666818+00:00
ANOM_000443,WORK,149889,UNUSUALLY_LONG_COMPLETION_DURATION,0.765,MEDIUM,Execution duration from recommendation to completion was 665.0 days (~21.9 months).,"{""duration_days"": 665.0, ""recommendation_date"": ""2024-10-29T00:00:00.000Z"", ""completed_date"": ""2026-08-25T00:00:00.000Z""}",STATISTICAL_PERCENTILE_THRESHOLD,Duration >= 500 days,665.0 days,0.95,2.38,Mean Lifecycle Duration (380 days),2026-08-26T10:47:43.666818+00:00
ANOM_000497,TRANSACTION,TXN_025275,UNUSUALLY_HIGH_EXPENDITURE_TRANSACTION,0.7646,HIGH,"Payment voucher of ₹5,960,000.00 for 'Purchase of ambulances (Four, three and two wheelers)' is 5.1 robust standard deviations above activity median.","{""expenditure_amount"": 5960000.0, ""activity"": ""Purchase of ambulances (Four, three and two wheelers)"", ""vendor"": ""MS RAHUL INTERNATIONAL"", ""zscore"": 5.12}",STATISTICAL_ROBUST_ZSCORE,"₹50,00,000 & Z >= 3.5","₹5,960,000.00 (Z=5.12)",0.9633,5.1151,"Activity Median (Purchase of ambulances (Four, three and two wheelers))",2026-08-26T10:47:43.666818+00:00
ANOM_000456,WORK,140126,UNUSUALLY_LONG_COMPLETION_DURATION,0.764,MEDIUM,Execution duration from recommendation to completion was 664.0 days (~21.8 months).,"{""duration_days"": 664.0, ""recommendation_date"": ""2024-10-29T00:00:00.000Z"", ""completed_date"": ""2026-08-24T00:00:00.000Z""}",STATISTICAL_PERCENTILE_THRESHOLD,Duration >= 500 days,664.0 days,0.95,2.37,Mean Lifecycle Duration (380 days),2026-08-26T10:47:43.666818+00:00
ANOM_000717,MP,INTERNAL_MP_298,MP_UTILIZATION_EXTREME_OUTLIER,0.764,MEDIUM,"Fund stagnation risk: MP has utilized only 1.7% of allocated ₹147,064,254.11.","{""utilization_pct"": 1.72, ""allocated_amount"": 147064254.11, ""total_expenditure"": 2525000.0}",DOMAIN_RULE_THRESHOLD,Utilization <= 5.0% with Allocation >= 10 Cr,1.7%,0.0331,-1.3656,National Median Utilization (32.23%),2026-08-26T10:47:43.666818+00:00
ANOM_000736,VENDOR,INTERNAL_VND_00007,VENDOR_SINGLE_MP_DOMINANCE,0.7634,HIGH,"High single-patron reliance: Vendor received ₹113,404,000.00 with 100.0% of revenue originating exclusively from MP 'VIJAYLAKSHMI DEVI'.","{""total_received_amount"": 113404000.0, ""single_mp_reliance_pct"": 100.0, ""primary_mp_id"": ""INTERNAL_MP_078"", ""primary_mp_name"": ""VIJAYLAKSHMI DEVI""}",DOMAIN_RULE_THRESHOLD,Revenue >= 2 Cr & Single MP Reliance >= 95%,"₹113,404,000.00 (100.0% reliance)",0.9997,229.2822,Vendor Multi-Patron Distribution,2026-08-26T10:47:43.666818+00:00
ANOM_000659,MP,INTERNAL_MP_513,HIGH_VENDOR_CONCENTRATION,0.7624,MEDIUM,"Disproportionately concentrated procurement: Top vendor captured 68.9% of MP's total expenditure (Vendor HHI: 4,956 across 21 transactions).","{""vendor_hhi"": 4956.25, ""top_vendor_share_pct"": 68.91, ""transaction_count"": 21, ""distinct_vendors"": 9}",ECONOMIC_CONCENTRATION_INDEX,HHI >= 3500 or Top Share >= 60%,"HHI=4,956, Top Share=68.9%",0.9061,3.5621,"National Median HHI (1,069.89)",2026-08-26T10:47:43.666818+00:00
ANOM_000596,MP,INTERNAL_MP_060,HIGH_VENDOR_CONCENTRATION,0.7596,HIGH,"Disproportionately concentrated procurement: Top vendor captured 68.5% of MP's total expenditure (Vendor HHI: 5,685 across 138 transactions).","{""vendor_hhi"": 5684.97, ""top_vendor_share_pct"": 68.51, ""transaction_count"": 138, ""distinct_vendors"": 2}",ECONOMIC_CONCENTRATION_INDEX,HHI >= 3500 or Top Share >= 60%,"HHI=5,685, Top Share=68.5%",0.9282,4.23,"National Median HHI (1,069.89)",2026-08-26T10:47:43.666818+00:00
ANOM_000632,MP,INTERNAL_MP_427,HIGH_VENDOR_CONCENTRATION,0.7576,MEDIUM,"Disproportionately concentrated procurement: Top vendor captured 68.2% of MP's total expenditure (Vendor HHI: 4,937 across 78 transactions).","{""vendor_hhi"": 4936.72, ""top_vendor_share_pct"": 68.23, ""transaction_count"": 78, ""distinct_vendors"": 7}",ECONOMIC_CONCENTRATION_INDEX,HHI >= 3500 or Top Share >= 60%,"HHI=4,937, Top Share=68.2%",0.9024,3.5442,"National Median HHI (1,069.89)",2026-08-26T10:47:43.666818+00:00
ANOM_000732,MP,INTERNAL_MP_498,MP_UTILIZATION_EXTREME_OUTLIER,0.757,MEDIUM,"Fund stagnation risk: MP has utilized only 1.9% of allocated ₹147,000,000.00.","{""utilization_pct"": 1.86, ""allocated_amount"": 147000000.0, ""total_expenditure"": 2739441.0}",DOMAIN_RULE_THRESHOLD,Utilization <= 5.0% with Allocation >= 10 Cr,1.9%,0.035,-1.3593,National Median Utilization (32.23%),2026-08-26T10:47:43.666818+00:00
ANOM_000654,MP,INTERNAL_MP_489,HIGH_VENDOR_CONCENTRATION,0.7568,HIGH,"Disproportionately concentrated procurement: Top vendor captured 68.1% of MP's total expenditure (Vendor HHI: 5,017 across 332 transactions).","{""vendor_hhi"": 5016.72, ""top_vendor_share_pct"": 68.11, ""transaction_count"": 332, ""distinct_vendors"": 6}",ECONOMIC_CONCENTRATION_INDEX,HHI >= 3500 or Top Share >= 60%,"HHI=5,017, Top Share=68.1%",0.9079,3.6175,"National Median HHI (1,069.89)",2026-08-26T10:47:43.666818+00:00
ANOM_000426,WORK,151485,UNUSUALLY_LONG_COMPLETION_DURATION,0.754,MEDIUM,Execution duration from recommendation to completion was 654.0 days (~21.5 months).,"{""duration_days"": 654.0, ""recommendation_date"": ""2024-11-08T00:00:00.000Z"", ""completed_date"": ""2026-08-24T00:00:00.000Z""}",STATISTICAL_PERCENTILE_THRESHOLD,Duration >= 500 days,654.0 days,0.95,2.28,Mean Lifecycle Duration (380 days),2026-08-26T10:47:43.666818+00:00
ANOM_000720,MP,INTERNAL_MP_305,MP_UTILIZATION_EXTREME_OUTLIER,0.752,MEDIUM,"Fund stagnation risk: MP has utilized only 2.0% of allocated ₹155,013,957.11.","{""utilization_pct"": 1.96, ""allocated_amount"": 155013957.11, ""total_expenditure"": 3039057.0}",DOMAIN_RULE_THRESHOLD,Utilization <= 5.0% with Allocation >= 10 Cr,2.0%,0.0368,-1.3548,National Median Utilization (32.23%),2026-08-26T10:47:43.666818+00:00
ANOM_000648,MP,INTERNAL_MP_467,HIGH_VENDOR_CONCENTRATION,0.7479,MEDIUM,"Disproportionately concentrated procurement: Top vendor captured 66.8% of MP's total expenditure (Vendor HHI: 4,656 across 324 transactions).","{""vendor_hhi"": 4655.53, ""top_vendor_share_pct"": 66.84, ""transaction_count"": 324, ""distinct_vendors"": 23}",ECONOMIC_CONCENTRATION_INDEX,HHI >= 3500 or Top Share >= 60%,"HHI=4,656, Top Share=66.8%",0.8895,3.2865,"National Median HHI (1,069.89)",2026-08-26T10:47:43.666818+00:00
ANOM_000650,MP,INTERNAL_MP_475,HIGH_VENDOR_CONCENTRATION,0.7461,HIGH,"Disproportionately concentrated procurement: Top vendor captured 66.6% of MP's total expenditure (Vendor HHI: 5,507 across 10 transactions).","{""vendor_hhi"": 5506.93, ""top_vendor_share_pct"": 66.58, ""transaction_count"": 10, ""distinct_vendors"": 3}",ECONOMIC_CONCENTRATION_INDEX,HHI >= 3500 or Top Share >= 60%,"HHI=5,507, Top Share=66.6%",0.9208,4.0668,"National Median HHI (1,069.89)",2026-08-26T10:47:43.666818+00:00
ANOM_000595,MP,INTERNAL_MP_058,HIGH_VENDOR_CONCENTRATION,0.7459,HIGH,"Disproportionately concentrated procurement: Top vendor captured 66.6% of MP's total expenditure (Vendor HHI: 5,087 across 82 transactions).","{""vendor_hhi"": 5087.37, ""top_vendor_share_pct"": 66.56, ""transaction_count"": 82, ""distinct_vendors"": 3}",ECONOMIC_CONCENTRATION_INDEX,HHI >= 3500 or Top Share >= 60%,"HHI=5,087, Top Share=66.6%",0.9134,3.6823,"National Median HHI (1,069.89)",2026-08-26T10:47:43.666818+00:00
ANOM_000737,VENDOR,INTERNAL_VND_00009,VENDOR_SINGLE_MP_DOMINANCE,0.744,HIGH,"High single-patron reliance: Vendor received ₹94,050,000.00 with 100.0% of revenue originating exclusively from MP 'PRADEEP KUMAR SINGH'.","{""total_received_amount"": 94050000.0, ""single_mp_reliance_pct"": 100.0, ""primary_mp_id"": ""INTERNAL_MP_043"", ""primary_mp_name"": ""PRADEEP KUMAR SINGH""}",DOMAIN_RULE_THRESHOLD,Revenue >= 2 Cr & Single MP Reliance >= 95%,"₹94,050,000.00 (100.0% reliance)",0.9996,190.0137,Vendor Multi-Patron Distribution,2026-08-26T10:47:43.666818+00:00
ANOM_000610,MP,INTERNAL_MP_169,HIGH_VENDOR_CONCENTRATION,0.7428,MEDIUM,"Disproportionately concentrated procurement: Top vendor captured 66.1% of MP's total expenditure (Vendor HHI: 4,689 across 25 transactions).","{""vendor_hhi"": 4689.22, ""top_vendor_share_pct"": 66.11, ""transaction_count"": 25, ""distinct_vendors"": 5}",ECONOMIC_CONCENTRATION_INDEX,HHI >= 3500 or Top Share >= 60%,"HHI=4,689, Top Share=66.1%",0.8932,3.3174,"National Median HHI (1,069.89)",2026-08-26T10:47:43.666818+00:00
ANOM_000702,MP,INTERNAL_MP_067,MP_UTILIZATION_EXTREME_OUTLIER,0.7425,LOW,"Fund stagnation risk: MP has utilized only 2.1% of allocated ₹147,000,000.00.","{""utilization_pct"": 2.15, ""allocated_amount"": 147000000.0, ""total_expenditure"": 3164487.0}",DOMAIN_RULE_THRESHOLD,Utilization <= 5.0% with Allocation >= 10 Cr,2.1%,0.0387,-1.3463,National Median Utilization (32.23%),2026-08-26T10:47:43.666818+00:00
ANOM_000619,MP,INTERNAL_MP_215,HIGH_VENDOR_CONCENTRATION,0.742,HIGH,"Disproportionately concentrated procurement: Top vendor captured 66.0% of MP's total expenditure (Vendor HHI: 5,512 across 158 transactions).","{""vendor_hhi"": 5512.14, ""top_vendor_share_pct"": 66.0, ""transaction_count"": 158, ""distinct_vendors"": 2}",ECONOMIC_CONCENTRATION_INDEX,HHI >= 3500 or Top Share >= 60%,"HHI=5,512, Top Share=66.0%",0.9227,4.0716,"National Median HHI (1,069.89)",2026-08-26T10:47:43.666818+00:00
ANOM_000427,WORK,153722,UNUSUALLY_LONG_COMPLETION_DURATION,0.741,MEDIUM,Execution duration from recommendation to completion was 641.0 days (~21.1 months).,"{""duration_days"": 641.0, ""recommendation_date"": ""2024-11-21T00:00:00.000Z"", ""completed_date"": ""2026-08-24T00:00:00.000Z""}",STATISTICAL_PERCENTILE_THRESHOLD,Duration >= 500 days,641.0 days,0.95,2.17,Mean Lifecycle Duration (380 days),2026-08-26T10:47:43.666818+00:00
ANOM_000738,VENDOR,INTERNAL_VND_00010,VENDOR_SINGLE_MP_DOMINANCE,0.7403,HIGH,"High single-patron reliance: Vendor received ₹90,325,342.00 with 100.0% of revenue originating exclusively from MP 'PANKAJ CHOWDHARY'.","{""total_received_amount"": 90325342.0, ""single_mp_reliance_pct"": 100.0, ""primary_mp_id"": ""INTERNAL_MP_471"", ""primary_mp_name"": ""PANKAJ CHOWDHARY""}",DOMAIN_RULE_THRESHOLD,Revenue >= 2 Cr & Single MP Reliance >= 95%,"₹90,325,342.00 (100.0% reliance)",0.9996,182.4565,Vendor Multi-Patron Distribution,2026-08-26T10:47:43.666818+00:00
ANOM_000579,TRANSACTION,TXN_081075,UNUSUALLY_HIGH_EXPENDITURE_TRANSACTION,0.7398,HIGH,"Payment voucher of ₹5,000,000.00 for 'Purchase Books for Library' is 4.5 robust standard deviations above activity median.","{""expenditure_amount"": 5000000.0, ""activity"": ""Purchase Books for Library"", ""vendor"": ""ARUNODAY PRAKASHAN"", ""zscore"": 4.49}",STATISTICAL_ROBUST_ZSCORE,"₹50,00,000 & Z >= 3.5","₹5,000,000.00 (Z=4.49)",0.98,4.4944,Activity Median (Purchase Books for Library),2026-08-26T10:47:43.666818+00:00
ANOM_000580,TRANSACTION,TXN_081076,UNUSUALLY_HIGH_EXPENDITURE_TRANSACTION,0.7398,HIGH,"Payment voucher of ₹5,000,000.00 for 'Purchase Books for Library' is 4.5 robust standard deviations above activity median.","{""expenditure_amount"": 5000000.0, ""activity"": ""Purchase Books for Library"", ""vendor"": ""ARUNODAY PRAKASHAN"", ""zscore"": 4.49}",STATISTICAL_ROBUST_ZSCORE,"₹50,00,000 & Z >= 3.5","₹5,000,000.00 (Z=4.49)",0.98,4.4944,Activity Median (Purchase Books for Library),2026-08-26T10:47:43.666818+00:00
ANOM_000581,TRANSACTION,TXN_081329,UNUSUALLY_HIGH_EXPENDITURE_TRANSACTION,0.7398,HIGH,"Payment voucher of ₹5,000,000.00 for 'Purchase Books for Library' is 4.5 robust standard deviations above activity median.","{""expenditure_amount"": 5000000.0, ""activity"": ""Purchase Books for Library"", ""vendor"": ""ARUNODAY PRAKASHAN"", ""zscore"": 4.49}",STATISTICAL_ROBUST_ZSCORE,"₹50,00,000 & Z >= 3.5","₹5,000,000.00 (Z=4.49)",0.98,4.4944,Activity Median (Purchase Books for Library),2026-08-26T10:47:43.666818+00:00
ANOM_000582,TRANSACTION,TXN_081330,UNUSUALLY_HIGH_EXPENDITURE_TRANSACTION,0.7398,HIGH,"Payment voucher of ₹5,000,000.00 for 'Purchase Books for Library' is 4.5 robust standard deviations above activity median.","{""expenditure_amount"": 5000000.0, ""activity"": ""Purchase Books for Library"", ""vendor"": ""ARUNODAY PRAKASHAN"", ""zscore"": 4.49}",STATISTICAL_ROBUST_ZSCORE,"₹50,00,000 & Z >= 3.5","₹5,000,000.00 (Z=4.49)",0.98,4.4944,Activity Median (Purchase Books for Library),2026-08-26T10:47:43.666818+00:00
ANOM_000583,TRANSACTION,TXN_081373,UNUSUALLY_HIGH_EXPENDITURE_TRANSACTION,0.7398,HIGH,"Payment voucher of ₹5,000,000.00 for 'Purchase Books for Library' is 4.5 robust standard deviations above activity median.","{""expenditure_amount"": 5000000.0, ""activity"": ""Purchase Books for Library"", ""vendor"": ""ARUNODAY PRAKASHAN"", ""zscore"": 4.49}",STATISTICAL_ROBUST_ZSCORE,"₹50,00,000 & Z >= 3.5","₹5,000,000.00 (Z=4.49)",0.98,4.4944,Activity Median (Purchase Books for Library),2026-08-26T10:47:43.666818+00:00
ANOM_000584,TRANSACTION,TXN_081449,UNUSUALLY_HIGH_EXPENDITURE_TRANSACTION,0.7398,HIGH,"Payment voucher of ₹5,000,000.00 for 'Purchase Books for Library' is 4.5 robust standard deviations above activity median.","{""expenditure_amount"": 5000000.0, ""activity"": ""Purchase Books for Library"", ""vendor"": ""ARUNODAY PRAKASHAN"", ""zscore"": 4.49}",STATISTICAL_ROBUST_ZSCORE,"₹50,00,000 & Z >= 3.5","₹5,000,000.00 (Z=4.49)",0.98,4.4944,Activity Median (Purchase Books for Library),2026-08-26T10:47:43.666818+00:00
ANOM_000585,TRANSACTION,TXN_081450,UNUSUALLY_HIGH_EXPENDITURE_TRANSACTION,0.7398,HIGH,"Payment voucher of ₹5,000,000.00 for 'Purchase Books for Library' is 4.5 robust standard deviations above activity median.","{""expenditure_amount"": 5000000.0, ""activity"": ""Purchase Books for Library"", ""vendor"": ""ARUNODAY PRAKASHAN"", ""zscore"": 4.49}",STATISTICAL_ROBUST_ZSCORE,"₹50,00,000 & Z >= 3.5","₹5,000,000.00 (Z=4.49)",0.98,4.4944,Activity Median (Purchase Books for Library),2026-08-26T10:47:43.666818+00:00
ANOM_000708,MP,INTERNAL_MP_179,MP_UTILIZATION_EXTREME_OUTLIER,0.7395,LOW,"Fund stagnation risk: MP has utilized only 2.2% of allocated ₹147,000,000.00.","{""utilization_pct"": 2.21, ""allocated_amount"": 147000000.0, ""total_expenditure"": 3254664.0}",DOMAIN_RULE_THRESHOLD,Utilization <= 5.0% with Allocation >= 10 Cr,2.2%,0.0405,-1.3436,National Median Utilization (32.23%),2026-08-26T10:47:43.666818+00:00
ANOM_000739,VENDOR,INTERNAL_VND_00011,VENDOR_SINGLE_MP_DOMINANCE,0.7384,HIGH,"High single-patron reliance: Vendor received ₹88,448,056.00 with 100.0% of revenue originating exclusively from MP 'MUKESH RAJPUT'.","{""total_received_amount"": 88448056.0, ""single_mp_reliance_pct"": 100.0, ""primary_mp_id"": ""INTERNAL_MP_445"", ""primary_mp_name"": ""MUKESH RAJPUT""}",DOMAIN_RULE_THRESHOLD,Revenue >= 2 Cr & Single MP Reliance >= 95%,"₹88,448,056.00 (100.0% reliance)",0.9996,178.6475,Vendor Multi-Patron Distribution,2026-08-26T10:47:43.666818+00:00
ANOM_000653,MP,INTERNAL_MP_481,HIGH_VENDOR_CONCENTRATION,0.7383,MEDIUM,"Disproportionately concentrated procurement: Top vendor captured 65.5% of MP's total expenditure (Vendor HHI: 4,813 across 36 transactions).","{""vendor_hhi"": 4812.71, ""top_vendor_share_pct"": 65.47, ""transaction_count"": 36, ""distinct_vendors"": 6}",ECONOMIC_CONCENTRATION_INDEX,HHI >= 3500 or Top Share >= 60%,"HHI=4,813, Top Share=65.5%",0.8987,3.4305,"National Median HHI (1,069.89)",2026-08-26T10:47:43.666818+00:00
ANOM_000644,MP,INTERNAL_MP_458,HIGH_VENDOR_CONCENTRATION,0.7374,MEDIUM,"Disproportionately concentrated procurement: Top vendor captured 65.3% of MP's total expenditure (Vendor HHI: 4,747 across 292 transactions).","{""vendor_hhi"": 4746.95, ""top_vendor_share_pct"": 65.35, ""transaction_count"": 292, ""distinct_vendors"": 6}",ECONOMIC_CONCENTRATION_INDEX,HHI >= 3500 or Top Share >= 60%,"HHI=4,747, Top Share=65.3%",0.895,3.3703,"National Median HHI (1,069.89)",2026-08-26T10:47:43.666818+00:00
ANOM_000628,MP,INTERNAL_MP_417,HIGH_VENDOR_CONCENTRATION,0.7364,HIGH,"Disproportionately concentrated procurement: Top vendor captured 65.2% of MP's total expenditure (Vendor HHI: 5,462 across 127 transactions).","{""vendor_hhi"": 5461.81, ""top_vendor_share_pct"": 65.2, ""transaction_count"": 127, ""distinct_vendors"": 2}",ECONOMIC_CONCENTRATION_INDEX,HHI >= 3500 or Top Share >= 60%,"HHI=5,462, Top Share=65.2%",0.919,4.0255,"National Median HHI (1,069.89)",2026-08-26T10:47:43.666818+00:00
ANOM_000419,WORK,155628,UNUSUALLY_LONG_COMPLETION_DURATION,0.734,MEDIUM,Execution duration from recommendation to completion was 634.0 days (~20.9 months).,"{""duration_days"": 634.0, ""recommendation_date"": ""2024-11-28T00:00:00.000Z"", ""completed_date"": ""2026-08-24T00:00:00.000Z""}",STATISTICAL_PERCENTILE_THRESHOLD,Duration >= 500 days,634.0 days,0.95,2.12,Mean Lifecycle Duration (380 days),2026-08-26T10:47:43.666818+00:00
ANOM_000740,VENDOR,INTERNAL_VND_00012,VENDOR_SINGLE_MP_DOMINANCE,0.7326,HIGH,"High single-patron reliance: Vendor received ₹82,624,494.00 with 100.0% of revenue originating exclusively from MP 'KARAN BHUSHAN SINGH'.","{""total_received_amount"": 82624494.0, ""single_mp_reliance_pct"": 100.0, ""primary_mp_id"": ""INTERNAL_MP_462"", ""primary_mp_name"": ""KARAN BHUSHAN SINGH""}",DOMAIN_RULE_THRESHOLD,Revenue >= 2 Cr & Single MP Reliance >= 95%,"₹82,624,494.00 (100.0% reliance)",0.9995,166.8317,Vendor Multi-Patron Distribution,2026-08-26T10:47:43.666818+00:00
ANOM_000741,VENDOR,INTERNAL_VND_00013,VENDOR_SINGLE_MP_DOMINANCE,0.7316,HIGH,"High single-patron reliance: Vendor received ₹81,575,653.00 with 100.0% of revenue originating exclusively from MP 'ANGOMCHA BIMOL AKOIJAM'.","{""total_received_amount"": 81575653.0, ""single_mp_reliance_pct"": 100.0, ""primary_mp_id"": ""INTERNAL_MP_291"", ""primary_mp_name"": ""ANGOMCHA BIMOL AKOIJAM""}",DOMAIN_RULE_THRESHOLD,Revenue >= 2 Cr & Single MP Reliance >= 95%,"₹81,575,653.00 (100.0% reliance)",0.9995,164.7037,Vendor Multi-Patron Distribution,2026-08-26T10:47:43.666818+00:00
ANOM_000742,VENDOR,INTERNAL_VND_00017,VENDOR_SINGLE_MP_DOMINANCE,0.7268,HIGH,"High single-patron reliance: Vendor received ₹76,771,727.00 with 100.0% of revenue originating exclusively from MP 'TANUJ PUNIA'.","{""total_received_amount"": 76771727.0, ""single_mp_reliance_pct"": 100.0, ""primary_mp_id"": ""INTERNAL_MP_432"", ""primary_mp_name"": ""TANUJ PUNIA""}",DOMAIN_RULE_THRESHOLD,Revenue >= 2 Cr & Single MP Reliance >= 95%,"₹76,771,727.00 (100.0% reliance)",0.9993,154.9567,Vendor Multi-Patron Distribution,2026-08-26T10:47:43.666818+00:00
ANOM_000614,MP,INTERNAL_MP_185,HIGH_VENDOR_CONCENTRATION,0.7267,MEDIUM,"Disproportionately concentrated procurement: Top vendor captured 63.8% of MP's total expenditure (Vendor HHI: 4,684 across 178 transactions).","{""vendor_hhi"": 4683.98, ""top_vendor_share_pct"": 63.82, ""transaction_count"": 178, ""distinct_vendors"": 7}",ECONOMIC_CONCENTRATION_INDEX,HHI >= 3500 or Top Share >= 60%,"HHI=4,684, Top Share=63.8%",0.8913,3.3125,"National Median HHI (1,069.89)",2026-08-26T10:47:43.666818+00:00
ANOM_000743,VENDOR,INTERNAL_VND_00019,VENDOR_SINGLE_MP_DOMINANCE,0.7224,HIGH,"High single-patron reliance: Vendor received ₹72,370,320.00 with 100.0% of revenue originating exclusively from MP 'JITENDRA KUMAR DOHARE'.","{""total_received_amount"": 72370320.0, ""single_mp_reliance_pct"": 100.0, ""primary_mp_id"": ""INTERNAL_MP_443"", ""primary_mp_name"": ""JITENDRA KUMAR DOHARE""}",DOMAIN_RULE_THRESHOLD,Revenue >= 2 Cr & Single MP Reliance >= 95%,"₹72,370,320.00 (100.0% reliance)",0.9992,146.0264,Vendor Multi-Patron Distribution,2026-08-26T10:47:43.666818+00:00
ANOM_000744,VENDOR,INTERNAL_VND_00020,VENDOR_SINGLE_MP_DOMINANCE,0.7216,HIGH,"High single-patron reliance: Vendor received ₹71,561,875.00 with 100.0% of revenue originating exclusively from MP 'SANJAY SETH'.","{""total_received_amount"": 71561875.0, ""single_mp_reliance_pct"": 100.0, ""primary_mp_id"": ""INTERNAL_MP_161"", ""primary_mp_name"": ""SANJAY SETH""}",DOMAIN_RULE_THRESHOLD,Revenue >= 2 Cr & Single MP Reliance >= 95%,"₹71,561,875.00 (100.0% reliance)",0.9992,144.3861,Vendor Multi-Patron Distribution,2026-08-26T10:47:43.666818+00:00
ANOM_000745,VENDOR,INTERNAL_VND_00022,VENDOR_SINGLE_MP_DOMINANCE,0.7198,HIGH,"High single-patron reliance: Vendor received ₹69,796,613.00 with 100.0% of revenue originating exclusively from MP 'AKSHAYA YADAV'.","{""total_received_amount"": 69796613.0, ""single_mp_reliance_pct"": 100.0, ""primary_mp_id"": ""INTERNAL_MP_448"", ""primary_mp_name"": ""AKSHAYA YADAV""}",DOMAIN_RULE_THRESHOLD,Revenue >= 2 Cr & Single MP Reliance >= 95%,"₹69,796,613.00 (100.0% reliance)",0.9991,140.8045,Vendor Multi-Patron Distribution,2026-08-26T10:47:43.666818+00:00
ANOM_000731,MP,INTERNAL_MP_497,MP_UTILIZATION_EXTREME_OUTLIER,0.7135,LOW,"Fund stagnation risk: MP has utilized only 2.7% of allocated ₹147,000,000.00.","{""utilization_pct"": 2.73, ""allocated_amount"": 147000000.0, ""total_expenditure"": 4019091.0}",DOMAIN_RULE_THRESHOLD,Utilization <= 5.0% with Allocation >= 10 Cr,2.7%,0.0424,-1.3204,National Median Utilization (32.23%),2026-08-26T10:47:43.666818+00:00
ANOM_000746,VENDOR,INTERNAL_VND_00031,VENDOR_SINGLE_MP_DOMINANCE,0.7122,HIGH,"High single-patron reliance: Vendor received ₹62,204,113.00 with 100.0% of revenue originating exclusively from MP 'SWAMI SACHCHIDANANDHARI SAKSHI JI MAHARAJ'.","{""total_received_amount"": 62204113.0, ""single_mp_reliance_pct"": 100.0, ""primary_mp_id"": ""INTERNAL_MP_495"", ""primary_mp_name"": ""SWAMI SACHCHIDANANDHARI SAKSHI JI MAHARAJ""}",DOMAIN_RULE_THRESHOLD,Revenue >= 2 Cr & Single MP Reliance >= 95%,"₹62,204,113.00 (100.0% reliance)",0.9987,125.3996,Vendor Multi-Patron Distribution,2026-08-26T10:47:43.666818+00:00
ANOM_000747,VENDOR,INTERNAL_VND_00032,VENDOR_SINGLE_MP_DOMINANCE,0.712,HIGH,"High single-patron reliance: Vendor received ₹62,020,218.00 with 100.0% of revenue originating exclusively from MP 'PRAVEEN PATEL'.","{""total_received_amount"": 62020218.0, ""single_mp_reliance_pct"": 100.0, ""primary_mp_id"": ""INTERNAL_MP_481"", ""primary_mp_name"": ""PRAVEEN PATEL""}",DOMAIN_RULE_THRESHOLD,Revenue >= 2 Cr & Single MP Reliance >= 95%,"₹62,020,218.00 (100.0% reliance)",0.9986,125.0265,Vendor Multi-Patron Distribution,2026-08-26T10:47:43.666818+00:00
ANOM_000437,WORK,160546,UNUSUALLY_LONG_COMPLETION_DURATION,0.712,MEDIUM,Execution duration from recommendation to completion was 612.0 days (~20.1 months).,"{""duration_days"": 612.0, ""recommendation_date"": ""2024-12-20T00:00:00.000Z"", ""completed_date"": ""2026-08-24T00:00:00.000Z""}",STATISTICAL_PERCENTILE_THRESHOLD,Duration >= 500 days,612.0 days,0.95,1.93,Mean Lifecycle Duration (380 days),2026-08-26T10:47:43.666818+00:00
ANOM_000748,VENDOR,INTERNAL_VND_00033,VENDOR_SINGLE_MP_DOMINANCE,0.7111,HIGH,"High single-patron reliance: Vendor received ₹61,073,569.00 with 99.5% of revenue originating exclusively from MP 'VISHNU DAYAL RAM'.","{""total_received_amount"": 61073569.0, ""single_mp_reliance_pct"": 99.46, ""primary_mp_id"": ""INTERNAL_MP_159"", ""primary_mp_name"": ""VISHNU DAYAL RAM""}",DOMAIN_RULE_THRESHOLD,Revenue >= 2 Cr & Single MP Reliance >= 95%,"₹61,073,569.00 (99.5% reliance)",0.9986,123.1057,Vendor Multi-Patron Distribution,2026-08-26T10:47:43.666818+00:00
ANOM_000749,VENDOR,INTERNAL_VND_00035,VENDOR_SINGLE_MP_DOMINANCE,0.7102,HIGH,"High single-patron reliance: Vendor received ₹60,199,660.00 with 100.0% of revenue originating exclusively from MP 'DR. RAJESH MISHRA'.","{""total_received_amount"": 60199660.0, ""single_mp_reliance_pct"": 100.0, ""primary_mp_id"": ""INTERNAL_MP_238"", ""primary_mp_name"": ""DR. RAJESH MISHRA""}",DOMAIN_RULE_THRESHOLD,Revenue >= 2 Cr & Single MP Reliance >= 95%,"₹60,199,660.00 (100.0% reliance)",0.9985,121.3326,Vendor Multi-Patron Distribution,2026-08-26T10:47:43.666818+00:00
ANOM_000750,VENDOR,INTERNAL_VND_00036,VENDOR_SINGLE_MP_DOMINANCE,0.7083,HIGH,"High single-patron reliance: Vendor received ₹58,285,938.00 with 100.0% of revenue originating exclusively from MP 'KANWAR SINGH TANWAR'.","{""total_received_amount"": 58285938.0, ""single_mp_reliance_pct"": 100.0, ""primary_mp_id"": ""INTERNAL_MP_423"", ""primary_mp_name"": ""KANWAR SINGH TANWAR""}",DOMAIN_RULE_THRESHOLD,Revenue >= 2 Cr & Single MP Reliance >= 95%,"₹58,285,938.00 (100.0% reliance)",0.9984,117.4497,Vendor Multi-Patron Distribution,2026-08-26T10:47:43.666818+00:00
ANOM_000719,MP,INTERNAL_MP_303,MP_UTILIZATION_EXTREME_OUTLIER,0.7075,LOW,"Fund stagnation risk: MP has utilized only 2.9% of allocated ₹147,000,000.00.","{""utilization_pct"": 2.85, ""allocated_amount"": 147000000.0, ""total_expenditure"": 4193424.0}",DOMAIN_RULE_THRESHOLD,Utilization <= 5.0% with Allocation >= 10 Cr,2.9%,0.0442,-1.315,National Median Utilization (32.23%),2026-08-26T10:47:43.666818+00:00
ANOM_000597,MP,INTERNAL_MP_061,HIGH_VENDOR_CONCENTRATION,0.7073,MEDIUM,"Disproportionately concentrated procurement: Top vendor captured 61.0% of MP's total expenditure (Vendor HHI: 4,787 across 113 transactions).","{""vendor_hhi"": 4786.86, ""top_vendor_share_pct"": 61.04, ""transaction_count"": 113, ""distinct_vendors"": 8}",ECONOMIC_CONCENTRATION_INDEX,HHI >= 3500 or Top Share >= 60%,"HHI=4,787, Top Share=61.0%",0.8969,3.4068,"National Median HHI (1,069.89)",2026-08-26T10:47:43.666818+00:00
ANOM_000751,VENDOR,INTERNAL_VND_00037,VENDOR_SINGLE_MP_DOMINANCE,0.7065,HIGH,"High single-patron reliance: Vendor received ₹56,457,000.00 with 100.0% of revenue originating exclusively from MP 'DINESH CHANDRA YADAV'.","{""total_received_amount"": 56457000.0, ""single_mp_reliance_pct"": 100.0, ""primary_mp_id"": ""INTERNAL_MP_061"", ""primary_mp_name"": ""DINESH CHANDRA YADAV""}",DOMAIN_RULE_THRESHOLD,Revenue >= 2 Cr & Single MP Reliance >= 95%,"₹56,457,000.00 (100.0% reliance)",0.9984,113.7389,Vendor Multi-Patron Distribution,2026-08-26T10:47:43.666818+00:00
ANOM_000752,VENDOR,INTERNAL_VND_00038,VENDOR_SINGLE_MP_DOMINANCE,0.7062,HIGH,"High single-patron reliance: Vendor received ₹56,200,000.00 with 100.0% of revenue originating exclusively from MP 'DR. PRABHA MALLIKARJUN'.","{""total_received_amount"": 56200000.0, ""single_mp_reliance_pct"": 100.0, ""primary_mp_id"": ""INTERNAL_MP_177"", ""primary_mp_name"": ""DR. PRABHA MALLIKARJUN""}",DOMAIN_RULE_THRESHOLD,Revenue >= 2 Cr & Single MP Reliance >= 95%,"₹56,200,000.00 (100.0% reliance)",0.9983,113.2175,Vendor Multi-Patron Distribution,2026-08-26T10:47:43.666818+00:00
ANOM_000753,VENDOR,INTERNAL_VND_00039,VENDOR_SINGLE_MP_DOMINANCE,0.7059,HIGH,"High single-patron reliance: Vendor received ₹55,862,000.00 with 100.0% of revenue originating exclusively from MP 'SUKHDEO BHAGAT'.","{""total_received_amount"": 55862000.0, ""single_mp_reliance_pct"": 100.0, ""primary_mp_id"": ""INTERNAL_MP_158"", ""primary_mp_name"": ""SUKHDEO BHAGAT""}",DOMAIN_RULE_THRESHOLD,Revenue >= 2 Cr & Single MP Reliance >= 95%,"₹55,862,000.00 (100.0% reliance)",0.9983,112.5317,Vendor Multi-Patron Distribution,2026-08-26T10:47:43.666818+00:00
ANOM_000754,VENDOR,INTERNAL_VND_00040,VENDOR_SINGLE_MP_DOMINANCE,0.7055,HIGH,"High single-patron reliance: Vendor received ₹55,473,149.00 with 96.5% of revenue originating exclusively from MP 'SANATAN PANDEY'.","{""total_received_amount"": 55473149.0, ""single_mp_reliance_pct"": 96.53, ""primary_mp_id"": ""INTERNAL_MP_429"", ""primary_mp_name"": ""SANATAN PANDEY""}",DOMAIN_RULE_THRESHOLD,Revenue >= 2 Cr & Single MP Reliance >= 95%,"₹55,473,149.00 (96.5% reliance)",0.9983,111.7427,Vendor Multi-Patron Distribution,2026-08-26T10:47:43.666818+00:00
ANOM_000726,MP,INTERNAL_MP_381,MP_UTILIZATION_EXTREME_OUTLIER,0.7055,LOW,"Fund stagnation risk: MP has utilized only 2.9% of allocated ₹147,000,000.00.","{""utilization_pct"": 2.89, ""allocated_amount"": 147000000.0, ""total_expenditure"": 4244214.0}",DOMAIN_RULE_THRESHOLD,Utilization <= 5.0% with Allocation >= 10 Cr,2.9%,0.046,-1.3132,National Median Utilization (32.23%),2026-08-26T10:47:43.666818+00:00
ANOM_000631,MP,INTERNAL_MP_424,HIGH_VENDOR_CONCENTRATION,0.7043,MEDIUM,"Disproportionately concentrated procurement: Top vendor captured 60.6% of MP's total expenditure (Vendor HHI: 4,416 across 101 transactions).","{""vendor_hhi"": 4416.16, ""top_vendor_share_pct"": 60.61, ""transaction_count"": 101, ""distinct_vendors"": 4}",ECONOMIC_CONCENTRATION_INDEX,HHI >= 3500 or Top Share >= 60%,"HHI=4,416, Top Share=60.6%",0.8803,3.0671,"National Median HHI (1,069.89)",2026-08-26T10:47:43.666818+00:00
ANOM_000755,VENDOR,INTERNAL_VND_00042,VENDOR_SINGLE_MP_DOMINANCE,0.7036,HIGH,"High single-patron reliance: Vendor received ₹53,641,199.00 with 100.0% of revenue originating exclusively from MP 'VIJAY KUMAR DUBEY'.","{""total_received_amount"": 53641199.0, ""single_mp_reliance_pct"": 100.0, ""primary_mp_id"": ""INTERNAL_MP_467"", ""primary_mp_name"": ""VIJAY KUMAR DUBEY""}",DOMAIN_RULE_THRESHOLD,Revenue >= 2 Cr & Single MP Reliance >= 95%,"₹53,641,199.00 (100.0% reliance)",0.9982,108.0257,Vendor Multi-Patron Distribution,2026-08-26T10:47:43.666818+00:00
ANOM_000640,MP,INTERNAL_MP_443,HIGH_VENDOR_CONCENTRATION,0.7036,MEDIUM,"Disproportionately concentrated procurement: Top vendor captured 60.5% of MP's total expenditure (Vendor HHI: 3,940 across 518 transactions).","{""vendor_hhi"": 3940.4, ""top_vendor_share_pct"": 60.52, ""transaction_count"": 518, ""distinct_vendors"": 16}",ECONOMIC_CONCENTRATION_INDEX,HHI >= 3500 or Top Share >= 60%,"HHI=3,940, Top Share=60.5%",0.8637,2.631,"National Median HHI (1,069.89)",2026-08-26T10:47:43.666818+00:00
ANOM_000637,MP,INTERNAL_MP_440,HIGH_VENDOR_CONCENTRATION,0.7033,MEDIUM,"Disproportionately concentrated procurement: Top vendor captured 60.5% of MP's total expenditure (Vendor HHI: 4,190 across 360 transactions).","{""vendor_hhi"": 4189.93, ""top_vendor_share_pct"": 60.47, ""transaction_count"": 360, ""distinct_vendors"": 18}",ECONOMIC_CONCENTRATION_INDEX,HHI >= 3500 or Top Share >= 60%,"HHI=4,190, Top Share=60.5%",0.8729,2.8597,"National Median HHI (1,069.89)",2026-08-26T10:47:43.666818+00:00
ANOM_000756,VENDOR,INTERNAL_VND_00043,VENDOR_SINGLE_MP_DOMINANCE,0.7031,HIGH,"High single-patron reliance: Vendor received ₹53,082,951.00 with 100.0% of revenue originating exclusively from MP 'CHHATRA PAL SINGH GANGWAR'.","{""total_received_amount"": 53082951.0, ""single_mp_reliance_pct"": 100.0, ""primary_mp_id"": ""INTERNAL_MP_433"", ""primary_mp_name"": ""CHHATRA PAL SINGH GANGWAR""}",DOMAIN_RULE_THRESHOLD,Revenue >= 2 Cr & Single MP Reliance >= 95%,"₹53,082,951.00 (100.0% reliance)",0.9981,106.8931,Vendor Multi-Patron Distribution,2026-08-26T10:47:43.666818+00:00
ANOM_000639,MP,INTERNAL_MP_442,HIGH_VENDOR_CONCENTRATION,0.7023,MEDIUM,"Disproportionately concentrated procurement: Top vendor captured 60.3% of MP's total expenditure (Vendor HHI: 4,508 across 581 transactions).","{""vendor_hhi"": 4507.5, ""top_vendor_share_pct"": 60.33, ""transaction_count"": 581, ""distinct_vendors"": 4}",ECONOMIC_CONCENTRATION_INDEX,HHI >= 3500 or Top Share >= 60%,"HHI=4,508, Top Share=60.3%",0.8877,3.1508,"National Median HHI (1,069.89)",2026-08-26T10:47:43.666818+00:00
ANOM_000428,WORK,162949,UNUSUALLY_LONG_COMPLETION_DURATION,0.701,MEDIUM,Execution duration from recommendation to completion was 601.0 days (~19.8 months).,"{""duration_days"": 601.0, ""recommendation_date"": ""2025-01-01T00:00:00.000Z"", ""completed_date"": ""2026-08-25T00:00:00.000Z""}",STATISTICAL_PERCENTILE_THRESHOLD,Duration >= 500 days,601.0 days,0.95,1.84,Mean Lifecycle Duration (380 days),2026-08-26T10:47:43.666818+00:00
ANOM_000439,WORK,162867,UNUSUALLY_LONG_COMPLETION_DURATION,0.701,MEDIUM,Execution duration from recommendation to completion was 601.0 days (~19.8 months).,"{""duration_days"": 601.0, ""recommendation_date"": ""2024-12-31T00:00:00.000Z"", ""completed_date"": ""2026-08-24T00:00:00.000Z""}",STATISTICAL_PERCENTILE_THRESHOLD,Duration >= 500 days,601.0 days,0.95,1.84,Mean Lifecycle Duration (380 days),2026-08-26T10:47:43.666818+00:00
ANOM_000429,WORK,163006,UNUSUALLY_LONG_COMPLETION_DURATION,0.7,MEDIUM,Execution duration from recommendation to completion was 600.0 days (~19.7 months).,"{""duration_days"": 600.0, ""recommendation_date"": ""2025-01-01T00:00:00.000Z"", ""completed_date"": ""2026-08-24T00:00:00.000Z""}",STATISTICAL_PERCENTILE_THRESHOLD,Duration >= 500 days,600.0 days,0.95,1.83,Mean Lifecycle Duration (380 days),2026-08-26T10:47:43.666818+00:00
ANOM_000430,WORK,163013,UNUSUALLY_LONG_COMPLETION_DURATION,0.7,MEDIUM,Execution duration from recommendation to completion was 600.0 days (~19.7 months).,"{""duration_days"": 600.0, ""recommendation_date"": ""2025-01-01T00:00:00.000Z"", ""completed_date"": ""2026-08-24T00:00:00.000Z""}",STATISTICAL_PERCENTILE_THRESHOLD,Duration >= 500 days,600.0 days,0.95,1.83,Mean Lifecycle Duration (380 days),2026-08-26T10:47:43.666818+00:00
ANOM_000757,VENDOR,INTERNAL_VND_00048,VENDOR_SINGLE_MP_DOMINANCE,0.6998,MEDIUM,"High single-patron reliance: Vendor received ₹49,833,996.00 with 100.0% of revenue originating exclusively from MP 'MALAIYARASAN D'.","{""total_received_amount"": 49833996.0, ""single_mp_reliance_pct"": 100.0, ""primary_mp_id"": ""INTERNAL_MP_368"", ""primary_mp_name"": ""MALAIYARASAN D""}",DOMAIN_RULE_THRESHOLD,Revenue >= 2 Cr & Single MP Reliance >= 95%,"₹49,833,996.00 (100.0% reliance)",0.9979,100.3011,Vendor Multi-Patron Distribution,2026-08-26T10:47:43.666818+00:00
ANOM_000758,VENDOR,INTERNAL_VND_00050,VENDOR_SINGLE_MP_DOMINANCE,0.6991,MEDIUM,"High single-patron reliance: Vendor received ₹49,082,754.00 with 100.0% of revenue originating exclusively from MP 'DEVESH SHAKYA'.","{""total_received_amount"": 49082754.0, ""single_mp_reliance_pct"": 100.0, ""primary_mp_id"": ""INTERNAL_MP_442"", ""primary_mp_name"": ""DEVESH SHAKYA""}",DOMAIN_RULE_THRESHOLD,Revenue >= 2 Cr & Single MP Reliance >= 95%,"₹49,082,754.00 (100.0% reliance)",0.9978,98.7768,Vendor Multi-Patron Distribution,2026-08-26T10:47:43.666818+00:00
ANOM_000646,MP,INTERNAL_MP_464,HIGH_VENDOR_CONCENTRATION,0.6984,MEDIUM,"Disproportionately concentrated procurement: Top vendor captured 59.8% of MP's total expenditure (Vendor HHI: 4,466 across 98 transactions).","{""vendor_hhi"": 4466.38, ""top_vendor_share_pct"": 59.77, ""transaction_count"": 98, ""distinct_vendors"": 6}",ECONOMIC_CONCENTRATION_INDEX,HHI >= 3500 or Top Share >= 60%,"HHI=4,466, Top Share=59.8%",0.884,3.1131,"National Median HHI (1,069.89)",2026-08-26T10:47:43.666818+00:00
ANOM_000759,VENDOR,INTERNAL_VND_00051,VENDOR_SINGLE_MP_DOMINANCE,0.6972,MEDIUM,"High single-patron reliance: Vendor received ₹47,158,656.00 with 100.0% of revenue originating exclusively from MP 'RODMAL NAGAR'.","{""total_received_amount"": 47158656.0, ""single_mp_reliance_pct"": 100.0, ""primary_mp_id"": ""INTERNAL_MP_232"", ""primary_mp_name"": ""RODMAL NAGAR""}",DOMAIN_RULE_THRESHOLD,Revenue >= 2 Cr & Single MP Reliance >= 95%,"₹47,158,656.00 (100.0% reliance)",0.9978,94.8729,Vendor Multi-Patron Distribution,2026-08-26T10:47:43.666818+00:00
ANOM_000440,WORK,162033,UNUSUALLY_LONG_COMPLETION_DURATION,0.697,MEDIUM,Execution duration from recommendation to completion was 597.0 days (~19.6 months).,"{""duration_days"": 597.0, ""recommendation_date"": ""2025-01-05T00:00:00.000Z"", ""completed_date"": ""2026-08-25T00:00:00.000Z""}",STATISTICAL_PERCENTILE_THRESHOLD,Duration >= 500 days,597.0 days,0.95,1.81,Mean Lifecycle Duration (380 days),2026-08-26T10:47:43.666818+00:00
ANOM_000420,WORK,163618,UNUSUALLY_LONG_COMPLETION_DURATION,0.696,MEDIUM,Execution duration from recommendation to completion was 596.0 days (~19.6 months).,"{""duration_days"": 596.0, ""recommendation_date"": ""2025-01-05T00:00:00.000Z"", ""completed_date"": ""2026-08-24T00:00:00.000Z""}",STATISTICAL_PERCENTILE_THRESHOLD,Duration >= 500 days,596.0 days,0.95,1.8,Mean Lifecycle Duration (380 days),2026-08-26T10:47:43.666818+00:00
ANOM_000600,MP,INTERNAL_MP_080,HIGH_VENDOR_CONCENTRATION,0.6955,MEDIUM,"Disproportionately concentrated procurement: Top vendor captured 59.4% of MP's total expenditure (Vendor HHI: 3,868 across 50 transactions).","{""vendor_hhi"": 3867.74, ""top_vendor_share_pct"": 59.36, ""transaction_count"": 50, ""distinct_vendors"": 6}",ECONOMIC_CONCENTRATION_INDEX,HHI >= 3500 or Top Share >= 60%,"HHI=3,868, Top Share=59.4%",0.8564,2.5644,"National Median HHI (1,069.89)",2026-08-26T10:47:43.666818+00:00
ANOM_000760,VENDOR,INTERNAL_VND_00052,VENDOR_SINGLE_MP_DOMINANCE,0.6953,MEDIUM,"High single-patron reliance: Vendor received ₹45,283,519.00 with 100.0% of revenue originating exclusively from MP 'RAMESH AWASTHI'.","{""total_received_amount"": 45283519.0, ""single_mp_reliance_pct"": 100.0, ""primary_mp_id"": ""INTERNAL_MP_464"", ""primary_mp_name"": ""RAMESH AWASTHI""}",DOMAIN_RULE_THRESHOLD,Revenue >= 2 Cr & Single MP Reliance >= 95%,"₹45,283,519.00 (100.0% reliance)",0.9977,91.0683,Vendor Multi-Patron Distribution,2026-08-26T10:47:43.666818+00:00
ANOM_000626,MP,INTERNAL_MP_316,HIGH_VENDOR_CONCENTRATION,0.695,MEDIUM,"Disproportionately concentrated procurement: Top vendor captured 59.3% of MP's total expenditure (Vendor HHI: 3,859 across 31 transactions).","{""vendor_hhi"": 3859.17, ""top_vendor_share_pct"": 59.28, ""transaction_count"": 31, ""distinct_vendors"": 12}",ECONOMIC_CONCENTRATION_INDEX,HHI >= 3500 or Top Share >= 60%,"HHI=3,859, Top Share=59.3%",0.8527,2.5566,"National Median HHI (1,069.89)",2026-08-26T10:47:43.666818+00:00
ANOM_000761,VENDOR,INTERNAL_VND_00053,VENDOR_SINGLE_MP_DOMINANCE,0.6935,MEDIUM,"High single-patron reliance: Vendor received ₹43,544,349.00 with 100.0% of revenue originating exclusively from MP 'SHANKAR LALWANI'.","{""total_received_amount"": 43544349.0, ""single_mp_reliance_pct"": 100.0, ""primary_mp_id"": ""INTERNAL_MP_224"", ""primary_mp_name"": ""SHANKAR LALWANI""}",DOMAIN_RULE_THRESHOLD,Revenue >= 2 Cr & Single MP Reliance >= 95%,"₹43,544,349.00 (100.0% reliance)",0.9977,87.5396,Vendor Multi-Patron Distribution,2026-08-26T10:47:43.666818+00:00
ANOM_000601,MP,INTERNAL_MP_102,HIGH_VENDOR_CONCENTRATION,0.6927,MEDIUM,"Disproportionately concentrated procurement: Top vendor captured 59.0% of MP's total expenditure (Vendor HHI: 4,114 across 25 transactions).","{""vendor_hhi"": 4114.19, ""top_vendor_share_pct"": 58.96, ""transaction_count"": 25, ""distinct_vendors"": 5}",ECONOMIC_CONCENTRATION_INDEX,HHI >= 3500 or Top Share >= 60%,"HHI=4,114, Top Share=59.0%",0.8711,2.7903,"National Median HHI (1,069.89)",2026-08-26T10:47:43.666818+00:00
ANOM_000762,VENDOR,INTERNAL_VND_00055,VENDOR_SINGLE_MP_DOMINANCE,0.6922,MEDIUM,"High single-patron reliance: Vendor received ₹42,154,488.00 with 100.0% of revenue originating exclusively from MP 'SUDHAKAR SINGH'.","{""total_received_amount"": 42154488.0, ""single_mp_reliance_pct"": 100.0, ""primary_mp_id"": ""INTERNAL_MP_049"", ""primary_mp_name"": ""SUDHAKAR SINGH""}",DOMAIN_RULE_THRESHOLD,Revenue >= 2 Cr & Single MP Reliance >= 95%,"₹42,154,488.00 (100.0% reliance)",0.9976,84.7196,Vendor Multi-Patron Distribution,2026-08-26T10:47:43.666818+00:00
ANOM_000763,VENDOR,INTERNAL_VND_00056,VENDOR_SINGLE_MP_DOMINANCE,0.692,MEDIUM,"High single-patron reliance: Vendor received ₹42,000,000.00 with 100.0% of revenue originating exclusively from MP 'ALFRED KANNGAM S ARTHUR'.","{""total_received_amount"": 42000000.0, ""single_mp_reliance_pct"": 100.0, ""primary_mp_id"": ""INTERNAL_MP_292"", ""primary_mp_name"": ""ALFRED KANNGAM S ARTHUR""}",DOMAIN_RULE_THRESHOLD,Revenue >= 2 Cr & Single MP Reliance >= 95%,"₹42,000,000.00 (100.0% reliance)",0.9975,84.4062,Vendor Multi-Patron Distribution,2026-08-26T10:47:43.666818+00:00
ANOM_000764,VENDOR,INTERNAL_VND_00057,VENDOR_SINGLE_MP_DOMINANCE,0.6918,MEDIUM,"High single-patron reliance: Vendor received ₹41,807,174.00 with 100.0% of revenue originating exclusively from MP 'DURGA DAS UIKEY'.","{""total_received_amount"": 41807174.0, ""single_mp_reliance_pct"": 100.0, ""primary_mp_id"": ""INTERNAL_MP_214"", ""primary_mp_name"": ""DURGA DAS UIKEY""}",DOMAIN_RULE_THRESHOLD,Revenue >= 2 Cr & Single MP Reliance >= 95%,"₹41,807,174.00 (100.0% reliance)",0.9975,84.015,Vendor Multi-Patron Distribution,2026-08-26T10:47:43.666818+00:00
ANOM_000721,MP,INTERNAL_MP_338,MP_UTILIZATION_EXTREME_OUTLIER,0.6915,LOW,"Fund stagnation risk: MP has utilized only 3.2% of allocated ₹147,000,000.00.","{""utilization_pct"": 3.17, ""allocated_amount"": 147000000.0, ""total_expenditure"": 4660559.0}",DOMAIN_RULE_THRESHOLD,Utilization <= 5.0% with Allocation >= 10 Cr,3.2%,0.0479,-1.3007,National Median Utilization (32.23%),2026-08-26T10:47:43.666818+00:00
ANOM_000627,MP,INTERNAL_MP_403,HIGH_VENDOR_CONCENTRATION,0.69,MEDIUM,"Disproportionately concentrated procurement: Top vendor captured 58.6% of MP's total expenditure (Vendor HHI: 3,562 across 153 transactions).","{""vendor_hhi"": 3562.14, ""top_vendor_share_pct"": 58.57, ""transaction_count"": 153, ""distinct_vendors"": 21}",ECONOMIC_CONCENTRATION_INDEX,HHI >= 3500 or Top Share >= 60%,"HHI=3,562, Top Share=58.6%",0.8361,2.2843,"National Median HHI (1,069.89)",2026-08-26T10:47:43.666818+00:00
ANOM_000765,VENDOR,INTERNAL_VND_00061,VENDOR_SINGLE_MP_DOMINANCE,0.69,MEDIUM,"High single-patron reliance: Vendor received ₹39,998,181.00 with 100.0% of revenue originating exclusively from MP 'BHARTI PARDHI'.","{""total_received_amount"": 39998181.0, ""single_mp_reliance_pct"": 100.0, ""primary_mp_id"": ""INTERNAL_MP_213"", ""primary_mp_name"": ""BHARTI PARDHI""}",DOMAIN_RULE_THRESHOLD,Revenue >= 2 Cr & Single MP Reliance >= 95%,"₹39,998,181.00 (100.0% reliance)",0.9973,80.3446,Vendor Multi-Patron Distribution,2026-08-26T10:47:43.666818+00:00
ANOM_000766,VENDOR,INTERNAL_VND_00062,VENDOR_SINGLE_MP_DOMINANCE,0.6898,MEDIUM,"High single-patron reliance: Vendor received ₹39,787,677.00 with 100.0% of revenue originating exclusively from MP 'BHOLA SINGH'.","{""total_received_amount"": 39787677.0, ""single_mp_reliance_pct"": 100.0, ""primary_mp_id"": ""INTERNAL_MP_437"", ""primary_mp_name"": ""BHOLA SINGH""}",DOMAIN_RULE_THRESHOLD,Revenue >= 2 Cr & Single MP Reliance >= 95%,"₹39,787,677.00 (100.0% reliance)",0.9973,79.9175,Vendor Multi-Patron Distribution,2026-08-26T10:47:43.666818+00:00
ANOM_000767,VENDOR,INTERNAL_VND_00065,VENDOR_SINGLE_MP_DOMINANCE,0.6886,MEDIUM,"High single-patron reliance: Vendor received ₹38,572,500.00 with 100.0% of revenue originating exclusively from MP 'DULU MAHATO'.","{""total_received_amount"": 38572500.0, ""single_mp_reliance_pct"": 100.0, ""primary_mp_id"": ""INTERNAL_MP_150"", ""primary_mp_name"": ""DULU MAHATO""}",DOMAIN_RULE_THRESHOLD,Revenue >= 2 Cr & Single MP Reliance >= 95%,"₹38,572,500.00 (100.0% reliance)",0.9971,77.4519,Vendor Multi-Patron Distribution,2026-08-26T10:47:43.666818+00:00
ANOM_000728,MP,INTERNAL_MP_410,MP_UTILIZATION_EXTREME_OUTLIER,0.6885,LOW,"Fund stagnation risk: MP has utilized only 3.2% of allocated ₹147,000,000.00.","{""utilization_pct"": 3.23, ""allocated_amount"": 147000000.0, ""total_expenditure"": 4754322.0}",DOMAIN_RULE_THRESHOLD,Utilization <= 5.0% with Allocation >= 10 Cr,3.2%,0.0497,-1.298,National Median Utilization (32.23%),2026-08-26T10:47:43.666818+00:00
ANOM_000768,VENDOR,INTERNAL_VND_00066,VENDOR_SINGLE_MP_DOMINANCE,0.6872,MEDIUM,"High single-patron reliance: Vendor received ₹37,203,872.00 with 100.0% of revenue originating exclusively from MP 'ASHOK KUMAR RAWAT'.","{""total_received_amount"": 37203872.0, ""single_mp_reliance_pct"": 100.0, ""primary_mp_id"": ""INTERNAL_MP_476"", ""primary_mp_name"": ""ASHOK KUMAR RAWAT""}",DOMAIN_RULE_THRESHOLD,Revenue >= 2 Cr & Single MP Reliance >= 95%,"₹37,203,872.00 (100.0% reliance)",0.9971,74.675,Vendor Multi-Patron Distribution,2026-08-26T10:47:43.666818+00:00
ANOM_000769,VENDOR,INTERNAL_VND_00067,VENDOR_SINGLE_MP_DOMINANCE,0.6871,MEDIUM,"High single-patron reliance: Vendor received ₹37,112,787.00 with 100.0% of revenue originating exclusively from MP 'ASIT KUMAR MAL'.","{""total_received_amount"": 37112787.0, ""single_mp_reliance_pct"": 100.0, ""primary_mp_id"": ""INTERNAL_MP_516"", ""primary_mp_name"": ""ASIT KUMAR MAL""}",DOMAIN_RULE_THRESHOLD,Revenue >= 2 Cr & Single MP Reliance >= 95%,"₹37,112,787.00 (100.0% reliance)",0.9971,74.4902,Vendor Multi-Patron Distribution,2026-08-26T10:47:43.666818+00:00
ANOM_000770,VENDOR,INTERNAL_VND_00068,VENDOR_SINGLE_MP_DOMINANCE,0.6867,MEDIUM,"High single-patron reliance: Vendor received ₹36,742,422.00 with 100.0% of revenue originating exclusively from MP 'BIDYUT BARAN MAHATO'.","{""total_received_amount"": 36742422.0, ""single_mp_reliance_pct"": 100.0, ""primary_mp_id"": ""INTERNAL_MP_155"", ""primary_mp_name"": ""BIDYUT BARAN MAHATO""}",DOMAIN_RULE_THRESHOLD,Revenue >= 2 Cr & Single MP Reliance >= 95%,"₹36,742,422.00 (100.0% reliance)",0.997,73.7388,Vendor Multi-Patron Distribution,2026-08-26T10:47:43.666818+00:00
ANOM_000771,VENDOR,INTERNAL_VND_00069,VENDOR_SINGLE_MP_DOMINANCE,0.6866,MEDIUM,"High single-patron reliance: Vendor received ₹36,575,000.00 with 100.0% of revenue originating exclusively from MP 'H.D. KUMARASWAMY'.","{""total_received_amount"": 36575000.0, ""single_mp_reliance_pct"": 100.0, ""primary_mp_id"": ""INTERNAL_MP_184"", ""primary_mp_name"": ""H.D. KUMARASWAMY""}",DOMAIN_RULE_THRESHOLD,Revenue >= 2 Cr & Single MP Reliance >= 95%,"₹36,575,000.00 (100.0% reliance)",0.997,73.3991,Vendor Multi-Patron Distribution,2026-08-26T10:47:43.666818+00:00
ANOM_000772,VENDOR,INTERNAL_VND_00073,VENDOR_SINGLE_MP_DOMINANCE,0.6853,MEDIUM,"High single-patron reliance: Vendor received ₹35,289,867.00 with 100.0% of revenue originating exclusively from MP 'PRIYA SAROJ'.","{""total_received_amount"": 35289867.0, ""single_mp_reliance_pct"": 100.0, ""primary_mp_id"": ""INTERNAL_MP_470"", ""primary_mp_name"": ""PRIYA SAROJ""}",DOMAIN_RULE_THRESHOLD,Revenue >= 2 Cr & Single MP Reliance >= 95%,"₹35,289,867.00 (100.0% reliance)",0.9968,70.7916,Vendor Multi-Patron Distribution,2026-08-26T10:47:43.666818+00:00
ANOM_000773,VENDOR,INTERNAL_VND_00075,VENDOR_SINGLE_MP_DOMINANCE,0.6849,MEDIUM,"High single-patron reliance: Vendor received ₹34,852,494.00 with 100.0% of revenue originating exclusively from MP 'VINOD KUMAR BIND'.","{""total_received_amount"": 34852494.0, ""single_mp_reliance_pct"": 100.0, ""primary_mp_id"": ""INTERNAL_MP_435"", ""primary_mp_name"": ""VINOD KUMAR BIND""}",DOMAIN_RULE_THRESHOLD,Revenue >= 2 Cr & Single MP Reliance >= 95%,"₹34,852,494.00 (100.0% reliance)",0.9967,69.9042,Vendor Multi-Patron Distribution,2026-08-26T10:47:43.666818+00:00
ANOM_000774,VENDOR,INTERNAL_VND_00077,VENDOR_SINGLE_MP_DOMINANCE,0.6847,MEDIUM,"High single-patron reliance: Vendor received ₹34,721,452.00 with 100.0% of revenue originating exclusively from MP 'GYANESHWAR PATIL'.","{""total_received_amount"": 34721452.0, ""single_mp_reliance_pct"": 100.0, ""primary_mp_id"": ""INTERNAL_MP_227"", ""primary_mp_name"": ""GYANESHWAR PATIL""}",DOMAIN_RULE_THRESHOLD,Revenue >= 2 Cr & Single MP Reliance >= 95%,"₹34,721,452.00 (100.0% reliance)",0.9966,69.6383,Vendor Multi-Patron Distribution,2026-08-26T10:47:43.666818+00:00
ANOM_000775,VENDOR,INTERNAL_VND_00078,VENDOR_SINGLE_MP_DOMINANCE,0.6845,MEDIUM,"High single-patron reliance: Vendor received ₹34,469,115.00 with 100.0% of revenue originating exclusively from MP 'UTKARSH VERMA MADHUR'.","{""total_received_amount"": 34469115.0, ""single_mp_reliance_pct"": 100.0, ""primary_mp_id"": ""INTERNAL_MP_466"", ""primary_mp_name"": ""UTKARSH VERMA MADHUR""}",DOMAIN_RULE_THRESHOLD,Revenue >= 2 Cr & Single MP Reliance >= 95%,"₹34,469,115.00 (100.0% reliance)",0.9966,69.1263,Vendor Multi-Patron Distribution,2026-08-26T10:47:43.666818+00:00
ANOM_000776,VENDOR,INTERNAL_VND_00079,VENDOR_SINGLE_MP_DOMINANCE,0.6844,MEDIUM,"High single-patron reliance: Vendor received ₹34,446,064.00 with 100.0% of revenue originating exclusively from MP 'SMT ANUPRIYA PATEL'.","{""total_received_amount"": 34446064.0, ""single_mp_reliance_pct"": 100.0, ""primary_mp_id"": ""INTERNAL_MP_475"", ""primary_mp_name"": ""SMT ANUPRIYA PATEL""}",DOMAIN_RULE_THRESHOLD,Revenue >= 2 Cr & Single MP Reliance >= 95%,"₹34,446,064.00 (100.0% reliance)",0.9965,69.0795,Vendor Multi-Patron Distribution,2026-08-26T10:47:43.666818+00:00
ANOM_000777,VENDOR,INTERNAL_VND_00080,VENDOR_SINGLE_MP_DOMINANCE,0.684,MEDIUM,"High single-patron reliance: Vendor received ₹34,020,702.12 with 100.0% of revenue originating exclusively from MP 'KRISHNA DEVI SHIVSHANKER PATEL'.","{""total_received_amount"": 34020702.12, ""single_mp_reliance_pct"": 100.0, ""primary_mp_id"": ""INTERNAL_MP_430"", ""primary_mp_name"": ""KRISHNA DEVI SHIVSHANKER PATEL""}",DOMAIN_RULE_THRESHOLD,Revenue >= 2 Cr & Single MP Reliance >= 95%,"₹34,020,702.12 (100.0% reliance)",0.9965,68.2165,Vendor Multi-Patron Distribution,2026-08-26T10:47:43.666818+00:00
ANOM_000623,MP,INTERNAL_MP_273,HIGH_VENDOR_CONCENTRATION,0.6837,MEDIUM,"Disproportionately concentrated procurement: Top vendor captured 57.7% of MP's total expenditure (Vendor HHI: 4,316 across 189 transactions).","{""vendor_hhi"": 4316.5, ""top_vendor_share_pct"": 57.67, ""transaction_count"": 189, ""distinct_vendors"": 3}",ECONOMIC_CONCENTRATION_INDEX,HHI >= 3500 or Top Share >= 60%,"HHI=4,316, Top Share=57.7%",0.8785,2.9757,"National Median HHI (1,069.89)",2026-08-26T10:47:43.666818+00:00
ANOM_000778,VENDOR,INTERNAL_VND_00081,VENDOR_SINGLE_MP_DOMINANCE,0.6836,MEDIUM,"High single-patron reliance: Vendor received ₹33,636,942.00 with 100.0% of revenue originating exclusively from MP 'V S MATHESWARAN'.","{""total_received_amount"": 33636942.0, ""single_mp_reliance_pct"": 100.0, ""primary_mp_id"": ""INTERNAL_MP_376"", ""primary_mp_name"": ""V S MATHESWARAN""}",DOMAIN_RULE_THRESHOLD,Revenue >= 2 Cr & Single MP Reliance >= 95%,"₹33,636,942.00 (100.0% reliance)",0.9964,67.4379,Vendor Multi-Patron Distribution,2026-08-26T10:47:43.666818+00:00
ANOM_000779,VENDOR,INTERNAL_VND_00082,VENDOR_SINGLE_MP_DOMINANCE,0.6835,MEDIUM,"High single-patron reliance: Vendor received ₹33,472,404.80 with 100.0% of revenue originating exclusively from MP 'NARAYAN DAS AHIRWAR'.","{""total_received_amount"": 33472404.8, ""single_mp_reliance_pct"": 100.0, ""primary_mp_id"": ""INTERNAL_MP_458"", ""primary_mp_name"": ""NARAYAN DAS AHIRWAR""}",DOMAIN_RULE_THRESHOLD,Revenue >= 2 Cr & Single MP Reliance >= 95%,"₹33,472,404.80 (100.0% reliance)",0.9964,67.104,Vendor Multi-Patron Distribution,2026-08-26T10:47:43.666818+00:00
ANOM_000780,VENDOR,INTERNAL_VND_00085,VENDOR_SINGLE_MP_DOMINANCE,0.6831,MEDIUM,"High single-patron reliance: Vendor received ₹33,054,370.00 with 100.0% of revenue originating exclusively from MP 'ANOOP PRADHAN BALMIKI'.","{""total_received_amount"": 33054370.0, ""single_mp_reliance_pct"": 100.0, ""primary_mp_id"": ""INTERNAL_MP_457"", ""primary_mp_name"": ""ANOOP PRADHAN BALMIKI""}",DOMAIN_RULE_THRESHOLD,Revenue >= 2 Cr & Single MP Reliance >= 95%,"₹33,054,370.00 (100.0% reliance)",0.9962,66.2558,Vendor Multi-Patron Distribution,2026-08-26T10:47:43.666818+00:00
ANOM_000445,WORK,166479,UNUSUALLY_LONG_COMPLETION_DURATION,0.683,MEDIUM,Execution duration from recommendation to completion was 583.0 days (~19.2 months).,"{""duration_days"": 583.0, ""recommendation_date"": ""2025-01-19T00:00:00.000Z"", ""completed_date"": ""2026-08-25T00:00:00.000Z""}",STATISTICAL_PERCENTILE_THRESHOLD,Duration >= 500 days,583.0 days,0.95,1.69,Mean Lifecycle Duration (380 days),2026-08-26T10:47:43.666818+00:00
ANOM_000781,VENDOR,INTERNAL_VND_00087,VENDOR_SINGLE_MP_DOMINANCE,0.6828,MEDIUM,"High single-patron reliance: Vendor received ₹32,841,533.00 with 95.5% of revenue originating exclusively from MP 'PROF SP SINGH BAGHEL'.","{""total_received_amount"": 32841533.0, ""single_mp_reliance_pct"": 95.5, ""primary_mp_id"": ""INTERNAL_MP_417"", ""primary_mp_name"": ""PROF SP SINGH BAGHEL""}",DOMAIN_RULE_THRESHOLD,Revenue >= 2 Cr & Single MP Reliance >= 95%,"₹32,841,533.00 (95.5% reliance)",0.9962,65.824,Vendor Multi-Patron Distribution,2026-08-26T10:47:43.666818+00:00
ANOM_000782,VENDOR,INTERNAL_VND_00088,VENDOR_SINGLE_MP_DOMINANCE,0.6826,MEDIUM,"High single-patron reliance: Vendor received ₹32,627,520.00 with 100.0% of revenue originating exclusively from MP 'DR. RAJESH MISHRA'.","{""total_received_amount"": 32627520.0, ""single_mp_reliance_pct"": 100.0, ""primary_mp_id"": ""INTERNAL_MP_238"", ""primary_mp_name"": ""DR. RAJESH MISHRA""}",DOMAIN_RULE_THRESHOLD,Revenue >= 2 Cr & Single MP Reliance >= 95%,"₹32,627,520.00 (100.0% reliance)",0.9961,65.3898,Vendor Multi-Patron Distribution,2026-08-26T10:47:43.666818+00:00
ANOM_000783,VENDOR,INTERNAL_VND_00089,VENDOR_SINGLE_MP_DOMINANCE,0.6826,MEDIUM,"High single-patron reliance: Vendor received ₹32,574,620.00 with 100.0% of revenue originating exclusively from MP 'RODMAL NAGAR'.","{""total_received_amount"": 32574620.0, ""single_mp_reliance_pct"": 100.0, ""primary_mp_id"": ""INTERNAL_MP_232"", ""primary_mp_name"": ""RODMAL NAGAR""}",DOMAIN_RULE_THRESHOLD,Revenue >= 2 Cr & Single MP Reliance >= 95%,"₹32,574,620.00 (100.0% reliance)",0.9961,65.2825,Vendor Multi-Patron Distribution,2026-08-26T10:47:43.666818+00:00
ANOM_000784,VENDOR,INTERNAL_VND_00090,VENDOR_SINGLE_MP_DOMINANCE,0.6826,MEDIUM,"High single-patron reliance: Vendor received ₹32,562,250.00 with 100.0% of revenue originating exclusively from MP 'MUHAMMED HAMDULLAH SAYEED'.","{""total_received_amount"": 32562250.0, ""single_mp_reliance_pct"": 100.0, ""primary_mp_id"": ""INTERNAL_MP_212"", ""primary_mp_name"": ""MUHAMMED HAMDULLAH SAYEED""}",DOMAIN_RULE_THRESHOLD,Revenue >= 2 Cr & Single MP Reliance >= 95%,"₹32,562,250.00 (100.0% reliance)",0.996,65.2574,Vendor Multi-Patron Distribution,2026-08-26T10:47:43.666818+00:00
ANOM_000785,VENDOR,INTERNAL_VND_00091,VENDOR_SINGLE_MP_DOMINANCE,0.6825,MEDIUM,"High single-patron reliance: Vendor received ₹32,509,859.00 with 100.0% of revenue originating exclusively from MP 'DEVENDRA ALIAS BHOLE SINGH'.","{""total_received_amount"": 32509859.0, ""single_mp_reliance_pct"": 100.0, ""primary_mp_id"": ""INTERNAL_MP_418"", ""primary_mp_name"": ""DEVENDRA ALIAS BHOLE SINGH""}",DOMAIN_RULE_THRESHOLD,Revenue >= 2 Cr & Single MP Reliance >= 95%,"₹32,509,859.00 (100.0% reliance)",0.996,65.1511,Vendor Multi-Patron Distribution,2026-08-26T10:47:43.666818+00:00
ANOM_000786,VENDOR,INTERNAL_VND_00092,VENDOR_SINGLE_MP_DOMINANCE,0.6824,MEDIUM,"High single-patron reliance: Vendor received ₹32,409,967.00 with 99.9% of revenue originating exclusively from MP 'UTKARSH VERMA MADHUR'.","{""total_received_amount"": 32409967.0, ""single_mp_reliance_pct"": 99.9, ""primary_mp_id"": ""INTERNAL_MP_466"", ""primary_mp_name"": ""UTKARSH VERMA MADHUR""}",DOMAIN_RULE_THRESHOLD,Revenue >= 2 Cr & Single MP Reliance >= 95%,"₹32,409,967.00 (99.9% reliance)",0.9959,64.9484,Vendor Multi-Patron Distribution,2026-08-26T10:47:43.666818+00:00
ANOM_000787,VENDOR,INTERNAL_VND_00094,VENDOR_SINGLE_MP_DOMINANCE,0.6822,MEDIUM,"High single-patron reliance: Vendor received ₹32,225,000.00 with 100.0% of revenue originating exclusively from MP 'BASAVARAJ BOMMAI'.","{""total_received_amount"": 32225000.0, ""single_mp_reliance_pct"": 100.0, ""primary_mp_id"": ""INTERNAL_MP_181"", ""primary_mp_name"": ""BASAVARAJ BOMMAI""}",DOMAIN_RULE_THRESHOLD,Revenue >= 2 Cr & Single MP Reliance >= 95%,"₹32,225,000.00 (100.0% reliance)",0.9958,64.5731,Vendor Multi-Patron Distribution,2026-08-26T10:47:43.666818+00:00
ANOM_000788,VENDOR,INTERNAL_VND_00095,VENDOR_SINGLE_MP_DOMINANCE,0.6821,MEDIUM,"High single-patron reliance: Vendor received ₹32,148,095.00 with 100.0% of revenue originating exclusively from MP 'MOHIBBULLAH'.","{""total_received_amount"": 32148095.0, ""single_mp_reliance_pct"": 100.0, ""primary_mp_id"": ""INTERNAL_MP_485"", ""primary_mp_name"": ""MOHIBBULLAH""}",DOMAIN_RULE_THRESHOLD,Revenue >= 2 Cr & Single MP Reliance >= 95%,"₹32,148,095.00 (100.0% reliance)",0.9958,64.4171,Vendor Multi-Patron Distribution,2026-08-26T10:47:43.666818+00:00
ANOM_000789,VENDOR,INTERNAL_VND_00096,VENDOR_SINGLE_MP_DOMINANCE,0.6821,MEDIUM,"High single-patron reliance: Vendor received ₹32,119,475.00 with 100.0% of revenue originating exclusively from MP 'BIDYUT BARAN MAHATO'.","{""total_received_amount"": 32119475.0, ""single_mp_reliance_pct"": 100.0, ""primary_mp_id"": ""INTERNAL_MP_155"", ""primary_mp_name"": ""BIDYUT BARAN MAHATO""}",DOMAIN_RULE_THRESHOLD,Revenue >= 2 Cr & Single MP Reliance >= 95%,"₹32,119,475.00 (100.0% reliance)",0.9958,64.359,Vendor Multi-Patron Distribution,2026-08-26T10:47:43.666818+00:00
ANOM_000790,VENDOR,INTERNAL_VND_00098,VENDOR_SINGLE_MP_DOMINANCE,0.6815,MEDIUM,"High single-patron reliance: Vendor received ₹31,484,925.00 with 97.6% of revenue originating exclusively from MP 'JOBA MAJHI'.","{""total_received_amount"": 31484925.0, ""single_mp_reliance_pct"": 97.62, ""primary_mp_id"": ""INTERNAL_MP_162"", ""primary_mp_name"": ""JOBA MAJHI""}",DOMAIN_RULE_THRESHOLD,Revenue >= 2 Cr & Single MP Reliance >= 95%,"₹31,484,925.00 (97.6% reliance)",0.9957,63.0715,Vendor Multi-Patron Distribution,2026-08-26T10:47:43.666818+00:00
ANOM_000638,MP,INTERNAL_MP_441,HIGH_VENDOR_CONCENTRATION,0.6814,MEDIUM,"Disproportionately concentrated procurement: Top vendor captured 57.3% of MP's total expenditure (Vendor HHI: 3,934 across 50 transactions).","{""vendor_hhi"": 3933.8, ""top_vendor_share_pct"": 57.34, ""transaction_count"": 50, ""distinct_vendors"": 12}",ECONOMIC_CONCENTRATION_INDEX,HHI >= 3500 or Top Share >= 60%,"HHI=3,934, Top Share=57.3%",0.86,2.625,"National Median HHI (1,069.89)",2026-08-26T10:47:43.666818+00:00
ANOM_000791,VENDOR,INTERNAL_VND_00099,VENDOR_SINGLE_MP_DOMINANCE,0.6813,MEDIUM,"High single-patron reliance: Vendor received ₹31,325,000.00 with 100.0% of revenue originating exclusively from MP 'VISHWESHWAR HEGDE KAGERI'.","{""total_received_amount"": 31325000.0, ""single_mp_reliance_pct"": 100.0, ""primary_mp_id"": ""INTERNAL_MP_190"", ""primary_mp_name"": ""VISHWESHWAR HEGDE KAGERI""}",DOMAIN_RULE_THRESHOLD,Revenue >= 2 Cr & Single MP Reliance >= 95%,"₹31,325,000.00 (100.0% reliance)",0.9956,62.747,Vendor Multi-Patron Distribution,2026-08-26T10:47:43.666818+00:00
ANOM_000792,VENDOR,INTERNAL_VND_00100,VENDOR_SINGLE_MP_DOMINANCE,0.6812,MEDIUM,"High single-patron reliance: Vendor received ₹31,185,482.00 with 100.0% of revenue originating exclusively from MP 'SHRI B Y RAGHAVENDRA'.","{""total_received_amount"": 31185482.0, ""single_mp_reliance_pct"": 100.0, ""primary_mp_id"": ""INTERNAL_MP_187"", ""primary_mp_name"": ""SHRI B Y RAGHAVENDRA""}",DOMAIN_RULE_THRESHOLD,Revenue >= 2 Cr & Single MP Reliance >= 95%,"₹31,185,482.00 (100.0% reliance)",0.9956,62.4639,Vendor Multi-Patron Distribution,2026-08-26T10:47:43.666818+00:00
ANOM_000598,MP,INTERNAL_MP_077,HIGH_VENDOR_CONCENTRATION,0.681,MEDIUM,"Disproportionately concentrated procurement: Top vendor captured 57.3% of MP's total expenditure (Vendor HHI: 3,717 across 129 transactions).","{""vendor_hhi"": 3716.96, ""top_vendor_share_pct"": 57.29, ""transaction_count"": 129, ""distinct_vendors"": 13}",ECONOMIC_CONCENTRATION_INDEX,HHI >= 3500 or Top Share >= 60%,"HHI=3,717, Top Share=57.3%",0.8435,2.4262,"National Median HHI (1,069.89)",2026-08-26T10:47:43.666818+00:00
ANOM_000793,VENDOR,INTERNAL_VND_00102,VENDOR_SINGLE_MP_DOMINANCE,0.681,MEDIUM,"High single-patron reliance: Vendor received ₹31,012,776.00 with 100.0% of revenue originating exclusively from MP 'R.K. CHAUDHARY'.","{""total_received_amount"": 31012776.0, ""single_mp_reliance_pct"": 100.0, ""primary_mp_id"": ""INTERNAL_MP_477"", ""primary_mp_name"": ""R.K. CHAUDHARY""}",DOMAIN_RULE_THRESHOLD,Revenue >= 2 Cr & Single MP Reliance >= 95%,"₹31,012,776.00 (100.0% reliance)",0.9955,62.1135,Vendor Multi-Patron Distribution,2026-08-26T10:47:43.666818+00:00
ANOM_000794,VENDOR,INTERNAL_VND_00104,VENDOR_SINGLE_MP_DOMINANCE,0.6801,MEDIUM,"High single-patron reliance: Vendor received ₹30,140,000.00 with 100.0% of revenue originating exclusively from MP 'KALI CHARAN MUNDA'.","{""total_received_amount"": 30140000.0, ""single_mp_reliance_pct"": 100.0, ""primary_mp_id"": ""INTERNAL_MP_156"", ""primary_mp_name"": ""KALI CHARAN MUNDA""}",DOMAIN_RULE_THRESHOLD,Revenue >= 2 Cr & Single MP Reliance >= 95%,"₹30,140,000.00 (100.0% reliance)",0.9954,60.3427,Vendor Multi-Patron Distribution,2026-08-26T10:47:43.666818+00:00
ANOM_000795,VENDOR,INTERNAL_VND_00105,VENDOR_SINGLE_MP_DOMINANCE,0.6801,MEDIUM,"High single-patron reliance: Vendor received ₹30,137,810.00 with 100.0% of revenue originating exclusively from MP 'SAVITRI THAKUR'.","{""total_received_amount"": 30137810.0, ""single_mp_reliance_pct"": 100.0, ""primary_mp_id"": ""INTERNAL_MP_220"", ""primary_mp_name"": ""SAVITRI THAKUR""}",DOMAIN_RULE_THRESHOLD,Revenue >= 2 Cr & Single MP Reliance >= 95%,"₹30,137,810.00 (100.0% reliance)",0.9954,60.3383,Vendor Multi-Patron Distribution,2026-08-26T10:47:43.666818+00:00
ANOM_000432,WORK,167587,UNUSUALLY_LONG_COMPLETION_DURATION,0.68,MEDIUM,Execution duration from recommendation to completion was 580.0 days (~19.1 months).,"{""duration_days"": 580.0, ""recommendation_date"": ""2025-01-21T00:00:00.000Z"", ""completed_date"": ""2026-08-24T00:00:00.000Z""}",STATISTICAL_PERCENTILE_THRESHOLD,Duration >= 500 days,580.0 days,0.95,1.67,Mean Lifecycle Duration (380 days),2026-08-26T10:47:43.666818+00:00
ANOM_000796,VENDOR,INTERNAL_VND_00106,VENDOR_SINGLE_MP_DOMINANCE,0.68,MEDIUM,"High single-patron reliance: Vendor received ₹29,950,200.00 with 100.0% of revenue originating exclusively from MP 'DR. RAJESH MISHRA'.","{""total_received_amount"": 29950200.0, ""single_mp_reliance_pct"": 100.0, ""primary_mp_id"": ""INTERNAL_MP_238"", ""primary_mp_name"": ""DR. RAJESH MISHRA""}",DOMAIN_RULE_THRESHOLD,Revenue >= 2 Cr & Single MP Reliance >= 95%,"₹29,950,200.00 (100.0% reliance)",0.9953,59.9576,Vendor Multi-Patron Distribution,2026-08-26T10:47:43.666818+00:00
ANOM_000797,VENDOR,INTERNAL_VND_00107,VENDOR_SINGLE_MP_DOMINANCE,0.6798,MEDIUM,"High single-patron reliance: Vendor received ₹29,840,585.00 with 99.7% of revenue originating exclusively from MP 'MALAIYARASAN D'.","{""total_received_amount"": 29840585.0, ""single_mp_reliance_pct"": 99.74, ""primary_mp_id"": ""INTERNAL_MP_368"", ""primary_mp_name"": ""MALAIYARASAN D""}",DOMAIN_RULE_THRESHOLD,Revenue >= 2 Cr & Single MP Reliance >= 95%,"₹29,840,585.00 (99.7% reliance)",0.9953,59.7352,Vendor Multi-Patron Distribution,2026-08-26T10:47:43.666818+00:00
ANOM_000798,VENDOR,INTERNAL_VND_00109,VENDOR_SINGLE_MP_DOMINANCE,0.6796,MEDIUM,"High single-patron reliance: Vendor received ₹29,559,735.00 with 100.0% of revenue originating exclusively from MP 'SHASHANK MANI'.","{""total_received_amount"": 29559735.0, ""single_mp_reliance_pct"": 100.0, ""primary_mp_id"": ""INTERNAL_MP_439"", ""primary_mp_name"": ""SHASHANK MANI""}",DOMAIN_RULE_THRESHOLD,Revenue >= 2 Cr & Single MP Reliance >= 95%,"₹29,559,735.00 (100.0% reliance)",0.9952,59.1654,Vendor Multi-Patron Distribution,2026-08-26T10:47:43.666818+00:00
ANOM_000799,VENDOR,INTERNAL_VND_00111,VENDOR_SINGLE_MP_DOMINANCE,0.6791,MEDIUM,"High single-patron reliance: Vendor received ₹29,125,000.00 with 95.9% of revenue originating exclusively from MP 'DR C N MANJUNATH'.","{""total_received_amount"": 29125000.0, ""single_mp_reliance_pct"": 95.88, ""primary_mp_id"": ""INTERNAL_MP_166"", ""primary_mp_name"": ""DR C N MANJUNATH""}",DOMAIN_RULE_THRESHOLD,Revenue >= 2 Cr & Single MP Reliance >= 95%,"₹29,125,000.00 (95.9% reliance)",0.9951,58.2833,Vendor Multi-Patron Distribution,2026-08-26T10:47:43.666818+00:00
ANOM_000800,VENDOR,INTERNAL_VND_00112,VENDOR_SINGLE_MP_DOMINANCE,0.6785,MEDIUM,"High single-patron reliance: Vendor received ₹28,535,541.00 with 100.0% of revenue originating exclusively from MP 'ADITYA YADAV'.","{""total_received_amount"": 28535541.0, ""single_mp_reliance_pct"": 100.0, ""primary_mp_id"": ""INTERNAL_MP_426"", ""primary_mp_name"": ""ADITYA YADAV""}",DOMAIN_RULE_THRESHOLD,Revenue >= 2 Cr & Single MP Reliance >= 95%,"₹28,535,541.00 (100.0% reliance)",0.995,57.0873,Vendor Multi-Patron Distribution,2026-08-26T10:47:43.666818+00:00
ANOM_000801,VENDOR,INTERNAL_VND_00113,VENDOR_SINGLE_MP_DOMINANCE,0.6783,MEDIUM,"High single-patron reliance: Vendor received ₹28,296,291.00 with 100.0% of revenue originating exclusively from MP 'RAJKUMAR CHAHAR'.","{""total_received_amount"": 28296291.0, ""single_mp_reliance_pct"": 100.0, ""primary_mp_id"": ""INTERNAL_MP_447"", ""primary_mp_name"": ""RAJKUMAR CHAHAR""}",DOMAIN_RULE_THRESHOLD,Revenue >= 2 Cr & Single MP Reliance >= 95%,"₹28,296,291.00 (100.0% reliance)",0.995,56.6019,Vendor Multi-Patron Distribution,2026-08-26T10:47:43.666818+00:00
ANOM_000802,VENDOR,INTERNAL_VND_00115,VENDOR_SINGLE_MP_DOMINANCE,0.6774,MEDIUM,"High single-patron reliance: Vendor received ₹27,444,419.00 with 100.0% of revenue originating exclusively from MP 'SHER SINGH GHUBAYA'.","{""total_received_amount"": 27444419.0, ""single_mp_reliance_pct"": 100.0, ""primary_mp_id"": ""INTERNAL_MP_324"", ""primary_mp_name"": ""SHER SINGH GHUBAYA""}",DOMAIN_RULE_THRESHOLD,Revenue >= 2 Cr & Single MP Reliance >= 95%,"₹27,444,419.00 (100.0% reliance)",0.9949,54.8735,Vendor Multi-Patron Distribution,2026-08-26T10:47:43.666818+00:00
ANOM_000803,VENDOR,INTERNAL_VND_00118,VENDOR_SINGLE_MP_DOMINANCE,0.6767,MEDIUM,"High single-patron reliance: Vendor received ₹26,709,000.00 with 100.0% of revenue originating exclusively from MP 'DILESHWAR KAMAIT'.","{""total_received_amount"": 26709000.0, ""single_mp_reliance_pct"": 100.0, ""primary_mp_id"": ""INTERNAL_MP_079"", ""primary_mp_name"": ""DILESHWAR KAMAIT""}",DOMAIN_RULE_THRESHOLD,Revenue >= 2 Cr & Single MP Reliance >= 95%,"₹26,709,000.00 (100.0% reliance)",0.9948,53.3813,Vendor Multi-Patron Distribution,2026-08-26T10:47:43.666818+00:00
ANOM_000804,VENDOR,INTERNAL_VND_00119,VENDOR_SINGLE_MP_DOMINANCE,0.6767,MEDIUM,"High single-patron reliance: Vendor received ₹26,700,121.00 with 100.0% of revenue originating exclusively from MP 'MALAIYARASAN D'.","{""total_received_amount"": 26700121.0, ""single_mp_reliance_pct"": 100.0, ""primary_mp_id"": ""INTERNAL_MP_368"", ""primary_mp_name"": ""MALAIYARASAN D""}",DOMAIN_RULE_THRESHOLD,Revenue >= 2 Cr & Single MP Reliance >= 95%,"₹26,700,121.00 (100.0% reliance)",0.9947,53.3633,Vendor Multi-Patron Distribution,2026-08-26T10:47:43.666818+00:00
ANOM_000805,VENDOR,INTERNAL_VND_00121,VENDOR_SINGLE_MP_DOMINANCE,0.6765,MEDIUM,"High single-patron reliance: Vendor received ₹26,500,000.00 with 100.0% of revenue originating exclusively from MP 'SALENG A SANGMA'.","{""total_received_amount"": 26500000.0, ""single_mp_reliance_pct"": 100.0, ""primary_mp_id"": ""INTERNAL_MP_294"", ""primary_mp_name"": ""SALENG A SANGMA""}",DOMAIN_RULE_THRESHOLD,Revenue >= 2 Cr & Single MP Reliance >= 95%,"₹26,500,000.00 (100.0% reliance)",0.9946,52.9573,Vendor Multi-Patron Distribution,2026-08-26T10:47:43.666818+00:00
ANOM_000806,VENDOR,INTERNAL_VND_00122,VENDOR_SINGLE_MP_DOMINANCE,0.6765,MEDIUM,"High single-patron reliance: Vendor received ₹26,463,088.00 with 100.0% of revenue originating exclusively from MP 'KALI CHARAN SINGH'.","{""total_received_amount"": 26463088.0, ""single_mp_reliance_pct"": 100.0, ""primary_mp_id"": ""INTERNAL_MP_149"", ""primary_mp_name"": ""KALI CHARAN SINGH""}",DOMAIN_RULE_THRESHOLD,Revenue >= 2 Cr & Single MP Reliance >= 95%,"₹26,463,088.00 (100.0% reliance)",0.9946,52.8824,Vendor Multi-Patron Distribution,2026-08-26T10:47:43.666818+00:00
ANOM_000620,MP,INTERNAL_MP_224,HIGH_VENDOR_CONCENTRATION,0.6764,MEDIUM,"Disproportionately concentrated procurement: Top vendor captured 56.6% of MP's total expenditure (Vendor HHI: 3,598 across 272 transactions).","{""vendor_hhi"": 3598.29, ""top_vendor_share_pct"": 56.63, ""transaction_count"": 272, ""distinct_vendors"": 24}",ECONOMIC_CONCENTRATION_INDEX,HHI >= 3500 or Top Share >= 60%,"HHI=3,598, Top Share=56.6%",0.8379,2.3174,"National Median HHI (1,069.89)",2026-08-26T10:47:43.666818+00:00
ANOM_000807,VENDOR,INTERNAL_VND_00123,VENDOR_SINGLE_MP_DOMINANCE,0.6764,MEDIUM,"High single-patron reliance: Vendor received ₹26,399,060.00 with 100.0% of revenue originating exclusively from MP 'RAJKUMAR CHAHAR'.","{""total_received_amount"": 26399060.0, ""single_mp_reliance_pct"": 100.0, ""primary_mp_id"": ""INTERNAL_MP_447"", ""primary_mp_name"": ""RAJKUMAR CHAHAR""}",DOMAIN_RULE_THRESHOLD,Revenue >= 2 Cr & Single MP Reliance >= 95%,"₹26,399,060.00 (100.0% reliance)",0.9945,52.7525,Vendor Multi-Patron Distribution,2026-08-26T10:47:43.666818+00:00
ANOM_000808,VENDOR,INTERNAL_VND_00124,VENDOR_SINGLE_MP_DOMINANCE,0.6761,MEDIUM,"High single-patron reliance: Vendor received ₹26,146,524.00 with 100.0% of revenue originating exclusively from MP 'DURGA DAS UIKEY'.","{""total_received_amount"": 26146524.0, ""single_mp_reliance_pct"": 100.0, ""primary_mp_id"": ""INTERNAL_MP_214"", ""primary_mp_name"": ""DURGA DAS UIKEY""}",DOMAIN_RULE_THRESHOLD,Revenue >= 2 Cr & Single MP Reliance >= 95%,"₹26,146,524.00 (100.0% reliance)",0.9945,52.2401,Vendor Multi-Patron Distribution,2026-08-26T10:47:43.666818+00:00
ANOM_000809,VENDOR,INTERNAL_VND_00125,VENDOR_SINGLE_MP_DOMINANCE,0.676,MEDIUM,"High single-patron reliance: Vendor received ₹26,028,319.00 with 100.0% of revenue originating exclusively from MP 'RAVI SHANKAR PRASAD'.","{""total_received_amount"": 26028319.0, ""single_mp_reliance_pct"": 100.0, ""primary_mp_id"": ""INTERNAL_MP_070"", ""primary_mp_name"": ""RAVI SHANKAR PRASAD""}",DOMAIN_RULE_THRESHOLD,Revenue >= 2 Cr & Single MP Reliance >= 95%,"₹26,028,319.00 (100.0% reliance)",0.9945,52.0003,Vendor Multi-Patron Distribution,2026-08-26T10:47:43.666818+00:00
ANOM_000810,VENDOR,INTERNAL_VND_00126,VENDOR_SINGLE_MP_DOMINANCE,0.6759,MEDIUM,"High single-patron reliance: Vendor received ₹25,934,478.00 with 100.0% of revenue originating exclusively from MP 'DAROGA PRASAD SAROJ'.","{""total_received_amount"": 25934478.0, ""single_mp_reliance_pct"": 100.0, ""primary_mp_id"": ""INTERNAL_MP_468"", ""primary_mp_name"": ""DAROGA PRASAD SAROJ""}",DOMAIN_RULE_THRESHOLD,Revenue >= 2 Cr & Single MP Reliance >= 95%,"₹25,934,478.00 (100.0% reliance)",0.9944,51.8099,Vendor Multi-Patron Distribution,2026-08-26T10:47:43.666818+00:00
ANOM_000811,VENDOR,INTERNAL_VND_00127,VENDOR_SINGLE_MP_DOMINANCE,0.6759,MEDIUM,"High single-patron reliance: Vendor received ₹25,907,063.00 with 100.0% of revenue originating exclusively from MP 'ARUNA. D. K'.","{""total_received_amount"": 25907063.0, ""single_mp_reliance_pct"": 100.0, ""primary_mp_id"": ""INTERNAL_MP_403"", ""primary_mp_name"": ""ARUNA. D. K""}",DOMAIN_RULE_THRESHOLD,Revenue >= 2 Cr & Single MP Reliance >= 95%,"₹25,907,063.00 (100.0% reliance)",0.9944,51.7542,Vendor Multi-Patron Distribution,2026-08-26T10:47:43.666818+00:00
ANOM_000812,VENDOR,INTERNAL_VND_00128,VENDOR_SINGLE_MP_DOMINANCE,0.6758,MEDIUM,"High single-patron reliance: Vendor received ₹25,818,498.00 with 98.5% of revenue originating exclusively from MP 'JAI PRAKASH'.","{""total_received_amount"": 25818498.0, ""single_mp_reliance_pct"": 98.45, ""primary_mp_id"": ""INTERNAL_MP_456"", ""primary_mp_name"": ""JAI PRAKASH""}",DOMAIN_RULE_THRESHOLD,Revenue >= 2 Cr & Single MP Reliance >= 95%,"₹25,818,498.00 (98.5% reliance)",0.9943,51.5745,Vendor Multi-Patron Distribution,2026-08-26T10:47:43.666818+00:00
ANOM_000714,MP,INTERNAL_MP_280,MP_UTILIZATION_EXTREME_OUTLIER,0.675,LOW,"Fund stagnation risk: MP has utilized only 3.5% of allocated ₹147,000,000.00.","{""utilization_pct"": 3.5, ""allocated_amount"": 147000000.0, ""total_expenditure"": 5141086.0}",DOMAIN_RULE_THRESHOLD,Utilization <= 5.0% with Allocation >= 10 Cr,3.5%,0.0516,-1.2859,National Median Utilization (32.23%),2026-08-26T10:47:43.666818+00:00
ANOM_000813,VENDOR,INTERNAL_VND_00129,VENDOR_SINGLE_MP_DOMINANCE,0.675,MEDIUM,"High single-patron reliance: Vendor received ₹25,014,254.00 with 100.0% of revenue originating exclusively from MP 'DR RAJKUMAR SANGWAN'.","{""total_received_amount"": 25014254.0, ""single_mp_reliance_pct"": 100.0, ""primary_mp_id"": ""INTERNAL_MP_427"", ""primary_mp_name"": ""DR RAJKUMAR SANGWAN""}",DOMAIN_RULE_THRESHOLD,Revenue >= 2 Cr & Single MP Reliance >= 95%,"₹25,014,254.00 (100.0% reliance)",0.9943,49.9428,Vendor Multi-Patron Distribution,2026-08-26T10:47:43.666818+00:00
ANOM_000814,VENDOR,INTERNAL_VND_00130,VENDOR_SINGLE_MP_DOMINANCE,0.6749,MEDIUM,"High single-patron reliance: Vendor received ₹24,866,426.00 with 100.0% of revenue originating exclusively from MP 'CHANDRA SHEKHAR'.","{""total_received_amount"": 24866426.0, ""single_mp_reliance_pct"": 100.0, ""primary_mp_id"": ""INTERNAL_MP_480"", ""primary_mp_name"": ""CHANDRA SHEKHAR""}",DOMAIN_RULE_THRESHOLD,Revenue >= 2 Cr & Single MP Reliance >= 95%,"₹24,866,426.00 (100.0% reliance)",0.9942,49.6428,Vendor Multi-Patron Distribution,2026-08-26T10:47:43.666818+00:00
ANOM_000815,VENDOR,INTERNAL_VND_00131,VENDOR_SINGLE_MP_DOMINANCE,0.6749,MEDIUM,"High single-patron reliance: Vendor received ₹24,864,298.00 with 100.0% of revenue originating exclusively from MP 'SUKHDEO BHAGAT'.","{""total_received_amount"": 24864298.0, ""single_mp_reliance_pct"": 100.0, ""primary_mp_id"": ""INTERNAL_MP_158"", ""primary_mp_name"": ""SUKHDEO BHAGAT""}",DOMAIN_RULE_THRESHOLD,Revenue >= 2 Cr & Single MP Reliance >= 95%,"₹24,864,298.00 (100.0% reliance)",0.9942,49.6385,Vendor Multi-Patron Distribution,2026-08-26T10:47:43.666818+00:00
ANOM_000816,VENDOR,INTERNAL_VND_00133,VENDOR_SINGLE_MP_DOMINANCE,0.6745,MEDIUM,"High single-patron reliance: Vendor received ₹24,502,634.00 with 100.0% of revenue originating exclusively from MP 'SHRI DEEPAK (DEV) ADHIKARI'.","{""total_received_amount"": 24502634.0, ""single_mp_reliance_pct"": 100.0, ""primary_mp_id"": ""INTERNAL_MP_521"", ""primary_mp_name"": ""SHRI DEEPAK (DEV) ADHIKARI""}",DOMAIN_RULE_THRESHOLD,Revenue >= 2 Cr & Single MP Reliance >= 95%,"₹24,502,634.00 (100.0% reliance)",0.9941,48.9047,Vendor Multi-Patron Distribution,2026-08-26T10:47:43.666818+00:00
ANOM_000593,MP,INTERNAL_MP_048,HIGH_VENDOR_CONCENTRATION,0.6744,MEDIUM,"Disproportionately concentrated procurement: Top vendor captured 56.4% of MP's total expenditure (Vendor HHI: 3,653 across 71 transactions).","{""vendor_hhi"": 3652.88, ""top_vendor_share_pct"": 56.35, ""transaction_count"": 71, ""distinct_vendors"": 7}",ECONOMIC_CONCENTRATION_INDEX,HHI >= 3500 or Top Share >= 60%,"HHI=3,653, Top Share=56.4%",0.8416,2.3675,"National Median HHI (1,069.89)",2026-08-26T10:47:43.666818+00:00
ANOM_000817,VENDOR,INTERNAL_VND_00134,VENDOR_SINGLE_MP_DOMINANCE,0.674,MEDIUM,"High single-patron reliance: Vendor received ₹24,000,000.00 with 100.0% of revenue originating exclusively from MP 'DEVESH CHANDRA THAKUR'.","{""total_received_amount"": 24000000.0, ""single_mp_reliance_pct"": 100.0, ""primary_mp_id"": ""INTERNAL_MP_077"", ""primary_mp_name"": ""DEVESH CHANDRA THAKUR""}",DOMAIN_RULE_THRESHOLD,Revenue >= 2 Cr & Single MP Reliance >= 95%,"₹24,000,000.00 (100.0% reliance)",0.9941,47.8849,Vendor Multi-Patron Distribution,2026-08-26T10:47:43.666818+00:00
ANOM_000818,VENDOR,INTERNAL_VND_00136,VENDOR_SINGLE_MP_DOMINANCE,0.6737,MEDIUM,"High single-patron reliance: Vendor received ₹23,670,476.00 with 100.0% of revenue originating exclusively from MP 'CHHOTELAL'.","{""total_received_amount"": 23670476.0, ""single_mp_reliance_pct"": 100.0, ""primary_mp_id"": ""INTERNAL_MP_486"", ""primary_mp_name"": ""CHHOTELAL""}",DOMAIN_RULE_THRESHOLD,Revenue >= 2 Cr & Single MP Reliance >= 95%,"₹23,670,476.00 (100.0% reliance)",0.994,47.2163,Vendor Multi-Patron Distribution,2026-08-26T10:47:43.666818+00:00
ANOM_000819,VENDOR,INTERNAL_VND_00138,VENDOR_SINGLE_MP_DOMINANCE,0.6731,MEDIUM,"High single-patron reliance: Vendor received ₹23,053,551.00 with 100.0% of revenue originating exclusively from MP 'ASIT KUMAR MAL'.","{""total_received_amount"": 23053551.0, ""single_mp_reliance_pct"": 100.0, ""primary_mp_id"": ""INTERNAL_MP_516"", ""primary_mp_name"": ""ASIT KUMAR MAL""}",DOMAIN_RULE_THRESHOLD,Revenue >= 2 Cr & Single MP Reliance >= 95%,"₹23,053,551.00 (100.0% reliance)",0.9939,45.9646,Vendor Multi-Patron Distribution,2026-08-26T10:47:43.666818+00:00
ANOM_000453,WORK,166412,UNUSUALLY_LONG_COMPLETION_DURATION,0.673,MEDIUM,Execution duration from recommendation to completion was 573.0 days (~18.8 months).,"{""duration_days"": 573.0, ""recommendation_date"": ""2025-01-28T00:00:00.000Z"", ""completed_date"": ""2026-08-24T00:00:00.000Z""}",STATISTICAL_PERCENTILE_THRESHOLD,Duration >= 500 days,573.0 days,0.95,1.61,Mean Lifecycle Duration (380 days),2026-08-26T10:47:43.666818+00:00
ANOM_000820,VENDOR,INTERNAL_VND_00139,VENDOR_SINGLE_MP_DOMINANCE,0.673,MEDIUM,"High single-patron reliance: Vendor received ₹23,047,867.00 with 100.0% of revenue originating exclusively from MP 'AMBICA G LAKSHMINARAYANA VALMIKI'.","{""total_received_amount"": 23047867.0, ""single_mp_reliance_pct"": 100.0, ""primary_mp_id"": ""INTERNAL_MP_004"", ""primary_mp_name"": ""AMBICA G LAKSHMINARAYANA VALMIKI""}",DOMAIN_RULE_THRESHOLD,Revenue >= 2 Cr & Single MP Reliance >= 95%,"₹23,047,867.00 (100.0% reliance)",0.9938,45.953,Vendor Multi-Patron Distribution,2026-08-26T10:47:43.666818+00:00
ANOM_000821,VENDOR,INTERNAL_VND_00140,VENDOR_SINGLE_MP_DOMINANCE,0.673,MEDIUM,"High single-patron reliance: Vendor received ₹23,013,646.00 with 100.0% of revenue originating exclusively from MP 'JANARDAN MISHRA'.","{""total_received_amount"": 23013646.0, ""single_mp_reliance_pct"": 100.0, ""primary_mp_id"": ""INTERNAL_MP_234"", ""primary_mp_name"": ""JANARDAN MISHRA""}",DOMAIN_RULE_THRESHOLD,Revenue >= 2 Cr & Single MP Reliance >= 95%,"₹23,013,646.00 (100.0% reliance)",0.9938,45.8836,Vendor Multi-Patron Distribution,2026-08-26T10:47:43.666818+00:00
ANOM_000822,VENDOR,INTERNAL_VND_00141,VENDOR_SINGLE_MP_DOMINANCE,0.673,MEDIUM,"High single-patron reliance: Vendor received ₹22,987,011.00 with 100.0% of revenue originating exclusively from MP 'SHER SINGH GHUBAYA'.","{""total_received_amount"": 22987011.0, ""single_mp_reliance_pct"": 100.0, ""primary_mp_id"": ""INTERNAL_MP_324"", ""primary_mp_name"": ""SHER SINGH GHUBAYA""}",DOMAIN_RULE_THRESHOLD,Revenue >= 2 Cr & Single MP Reliance >= 95%,"₹22,987,011.00 (100.0% reliance)",0.9937,45.8296,Vendor Multi-Patron Distribution,2026-08-26T10:47:43.666818+00:00
ANOM_000823,VENDOR,INTERNAL_VND_00144,VENDOR_SINGLE_MP_DOMINANCE,0.6728,MEDIUM,"High single-patron reliance: Vendor received ₹22,751,963.00 with 100.0% of revenue originating exclusively from MP 'ALFRED KANNGAM S ARTHUR'.","{""total_received_amount"": 22751963.0, ""single_mp_reliance_pct"": 100.0, ""primary_mp_id"": ""INTERNAL_MP_292"", ""primary_mp_name"": ""ALFRED KANNGAM S ARTHUR""}",DOMAIN_RULE_THRESHOLD,Revenue >= 2 Cr & Single MP Reliance >= 95%,"₹22,751,963.00 (100.0% reliance)",0.9936,45.3527,Vendor Multi-Patron Distribution,2026-08-26T10:47:43.666818+00:00
ANOM_000824,VENDOR,INTERNAL_VND_00145,VENDOR_SINGLE_MP_DOMINANCE,0.6727,MEDIUM,"High single-patron reliance: Vendor received ₹22,735,174.00 with 100.0% of revenue originating exclusively from MP 'SHRI DHARAMBIR SINGH'.","{""total_received_amount"": 22735174.0, ""single_mp_reliance_pct"": 100.0, ""primary_mp_id"": ""INTERNAL_MP_131"", ""primary_mp_name"": ""SHRI DHARAMBIR SINGH""}",DOMAIN_RULE_THRESHOLD,Revenue >= 2 Cr & Single MP Reliance >= 95%,"₹22,735,174.00 (100.0% reliance)",0.9936,45.3186,Vendor Multi-Patron Distribution,2026-08-26T10:47:43.666818+00:00
ANOM_000825,VENDOR,INTERNAL_VND_00146,VENDOR_SINGLE_MP_DOMINANCE,0.6725,MEDIUM,"High single-patron reliance: Vendor received ₹22,498,131.00 with 100.0% of revenue originating exclusively from MP 'MANOJ TIWARI'.","{""total_received_amount"": 22498131.0, ""single_mp_reliance_pct"": 100.0, ""primary_mp_id"": ""INTERNAL_MP_098"", ""primary_mp_name"": ""MANOJ TIWARI""}",DOMAIN_RULE_THRESHOLD,Revenue >= 2 Cr & Single MP Reliance >= 95%,"₹22,498,131.00 (100.0% reliance)",0.9935,44.8376,Vendor Multi-Patron Distribution,2026-08-26T10:47:43.666818+00:00
ANOM_000826,VENDOR,INTERNAL_VND_00147,VENDOR_SINGLE_MP_DOMINANCE,0.6724,MEDIUM,"High single-patron reliance: Vendor received ₹22,446,590.00 with 100.0% of revenue originating exclusively from MP 'SHRI SATISH KUMAR GAUTAM'.","{""total_received_amount"": 22446590.0, ""single_mp_reliance_pct"": 100.0, ""primary_mp_id"": ""INTERNAL_MP_419"", ""primary_mp_name"": ""SHRI SATISH KUMAR GAUTAM""}",DOMAIN_RULE_THRESHOLD,Revenue >= 2 Cr & Single MP Reliance >= 95%,"₹22,446,590.00 (100.0% reliance)",0.9935,44.7331,Vendor Multi-Patron Distribution,2026-08-26T10:47:43.666818+00:00
ANOM_000827,VENDOR,INTERNAL_VND_00148,VENDOR_SINGLE_MP_DOMINANCE,0.6723,MEDIUM,"High single-patron reliance: Vendor received ₹22,289,020.00 with 100.0% of revenue originating exclusively from MP 'JAGDAMBIKA PAL'.","{""total_received_amount"": 22289020.0, ""single_mp_reliance_pct"": 100.0, ""primary_mp_id"": ""INTERNAL_MP_441"", ""primary_mp_name"": ""JAGDAMBIKA PAL""}",DOMAIN_RULE_THRESHOLD,Revenue >= 2 Cr & Single MP Reliance >= 95%,"₹22,289,020.00 (100.0% reliance)",0.9934,44.4134,Vendor Multi-Patron Distribution,2026-08-26T10:47:43.666818+00:00
ANOM_000828,VENDOR,INTERNAL_VND_00149,VENDOR_SINGLE_MP_DOMINANCE,0.6723,MEDIUM,"High single-patron reliance: Vendor received ₹22,288,512.00 with 100.0% of revenue originating exclusively from MP 'MOHIBBULLAH'.","{""total_received_amount"": 22288512.0, ""single_mp_reliance_pct"": 100.0, ""primary_mp_id"": ""INTERNAL_MP_485"", ""primary_mp_name"": ""MOHIBBULLAH""}",DOMAIN_RULE_THRESHOLD,Revenue >= 2 Cr & Single MP Reliance >= 95%,"₹22,288,512.00 (100.0% reliance)",0.9934,44.4123,Vendor Multi-Patron Distribution,2026-08-26T10:47:43.666818+00:00
ANOM_000829,VENDOR,INTERNAL_VND_00150,VENDOR_SINGLE_MP_DOMINANCE,0.6723,MEDIUM,"High single-patron reliance: Vendor received ₹22,288,000.00 with 100.0% of revenue originating exclusively from MP 'PRADEEP KUMAR SINGH'.","{""total_received_amount"": 22288000.0, ""single_mp_reliance_pct"": 100.0, ""primary_mp_id"": ""INTERNAL_MP_043"", ""primary_mp_name"": ""PRADEEP KUMAR SINGH""}",DOMAIN_RULE_THRESHOLD,Revenue >= 2 Cr & Single MP Reliance >= 95%,"₹22,288,000.00 (100.0% reliance)",0.9933,44.4113,Vendor Multi-Patron Distribution,2026-08-26T10:47:43.666818+00:00
ANOM_000830,VENDOR,INTERNAL_VND_00151,VENDOR_SINGLE_MP_DOMINANCE,0.6722,MEDIUM,"High single-patron reliance: Vendor received ₹22,170,779.00 with 100.0% of revenue originating exclusively from MP 'JANARDAN MISHRA'.","{""total_received_amount"": 22170779.0, ""single_mp_reliance_pct"": 100.0, ""primary_mp_id"": ""INTERNAL_MP_234"", ""primary_mp_name"": ""JANARDAN MISHRA""}",DOMAIN_RULE_THRESHOLD,Revenue >= 2 Cr & Single MP Reliance >= 95%,"₹22,170,779.00 (100.0% reliance)",0.9933,44.1735,Vendor Multi-Patron Distribution,2026-08-26T10:47:43.666818+00:00
ANOM_000831,VENDOR,INTERNAL_VND_00152,VENDOR_SINGLE_MP_DOMINANCE,0.672,MEDIUM,"High single-patron reliance: Vendor received ₹21,951,050.00 with 100.0% of revenue originating exclusively from MP 'RAMESH AWASTHI'.","{""total_received_amount"": 21951050.0, ""single_mp_reliance_pct"": 100.0, ""primary_mp_id"": ""INTERNAL_MP_464"", ""primary_mp_name"": ""RAMESH AWASTHI""}",DOMAIN_RULE_THRESHOLD,Revenue >= 2 Cr & Single MP Reliance >= 95%,"₹21,951,050.00 (100.0% reliance)",0.9933,43.7276,Vendor Multi-Patron Distribution,2026-08-26T10:47:43.666818+00:00
ANOM_000832,VENDOR,INTERNAL_VND_00153,VENDOR_SINGLE_MP_DOMINANCE,0.6717,MEDIUM,"High single-patron reliance: Vendor received ₹21,720,781.00 with 100.0% of revenue originating exclusively from MP 'SHRI DEEPAK (DEV) ADHIKARI'.","{""total_received_amount"": 21720781.0, ""single_mp_reliance_pct"": 100.0, ""primary_mp_id"": ""INTERNAL_MP_521"", ""primary_mp_name"": ""SHRI DEEPAK (DEV) ADHIKARI""}",DOMAIN_RULE_THRESHOLD,Revenue >= 2 Cr & Single MP Reliance >= 95%,"₹21,720,781.00 (100.0% reliance)",0.9932,43.2604,Vendor Multi-Patron Distribution,2026-08-26T10:47:43.666818+00:00
ANOM_000833,VENDOR,INTERNAL_VND_00154,VENDOR_SINGLE_MP_DOMINANCE,0.6716,MEDIUM,"High single-patron reliance: Vendor received ₹21,633,738.00 with 100.0% of revenue originating exclusively from MP 'SHRI DEEPAK (DEV) ADHIKARI'.","{""total_received_amount"": 21633738.0, ""single_mp_reliance_pct"": 100.0, ""primary_mp_id"": ""INTERNAL_MP_521"", ""primary_mp_name"": ""SHRI DEEPAK (DEV) ADHIKARI""}",DOMAIN_RULE_THRESHOLD,Revenue >= 2 Cr & Single MP Reliance >= 95%,"₹21,633,738.00 (100.0% reliance)",0.9932,43.0838,Vendor Multi-Patron Distribution,2026-08-26T10:47:43.666818+00:00
ANOM_000834,VENDOR,INTERNAL_VND_00155,VENDOR_SINGLE_MP_DOMINANCE,0.6714,MEDIUM,"High single-patron reliance: Vendor received ₹21,397,595.00 with 100.0% of revenue originating exclusively from MP 'BHARTI PARDHI'.","{""total_received_amount"": 21397595.0, ""single_mp_reliance_pct"": 100.0, ""primary_mp_id"": ""INTERNAL_MP_213"", ""primary_mp_name"": ""BHARTI PARDHI""}",DOMAIN_RULE_THRESHOLD,Revenue >= 2 Cr & Single MP Reliance >= 95%,"₹21,397,595.00 (100.0% reliance)",0.9931,42.6047,Vendor Multi-Patron Distribution,2026-08-26T10:47:43.666818+00:00
ANOM_000835,VENDOR,INTERNAL_VND_00156,VENDOR_SINGLE_MP_DOMINANCE,0.6714,MEDIUM,"High single-patron reliance: Vendor received ₹21,363,428.00 with 100.0% of revenue originating exclusively from MP 'RAHUL SINGH LODHI'.","{""total_received_amount"": 21363428.0, ""single_mp_reliance_pct"": 100.0, ""primary_mp_id"": ""INTERNAL_MP_218"", ""primary_mp_name"": ""RAHUL SINGH LODHI""}",DOMAIN_RULE_THRESHOLD,Revenue >= 2 Cr & Single MP Reliance >= 95%,"₹21,363,428.00 (100.0% reliance)",0.9931,42.5354,Vendor Multi-Patron Distribution,2026-08-26T10:47:43.666818+00:00
ANOM_000836,VENDOR,INTERNAL_VND_00157,VENDOR_SINGLE_MP_DOMINANCE,0.6713,MEDIUM,"High single-patron reliance: Vendor received ₹21,277,376.00 with 100.0% of revenue originating exclusively from MP 'CHANDAN CHAUHAN'.","{""total_received_amount"": 21277376.0, ""single_mp_reliance_pct"": 100.0, ""primary_mp_id"": ""INTERNAL_MP_436"", ""primary_mp_name"": ""CHANDAN CHAUHAN""}",DOMAIN_RULE_THRESHOLD,Revenue >= 2 Cr & Single MP Reliance >= 95%,"₹21,277,376.00 (100.0% reliance)",0.993,42.3608,Vendor Multi-Patron Distribution,2026-08-26T10:47:43.666818+00:00
ANOM_000837,VENDOR,INTERNAL_VND_00158,VENDOR_SINGLE_MP_DOMINANCE,0.6713,MEDIUM,"High single-patron reliance: Vendor received ₹21,264,000.00 with 100.0% of revenue originating exclusively from MP 'SHRI JUAL ORAM'.","{""total_received_amount"": 21264000.0, ""single_mp_reliance_pct"": 100.0, ""primary_mp_id"": ""INTERNAL_MP_317"", ""primary_mp_name"": ""SHRI JUAL ORAM""}",DOMAIN_RULE_THRESHOLD,Revenue >= 2 Cr & Single MP Reliance >= 95%,"₹21,264,000.00 (100.0% reliance)",0.993,42.3336,Vendor Multi-Patron Distribution,2026-08-26T10:47:43.666818+00:00
ANOM_000838,VENDOR,INTERNAL_VND_00159,VENDOR_SINGLE_MP_DOMINANCE,0.6712,MEDIUM,"High single-patron reliance: Vendor received ₹21,244,781.00 with 100.0% of revenue originating exclusively from MP 'VINOD KUMAR BIND'.","{""total_received_amount"": 21244781.0, ""single_mp_reliance_pct"": 100.0, ""primary_mp_id"": ""INTERNAL_MP_435"", ""primary_mp_name"": ""VINOD KUMAR BIND""}",DOMAIN_RULE_THRESHOLD,Revenue >= 2 Cr & Single MP Reliance >= 95%,"₹21,244,781.00 (100.0% reliance)",0.9929,42.2946,Vendor Multi-Patron Distribution,2026-08-26T10:47:43.666818+00:00
ANOM_000839,VENDOR,INTERNAL_VND_00160,VENDOR_SINGLE_MP_DOMINANCE,0.6712,MEDIUM,"High single-patron reliance: Vendor received ₹21,196,893.00 with 99.8% of revenue originating exclusively from MP 'RAJKUMAR CHAHAR'.","{""total_received_amount"": 21196893.0, ""single_mp_reliance_pct"": 99.8, ""primary_mp_id"": ""INTERNAL_MP_447"", ""primary_mp_name"": ""RAJKUMAR CHAHAR""}",DOMAIN_RULE_THRESHOLD,Revenue >= 2 Cr & Single MP Reliance >= 95%,"₹21,196,893.00 (99.8% reliance)",0.9929,42.1975,Vendor Multi-Patron Distribution,2026-08-26T10:47:43.666818+00:00
ANOM_000840,VENDOR,INTERNAL_VND_00161,VENDOR_SINGLE_MP_DOMINANCE,0.6712,MEDIUM,"High single-patron reliance: Vendor received ₹21,184,305.00 with 100.0% of revenue originating exclusively from MP 'SK NURUL ISLAM'.","{""total_received_amount"": 21184305.0, ""single_mp_reliance_pct"": 100.0, ""primary_mp_id"": ""INTERNAL_MP_513"", ""primary_mp_name"": ""SK NURUL ISLAM""}",DOMAIN_RULE_THRESHOLD,Revenue >= 2 Cr & Single MP Reliance >= 95%,"₹21,184,305.00 (100.0% reliance)",0.9928,42.1719,Vendor Multi-Patron Distribution,2026-08-26T10:47:43.666818+00:00
ANOM_000448,WORK,170872,UNUSUALLY_LONG_COMPLETION_DURATION,0.671,MEDIUM,Execution duration from recommendation to completion was 571.0 days (~18.8 months).,"{""duration_days"": 571.0, ""recommendation_date"": ""2025-01-30T00:00:00.000Z"", ""completed_date"": ""2026-08-24T00:00:00.000Z""}",STATISTICAL_PERCENTILE_THRESHOLD,Duration >= 500 days,571.0 days,0.95,1.59,Mean Lifecycle Duration (380 days),2026-08-26T10:47:43.666818+00:00
ANOM_000841,VENDOR,INTERNAL_VND_00163,VENDOR_SINGLE_MP_DOMINANCE,0.6708,MEDIUM,"High single-patron reliance: Vendor received ₹20,786,350.00 with 100.0% of revenue originating exclusively from MP 'PRAVEEN PATEL'.","{""total_received_amount"": 20786350.0, ""single_mp_reliance_pct"": 100.0, ""primary_mp_id"": ""INTERNAL_MP_481"", ""primary_mp_name"": ""PRAVEEN PATEL""}",DOMAIN_RULE_THRESHOLD,Revenue >= 2 Cr & Single MP Reliance >= 95%,"₹20,786,350.00 (100.0% reliance)",0.9928,41.3645,Vendor Multi-Patron Distribution,2026-08-26T10:47:43.666818+00:00
ANOM_000842,VENDOR,INTERNAL_VND_00165,VENDOR_SINGLE_MP_DOMINANCE,0.6707,MEDIUM,"High single-patron reliance: Vendor received ₹20,662,113.00 with 100.0% of revenue originating exclusively from MP 'AASHTIKAR PATIL NAGESH BAPURAO'.","{""total_received_amount"": 20662113.0, ""single_mp_reliance_pct"": 100.0, ""primary_mp_id"": ""INTERNAL_MP_256"", ""primary_mp_name"": ""AASHTIKAR PATIL NAGESH BAPURAO""}",DOMAIN_RULE_THRESHOLD,Revenue >= 2 Cr & Single MP Reliance >= 95%,"₹20,662,113.00 (100.0% reliance)",0.9927,41.1124,Vendor Multi-Patron Distribution,2026-08-26T10:47:43.666818+00:00
ANOM_000843,VENDOR,INTERNAL_VND_00166,VENDOR_SINGLE_MP_DOMINANCE,0.6706,MEDIUM,"High single-patron reliance: Vendor received ₹20,600,000.00 with 100.0% of revenue originating exclusively from MP 'KALI CHARAN MUNDA'.","{""total_received_amount"": 20600000.0, ""single_mp_reliance_pct"": 100.0, ""primary_mp_id"": ""INTERNAL_MP_156"", ""primary_mp_name"": ""KALI CHARAN MUNDA""}",DOMAIN_RULE_THRESHOLD,Revenue >= 2 Cr & Single MP Reliance >= 95%,"₹20,600,000.00 (100.0% reliance)",0.9926,40.9864,Vendor Multi-Patron Distribution,2026-08-26T10:47:43.666818+00:00
ANOM_000844,VENDOR,INTERNAL_VND_00170,VENDOR_SINGLE_MP_DOMINANCE,0.6703,MEDIUM,"High single-patron reliance: Vendor received ₹20,269,974.00 with 100.0% of revenue originating exclusively from MP 'DR. S P SINGH'.","{""total_received_amount"": 20269974.0, ""single_mp_reliance_pct"": 99.98, ""primary_mp_id"": ""INTERNAL_MP_483"", ""primary_mp_name"": ""DR. S P SINGH""}",DOMAIN_RULE_THRESHOLD,Revenue >= 2 Cr & Single MP Reliance >= 95%,"₹20,269,974.00 (100.0% reliance)",0.9924,40.3168,Vendor Multi-Patron Distribution,2026-08-26T10:47:43.666818+00:00
ANOM_000845,VENDOR,INTERNAL_VND_00171,VENDOR_SINGLE_MP_DOMINANCE,0.6702,MEDIUM,"High single-patron reliance: Vendor received ₹20,160,000.00 with 100.0% of revenue originating exclusively from MP 'KRIPANATH MALLAH'.","{""total_received_amount"": 20160000.0, ""single_mp_reliance_pct"": 100.0, ""primary_mp_id"": ""INTERNAL_MP_036"", ""primary_mp_name"": ""KRIPANATH MALLAH""}",DOMAIN_RULE_THRESHOLD,Revenue >= 2 Cr & Single MP Reliance >= 95%,"₹20,160,000.00 (100.0% reliance)",0.9924,40.0937,Vendor Multi-Patron Distribution,2026-08-26T10:47:43.666818+00:00
ANOM_000612,MP,INTERNAL_MP_181,HIGH_VENDOR_CONCENTRATION,0.6693,MEDIUM,"Disproportionately concentrated procurement: Top vendor captured 55.6% of MP's total expenditure (Vendor HHI: 3,940 across 167 transactions).","{""vendor_hhi"": 3939.58, ""top_vendor_share_pct"": 55.62, ""transaction_count"": 167, ""distinct_vendors"": 17}",ECONOMIC_CONCENTRATION_INDEX,HHI >= 3500 or Top Share >= 60%,"HHI=3,940, Top Share=55.6%",0.8619,2.6303,"National Median HHI (1,069.89)",2026-08-26T10:47:43.666818+00:00
ANOM_000700,MP,INTERNAL_MP_041,MP_UTILIZATION_EXTREME_OUTLIER,0.6685,LOW,"Fund stagnation risk: MP has utilized only 3.6% of allocated ₹148,300,157.11.","{""utilization_pct"": 3.63, ""allocated_amount"": 148300157.11, ""total_expenditure"": 5386762.0}",DOMAIN_RULE_THRESHOLD,Utilization <= 5.0% with Allocation >= 10 Cr,3.6%,0.0534,-1.2801,National Median Utilization (32.23%),2026-08-26T10:47:43.666818+00:00
ANOM_000449,WORK,172619,UNUSUALLY_LONG_COMPLETION_DURATION,0.667,MEDIUM,Execution duration from recommendation to completion was 567.0 days (~18.7 months).,"{""duration_days"": 567.0, ""recommendation_date"": ""2025-02-04T00:00:00.000Z"", ""completed_date"": ""2026-08-25T00:00:00.000Z""}",STATISTICAL_PERCENTILE_THRESHOLD,Duration >= 500 days,567.0 days,0.95,1.56,Mean Lifecycle Duration (380 days),2026-08-26T10:47:43.666818+00:00
ANOM_000709,MP,INTERNAL_MP_211,MP_UTILIZATION_EXTREME_OUTLIER,0.6635,LOW,"Fund stagnation risk: MP has utilized only 3.7% of allocated ₹161,114,542.00.","{""utilization_pct"": 3.73, ""allocated_amount"": 161114542.0, ""total_expenditure"": 6009392.0}",DOMAIN_RULE_THRESHOLD,Utilization <= 5.0% with Allocation >= 10 Cr,3.7%,0.0552,-1.2756,National Median Utilization (32.23%),2026-08-26T10:47:43.666818+00:00
ANOM_000605,MP,INTERNAL_MP_157,HIGH_VENDOR_CONCENTRATION,0.6595,MEDIUM,"Disproportionately concentrated procurement: Top vendor captured 54.2% of MP's total expenditure (Vendor HHI: 4,273 across 146 transactions).","{""vendor_hhi"": 4273.48, ""top_vendor_share_pct"": 54.21, ""transaction_count"": 146, ""distinct_vendors"": 5}",ECONOMIC_CONCENTRATION_INDEX,HHI >= 3500 or Top Share >= 60%,"HHI=4,273, Top Share=54.2%",0.8766,2.9363,"National Median HHI (1,069.89)",2026-08-26T10:47:43.666818+00:00
ANOM_000715,MP,INTERNAL_MP_282,MP_UTILIZATION_EXTREME_OUTLIER,0.658,LOW,"Fund stagnation risk: MP has utilized only 3.8% of allocated ₹153,112,586.11.","{""utilization_pct"": 3.84, ""allocated_amount"": 153112586.11, ""total_expenditure"": 5871973.0}",DOMAIN_RULE_THRESHOLD,Utilization <= 5.0% with Allocation >= 10 Cr,3.8%,0.0571,-1.2707,National Median Utilization (32.23%),2026-08-26T10:47:43.666818+00:00
ANOM_000602,MP,INTERNAL_MP_149,HIGH_VENDOR_CONCENTRATION,0.652,MEDIUM,"Disproportionately concentrated procurement: Top vendor captured 53.1% of MP's total expenditure (Vendor HHI: 3,814 across 291 transactions).","{""vendor_hhi"": 3814.14, ""top_vendor_share_pct"": 53.15, ""transaction_count"": 291, ""distinct_vendors"": 7}",ECONOMIC_CONCENTRATION_INDEX,HHI >= 3500 or Top Share >= 60%,"HHI=3,814, Top Share=53.1%",0.849,2.5153,"National Median HHI (1,069.89)",2026-08-26T10:47:43.666818+00:00
ANOM_000660,MP,INTERNAL_MP_517,HIGH_VENDOR_CONCENTRATION,0.6515,MEDIUM,"Disproportionately concentrated procurement: Top vendor captured 53.1% of MP's total expenditure (Vendor HHI: 3,808 across 41 transactions).","{""vendor_hhi"": 3808.09, ""top_vendor_share_pct"": 53.07, ""transaction_count"": 41, ""distinct_vendors"": 4}",ECONOMIC_CONCENTRATION_INDEX,HHI >= 3500 or Top Share >= 60%,"HHI=3,808, Top Share=53.1%",0.8471,2.5097,"National Median HHI (1,069.89)",2026-08-26T10:47:43.666818+00:00
ANOM_000615,MP,INTERNAL_MP_188,HIGH_VENDOR_CONCENTRATION,0.6479,MEDIUM,"Disproportionately concentrated procurement: Top vendor captured 52.6% of MP's total expenditure (Vendor HHI: 3,743 across 26 transactions).","{""vendor_hhi"": 3742.92, ""top_vendor_share_pct"": 52.56, ""transaction_count"": 26, ""distinct_vendors"": 7}",ECONOMIC_CONCENTRATION_INDEX,HHI >= 3500 or Top Share >= 60%,"HHI=3,743, Top Share=52.6%",0.8453,2.45,"National Median HHI (1,069.89)",2026-08-26T10:47:43.666818+00:00
ANOM_000713,MP,INTERNAL_MP_265,MP_UTILIZATION_EXTREME_OUTLIER,0.6475,LOW,"Fund stagnation risk: MP has utilized only 4.0% of allocated ₹147,000,000.00.","{""utilization_pct"": 4.05, ""allocated_amount"": 147000000.0, ""total_expenditure"": 5955517.0}",DOMAIN_RULE_THRESHOLD,Utilization <= 5.0% with Allocation >= 10 Cr,4.0%,0.0589,-1.2613,National Median Utilization (32.23%),2026-08-26T10:47:43.666818+00:00
ANOM_000733,MP,INTERNAL_MP_507,MP_UTILIZATION_EXTREME_OUTLIER,0.646,LOW,"Fund stagnation risk: MP has utilized only 4.1% of allocated ₹147,000,000.00.","{""utilization_pct"": 4.08, ""allocated_amount"": 147000000.0, ""total_expenditure"": 5993836.0}",DOMAIN_RULE_THRESHOLD,Utilization <= 5.0% with Allocation >= 10 Cr,4.1%,0.0617,-1.2599,National Median Utilization (32.23%),2026-08-26T10:47:43.666818+00:00
ANOM_000734,MP,INTERNAL_MP_534,MP_UTILIZATION_EXTREME_OUTLIER,0.646,LOW,"Fund stagnation risk: MP has utilized only 4.1% of allocated ₹147,000,000.00.","{""utilization_pct"": 4.08, ""allocated_amount"": 147000000.0, ""total_expenditure"": 6003169.0}",DOMAIN_RULE_THRESHOLD,Utilization <= 5.0% with Allocation >= 10 Cr,4.1%,0.0617,-1.2599,National Median Utilization (32.23%),2026-08-26T10:47:43.666818+00:00
ANOM_000722,MP,INTERNAL_MP_345,MP_UTILIZATION_EXTREME_OUTLIER,0.645,LOW,"Fund stagnation risk: MP has utilized only 4.1% of allocated ₹147,000,000.00.","{""utilization_pct"": 4.1, ""allocated_amount"": 147000000.0, ""total_expenditure"": 6025816.0}",DOMAIN_RULE_THRESHOLD,Utilization <= 5.0% with Allocation >= 10 Cr,4.1%,0.0645,-1.259,National Median Utilization (32.23%),2026-08-26T10:47:43.666818+00:00
ANOM_000608,MP,INTERNAL_MP_162,HIGH_VENDOR_CONCENTRATION,0.6443,MEDIUM,"Disproportionately concentrated procurement: Top vendor captured 52.0% of MP's total expenditure (Vendor HHI: 3,912 across 127 transactions).","{""vendor_hhi"": 3911.8, ""top_vendor_share_pct"": 52.05, ""transaction_count"": 127, ""distinct_vendors"": 3}",ECONOMIC_CONCENTRATION_INDEX,HHI >= 3500 or Top Share >= 60%,"HHI=3,912, Top Share=52.0%",0.8582,2.6048,"National Median HHI (1,069.89)",2026-08-26T10:47:43.666818+00:00
ANOM_000450,WORK,178115,UNUSUALLY_LONG_COMPLETION_DURATION,0.643,MEDIUM,Execution duration from recommendation to completion was 543.0 days (~17.9 months).,"{""duration_days"": 543.0, ""recommendation_date"": ""2025-02-28T00:00:00.000Z"", ""completed_date"": ""2026-08-25T00:00:00.000Z""}",STATISTICAL_PERCENTILE_THRESHOLD,Duration >= 500 days,543.0 days,0.95,1.36,Mean Lifecycle Duration (380 days),2026-08-26T10:47:43.666818+00:00
ANOM_000451,WORK,178131,UNUSUALLY_LONG_COMPLETION_DURATION,0.643,MEDIUM,Execution duration from recommendation to completion was 543.0 days (~17.9 months).,"{""duration_days"": 543.0, ""recommendation_date"": ""2025-02-28T00:00:00.000Z"", ""completed_date"": ""2026-08-25T00:00:00.000Z""}",STATISTICAL_PERCENTILE_THRESHOLD,Duration >= 500 days,543.0 days,0.95,1.36,Mean Lifecycle Duration (380 days),2026-08-26T10:47:43.666818+00:00
ANOM_000452,WORK,178133,UNUSUALLY_LONG_COMPLETION_DURATION,0.643,MEDIUM,Execution duration from recommendation to completion was 543.0 days (~17.9 months).,"{""duration_days"": 543.0, ""recommendation_date"": ""2025-02-28T00:00:00.000Z"", ""completed_date"": ""2026-08-25T00:00:00.000Z""}",STATISTICAL_PERCENTILE_THRESHOLD,Duration >= 500 days,543.0 days,0.95,1.36,Mean Lifecycle Duration (380 days),2026-08-26T10:47:43.666818+00:00
ANOM_000621,MP,INTERNAL_MP_232,HIGH_VENDOR_CONCENTRATION,0.6384,MEDIUM,"Disproportionately concentrated procurement: Top vendor captured 51.2% of MP's total expenditure (Vendor HHI: 3,991 across 265 transactions).","{""vendor_hhi"": 3991.16, ""top_vendor_share_pct"": 51.2, ""transaction_count"": 265, ""distinct_vendors"": 11}",ECONOMIC_CONCENTRATION_INDEX,HHI >= 3500 or Top Share >= 60%,"HHI=3,991, Top Share=51.2%",0.8674,2.6775,"National Median HHI (1,069.89)",2026-08-26T10:47:43.666818+00:00
ANOM_000699,MP,INTERNAL_MP_024,MP_UTILIZATION_EXTREME_OUTLIER,0.6345,LOW,"Fund stagnation risk: MP has utilized only 4.3% of allocated ₹147,000,000.00.","{""utilization_pct"": 4.31, ""allocated_amount"": 147000000.0, ""total_expenditure"": 6329561.0}",DOMAIN_RULE_THRESHOLD,Utilization <= 5.0% with Allocation >= 10 Cr,4.3%,0.0663,-1.2496,National Median Utilization (32.23%),2026-08-26T10:47:43.666818+00:00
ANOM_000433,WORK,179411,UNUSUALLY_LONG_COMPLETION_DURATION,0.631,MEDIUM,Execution duration from recommendation to completion was 531.0 days (~17.5 months).,"{""duration_days"": 531.0, ""recommendation_date"": ""2025-03-12T00:00:00.000Z"", ""completed_date"": ""2026-08-25T00:00:00.000Z""}",STATISTICAL_PERCENTILE_THRESHOLD,Duration >= 500 days,531.0 days,0.95,1.26,Mean Lifecycle Duration (380 days),2026-08-26T10:47:43.666818+00:00
ANOM_000434,WORK,179412,UNUSUALLY_LONG_COMPLETION_DURATION,0.63,MEDIUM,Execution duration from recommendation to completion was 530.0 days (~17.4 months).,"{""duration_days"": 530.0, ""recommendation_date"": ""2025-03-12T00:00:00.000Z"", ""completed_date"": ""2026-08-24T00:00:00.000Z""}",STATISTICAL_PERCENTILE_THRESHOLD,Duration >= 500 days,530.0 days,0.95,1.25,Mean Lifecycle Duration (380 days),2026-08-26T10:47:43.666818+00:00
ANOM_000438,WORK,182584,UNUSUALLY_LONG_COMPLETION_DURATION,0.625,MEDIUM,Execution duration from recommendation to completion was 525.0 days (~17.3 months).,"{""duration_days"": 525.0, ""recommendation_date"": ""2025-03-17T00:00:00.000Z"", ""completed_date"": ""2026-08-24T00:00:00.000Z""}",STATISTICAL_PERCENTILE_THRESHOLD,Duration >= 500 days,525.0 days,0.95,1.21,Mean Lifecycle Duration (380 days),2026-08-26T10:47:43.666818+00:00
ANOM_000712,MP,INTERNAL_MP_262,MP_UTILIZATION_EXTREME_OUTLIER,0.6245,LOW,"Fund stagnation risk: MP has utilized only 4.5% of allocated ₹195,613,601.70.","{""utilization_pct"": 4.51, ""allocated_amount"": 195613601.7, ""total_expenditure"": 8828612.0}",DOMAIN_RULE_THRESHOLD,Utilization <= 5.0% with Allocation >= 10 Cr,4.5%,0.0681,-1.2407,National Median Utilization (32.23%),2026-08-26T10:47:43.666818+00:00
ANOM_000435,WORK,181801,UNUSUALLY_LONG_COMPLETION_DURATION,0.624,MEDIUM,Execution duration from recommendation to completion was 524.0 days (~17.2 months).,"{""duration_days"": 524.0, ""recommendation_date"": ""2025-03-18T00:00:00.000Z"", ""completed_date"": ""2026-08-24T00:00:00.000Z""}",STATISTICAL_PERCENTILE_THRESHOLD,Duration >= 500 days,524.0 days,0.95,1.2,Mean Lifecycle Duration (380 days),2026-08-26T10:47:43.666818+00:00
ANOM_000436,WORK,181818,UNUSUALLY_LONG_COMPLETION_DURATION,0.623,MEDIUM,Execution duration from recommendation to completion was 523.0 days (~17.2 months).,"{""duration_days"": 523.0, ""recommendation_date"": ""2025-03-18T00:00:00.000Z"", ""completed_date"": ""2026-08-23T00:00:00.000Z""}",STATISTICAL_PERCENTILE_THRESHOLD,Duration >= 500 days,523.0 days,0.95,1.19,Mean Lifecycle Duration (380 days),2026-08-26T10:47:43.666818+00:00
ANOM_000609,MP,INTERNAL_MP_164,HIGH_VENDOR_CONCENTRATION,0.622,MEDIUM,"Disproportionately concentrated procurement: Top vendor captured 48.9% of MP's total expenditure (Vendor HHI: 4,472 across 21 transactions).","{""vendor_hhi"": 4471.88, ""top_vendor_share_pct"": 48.85, ""transaction_count"": 21, ""distinct_vendors"": 5}",ECONOMIC_CONCENTRATION_INDEX,HHI >= 3500 or Top Share >= 60%,"HHI=4,472, Top Share=48.9%",0.8858,3.1181,"National Median HHI (1,069.89)",2026-08-26T10:47:43.666818+00:00
ANOM_000441,WORK,183953,UNUSUALLY_LONG_COMPLETION_DURATION,0.621,MEDIUM,Execution duration from recommendation to completion was 521.0 days (~17.1 months).,"{""duration_days"": 521.0, ""recommendation_date"": ""2025-03-22T00:00:00.000Z"", ""completed_date"": ""2026-08-25T00:00:00.000Z""}",STATISTICAL_PERCENTILE_THRESHOLD,Duration >= 500 days,521.0 days,0.95,1.18,Mean Lifecycle Duration (380 days),2026-08-26T10:47:43.666818+00:00
ANOM_000442,WORK,183955,UNUSUALLY_LONG_COMPLETION_DURATION,0.621,MEDIUM,Execution duration from recommendation to completion was 521.0 days (~17.1 months).,"{""duration_days"": 521.0, ""recommendation_date"": ""2025-03-22T00:00:00.000Z"", ""completed_date"": ""2026-08-25T00:00:00.000Z""}",STATISTICAL_PERCENTILE_THRESHOLD,Duration >= 500 days,521.0 days,0.95,1.18,Mean Lifecycle Duration (380 days),2026-08-26T10:47:43.666818+00:00
ANOM_000604,MP,INTERNAL_MP_155,HIGH_VENDOR_CONCENTRATION,0.6196,MEDIUM,"Disproportionately concentrated procurement: Top vendor captured 48.5% of MP's total expenditure (Vendor HHI: 4,195 across 189 transactions).","{""vendor_hhi"": 4195.35, ""top_vendor_share_pct"": 48.51, ""transaction_count"": 189, ""distinct_vendors"": 4}",ECONOMIC_CONCENTRATION_INDEX,HHI >= 3500 or Top Share >= 60%,"HHI=4,195, Top Share=48.5%",0.8748,2.8647,"National Median HHI (1,069.89)",2026-08-26T10:47:43.666818+00:00
ANOM_000454,WORK,187476,UNUSUALLY_LONG_COMPLETION_DURATION,0.614,MEDIUM,Execution duration from recommendation to completion was 514.0 days (~16.9 months).,"{""duration_days"": 514.0, ""recommendation_date"": ""2025-03-28T00:00:00.000Z"", ""completed_date"": ""2026-08-24T00:00:00.000Z""}",STATISTICAL_PERCENTILE_THRESHOLD,Duration >= 500 days,514.0 days,0.95,1.12,Mean Lifecycle Duration (380 days),2026-08-26T10:47:43.666818+00:00
ANOM_000455,WORK,187497,UNUSUALLY_LONG_COMPLETION_DURATION,0.614,MEDIUM,Execution duration from recommendation to completion was 514.0 days (~16.9 months).,"{""duration_days"": 514.0, ""recommendation_date"": ""2025-03-28T00:00:00.000Z"", ""completed_date"": ""2026-08-24T00:00:00.000Z""}",STATISTICAL_PERCENTILE_THRESHOLD,Duration >= 500 days,514.0 days,0.95,1.12,Mean Lifecycle Duration (380 days),2026-08-26T10:47:43.666818+00:00
ANOM_000727,MP,INTERNAL_MP_407,MP_UTILIZATION_EXTREME_OUTLIER,0.6115,LOW,"Fund stagnation risk: MP has utilized only 4.8% of allocated ₹162,952,022.00.","{""utilization_pct"": 4.77, ""allocated_amount"": 162952022.0, ""total_expenditure"": 7766945.0}",DOMAIN_RULE_THRESHOLD,Utilization <= 5.0% with Allocation >= 10 Cr,4.8%,0.07,-1.229,National Median Utilization (32.23%),2026-08-26T10:47:43.666818+00:00
ANOM_000421,WORK,188159,UNUSUALLY_LONG_COMPLETION_DURATION,0.609,MEDIUM,Execution duration from recommendation to completion was 509.0 days (~16.7 months).,"{""duration_days"": 509.0, ""recommendation_date"": ""2025-04-03T00:00:00.000Z"", ""completed_date"": ""2026-08-25T00:00:00.000Z""}",STATISTICAL_PERCENTILE_THRESHOLD,Duration >= 500 days,509.0 days,0.95,1.07,Mean Lifecycle Duration (380 days),2026-08-26T10:47:43.666818+00:00
ANOM_000724,MP,INTERNAL_MP_348,MP_UTILIZATION_EXTREME_OUTLIER,0.6035,LOW,"Fund stagnation risk: MP has utilized only 4.9% of allocated ₹147,000,000.00.","{""utilization_pct"": 4.93, ""allocated_amount"": 147000000.0, ""total_expenditure"": 7253086.0}",DOMAIN_RULE_THRESHOLD,Utilization <= 5.0% with Allocation >= 10 Cr,4.9%,0.0718,-1.2219,National Median Utilization (32.23%),2026-08-26T10:47:43.666818+00:00
ANOM_000647,MP,INTERNAL_MP_466,HIGH_VENDOR_CONCENTRATION,0.6021,MEDIUM,"Disproportionately concentrated procurement: Top vendor captured 46.0% of MP's total expenditure (Vendor HHI: 4,071 across 699 transactions).","{""vendor_hhi"": 4070.79, ""top_vendor_share_pct"": 46.01, ""transaction_count"": 699, ""distinct_vendors"": 4}",ECONOMIC_CONCENTRATION_INDEX,HHI >= 3500 or Top Share >= 60%,"HHI=4,071, Top Share=46.0%",0.8692,2.7505,"National Median HHI (1,069.89)",2026-08-26T10:47:43.666818+00:00
ANOM_001232,WORK,287081,MULTIVARIATE_WORK_OUTLIER,0.5719,LOW,"Two-feature multivariate outlier identified by Isolation Forest baseline (Score: 0.572; Recommended: ₹4,400,000.00; Description Length: 446 chars).","{""recommended_amount"": 4400000.0, ""description_length"": 446, ""raw_anomaly_score"": 0.7859}",ISOLATION_FOREST_TWO_FEATURE_BASELINE,Contamination Top 1.5%,"Score=0.572 (Amt=₹4,400,000.00, Len=446)",0.985,,"Two-Feature Joint Feature Space (Log Amount, Description Length)",2026-08-26T10:47:43.666818+00:00
ANOM_001577,WORK,266664,MULTIVARIATE_WORK_OUTLIER,0.5696,LOW,"Two-feature multivariate outlier identified by Isolation Forest baseline (Score: 0.570; Recommended: ₹19,500.00; Description Length: 495 chars).","{""recommended_amount"": 19500.0, ""description_length"": 495, ""raw_anomaly_score"": 0.7848}",ISOLATION_FOREST_TWO_FEATURE_BASELINE,Contamination Top 1.5%,"Score=0.570 (Amt=₹19,500.00, Len=495)",0.985,,"Two-Feature Joint Feature Space (Log Amount, Description Length)",2026-08-26T10:47:43.666818+00:00
ANOM_001578,WORK,266665,MULTIVARIATE_WORK_OUTLIER,0.5696,LOW,"Two-feature multivariate outlier identified by Isolation Forest baseline (Score: 0.570; Recommended: ₹19,500.00; Description Length: 493 chars).","{""recommended_amount"": 19500.0, ""description_length"": 493, ""raw_anomaly_score"": 0.7848}",ISOLATION_FOREST_TWO_FEATURE_BASELINE,Contamination Top 1.5%,"Score=0.570 (Amt=₹19,500.00, Len=493)",0.985,,"Two-Feature Joint Feature Space (Log Amount, Description Length)",2026-08-26T10:47:43.666818+00:00
ANOM_001579,WORK,266667,MULTIVARIATE_WORK_OUTLIER,0.5696,LOW,"Two-feature multivariate outlier identified by Isolation Forest baseline (Score: 0.570; Recommended: ₹19,500.00; Description Length: 498 chars).","{""recommended_amount"": 19500.0, ""description_length"": 498, ""raw_anomaly_score"": 0.7848}",ISOLATION_FOREST_TWO_FEATURE_BASELINE,Contamination Top 1.5%,"Score=0.570 (Amt=₹19,500.00, Len=498)",0.985,,"Two-Feature Joint Feature Space (Log Amount, Description Length)",2026-08-26T10:47:43.666818+00:00
ANOM_001581,WORK,266670,MULTIVARIATE_WORK_OUTLIER,0.5696,LOW,"Two-feature multivariate outlier identified by Isolation Forest baseline (Score: 0.570; Recommended: ₹19,500.00; Description Length: 492 chars).","{""recommended_amount"": 19500.0, ""description_length"": 492, ""raw_anomaly_score"": 0.7848}",ISOLATION_FOREST_TWO_FEATURE_BASELINE,Contamination Top 1.5%,"Score=0.570 (Amt=₹19,500.00, Len=492)",0.985,,"Two-Feature Joint Feature Space (Log Amount, Description Length)",2026-08-26T10:47:43.666818+00:00
ANOM_000625,MP,INTERNAL_MP_298,HIGH_VENDOR_CONCENTRATION,0.5641,MEDIUM,"Disproportionately concentrated procurement: Top vendor captured 40.6% of MP's total expenditure (Vendor HHI: 3,608 across 10 transactions).","{""vendor_hhi"": 3608.47, ""top_vendor_share_pct"": 40.59, ""transaction_count"": 10, ""distinct_vendors"": 3}",ECONOMIC_CONCENTRATION_INDEX,HHI >= 3500 or Top Share >= 60%,"HHI=3,608, Top Share=40.6%",0.8398,2.3268,"National Median HHI (1,069.89)",2026-08-26T10:47:43.666818+00:00
ANOM_001582,WORK,266671,MULTIVARIATE_WORK_OUTLIER,0.5621,LOW,"Two-feature multivariate outlier identified by Isolation Forest baseline (Score: 0.562; Recommended: ₹19,500.00; Description Length: 484 chars).","{""recommended_amount"": 19500.0, ""description_length"": 484, ""raw_anomaly_score"": 0.7811}",ISOLATION_FOREST_TWO_FEATURE_BASELINE,Contamination Top 1.5%,"Score=0.562 (Amt=₹19,500.00, Len=484)",0.985,,"Two-Feature Joint Feature Space (Log Amount, Description Length)",2026-08-26T10:47:43.666818+00:00
ANOM_001583,WORK,266672,MULTIVARIATE_WORK_OUTLIER,0.5621,LOW,"Two-feature multivariate outlier identified by Isolation Forest baseline (Score: 0.562; Recommended: ₹19,500.00; Description Length: 479 chars).","{""recommended_amount"": 19500.0, ""description_length"": 479, ""raw_anomaly_score"": 0.7811}",ISOLATION_FOREST_TWO_FEATURE_BASELINE,Contamination Top 1.5%,"Score=0.562 (Amt=₹19,500.00, Len=479)",0.985,,"Two-Feature Joint Feature Space (Log Amount, Description Length)",2026-08-26T10:47:43.666818+00:00
ANOM_001540,WORK,255100,MULTIVARIATE_WORK_OUTLIER,0.5577,LOW,"Two-feature multivariate outlier identified by Isolation Forest baseline (Score: 0.558; Recommended: ₹3,159,000.00; Description Length: 500 chars).","{""recommended_amount"": 3159000.0, ""description_length"": 500, ""raw_anomaly_score"": 0.7788}",ISOLATION_FOREST_TWO_FEATURE_BASELINE,Contamination Top 1.5%,"Score=0.558 (Amt=₹3,159,000.00, Len=500)",0.985,,"Two-Feature Joint Feature Space (Log Amount, Description Length)",2026-08-26T10:47:43.666818+00:00
ANOM_001576,WORK,266662,MULTIVARIATE_WORK_OUTLIER,0.5548,LOW,"Two-feature multivariate outlier identified by Isolation Forest baseline (Score: 0.555; Recommended: ₹19,500.00; Description Length: 453 chars).","{""recommended_amount"": 19500.0, ""description_length"": 453, ""raw_anomaly_score"": 0.7774}",ISOLATION_FOREST_TWO_FEATURE_BASELINE,Contamination Top 1.5%,"Score=0.555 (Amt=₹19,500.00, Len=453)",0.985,,"Two-Feature Joint Feature Space (Log Amount, Description Length)",2026-08-26T10:47:43.666818+00:00
ANOM_001580,WORK,266668,MULTIVARIATE_WORK_OUTLIER,0.5548,LOW,"Two-feature multivariate outlier identified by Isolation Forest baseline (Score: 0.555; Recommended: ₹19,500.00; Description Length: 439 chars).","{""recommended_amount"": 19500.0, ""description_length"": 439, ""raw_anomaly_score"": 0.7774}",ISOLATION_FOREST_TWO_FEATURE_BASELINE,Contamination Top 1.5%,"Score=0.555 (Amt=₹19,500.00, Len=439)",0.985,,"Two-Feature Joint Feature Space (Log Amount, Description Length)",2026-08-26T10:47:43.666818+00:00
ANOM_001777,WORK,289068,MULTIVARIATE_WORK_OUTLIER,0.5537,LOW,"Two-feature multivariate outlier identified by Isolation Forest baseline (Score: 0.554; Recommended: ₹3,453,492.00; Description Length: 434 chars).","{""recommended_amount"": 3453492.0, ""description_length"": 434, ""raw_anomaly_score"": 0.7769}",ISOLATION_FOREST_TWO_FEATURE_BASELINE,Contamination Top 1.5%,"Score=0.554 (Amt=₹3,453,492.00, Len=434)",0.985,,"Two-Feature Joint Feature Space (Log Amount, Description Length)",2026-08-26T10:47:43.666818+00:00
ANOM_001556,WORK,255921,MULTIVARIATE_WORK_OUTLIER,0.5497,LOW,"Two-feature multivariate outlier identified by Isolation Forest baseline (Score: 0.550; Recommended: ₹16,000.00; Description Length: 336 chars).","{""recommended_amount"": 16000.0, ""description_length"": 336, ""raw_anomaly_score"": 0.7749}",ISOLATION_FOREST_TWO_FEATURE_BASELINE,Contamination Top 1.5%,"Score=0.550 (Amt=₹16,000.00, Len=336)",0.985,,"Two-Feature Joint Feature Space (Log Amount, Description Length)",2026-08-26T10:47:43.666818+00:00
ANOM_001128,WORK,169574,MULTIVARIATE_WORK_OUTLIER,0.5472,LOW,"Two-feature multivariate outlier identified by Isolation Forest baseline (Score: 0.547; Recommended: ₹3,000,000.00; Description Length: 430 chars).","{""recommended_amount"": 3000000.0, ""description_length"": 430, ""raw_anomaly_score"": 0.7736}",ISOLATION_FOREST_TWO_FEATURE_BASELINE,Contamination Top 1.5%,"Score=0.547 (Amt=₹3,000,000.00, Len=430)",0.985,,"Two-Feature Joint Feature Space (Log Amount, Description Length)",2026-08-26T10:47:43.666818+00:00
ANOM_001686,WORK,208012,MULTIVARIATE_WORK_OUTLIER,0.5451,LOW,"Two-feature multivariate outlier identified by Isolation Forest baseline (Score: 0.545; Recommended: ₹2,799,562.00; Description Length: 485 chars).","{""recommended_amount"": 2799562.0, ""description_length"": 485, ""raw_anomaly_score"": 0.7725}",ISOLATION_FOREST_TWO_FEATURE_BASELINE,Contamination Top 1.5%,"Score=0.545 (Amt=₹2,799,562.00, Len=485)",0.985,,"Two-Feature Joint Feature Space (Log Amount, Description Length)",2026-08-26T10:47:43.666818+00:00
ANOM_000859,WORK,207465,MULTIVARIATE_WORK_OUTLIER,0.5295,LOW,"Two-feature multivariate outlier identified by Isolation Forest baseline (Score: 0.529; Recommended: ₹2,800,000.00; Description Length: 373 chars).","{""recommended_amount"": 2800000.0, ""description_length"": 373, ""raw_anomaly_score"": 0.7647}",ISOLATION_FOREST_TWO_FEATURE_BASELINE,Contamination Top 1.5%,"Score=0.529 (Amt=₹2,800,000.00, Len=373)",0.985,,"Two-Feature Joint Feature Space (Log Amount, Description Length)",2026-08-26T10:47:43.666818+00:00
ANOM_001627,WORK,300673,MULTIVARIATE_WORK_OUTLIER,0.5254,LOW,"Two-feature multivariate outlier identified by Isolation Forest baseline (Score: 0.525; Recommended: ₹1,934,600.00; Description Length: 419 chars).","{""recommended_amount"": 1934600.0, ""description_length"": 419, ""raw_anomaly_score"": 0.7627}",ISOLATION_FOREST_TWO_FEATURE_BASELINE,Contamination Top 1.5%,"Score=0.525 (Amt=₹1,934,600.00, Len=419)",0.985,,"Two-Feature Joint Feature Space (Log Amount, Description Length)",2026-08-26T10:47:43.666818+00:00
ANOM_000873,WORK,278187,MULTIVARIATE_WORK_OUTLIER,0.525,LOW,"Two-feature multivariate outlier identified by Isolation Forest baseline (Score: 0.525; Recommended: ₹2,500,000.00; Description Length: 412 chars).","{""recommended_amount"": 2500000.0, ""description_length"": 412, ""raw_anomaly_score"": 0.7625}",ISOLATION_FOREST_TWO_FEATURE_BASELINE,Contamination Top 1.5%,"Score=0.525 (Amt=₹2,500,000.00, Len=412)",0.985,,"Two-Feature Joint Feature Space (Log Amount, Description Length)",2026-08-26T10:47:43.666818+00:00
ANOM_001117,WORK,294802,MULTIVARIATE_WORK_OUTLIER,0.5212,LOW,"Two-feature multivariate outlier identified by Isolation Forest baseline (Score: 0.521; Recommended: ₹1,950,000.00; Description Length: 407 chars).","{""recommended_amount"": 1950000.0, ""description_length"": 407, ""raw_anomaly_score"": 0.7606}",ISOLATION_FOREST_TWO_FEATURE_BASELINE,Contamination Top 1.5%,"Score=0.521 (Amt=₹1,950,000.00, Len=407)",0.985,,"Two-Feature Joint Feature Space (Log Amount, Description Length)",2026-08-26T10:47:43.666818+00:00
ANOM_001318,WORK,286312,MULTIVARIATE_WORK_OUTLIER,0.5161,LOW,"Two-feature multivariate outlier identified by Isolation Forest baseline (Score: 0.516; Recommended: ₹3,200,000.00; Description Length: 351 chars).","{""recommended_amount"": 3200000.0, ""description_length"": 351, ""raw_anomaly_score"": 0.7581}",ISOLATION_FOREST_TWO_FEATURE_BASELINE,Contamination Top 1.5%,"Score=0.516 (Amt=₹3,200,000.00, Len=351)",0.985,,"Two-Feature Joint Feature Space (Log Amount, Description Length)",2026-08-26T10:47:43.666818+00:00
ANOM_000912,WORK,195279,MULTIVARIATE_WORK_OUTLIER,0.513,LOW,"Two-feature multivariate outlier identified by Isolation Forest baseline (Score: 0.513; Recommended: ₹1,350,000.00; Description Length: 419 chars).","{""recommended_amount"": 1350000.0, ""description_length"": 419, ""raw_anomaly_score"": 0.7565}",ISOLATION_FOREST_TWO_FEATURE_BASELINE,Contamination Top 1.5%,"Score=0.513 (Amt=₹1,350,000.00, Len=419)",0.985,,"Two-Feature Joint Feature Space (Log Amount, Description Length)",2026-08-26T10:47:43.666818+00:00
ANOM_000924,WORK,261630,MULTIVARIATE_WORK_OUTLIER,0.513,LOW,"Two-feature multivariate outlier identified by Isolation Forest baseline (Score: 0.513; Recommended: ₹1,350,000.00; Description Length: 433 chars).","{""recommended_amount"": 1350000.0, ""description_length"": 433, ""raw_anomaly_score"": 0.7565}",ISOLATION_FOREST_TWO_FEATURE_BASELINE,Contamination Top 1.5%,"Score=0.513 (Amt=₹1,350,000.00, Len=433)",0.985,,"Two-Feature Joint Feature Space (Log Amount, Description Length)",2026-08-26T10:47:43.666818+00:00
ANOM_000917,WORK,249793,MULTIVARIATE_WORK_OUTLIER,0.51,LOW,"Two-feature multivariate outlier identified by Isolation Forest baseline (Score: 0.510; Recommended: ₹1,495,000.00; Description Length: 395 chars).","{""recommended_amount"": 1495000.0, ""description_length"": 395, ""raw_anomaly_score"": 0.755}",ISOLATION_FOREST_TWO_FEATURE_BASELINE,Contamination Top 1.5%,"Score=0.510 (Amt=₹1,495,000.00, Len=395)",0.985,,"Two-Feature Joint Feature Space (Log Amount, Description Length)",2026-08-26T10:47:43.666818+00:00
ANOM_000920,WORK,249799,MULTIVARIATE_WORK_OUTLIER,0.51,LOW,"Two-feature multivariate outlier identified by Isolation Forest baseline (Score: 0.510; Recommended: ₹1,500,000.00; Description Length: 404 chars).","{""recommended_amount"": 1500000.0, ""description_length"": 404, ""raw_anomaly_score"": 0.755}",ISOLATION_FOREST_TWO_FEATURE_BASELINE,Contamination Top 1.5%,"Score=0.510 (Amt=₹1,500,000.00, Len=404)",0.985,,"Two-Feature Joint Feature Space (Log Amount, Description Length)",2026-08-26T10:47:43.666818+00:00
ANOM_001321,WORK,289955,MULTIVARIATE_WORK_OUTLIER,0.51,LOW,"Two-feature multivariate outlier identified by Isolation Forest baseline (Score: 0.510; Recommended: ₹1,500,000.00; Description Length: 395 chars).","{""recommended_amount"": 1500000.0, ""description_length"": 395, ""raw_anomaly_score"": 0.755}",ISOLATION_FOREST_TWO_FEATURE_BASELINE,Contamination Top 1.5%,"Score=0.510 (Amt=₹1,500,000.00, Len=395)",0.985,,"Two-Feature Joint Feature Space (Log Amount, Description Length)",2026-08-26T10:47:43.666818+00:00
ANOM_001628,WORK,300675,MULTIVARIATE_WORK_OUTLIER,0.51,LOW,"Two-feature multivariate outlier identified by Isolation Forest baseline (Score: 0.510; Recommended: ₹1,650,100.00; Description Length: 375 chars).","{""recommended_amount"": 1650100.0, ""description_length"": 375, ""raw_anomaly_score"": 0.755}",ISOLATION_FOREST_TWO_FEATURE_BASELINE,Contamination Top 1.5%,"Score=0.510 (Amt=₹1,650,100.00, Len=375)",0.985,,"Two-Feature Joint Feature Space (Log Amount, Description Length)",2026-08-26T10:47:43.666818+00:00
ANOM_001025,WORK,300383,MULTIVARIATE_WORK_OUTLIER,0.5089,LOW,"Two-feature multivariate outlier identified by Isolation Forest baseline (Score: 0.509; Recommended: ₹1,495,000.00; Description Length: 387 chars).","{""recommended_amount"": 1495000.0, ""description_length"": 387, ""raw_anomaly_score"": 0.7545}",ISOLATION_FOREST_TWO_FEATURE_BASELINE,Contamination Top 1.5%,"Score=0.509 (Amt=₹1,495,000.00, Len=387)",0.985,,"Two-Feature Joint Feature Space (Log Amount, Description Length)",2026-08-26T10:47:43.666818+00:00
ANOM_000846,WORK,183102,MULTIVARIATE_WORK_OUTLIER,0.5,LOW,"Two-feature multivariate outlier identified by Isolation Forest baseline (Score: 0.500; Recommended: ₹4,992,971.00; Description Length: 197 chars).","{""recommended_amount"": 4992971.0, ""description_length"": 197, ""raw_anomaly_score"": 0.674}",ISOLATION_FOREST_TWO_FEATURE_BASELINE,Contamination Top 1.5%,"Score=0.500 (Amt=₹4,992,971.00, Len=197)",0.985,,"Two-Feature Joint Feature Space (Log Amount, Description Length)",2026-08-26T10:47:43.666818+00:00
ANOM_000847,WORK,961,MULTIVARIATE_WORK_OUTLIER,0.5,LOW,"Two-feature multivariate outlier identified by Isolation Forest baseline (Score: 0.500; Recommended: ₹500,000.00; Description Length: 316 chars).","{""recommended_amount"": 500000.0, ""description_length"": 316, ""raw_anomaly_score"": 0.6714}",ISOLATION_FOREST_TWO_FEATURE_BASELINE,Contamination Top 1.5%,"Score=0.500 (Amt=₹500,000.00, Len=316)",0.985,,"Two-Feature Joint Feature Space (Log Amount, Description Length)",2026-08-26T10:47:43.666818+00:00
ANOM_000848,WORK,962,MULTIVARIATE_WORK_OUTLIER,0.5,LOW,"Two-feature multivariate outlier identified by Isolation Forest baseline (Score: 0.500; Recommended: ₹500,000.00; Description Length: 317 chars).","{""recommended_amount"": 500000.0, ""description_length"": 317, ""raw_anomaly_score"": 0.6754}",ISOLATION_FOREST_TWO_FEATURE_BASELINE,Contamination Top 1.5%,"Score=0.500 (Amt=₹500,000.00, Len=317)",0.985,,"Two-Feature Joint Feature Space (Log Amount, Description Length)",2026-08-26T10:47:43.666818+00:00
ANOM_000849,WORK,1546,MULTIVARIATE_WORK_OUTLIER,0.5,LOW,"Two-feature multivariate outlier identified by Isolation Forest baseline (Score: 0.500; Recommended: ₹1,500,000.00; Description Length: 282 chars).","{""recommended_amount"": 1500000.0, ""description_length"": 282, ""raw_anomaly_score"": 0.6983}",ISOLATION_FOREST_TWO_FEATURE_BASELINE,Contamination Top 1.5%,"Score=0.500 (Amt=₹1,500,000.00, Len=282)",0.985,,"Two-Feature Joint Feature Space (Log Amount, Description Length)",2026-08-26T10:47:43.666818+00:00
ANOM_000850,WORK,157699,MULTIVARIATE_WORK_OUTLIER,0.5,LOW,"Two-feature multivariate outlier identified by Isolation Forest baseline (Score: 0.500; Recommended: ₹500,000.00; Description Length: 426 chars).","{""recommended_amount"": 500000.0, ""description_length"": 426, ""raw_anomaly_score"": 0.7172}",ISOLATION_FOREST_TWO_FEATURE_BASELINE,Contamination Top 1.5%,"Score=0.500 (Amt=₹500,000.00, Len=426)",0.985,,"Two-Feature Joint Feature Space (Log Amount, Description Length)",2026-08-26T10:47:43.666818+00:00
ANOM_000851,WORK,158087,MULTIVARIATE_WORK_OUTLIER,0.5,LOW,"Two-feature multivariate outlier identified by Isolation Forest baseline (Score: 0.500; Recommended: ₹500,000.00; Description Length: 500 chars).","{""recommended_amount"": 500000.0, ""description_length"": 500, ""raw_anomaly_score"": 0.7245}",ISOLATION_FOREST_TWO_FEATURE_BASELINE,Contamination Top 1.5%,"Score=0.500 (Amt=₹500,000.00, Len=500)",0.985,,"Two-Feature Joint Feature Space (Log Amount, Description Length)",2026-08-26T10:47:43.666818+00:00
ANOM_000852,WORK,158753,MULTIVARIATE_WORK_OUTLIER,0.5,LOW,"Two-feature multivariate outlier identified by Isolation Forest baseline (Score: 0.500; Recommended: ₹500,000.00; Description Length: 322 chars).","{""recommended_amount"": 500000.0, ""description_length"": 322, ""raw_anomaly_score"": 0.6758}",ISOLATION_FOREST_TWO_FEATURE_BASELINE,Contamination Top 1.5%,"Score=0.500 (Amt=₹500,000.00, Len=322)",0.985,,"Two-Feature Joint Feature Space (Log Amount, Description Length)",2026-08-26T10:47:43.666818+00:00
ANOM_000853,WORK,161791,MULTIVARIATE_WORK_OUTLIER,0.5,LOW,"Two-feature multivariate outlier identified by Isolation Forest baseline (Score: 0.500; Recommended: ₹500,000.00; Description Length: 275 chars).","{""recommended_amount"": 500000.0, ""description_length"": 275, ""raw_anomaly_score"": 0.6448}",ISOLATION_FOREST_TWO_FEATURE_BASELINE,Contamination Top 1.5%,"Score=0.500 (Amt=₹500,000.00, Len=275)",0.985,,"Two-Feature Joint Feature Space (Log Amount, Description Length)",2026-08-26T10:47:43.666818+00:00
ANOM_000854,WORK,162054,MULTIVARIATE_WORK_OUTLIER,0.5,LOW,"Two-feature multivariate outlier identified by Isolation Forest baseline (Score: 0.500; Recommended: ₹500,000.00; Description Length: 277 chars).","{""recommended_amount"": 500000.0, ""description_length"": 277, ""raw_anomaly_score"": 0.6466}",ISOLATION_FOREST_TWO_FEATURE_BASELINE,Contamination Top 1.5%,"Score=0.500 (Amt=₹500,000.00, Len=277)",0.985,,"Two-Feature Joint Feature Space (Log Amount, Description Length)",2026-08-26T10:47:43.666818+00:00
ANOM_000855,WORK,162102,MULTIVARIATE_WORK_OUTLIER,0.5,LOW,"Two-feature multivariate outlier identified by Isolation Forest baseline (Score: 0.500; Recommended: ₹400,000.00; Description Length: 309 chars).","{""recommended_amount"": 400000.0, ""description_length"": 309, ""raw_anomaly_score"": 0.6842}",ISOLATION_FOREST_TWO_FEATURE_BASELINE,Contamination Top 1.5%,"Score=0.500 (Amt=₹400,000.00, Len=309)",0.985,,"Two-Feature Joint Feature Space (Log Amount, Description Length)",2026-08-26T10:47:43.666818+00:00
ANOM_000856,WORK,195718,MULTIVARIATE_WORK_OUTLIER,0.5,LOW,"Two-feature multivariate outlier identified by Isolation Forest baseline (Score: 0.500; Recommended: ₹500,000.00; Description Length: 457 chars).","{""recommended_amount"": 500000.0, ""description_length"": 457, ""raw_anomaly_score"": 0.7177}",ISOLATION_FOREST_TWO_FEATURE_BASELINE,Contamination Top 1.5%,"Score=0.500 (Amt=₹500,000.00, Len=457)",0.985,,"Two-Feature Joint Feature Space (Log Amount, Description Length)",2026-08-26T10:47:43.666818+00:00
ANOM_000857,WORK,195719,MULTIVARIATE_WORK_OUTLIER,0.5,LOW,"Two-feature multivariate outlier identified by Isolation Forest baseline (Score: 0.500; Recommended: ₹500,000.00; Description Length: 396 chars).","{""recommended_amount"": 500000.0, ""description_length"": 396, ""raw_anomaly_score"": 0.7162}",ISOLATION_FOREST_TWO_FEATURE_BASELINE,Contamination Top 1.5%,"Score=0.500 (Amt=₹500,000.00, Len=396)",0.985,,"Two-Feature Joint Feature Space (Log Amount, Description Length)",2026-08-26T10:47:43.666818+00:00
ANOM_000858,WORK,206727,MULTIVARIATE_WORK_OUTLIER,0.5,LOW,"Two-feature multivariate outlier identified by Isolation Forest baseline (Score: 0.500; Recommended: ₹1,715,000.00; Description Length: 356 chars).","{""recommended_amount"": 1715000.0, ""description_length"": 356, ""raw_anomaly_score"": 0.7443}",ISOLATION_FOREST_TWO_FEATURE_BASELINE,Contamination Top 1.5%,"Score=0.500 (Amt=₹1,715,000.00, Len=356)",0.985,,"Two-Feature Joint Feature Space (Log Amount, Description Length)",2026-08-26T10:47:43.666818+00:00
ANOM_000860,WORK,225527,MULTIVARIATE_WORK_OUTLIER,0.5,LOW,"Two-feature multivariate outlier identified by Isolation Forest baseline (Score: 0.500; Recommended: ₹850,000.00; Description Length: 429 chars).","{""recommended_amount"": 850000.0, ""description_length"": 429, ""raw_anomaly_score"": 0.7371}",ISOLATION_FOREST_TWO_FEATURE_BASELINE,Contamination Top 1.5%,"Score=0.500 (Amt=₹850,000.00, Len=429)",0.985,,"Two-Feature Joint Feature Space (Log Amount, Description Length)",2026-08-26T10:47:43.666818+00:00
ANOM_000861,WORK,230964,MULTIVARIATE_WORK_OUTLIER,0.5,LOW,"Two-feature multivariate outlier identified by Isolation Forest baseline (Score: 0.500; Recommended: ₹4,000,000.00; Description Length: 236 chars).","{""recommended_amount"": 4000000.0, ""description_length"": 236, ""raw_anomaly_score"": 0.6906}",ISOLATION_FOREST_TWO_FEATURE_BASELINE,Contamination Top 1.5%,"Score=0.500 (Amt=₹4,000,000.00, Len=236)",0.985,,"Two-Feature Joint Feature Space (Log Amount, Description Length)",2026-08-26T10:47:43.666818+00:00
ANOM_000862,WORK,251447,MULTIVARIATE_WORK_OUTLIER,0.5,LOW,"Two-feature multivariate outlier identified by Isolation Forest baseline (Score: 0.500; Recommended: ₹1,145,000.00; Description Length: 244 chars).","{""recommended_amount"": 1145000.0, ""description_length"": 244, ""raw_anomaly_score"": 0.652}",ISOLATION_FOREST_TWO_FEATURE_BASELINE,Contamination Top 1.5%,"Score=0.500 (Amt=₹1,145,000.00, Len=244)",0.985,,"Two-Feature Joint Feature Space (Log Amount, Description Length)",2026-08-26T10:47:43.666818+00:00
ANOM_000863,WORK,260686,MULTIVARIATE_WORK_OUTLIER,0.5,LOW,"Two-feature multivariate outlier identified by Isolation Forest baseline (Score: 0.500; Recommended: ₹335,000.00; Description Length: 331 chars).","{""recommended_amount"": 335000.0, ""description_length"": 331, ""raw_anomaly_score"": 0.7051}",ISOLATION_FOREST_TWO_FEATURE_BASELINE,Contamination Top 1.5%,"Score=0.500 (Amt=₹335,000.00, Len=331)",0.985,,"Two-Feature Joint Feature Space (Log Amount, Description Length)",2026-08-26T10:47:43.666818+00:00
ANOM_000864,WORK,260687,MULTIVARIATE_WORK_OUTLIER,0.5,LOW,"Two-feature multivariate outlier identified by Isolation Forest baseline (Score: 0.500; Recommended: ₹750,000.00; Description Length: 278 chars).","{""recommended_amount"": 750000.0, ""description_length"": 278, ""raw_anomaly_score"": 0.664}",ISOLATION_FOREST_TWO_FEATURE_BASELINE,Contamination Top 1.5%,"Score=0.500 (Amt=₹750,000.00, Len=278)",0.985,,"Two-Feature Joint Feature Space (Log Amount, Description Length)",2026-08-26T10:47:43.666818+00:00
ANOM_000865,WORK,260865,MULTIVARIATE_WORK_OUTLIER,0.5,LOW,"Two-feature multivariate outlier identified by Isolation Forest baseline (Score: 0.500; Recommended: ₹1,092,000.00; Description Length: 258 chars).","{""recommended_amount"": 1092000.0, ""description_length"": 258, ""raw_anomaly_score"": 0.6618}",ISOLATION_FOREST_TWO_FEATURE_BASELINE,Contamination Top 1.5%,"Score=0.500 (Amt=₹1,092,000.00, Len=258)",0.985,,"Two-Feature Joint Feature Space (Log Amount, Description Length)",2026-08-26T10:47:43.666818+00:00
ANOM_000866,WORK,262080,MULTIVARIATE_WORK_OUTLIER,0.5,LOW,"Two-feature multivariate outlier identified by Isolation Forest baseline (Score: 0.500; Recommended: ₹2,000,000.00; Description Length: 285 chars).","{""recommended_amount"": 2000000.0, ""description_length"": 285, ""raw_anomaly_score"": 0.7043}",ISOLATION_FOREST_TWO_FEATURE_BASELINE,Contamination Top 1.5%,"Score=0.500 (Amt=₹2,000,000.00, Len=285)",0.985,,"Two-Feature Joint Feature Space (Log Amount, Description Length)",2026-08-26T10:47:43.666818+00:00
ANOM_000867,WORK,262157,MULTIVARIATE_WORK_OUTLIER,0.5,LOW,"Two-feature multivariate outlier identified by Isolation Forest baseline (Score: 0.500; Recommended: ₹2,000,000.00; Description Length: 334 chars).","{""recommended_amount"": 2000000.0, ""description_length"": 334, ""raw_anomaly_score"": 0.732}",ISOLATION_FOREST_TWO_FEATURE_BASELINE,Contamination Top 1.5%,"Score=0.500 (Amt=₹2,000,000.00, Len=334)",0.985,,"Two-Feature Joint Feature Space (Log Amount, Description Length)",2026-08-26T10:47:43.666818+00:00
ANOM_000868,WORK,262174,MULTIVARIATE_WORK_OUTLIER,0.5,LOW,"Two-feature multivariate outlier identified by Isolation Forest baseline (Score: 0.500; Recommended: ₹2,000,000.00; Description Length: 244 chars).","{""recommended_amount"": 2000000.0, ""description_length"": 244, ""raw_anomaly_score"": 0.68}",ISOLATION_FOREST_TWO_FEATURE_BASELINE,Contamination Top 1.5%,"Score=0.500 (Amt=₹2,000,000.00, Len=244)",0.985,,"Two-Feature Joint Feature Space (Log Amount, Description Length)",2026-08-26T10:47:43.666818+00:00
ANOM_000869,WORK,270216,MULTIVARIATE_WORK_OUTLIER,0.5,LOW,"Two-feature multivariate outlier identified by Isolation Forest baseline (Score: 0.500; Recommended: ₹2,500,000.00; Description Length: 237 chars).","{""recommended_amount"": 2500000.0, ""description_length"": 237, ""raw_anomaly_score"": 0.6714}",ISOLATION_FOREST_TWO_FEATURE_BASELINE,Contamination Top 1.5%,"Score=0.500 (Amt=₹2,500,000.00, Len=237)",0.985,,"Two-Feature Joint Feature Space (Log Amount, Description Length)",2026-08-26T10:47:43.666818+00:00
ANOM_000870,WORK,278180,MULTIVARIATE_WORK_OUTLIER,0.5,LOW,"Two-feature multivariate outlier identified by Isolation Forest baseline (Score: 0.500; Recommended: ₹2,100,000.00; Description Length: 216 chars).","{""recommended_amount"": 2100000.0, ""description_length"": 216, ""raw_anomaly_score"": 0.6441}",ISOLATION_FOREST_TWO_FEATURE_BASELINE,Contamination Top 1.5%,"Score=0.500 (Amt=₹2,100,000.00, Len=216)",0.985,,"Two-Feature Joint Feature Space (Log Amount, Description Length)",2026-08-26T10:47:43.666818+00:00
ANOM_000871,WORK,278181,MULTIVARIATE_WORK_OUTLIER,0.5,LOW,"Two-feature multivariate outlier identified by Isolation Forest baseline (Score: 0.500; Recommended: ₹1,700,000.00; Description Length: 277 chars).","{""recommended_amount"": 1700000.0, ""description_length"": 277, ""raw_anomaly_score"": 0.6983}",ISOLATION_FOREST_TWO_FEATURE_BASELINE,Contamination Top 1.5%,"Score=0.500 (Amt=₹1,700,000.00, Len=277)",0.985,,"Two-Feature Joint Feature Space (Log Amount, Description Length)",2026-08-26T10:47:43.666818+00:00
ANOM_000872,WORK,278185,MULTIVARIATE_WORK_OUTLIER,0.5,LOW,"Two-feature multivariate outlier identified by Isolation Forest baseline (Score: 0.500; Recommended: ₹1,700,000.00; Description Length: 218 chars).","{""recommended_amount"": 1700000.0, ""description_length"": 218, ""raw_anomaly_score"": 0.6434}",ISOLATION_FOREST_TWO_FEATURE_BASELINE,Contamination Top 1.5%,"Score=0.500 (Amt=₹1,700,000.00, Len=218)",0.985,,"Two-Feature Joint Feature Space (Log Amount, Description Length)",2026-08-26T10:47:43.666818+00:00
ANOM_000874,WORK,278188,MULTIVARIATE_WORK_OUTLIER,0.5,LOW,"Two-feature multivariate outlier identified by Isolation Forest baseline (Score: 0.500; Recommended: ₹4,000,000.00; Description Length: 250 chars).","{""recommended_amount"": 4000000.0, ""description_length"": 250, ""raw_anomaly_score"": 0.7079}",ISOLATION_FOREST_TWO_FEATURE_BASELINE,Contamination Top 1.5%,"Score=0.500 (Amt=₹4,000,000.00, Len=250)",0.985,,"Two-Feature Joint Feature Space (Log Amount, Description Length)",2026-08-26T10:47:43.666818+00:00
ANOM_000875,WORK,279088,MULTIVARIATE_WORK_OUTLIER,0.5,LOW,"Two-feature multivariate outlier identified by Isolation Forest baseline (Score: 0.500; Recommended: ₹500,000.00; Description Length: 298 chars).","{""recommended_amount"": 500000.0, ""description_length"": 298, ""raw_anomaly_score"": 0.6611}",ISOLATION_FOREST_TWO_FEATURE_BASELINE,Contamination Top 1.5%,"Score=0.500 (Amt=₹500,000.00, Len=298)",0.985,,"Two-Feature Joint Feature Space (Log Amount, Description Length)",2026-08-26T10:47:43.666818+00:00
ANOM_000876,WORK,279089,MULTIVARIATE_WORK_OUTLIER,0.5,LOW,"Two-feature multivariate outlier identified by Isolation Forest baseline (Score: 0.500; Recommended: ₹500,000.00; Description Length: 305 chars).","{""recommended_amount"": 500000.0, ""description_length"": 305, ""raw_anomaly_score"": 0.6659}",ISOLATION_FOREST_TWO_FEATURE_BASELINE,Contamination Top 1.5%,"Score=0.500 (Amt=₹500,000.00, Len=305)",0.985,,"Two-Feature Joint Feature Space (Log Amount, Description Length)",2026-08-26T10:47:43.666818+00:00
ANOM_000877,WORK,280003,MULTIVARIATE_WORK_OUTLIER,0.5,LOW,"Two-feature multivariate outlier identified by Isolation Forest baseline (Score: 0.500; Recommended: ₹500,000.00; Description Length: 377 chars).","{""recommended_amount"": 500000.0, ""description_length"": 377, ""raw_anomaly_score"": 0.7153}",ISOLATION_FOREST_TWO_FEATURE_BASELINE,Contamination Top 1.5%,"Score=0.500 (Amt=₹500,000.00, Len=377)",0.985,,"Two-Feature Joint Feature Space (Log Amount, Description Length)",2026-08-26T10:47:43.666818+00:00
ANOM_000878,WORK,282346,MULTIVARIATE_WORK_OUTLIER,0.5,LOW,"Two-feature multivariate outlier identified by Isolation Forest baseline (Score: 0.500; Recommended: ₹2,500,000.00; Description Length: 246 chars).","{""recommended_amount"": 2500000.0, ""description_length"": 246, ""raw_anomaly_score"": 0.684}",ISOLATION_FOREST_TWO_FEATURE_BASELINE,Contamination Top 1.5%,"Score=0.500 (Amt=₹2,500,000.00, Len=246)",0.985,,"Two-Feature Joint Feature Space (Log Amount, Description Length)",2026-08-26T10:47:43.666818+00:00
ANOM_000879,WORK,298499,MULTIVARIATE_WORK_OUTLIER,0.5,LOW,"Two-feature multivariate outlier identified by Isolation Forest baseline (Score: 0.500; Recommended: ₹3,500,000.00; Description Length: 253 chars).","{""recommended_amount"": 3500000.0, ""description_length"": 253, ""raw_anomaly_score"": 0.7035}",ISOLATION_FOREST_TWO_FEATURE_BASELINE,Contamination Top 1.5%,"Score=0.500 (Amt=₹3,500,000.00, Len=253)",0.985,,"Two-Feature Joint Feature Space (Log Amount, Description Length)",2026-08-26T10:47:43.666818+00:00
ANOM_000880,WORK,299596,MULTIVARIATE_WORK_OUTLIER,0.5,LOW,"Two-feature multivariate outlier identified by Isolation Forest baseline (Score: 0.500; Recommended: ₹3,000,000.00; Description Length: 234 chars).","{""recommended_amount"": 3000000.0, ""description_length"": 234, ""raw_anomaly_score"": 0.6794}",ISOLATION_FOREST_TWO_FEATURE_BASELINE,Contamination Top 1.5%,"Score=0.500 (Amt=₹3,000,000.00, Len=234)",0.985,,"Two-Feature Joint Feature Space (Log Amount, Description Length)",2026-08-26T10:47:43.666818+00:00
ANOM_000881,WORK,300754,MULTIVARIATE_WORK_OUTLIER,0.5,LOW,"Two-feature multivariate outlier identified by Isolation Forest baseline (Score: 0.500; Recommended: ₹4,000,000.00; Description Length: 199 chars).","{""recommended_amount"": 4000000.0, ""description_length"": 199, ""raw_anomaly_score"": 0.6614}",ISOLATION_FOREST_TWO_FEATURE_BASELINE,Contamination Top 1.5%,"Score=0.500 (Amt=₹4,000,000.00, Len=199)",0.985,,"Two-Feature Joint Feature Space (Log Amount, Description Length)",2026-08-26T10:47:43.666818+00:00
ANOM_000882,WORK,227315,MULTIVARIATE_WORK_OUTLIER,0.5,LOW,"Two-feature multivariate outlier identified by Isolation Forest baseline (Score: 0.500; Recommended: ₹468,000.00; Description Length: 299 chars).","{""recommended_amount"": 468000.0, ""description_length"": 299, ""raw_anomaly_score"": 0.6762}",ISOLATION_FOREST_TWO_FEATURE_BASELINE,Contamination Top 1.5%,"Score=0.500 (Amt=₹468,000.00, Len=299)",0.985,,"Two-Feature Joint Feature Space (Log Amount, Description Length)",2026-08-26T10:47:43.666818+00:00
ANOM_000883,WORK,231326,MULTIVARIATE_WORK_OUTLIER,0.5,LOW,"Two-feature multivariate outlier identified by Isolation Forest baseline (Score: 0.500; Recommended: ₹1,500,000.00; Description Length: 224 chars).","{""recommended_amount"": 1500000.0, ""description_length"": 224, ""raw_anomaly_score"": 0.6469}",ISOLATION_FOREST_TWO_FEATURE_BASELINE,Contamination Top 1.5%,"Score=0.500 (Amt=₹1,500,000.00, Len=224)",0.985,,"Two-Feature Joint Feature Space (Log Amount, Description Length)",2026-08-26T10:47:43.666818+00:00
ANOM_000884,WORK,232506,MULTIVARIATE_WORK_OUTLIER,0.5,LOW,"Two-feature multivariate outlier identified by Isolation Forest baseline (Score: 0.500; Recommended: ₹1,995,000.00; Description Length: 270 chars).","{""recommended_amount"": 1995000.0, ""description_length"": 270, ""raw_anomaly_score"": 0.6972}",ISOLATION_FOREST_TWO_FEATURE_BASELINE,Contamination Top 1.5%,"Score=0.500 (Amt=₹1,995,000.00, Len=270)",0.985,,"Two-Feature Joint Feature Space (Log Amount, Description Length)",2026-08-26T10:47:43.666818+00:00
ANOM_000885,WORK,232509,MULTIVARIATE_WORK_OUTLIER,0.5,LOW,"Two-feature multivariate outlier identified by Isolation Forest baseline (Score: 0.500; Recommended: ₹1,800,000.00; Description Length: 278 chars).","{""recommended_amount"": 1800000.0, ""description_length"": 278, ""raw_anomaly_score"": 0.7045}",ISOLATION_FOREST_TWO_FEATURE_BASELINE,Contamination Top 1.5%,"Score=0.500 (Amt=₹1,800,000.00, Len=278)",0.985,,"Two-Feature Joint Feature Space (Log Amount, Description Length)",2026-08-26T10:47:43.666818+00:00
ANOM_000886,WORK,232510,MULTIVARIATE_WORK_OUTLIER,0.5,LOW,"Two-feature multivariate outlier identified by Isolation Forest baseline (Score: 0.500; Recommended: ₹1,800,000.00; Description Length: 278 chars).","{""recommended_amount"": 1800000.0, ""description_length"": 278, ""raw_anomaly_score"": 0.7045}",ISOLATION_FOREST_TWO_FEATURE_BASELINE,Contamination Top 1.5%,"Score=0.500 (Amt=₹1,800,000.00, Len=278)",0.985,,"Two-Feature Joint Feature Space (Log Amount, Description Length)",2026-08-26T10:47:43.666818+00:00
ANOM_000887,WORK,232511,MULTIVARIATE_WORK_OUTLIER,0.5,LOW,"Two-feature multivariate outlier identified by Isolation Forest baseline (Score: 0.500; Recommended: ₹1,800,000.00; Description Length: 307 chars).","{""recommended_amount"": 1800000.0, ""description_length"": 307, ""raw_anomaly_score"": 0.7229}",ISOLATION_FOREST_TWO_FEATURE_BASELINE,Contamination Top 1.5%,"Score=0.500 (Amt=₹1,800,000.00, Len=307)",0.985,,"Two-Feature Joint Feature Space (Log Amount, Description Length)",2026-08-26T10:47:43.666818+00:00
ANOM_000888,WORK,232512,MULTIVARIATE_WORK_OUTLIER,0.5,LOW,"Two-feature multivariate outlier identified by Isolation Forest baseline (Score: 0.500; Recommended: ₹1,800,000.00; Description Length: 317 chars).","{""recommended_amount"": 1800000.0, ""description_length"": 317, ""raw_anomaly_score"": 0.7302}",ISOLATION_FOREST_TWO_FEATURE_BASELINE,Contamination Top 1.5%,"Score=0.500 (Amt=₹1,800,000.00, Len=317)",0.985,,"Two-Feature Joint Feature Space (Log Amount, Description Length)",2026-08-26T10:47:43.666818+00:00
ANOM_000889,WORK,232513,MULTIVARIATE_WORK_OUTLIER,0.5,LOW,"Two-feature multivariate outlier identified by Isolation Forest baseline (Score: 0.500; Recommended: ₹1,800,000.00; Description Length: 314 chars).","{""recommended_amount"": 1800000.0, ""description_length"": 314, ""raw_anomaly_score"": 0.7259}",ISOLATION_FOREST_TWO_FEATURE_BASELINE,Contamination Top 1.5%,"Score=0.500 (Amt=₹1,800,000.00, Len=314)",0.985,,"Two-Feature Joint Feature Space (Log Amount, Description Length)",2026-08-26T10:47:43.666818+00:00
ANOM_000890,WORK,232514,MULTIVARIATE_WORK_OUTLIER,0.5,LOW,"Two-feature multivariate outlier identified by Isolation Forest baseline (Score: 0.500; Recommended: ₹1,800,000.00; Description Length: 287 chars).","{""recommended_amount"": 1800000.0, ""description_length"": 287, ""raw_anomaly_score"": 0.7098}",ISOLATION_FOREST_TWO_FEATURE_BASELINE,Contamination Top 1.5%,"Score=0.500 (Amt=₹1,800,000.00, Len=287)",0.985,,"Two-Feature Joint Feature Space (Log Amount, Description Length)",2026-08-26T10:47:43.666818+00:00
ANOM_000891,WORK,232515,MULTIVARIATE_WORK_OUTLIER,0.5,LOW,"Two-feature multivariate outlier identified by Isolation Forest baseline (Score: 0.500; Recommended: ₹1,800,000.00; Description Length: 325 chars).","{""recommended_amount"": 1800000.0, ""description_length"": 325, ""raw_anomaly_score"": 0.7317}",ISOLATION_FOREST_TWO_FEATURE_BASELINE,Contamination Top 1.5%,"Score=0.500 (Amt=₹1,800,000.00, Len=325)",0.985,,"Two-Feature Joint Feature Space (Log Amount, Description Length)",2026-08-26T10:47:43.666818+00:00
ANOM_000892,WORK,232516,MULTIVARIATE_WORK_OUTLIER,0.5,LOW,"Two-feature multivariate outlier identified by Isolation Forest baseline (Score: 0.500; Recommended: ₹1,800,000.00; Description Length: 291 chars).","{""recommended_amount"": 1800000.0, ""description_length"": 291, ""raw_anomaly_score"": 0.7117}",ISOLATION_FOREST_TWO_FEATURE_BASELINE,Contamination Top 1.5%,"Score=0.500 (Amt=₹1,800,000.00, Len=291)",0.985,,"Two-Feature Joint Feature Space (Log Amount, Description Length)",2026-08-26T10:47:43.666818+00:00
ANOM_000893,WORK,232517,MULTIVARIATE_WORK_OUTLIER,0.5,LOW,"Two-feature multivariate outlier identified by Isolation Forest baseline (Score: 0.500; Recommended: ₹1,800,000.00; Description Length: 302 chars).","{""recommended_amount"": 1800000.0, ""description_length"": 302, ""raw_anomaly_score"": 0.7167}",ISOLATION_FOREST_TWO_FEATURE_BASELINE,Contamination Top 1.5%,"Score=0.500 (Amt=₹1,800,000.00, Len=302)",0.985,,"Two-Feature Joint Feature Space (Log Amount, Description Length)",2026-08-26T10:47:43.666818+00:00
ANOM_000894,WORK,232518,MULTIVARIATE_WORK_OUTLIER,0.5,LOW,"Two-feature multivariate outlier identified by Isolation Forest baseline (Score: 0.500; Recommended: ₹1,800,000.00; Description Length: 298 chars).","{""recommended_amount"": 1800000.0, ""description_length"": 298, ""raw_anomaly_score"": 0.7167}",ISOLATION_FOREST_TWO_FEATURE_BASELINE,Contamination Top 1.5%,"Score=0.500 (Amt=₹1,800,000.00, Len=298)",0.985,,"Two-Feature Joint Feature Space (Log Amount, Description Length)",2026-08-26T10:47:43.666818+00:00
ANOM_000895,WORK,232519,MULTIVARIATE_WORK_OUTLIER,0.5,LOW,"Two-feature multivariate outlier identified by Isolation Forest baseline (Score: 0.500; Recommended: ₹1,800,000.00; Description Length: 304 chars).","{""recommended_amount"": 1800000.0, ""description_length"": 304, ""raw_anomaly_score"": 0.721}",ISOLATION_FOREST_TWO_FEATURE_BASELINE,Contamination Top 1.5%,"Score=0.500 (Amt=₹1,800,000.00, Len=304)",0.985,,"Two-Feature Joint Feature Space (Log Amount, Description Length)",2026-08-26T10:47:43.666818+00:00
ANOM_000896,WORK,302032,MULTIVARIATE_WORK_OUTLIER,0.5,LOW,"Two-feature multivariate outlier identified by Isolation Forest baseline (Score: 0.500; Recommended: ₹1,800,000.00; Description Length: 306 chars).","{""recommended_amount"": 1800000.0, ""description_length"": 306, ""raw_anomaly_score"": 0.7215}",ISOLATION_FOREST_TWO_FEATURE_BASELINE,Contamination Top 1.5%,"Score=0.500 (Amt=₹1,800,000.00, Len=306)",0.985,,"Two-Feature Joint Feature Space (Log Amount, Description Length)",2026-08-26T10:47:43.666818+00:00
ANOM_000897,WORK,302033,MULTIVARIATE_WORK_OUTLIER,0.5,LOW,"Two-feature multivariate outlier identified by Isolation Forest baseline (Score: 0.500; Recommended: ₹1,440,000.00; Description Length: 329 chars).","{""recommended_amount"": 1440000.0, ""description_length"": 329, ""raw_anomaly_score"": 0.7248}",ISOLATION_FOREST_TWO_FEATURE_BASELINE,Contamination Top 1.5%,"Score=0.500 (Amt=₹1,440,000.00, Len=329)",0.985,,"Two-Feature Joint Feature Space (Log Amount, Description Length)",2026-08-26T10:47:43.666818+00:00
ANOM_000898,WORK,302034,MULTIVARIATE_WORK_OUTLIER,0.5,LOW,"Two-feature multivariate outlier identified by Isolation Forest baseline (Score: 0.500; Recommended: ₹1,800,000.00; Description Length: 274 chars).","{""recommended_amount"": 1800000.0, ""description_length"": 274, ""raw_anomaly_score"": 0.7031}",ISOLATION_FOREST_TWO_FEATURE_BASELINE,Contamination Top 1.5%,"Score=0.500 (Amt=₹1,800,000.00, Len=274)",0.985,,"Two-Feature Joint Feature Space (Log Amount, Description Length)",2026-08-26T10:47:43.666818+00:00
ANOM_000899,WORK,302036,MULTIVARIATE_WORK_OUTLIER,0.5,LOW,"Two-feature multivariate outlier identified by Isolation Forest baseline (Score: 0.500; Recommended: ₹1,800,000.00; Description Length: 280 chars).","{""recommended_amount"": 1800000.0, ""description_length"": 280, ""raw_anomaly_score"": 0.7069}",ISOLATION_FOREST_TWO_FEATURE_BASELINE,Contamination Top 1.5%,"Score=0.500 (Amt=₹1,800,000.00, Len=280)",0.985,,"Two-Feature Joint Feature Space (Log Amount, Description Length)",2026-08-26T10:47:43.666818+00:00
ANOM_000900,WORK,302037,MULTIVARIATE_WORK_OUTLIER,0.5,LOW,"Two-feature multivariate outlier identified by Isolation Forest baseline (Score: 0.500; Recommended: ₹1,800,000.00; Description Length: 277 chars).","{""recommended_amount"": 1800000.0, ""description_length"": 277, ""raw_anomaly_score"": 0.7045}",ISOLATION_FOREST_TWO_FEATURE_BASELINE,Contamination Top 1.5%,"Score=0.500 (Amt=₹1,800,000.00, Len=277)",0.985,,"Two-Feature Joint Feature Space (Log Amount, Description Length)",2026-08-26T10:47:43.666818+00:00
ANOM_000901,WORK,302038,MULTIVARIATE_WORK_OUTLIER,0.5,LOW,"Two-feature multivariate outlier identified by Isolation Forest baseline (Score: 0.500; Recommended: ₹1,800,000.00; Description Length: 272 chars).","{""recommended_amount"": 1800000.0, ""description_length"": 272, ""raw_anomaly_score"": 0.7016}",ISOLATION_FOREST_TWO_FEATURE_BASELINE,Contamination Top 1.5%,"Score=0.500 (Amt=₹1,800,000.00, Len=272)",0.985,,"Two-Feature Joint Feature Space (Log Amount, Description Length)",2026-08-26T10:47:43.666818+00:00
ANOM_000902,WORK,302039,MULTIVARIATE_WORK_OUTLIER,0.5,LOW,"Two-feature multivariate outlier identified by Isolation Forest baseline (Score: 0.500; Recommended: ₹1,800,000.00; Description Length: 275 chars).","{""recommended_amount"": 1800000.0, ""description_length"": 275, ""raw_anomaly_score"": 0.7035}",ISOLATION_FOREST_TWO_FEATURE_BASELINE,Contamination Top 1.5%,"Score=0.500 (Amt=₹1,800,000.00, Len=275)",0.985,,"Two-Feature Joint Feature Space (Log Amount, Description Length)",2026-08-26T10:47:43.666818+00:00
ANOM_000903,WORK,302040,MULTIVARIATE_WORK_OUTLIER,0.5,LOW,"Two-feature multivariate outlier identified by Isolation Forest baseline (Score: 0.500; Recommended: ₹1,800,000.00; Description Length: 271 chars).","{""recommended_amount"": 1800000.0, ""description_length"": 271, ""raw_anomaly_score"": 0.7007}",ISOLATION_FOREST_TWO_FEATURE_BASELINE,Contamination Top 1.5%,"Score=0.500 (Amt=₹1,800,000.00, Len=271)",0.985,,"Two-Feature Joint Feature Space (Log Amount, Description Length)",2026-08-26T10:47:43.666818+00:00
ANOM_000904,WORK,302042,MULTIVARIATE_WORK_OUTLIER,0.5,LOW,"Two-feature multivariate outlier identified by Isolation Forest baseline (Score: 0.500; Recommended: ₹1,800,000.00; Description Length: 294 chars).","{""recommended_amount"": 1800000.0, ""description_length"": 294, ""raw_anomaly_score"": 0.7117}",ISOLATION_FOREST_TWO_FEATURE_BASELINE,Contamination Top 1.5%,"Score=0.500 (Amt=₹1,800,000.00, Len=294)",0.985,,"Two-Feature Joint Feature Space (Log Amount, Description Length)",2026-08-26T10:47:43.666818+00:00
ANOM_000905,WORK,302050,MULTIVARIATE_WORK_OUTLIER,0.5,LOW,"Two-feature multivariate outlier identified by Isolation Forest baseline (Score: 0.500; Recommended: ₹1,800,000.00; Description Length: 274 chars).","{""recommended_amount"": 1800000.0, ""description_length"": 274, ""raw_anomaly_score"": 0.7031}",ISOLATION_FOREST_TWO_FEATURE_BASELINE,Contamination Top 1.5%,"Score=0.500 (Amt=₹1,800,000.00, Len=274)",0.985,,"Two-Feature Joint Feature Space (Log Amount, Description Length)",2026-08-26T10:47:43.666818+00:00
ANOM_000906,WORK,302051,MULTIVARIATE_WORK_OUTLIER,0.5,LOW,"Two-feature multivariate outlier identified by Isolation Forest baseline (Score: 0.500; Recommended: ₹1,440,000.00; Description Length: 260 chars).","{""recommended_amount"": 1440000.0, ""description_length"": 260, ""raw_anomaly_score"": 0.6834}",ISOLATION_FOREST_TWO_FEATURE_BASELINE,Contamination Top 1.5%,"Score=0.500 (Amt=₹1,440,000.00, Len=260)",0.985,,"Two-Feature Joint Feature Space (Log Amount, Description Length)",2026-08-26T10:47:43.666818+00:00
ANOM_000907,WORK,302052,MULTIVARIATE_WORK_OUTLIER,0.5,LOW,Two-feature multivariate outlier identified by Isolation Forest baseline (Score: 0.500; Recommended: ₹1.00; Description Length: 0 chars).,"{""recommended_amount"": 1.0, ""description_length"": 0, ""raw_anomaly_score"": 0.7329}",ISOLATION_FOREST_TWO_FEATURE_BASELINE,Contamination Top 1.5%,"Score=0.500 (Amt=₹1.00, Len=0)",0.985,,"Two-Feature Joint Feature Space (Log Amount, Description Length)",2026-08-26T10:47:43.666818+00:00
ANOM_000908,WORK,302053,MULTIVARIATE_WORK_OUTLIER,0.5,LOW,Two-feature multivariate outlier identified by Isolation Forest baseline (Score: 0.500; Recommended: ₹1.00; Description Length: 3 chars).,"{""recommended_amount"": 1.0, ""description_length"": 3, ""raw_anomaly_score"": 0.73}",ISOLATION_FOREST_TWO_FEATURE_BASELINE,Contamination Top 1.5%,"Score=0.500 (Amt=₹1.00, Len=3)",0.985,,"Two-Feature Joint Feature Space (Log Amount, Description Length)",2026-08-26T10:47:43.666818+00:00
ANOM_000909,WORK,302054,MULTIVARIATE_WORK_OUTLIER,0.5,LOW,Two-feature multivariate outlier identified by Isolation Forest baseline (Score: 0.500; Recommended: ₹1.00; Description Length: 3 chars).,"{""recommended_amount"": 1.0, ""description_length"": 3, ""raw_anomaly_score"": 0.73}",ISOLATION_FOREST_TWO_FEATURE_BASELINE,Contamination Top 1.5%,"Score=0.500 (Amt=₹1.00, Len=3)",0.985,,"Two-Feature Joint Feature Space (Log Amount, Description Length)",2026-08-26T10:47:43.666818+00:00
ANOM_000910,WORK,150424,MULTIVARIATE_WORK_OUTLIER,0.5,LOW,"Two-feature multivariate outlier identified by Isolation Forest baseline (Score: 0.500; Recommended: ₹995,000.00; Description Length: 282 chars).","{""recommended_amount"": 995000.0, ""description_length"": 282, ""raw_anomaly_score"": 0.6673}",ISOLATION_FOREST_TWO_FEATURE_BASELINE,Contamination Top 1.5%,"Score=0.500 (Amt=₹995,000.00, Len=282)",0.985,,"Two-Feature Joint Feature Space (Log Amount, Description Length)",2026-08-26T10:47:43.666818+00:00
ANOM_000911,WORK,169546,MULTIVARIATE_WORK_OUTLIER,0.5,LOW,"Two-feature multivariate outlier identified by Isolation Forest baseline (Score: 0.500; Recommended: ₹850,000.00; Description Length: 253 chars).","{""recommended_amount"": 850000.0, ""description_length"": 253, ""raw_anomaly_score"": 0.6438}",ISOLATION_FOREST_TWO_FEATURE_BASELINE,Contamination Top 1.5%,"Score=0.500 (Amt=₹850,000.00, Len=253)",0.985,,"Two-Feature Joint Feature Space (Log Amount, Description Length)",2026-08-26T10:47:43.666818+00:00
ANOM_000913,WORK,198528,MULTIVARIATE_WORK_OUTLIER,0.5,LOW,"Two-feature multivariate outlier identified by Isolation Forest baseline (Score: 0.500; Recommended: ₹849,000.00; Description Length: 264 chars).","{""recommended_amount"": 849000.0, ""description_length"": 264, ""raw_anomaly_score"": 0.6569}",ISOLATION_FOREST_TWO_FEATURE_BASELINE,Contamination Top 1.5%,"Score=0.500 (Amt=₹849,000.00, Len=264)",0.985,,"Two-Feature Joint Feature Space (Log Amount, Description Length)",2026-08-26T10:47:43.666818+00:00
ANOM_000914,WORK,236021,MULTIVARIATE_WORK_OUTLIER,0.5,LOW,"Two-feature multivariate outlier identified by Isolation Forest baseline (Score: 0.500; Recommended: ₹300,000.00; Description Length: 259 chars).","{""recommended_amount"": 300000.0, ""description_length"": 259, ""raw_anomaly_score"": 0.6537}",ISOLATION_FOREST_TWO_FEATURE_BASELINE,Contamination Top 1.5%,"Score=0.500 (Amt=₹300,000.00, Len=259)",0.985,,"Two-Feature Joint Feature Space (Log Amount, Description Length)",2026-08-26T10:47:43.666818+00:00
ANOM_000915,WORK,239920,MULTIVARIATE_WORK_OUTLIER,0.5,LOW,"Two-feature multivariate outlier identified by Isolation Forest baseline (Score: 0.500; Recommended: ₹1,495,000.00; Description Length: 275 chars).","{""recommended_amount"": 1495000.0, ""description_length"": 275, ""raw_anomaly_score"": 0.695}",ISOLATION_FOREST_TWO_FEATURE_BASELINE,Contamination Top 1.5%,"Score=0.500 (Amt=₹1,495,000.00, Len=275)",0.985,,"Two-Feature Joint Feature Space (Log Amount, Description Length)",2026-08-26T10:47:43.666818+00:00
ANOM_000916,WORK,249792,MULTIVARIATE_WORK_OUTLIER,0.5,LOW,"Two-feature multivariate outlier identified by Isolation Forest baseline (Score: 0.500; Recommended: ₹1,350,000.00; Description Length: 307 chars).","{""recommended_amount"": 1350000.0, ""description_length"": 307, ""raw_anomaly_score"": 0.7132}",ISOLATION_FOREST_TWO_FEATURE_BASELINE,Contamination Top 1.5%,"Score=0.500 (Amt=₹1,350,000.00, Len=307)",0.985,,"Two-Feature Joint Feature Space (Log Amount, Description Length)",2026-08-26T10:47:43.666818+00:00
ANOM_000918,WORK,249794,MULTIVARIATE_WORK_OUTLIER,0.5,LOW,"Two-feature multivariate outlier identified by Isolation Forest baseline (Score: 0.500; Recommended: ₹600,000.00; Description Length: 281 chars).","{""recommended_amount"": 600000.0, ""description_length"": 281, ""raw_anomaly_score"": 0.6571}",ISOLATION_FOREST_TWO_FEATURE_BASELINE,Contamination Top 1.5%,"Score=0.500 (Amt=₹600,000.00, Len=281)",0.985,,"Two-Feature Joint Feature Space (Log Amount, Description Length)",2026-08-26T10:47:43.666818+00:00
ANOM_000919,WORK,249798,MULTIVARIATE_WORK_OUTLIER,0.5,LOW,"Two-feature multivariate outlier identified by Isolation Forest baseline (Score: 0.500; Recommended: ₹1,200,000.00; Description Length: 312 chars).","{""recommended_amount"": 1200000.0, ""description_length"": 312, ""raw_anomaly_score"": 0.7093}",ISOLATION_FOREST_TWO_FEATURE_BASELINE,Contamination Top 1.5%,"Score=0.500 (Amt=₹1,200,000.00, Len=312)",0.985,,"Two-Feature Joint Feature Space (Log Amount, Description Length)",2026-08-26T10:47:43.666818+00:00
ANOM_000921,WORK,249806,MULTIVARIATE_WORK_OUTLIER,0.5,LOW,"Two-feature multivariate outlier identified by Isolation Forest baseline (Score: 0.500; Recommended: ₹400,000.00; Description Length: 387 chars).","{""recommended_amount"": 400000.0, ""description_length"": 387, ""raw_anomaly_score"": 0.7301}",ISOLATION_FOREST_TWO_FEATURE_BASELINE,Contamination Top 1.5%,"Score=0.500 (Amt=₹400,000.00, Len=387)",0.985,,"Two-Feature Joint Feature Space (Log Amount, Description Length)",2026-08-26T10:47:43.666818+00:00
ANOM_000922,WORK,249814,MULTIVARIATE_WORK_OUTLIER,0.5,LOW,"Two-feature multivariate outlier identified by Isolation Forest baseline (Score: 0.500; Recommended: ₹550,000.00; Description Length: 342 chars).","{""recommended_amount"": 550000.0, ""description_length"": 342, ""raw_anomaly_score"": 0.6943}",ISOLATION_FOREST_TWO_FEATURE_BASELINE,Contamination Top 1.5%,"Score=0.500 (Amt=₹550,000.00, Len=342)",0.985,,"Two-Feature Joint Feature Space (Log Amount, Description Length)",2026-08-26T10:47:43.666818+00:00
ANOM_000923,WORK,261627,MULTIVARIATE_WORK_OUTLIER,0.5,LOW,"Two-feature multivariate outlier identified by Isolation Forest baseline (Score: 0.500; Recommended: ₹400,000.00; Description Length: 263 chars).","{""recommended_amount"": 400000.0, ""description_length"": 263, ""raw_anomaly_score"": 0.6488}",ISOLATION_FOREST_TWO_FEATURE_BASELINE,Contamination Top 1.5%,"Score=0.500 (Amt=₹400,000.00, Len=263)",0.985,,"Two-Feature Joint Feature Space (Log Amount, Description Length)",2026-08-26T10:47:43.666818+00:00
ANOM_000925,WORK,268504,MULTIVARIATE_WORK_OUTLIER,0.5,LOW,"Two-feature multivariate outlier identified by Isolation Forest baseline (Score: 0.500; Recommended: ₹4,368,000.00; Description Length: 246 chars).","{""recommended_amount"": 4368000.0, ""description_length"": 246, ""raw_anomaly_score"": 0.7113}",ISOLATION_FOREST_TWO_FEATURE_BASELINE,Contamination Top 1.5%,"Score=0.500 (Amt=₹4,368,000.00, Len=246)",0.985,,"Two-Feature Joint Feature Space (Log Amount, Description Length)",2026-08-26T10:47:43.666818+00:00
ANOM_000926,WORK,275700,MULTIVARIATE_WORK_OUTLIER,0.5,LOW,Two-feature multivariate outlier identified by Isolation Forest baseline (Score: 0.500; Recommended: ₹1.00; Description Length: 95 chars).,"{""recommended_amount"": 1.0, ""description_length"": 95, ""raw_anomaly_score"": 0.6652}",ISOLATION_FOREST_TWO_FEATURE_BASELINE,Contamination Top 1.5%,"Score=0.500 (Amt=₹1.00, Len=95)",0.985,,"Two-Feature Joint Feature Space (Log Amount, Description Length)",2026-08-26T10:47:43.666818+00:00
ANOM_000927,WORK,275701,MULTIVARIATE_WORK_OUTLIER,0.5,LOW,Two-feature multivariate outlier identified by Isolation Forest baseline (Score: 0.500; Recommended: ₹1.00; Description Length: 95 chars).,"{""recommended_amount"": 1.0, ""description_length"": 95, ""raw_anomaly_score"": 0.6652}",ISOLATION_FOREST_TWO_FEATURE_BASELINE,Contamination Top 1.5%,"Score=0.500 (Amt=₹1.00, Len=95)",0.985,,"Two-Feature Joint Feature Space (Log Amount, Description Length)",2026-08-26T10:47:43.666818+00:00
ANOM_000928,WORK,275703,MULTIVARIATE_WORK_OUTLIER,0.5,LOW,Two-feature multivariate outlier identified by Isolation Forest baseline (Score: 0.500; Recommended: ₹1.00; Description Length: 84 chars).,"{""recommended_amount"": 1.0, ""description_length"": 84, ""raw_anomaly_score"": 0.6463}",ISOLATION_FOREST_TWO_FEATURE_BASELINE,Contamination Top 1.5%,"Score=0.500 (Amt=₹1.00, Len=84)",0.985,,"Two-Feature Joint Feature Space (Log Amount, Description Length)",2026-08-26T10:47:43.666818+00:00
ANOM_000929,WORK,275704,MULTIVARIATE_WORK_OUTLIER,0.5,LOW,Two-feature multivariate outlier identified by Isolation Forest baseline (Score: 0.500; Recommended: ₹1.00; Description Length: 100 chars).,"{""recommended_amount"": 1.0, ""description_length"": 100, ""raw_anomaly_score"": 0.6697}",ISOLATION_FOREST_TWO_FEATURE_BASELINE,Contamination Top 1.5%,"Score=0.500 (Amt=₹1.00, Len=100)",0.985,,"Two-Feature Joint Feature Space (Log Amount, Description Length)",2026-08-26T10:47:43.666818+00:00
ANOM_000930,WORK,275706,MULTIVARIATE_WORK_OUTLIER,0.5,LOW,Two-feature multivariate outlier identified by Isolation Forest baseline (Score: 0.500; Recommended: ₹1.00; Description Length: 98 chars).,"{""recommended_amount"": 1.0, ""description_length"": 98, ""raw_anomaly_score"": 0.6687}",ISOLATION_FOREST_TWO_FEATURE_BASELINE,Contamination Top 1.5%,"Score=0.500 (Amt=₹1.00, Len=98)",0.985,,"Two-Feature Joint Feature Space (Log Amount, Description Length)",2026-08-26T10:47:43.666818+00:00
ANOM_000931,WORK,275708,MULTIVARIATE_WORK_OUTLIER,0.5,LOW,Two-feature multivariate outlier identified by Isolation Forest baseline (Score: 0.500; Recommended: ₹1.00; Description Length: 101 chars).,"{""recommended_amount"": 1.0, ""description_length"": 101, ""raw_anomaly_score"": 0.6717}",ISOLATION_FOREST_TWO_FEATURE_BASELINE,Contamination Top 1.5%,"Score=0.500 (Amt=₹1.00, Len=101)",0.985,,"Two-Feature Joint Feature Space (Log Amount, Description Length)",2026-08-26T10:47:43.666818+00:00
ANOM_000932,WORK,275709,MULTIVARIATE_WORK_OUTLIER,0.5,LOW,Two-feature multivariate outlier identified by Isolation Forest baseline (Score: 0.500; Recommended: ₹1.00; Description Length: 105 chars).,"{""recommended_amount"": 1.0, ""description_length"": 105, ""raw_anomaly_score"": 0.675}",ISOLATION_FOREST_TWO_FEATURE_BASELINE,Contamination Top 1.5%,"Score=0.500 (Amt=₹1.00, Len=105)",0.985,,"Two-Feature Joint Feature Space (Log Amount, Description Length)",2026-08-26T10:47:43.666818+00:00
ANOM_000933,WORK,275712,MULTIVARIATE_WORK_OUTLIER,0.5,LOW,Two-feature multivariate outlier identified by Isolation Forest baseline (Score: 0.500; Recommended: ₹610.00; Description Length: 110 chars).,"{""recommended_amount"": 610.0, ""description_length"": 110, ""raw_anomaly_score"": 0.6582}",ISOLATION_FOREST_TWO_FEATURE_BASELINE,Contamination Top 1.5%,"Score=0.500 (Amt=₹610.00, Len=110)",0.985,,"Two-Feature Joint Feature Space (Log Amount, Description Length)",2026-08-26T10:47:43.666818+00:00
ANOM_000934,WORK,275715,MULTIVARIATE_WORK_OUTLIER,0.5,LOW,Two-feature multivariate outlier identified by Isolation Forest baseline (Score: 0.500; Recommended: ₹1.00; Description Length: 92 chars).,"{""recommended_amount"": 1.0, ""description_length"": 92, ""raw_anomaly_score"": 0.6666}",ISOLATION_FOREST_TWO_FEATURE_BASELINE,Contamination Top 1.5%,"Score=0.500 (Amt=₹1.00, Len=92)",0.985,,"Two-Feature Joint Feature Space (Log Amount, Description Length)",2026-08-26T10:47:43.666818+00:00
ANOM_000935,WORK,275716,MULTIVARIATE_WORK_OUTLIER,0.5,LOW,Two-feature multivariate outlier identified by Isolation Forest baseline (Score: 0.500; Recommended: ₹1.00; Description Length: 100 chars).,"{""recommended_amount"": 1.0, ""description_length"": 100, ""raw_anomaly_score"": 0.6697}",ISOLATION_FOREST_TWO_FEATURE_BASELINE,Contamination Top 1.5%,"Score=0.500 (Amt=₹1.00, Len=100)",0.985,,"Two-Feature Joint Feature Space (Log Amount, Description Length)",2026-08-26T10:47:43.666818+00:00
ANOM_000936,WORK,275719,MULTIVARIATE_WORK_OUTLIER,0.5,LOW,Two-feature multivariate outlier identified by Isolation Forest baseline (Score: 0.500; Recommended: ₹1.00; Description Length: 100 chars).,"{""recommended_amount"": 1.0, ""description_length"": 100, ""raw_anomaly_score"": 0.6697}",ISOLATION_FOREST_TWO_FEATURE_BASELINE,Contamination Top 1.5%,"Score=0.500 (Amt=₹1.00, Len=100)",0.985,,"Two-Feature Joint Feature Space (Log Amount, Description Length)",2026-08-26T10:47:43.666818+00:00
ANOM_000937,WORK,278966,MULTIVARIATE_WORK_OUTLIER,0.5,LOW,"Two-feature multivariate outlier identified by Isolation Forest baseline (Score: 0.500; Recommended: ₹1,149,600.00; Description Length: 280 chars).","{""recommended_amount"": 1149600.0, ""description_length"": 280, ""raw_anomaly_score"": 0.683}",ISOLATION_FOREST_TWO_FEATURE_BASELINE,Contamination Top 1.5%,"Score=0.500 (Amt=₹1,149,600.00, Len=280)",0.985,,"Two-Feature Joint Feature Space (Log Amount, Description Length)",2026-08-26T10:47:43.666818+00:00
ANOM_000938,WORK,279939,MULTIVARIATE_WORK_OUTLIER,0.5,LOW,"Two-feature multivariate outlier identified by Isolation Forest baseline (Score: 0.500; Recommended: ₹1,500,000.00; Description Length: 264 chars).","{""recommended_amount"": 1500000.0, ""description_length"": 264, ""raw_anomaly_score"": 0.6848}",ISOLATION_FOREST_TWO_FEATURE_BASELINE,Contamination Top 1.5%,"Score=0.500 (Amt=₹1,500,000.00, Len=264)",0.985,,"Two-Feature Joint Feature Space (Log Amount, Description Length)",2026-08-26T10:47:43.666818+00:00
ANOM_000939,WORK,279940,MULTIVARIATE_WORK_OUTLIER,0.5,LOW,"Two-feature multivariate outlier identified by Isolation Forest baseline (Score: 0.500; Recommended: ₹1,499,000.00; Description Length: 259 chars).","{""recommended_amount"": 1499000.0, ""description_length"": 259, ""raw_anomaly_score"": 0.6829}",ISOLATION_FOREST_TWO_FEATURE_BASELINE,Contamination Top 1.5%,"Score=0.500 (Amt=₹1,499,000.00, Len=259)",0.985,,"Two-Feature Joint Feature Space (Log Amount, Description Length)",2026-08-26T10:47:43.666818+00:00
ANOM_000940,WORK,279945,MULTIVARIATE_WORK_OUTLIER,0.5,LOW,"Two-feature multivariate outlier identified by Isolation Forest baseline (Score: 0.500; Recommended: ₹1,497,200.00; Description Length: 248 chars).","{""recommended_amount"": 1497200.0, ""description_length"": 248, ""raw_anomaly_score"": 0.6697}",ISOLATION_FOREST_TWO_FEATURE_BASELINE,Contamination Top 1.5%,"Score=0.500 (Amt=₹1,497,200.00, Len=248)",0.985,,"Two-Feature Joint Feature Space (Log Amount, Description Length)",2026-08-26T10:47:43.666818+00:00
ANOM_000941,WORK,279946,MULTIVARIATE_WORK_OUTLIER,0.5,LOW,"Two-feature multivariate outlier identified by Isolation Forest baseline (Score: 0.500; Recommended: ₹1,497,000.00; Description Length: 245 chars).","{""recommended_amount"": 1497000.0, ""description_length"": 245, ""raw_anomaly_score"": 0.6693}",ISOLATION_FOREST_TWO_FEATURE_BASELINE,Contamination Top 1.5%,"Score=0.500 (Amt=₹1,497,000.00, Len=245)",0.985,,"Two-Feature Joint Feature Space (Log Amount, Description Length)",2026-08-26T10:47:43.666818+00:00
ANOM_000942,WORK,280954,MULTIVARIATE_WORK_OUTLIER,0.5,LOW,Two-feature multivariate outlier identified by Isolation Forest baseline (Score: 0.500; Recommended: ₹1.00; Description Length: 127 chars).,"{""recommended_amount"": 1.0, ""description_length"": 127, ""raw_anomaly_score"": 0.6886}",ISOLATION_FOREST_TWO_FEATURE_BASELINE,Contamination Top 1.5%,"Score=0.500 (Amt=₹1.00, Len=127)",0.985,,"Two-Feature Joint Feature Space (Log Amount, Description Length)",2026-08-26T10:47:43.666818+00:00
ANOM_000943,WORK,280955,MULTIVARIATE_WORK_OUTLIER,0.5,LOW,Two-feature multivariate outlier identified by Isolation Forest baseline (Score: 0.500; Recommended: ₹1.00; Description Length: 108 chars).,"{""recommended_amount"": 1.0, ""description_length"": 108, ""raw_anomaly_score"": 0.6747}",ISOLATION_FOREST_TWO_FEATURE_BASELINE,Contamination Top 1.5%,"Score=0.500 (Amt=₹1.00, Len=108)",0.985,,"Two-Feature Joint Feature Space (Log Amount, Description Length)",2026-08-26T10:47:43.666818+00:00
ANOM_000944,WORK,280956,MULTIVARIATE_WORK_OUTLIER,0.5,LOW,Two-feature multivariate outlier identified by Isolation Forest baseline (Score: 0.500; Recommended: ₹1.00; Description Length: 113 chars).,"{""recommended_amount"": 1.0, ""description_length"": 113, ""raw_anomaly_score"": 0.68}",ISOLATION_FOREST_TWO_FEATURE_BASELINE,Contamination Top 1.5%,"Score=0.500 (Amt=₹1.00, Len=113)",0.985,,"Two-Feature Joint Feature Space (Log Amount, Description Length)",2026-08-26T10:47:43.666818+00:00
ANOM_000945,WORK,280958,MULTIVARIATE_WORK_OUTLIER,0.5,LOW,Two-feature multivariate outlier identified by Isolation Forest baseline (Score: 0.500; Recommended: ₹1.00; Description Length: 106 chars).,"{""recommended_amount"": 1.0, ""description_length"": 106, ""raw_anomaly_score"": 0.6737}",ISOLATION_FOREST_TWO_FEATURE_BASELINE,Contamination Top 1.5%,"Score=0.500 (Amt=₹1.00, Len=106)",0.985,,"Two-Feature Joint Feature Space (Log Amount, Description Length)",2026-08-26T10:47:43.666818+00:00
ANOM_000946,WORK,280959,MULTIVARIATE_WORK_OUTLIER,0.5,LOW,Two-feature multivariate outlier identified by Isolation Forest baseline (Score: 0.500; Recommended: ₹1.00; Description Length: 107 chars).,"{""recommended_amount"": 1.0, ""description_length"": 107, ""raw_anomaly_score"": 0.674}",ISOLATION_FOREST_TWO_FEATURE_BASELINE,Contamination Top 1.5%,"Score=0.500 (Amt=₹1.00, Len=107)",0.985,,"Two-Feature Joint Feature Space (Log Amount, Description Length)",2026-08-26T10:47:43.666818+00:00
ANOM_000947,WORK,280970,MULTIVARIATE_WORK_OUTLIER,0.5,LOW,Two-feature multivariate outlier identified by Isolation Forest baseline (Score: 0.500; Recommended: ₹1.00; Description Length: 102 chars).,"{""recommended_amount"": 1.0, ""description_length"": 102, ""raw_anomaly_score"": 0.6717}",ISOLATION_FOREST_TWO_FEATURE_BASELINE,Contamination Top 1.5%,"Score=0.500 (Amt=₹1.00, Len=102)",0.985,,"Two-Feature Joint Feature Space (Log Amount, Description Length)",2026-08-26T10:47:43.666818+00:00
ANOM_000948,WORK,280974,MULTIVARIATE_WORK_OUTLIER,0.5,LOW,Two-feature multivariate outlier identified by Isolation Forest baseline (Score: 0.500; Recommended: ₹1.00; Description Length: 102 chars).,"{""recommended_amount"": 1.0, ""description_length"": 102, ""raw_anomaly_score"": 0.6717}",ISOLATION_FOREST_TWO_FEATURE_BASELINE,Contamination Top 1.5%,"Score=0.500 (Amt=₹1.00, Len=102)",0.985,,"Two-Feature Joint Feature Space (Log Amount, Description Length)",2026-08-26T10:47:43.666818+00:00
ANOM_000949,WORK,280975,MULTIVARIATE_WORK_OUTLIER,0.5,LOW,Two-feature multivariate outlier identified by Isolation Forest baseline (Score: 0.500; Recommended: ₹1.00; Description Length: 98 chars).,"{""recommended_amount"": 1.0, ""description_length"": 98, ""raw_anomaly_score"": 0.6687}",ISOLATION_FOREST_TWO_FEATURE_BASELINE,Contamination Top 1.5%,"Score=0.500 (Amt=₹1.00, Len=98)",0.985,,"Two-Feature Joint Feature Space (Log Amount, Description Length)",2026-08-26T10:47:43.666818+00:00
ANOM_000950,WORK,281630,MULTIVARIATE_WORK_OUTLIER,0.5,LOW,"Two-feature multivariate outlier identified by Isolation Forest baseline (Score: 0.500; Recommended: ₹1,197,041.00; Description Length: 256 chars).","{""recommended_amount"": 1197041.0, ""description_length"": 256, ""raw_anomaly_score"": 0.6706}",ISOLATION_FOREST_TWO_FEATURE_BASELINE,Contamination Top 1.5%,"Score=0.500 (Amt=₹1,197,041.00, Len=256)",0.985,,"Two-Feature Joint Feature Space (Log Amount, Description Length)",2026-08-26T10:47:43.666818+00:00
ANOM_000951,WORK,281687,MULTIVARIATE_WORK_OUTLIER,0.5,LOW,Two-feature multivariate outlier identified by Isolation Forest baseline (Score: 0.500; Recommended: ₹1.00; Description Length: 128 chars).,"{""recommended_amount"": 1.0, ""description_length"": 128, ""raw_anomaly_score"": 0.6865}",ISOLATION_FOREST_TWO_FEATURE_BASELINE,Contamination Top 1.5%,"Score=0.500 (Amt=₹1.00, Len=128)",0.985,,"Two-Feature Joint Feature Space (Log Amount, Description Length)",2026-08-26T10:47:43.666818+00:00
ANOM_000952,WORK,281689,MULTIVARIATE_WORK_OUTLIER,0.5,LOW,Two-feature multivariate outlier identified by Isolation Forest baseline (Score: 0.500; Recommended: ₹1.00; Description Length: 114 chars).,"{""recommended_amount"": 1.0, ""description_length"": 114, ""raw_anomaly_score"": 0.6794}",ISOLATION_FOREST_TWO_FEATURE_BASELINE,Contamination Top 1.5%,"Score=0.500 (Amt=₹1.00, Len=114)",0.985,,"Two-Feature Joint Feature Space (Log Amount, Description Length)",2026-08-26T10:47:43.666818+00:00
ANOM_000953,WORK,285077,MULTIVARIATE_WORK_OUTLIER,0.5,LOW,"Two-feature multivariate outlier identified by Isolation Forest baseline (Score: 0.500; Recommended: ₹1,499,900.00; Description Length: 226 chars).","{""recommended_amount"": 1499900.0, ""description_length"": 226, ""raw_anomaly_score"": 0.6482}",ISOLATION_FOREST_TWO_FEATURE_BASELINE,Contamination Top 1.5%,"Score=0.500 (Amt=₹1,499,900.00, Len=226)",0.985,,"Two-Feature Joint Feature Space (Log Amount, Description Length)",2026-08-26T10:47:43.666818+00:00
ANOM_000954,WORK,286937,MULTIVARIATE_WORK_OUTLIER,0.5,LOW,"Two-feature multivariate outlier identified by Isolation Forest baseline (Score: 0.500; Recommended: ₹1,500,000.00; Description Length: 324 chars).","{""recommended_amount"": 1500000.0, ""description_length"": 324, ""raw_anomaly_score"": 0.7233}",ISOLATION_FOREST_TWO_FEATURE_BASELINE,Contamination Top 1.5%,"Score=0.500 (Amt=₹1,500,000.00, Len=324)",0.985,,"Two-Feature Joint Feature Space (Log Amount, Description Length)",2026-08-26T10:47:43.666818+00:00
ANOM_000955,WORK,286997,MULTIVARIATE_WORK_OUTLIER,0.5,LOW,"Two-feature multivariate outlier identified by Isolation Forest baseline (Score: 0.500; Recommended: ₹1,500,000.00; Description Length: 301 chars).","{""recommended_amount"": 1500000.0, ""description_length"": 301, ""raw_anomaly_score"": 0.7076}",ISOLATION_FOREST_TWO_FEATURE_BASELINE,Contamination Top 1.5%,"Score=0.500 (Amt=₹1,500,000.00, Len=301)",0.985,,"Two-Feature Joint Feature Space (Log Amount, Description Length)",2026-08-26T10:47:43.666818+00:00
ANOM_000956,WORK,287004,MULTIVARIATE_WORK_OUTLIER,0.5,LOW,"Two-feature multivariate outlier identified by Isolation Forest baseline (Score: 0.500; Recommended: ₹1,500,000.00; Description Length: 300 chars).","{""recommended_amount"": 1500000.0, ""description_length"": 300, ""raw_anomaly_score"": 0.7076}",ISOLATION_FOREST_TWO_FEATURE_BASELINE,Contamination Top 1.5%,"Score=0.500 (Amt=₹1,500,000.00, Len=300)",0.985,,"Two-Feature Joint Feature Space (Log Amount, Description Length)",2026-08-26T10:47:43.666818+00:00
ANOM_000957,WORK,287007,MULTIVARIATE_WORK_OUTLIER,0.5,LOW,"Two-feature multivariate outlier identified by Isolation Forest baseline (Score: 0.500; Recommended: ₹1,500,000.00; Description Length: 287 chars).","{""recommended_amount"": 1500000.0, ""description_length"": 287, ""raw_anomaly_score"": 0.7007}",ISOLATION_FOREST_TWO_FEATURE_BASELINE,Contamination Top 1.5%,"Score=0.500 (Amt=₹1,500,000.00, Len=287)",0.985,,"Two-Feature Joint Feature Space (Log Amount, Description Length)",2026-08-26T10:47:43.666818+00:00
ANOM_000958,WORK,287008,MULTIVARIATE_WORK_OUTLIER,0.5,LOW,"Two-feature multivariate outlier identified by Isolation Forest baseline (Score: 0.500; Recommended: ₹1,500,000.00; Description Length: 310 chars).","{""recommended_amount"": 1500000.0, ""description_length"": 310, ""raw_anomaly_score"": 0.7156}",ISOLATION_FOREST_TWO_FEATURE_BASELINE,Contamination Top 1.5%,"Score=0.500 (Amt=₹1,500,000.00, Len=310)",0.985,,"Two-Feature Joint Feature Space (Log Amount, Description Length)",2026-08-26T10:47:43.666818+00:00
ANOM_000959,WORK,287012,MULTIVARIATE_WORK_OUTLIER,0.5,LOW,"Two-feature multivariate outlier identified by Isolation Forest baseline (Score: 0.500; Recommended: ₹1,500,000.00; Description Length: 314 chars).","{""recommended_amount"": 1500000.0, ""description_length"": 314, ""raw_anomaly_score"": 0.7176}",ISOLATION_FOREST_TWO_FEATURE_BASELINE,Contamination Top 1.5%,"Score=0.500 (Amt=₹1,500,000.00, Len=314)",0.985,,"Two-Feature Joint Feature Space (Log Amount, Description Length)",2026-08-26T10:47:43.666818+00:00
ANOM_000960,WORK,287013,MULTIVARIATE_WORK_OUTLIER,0.5,LOW,"Two-feature multivariate outlier identified by Isolation Forest baseline (Score: 0.500; Recommended: ₹1,500,000.00; Description Length: 296 chars).","{""recommended_amount"": 1500000.0, ""description_length"": 296, ""raw_anomaly_score"": 0.7026}",ISOLATION_FOREST_TWO_FEATURE_BASELINE,Contamination Top 1.5%,"Score=0.500 (Amt=₹1,500,000.00, Len=296)",0.985,,"Two-Feature Joint Feature Space (Log Amount, Description Length)",2026-08-26T10:47:43.666818+00:00
ANOM_000961,WORK,287014,MULTIVARIATE_WORK_OUTLIER,0.5,LOW,"Two-feature multivariate outlier identified by Isolation Forest baseline (Score: 0.500; Recommended: ₹1,500,000.00; Description Length: 304 chars).","{""recommended_amount"": 1500000.0, ""description_length"": 304, ""raw_anomaly_score"": 0.7118}",ISOLATION_FOREST_TWO_FEATURE_BASELINE,Contamination Top 1.5%,"Score=0.500 (Amt=₹1,500,000.00, Len=304)",0.985,,"Two-Feature Joint Feature Space (Log Amount, Description Length)",2026-08-26T10:47:43.666818+00:00
ANOM_000962,WORK,287015,MULTIVARIATE_WORK_OUTLIER,0.5,LOW,"Two-feature multivariate outlier identified by Isolation Forest baseline (Score: 0.500; Recommended: ₹1,500,000.00; Description Length: 306 chars).","{""recommended_amount"": 1500000.0, ""description_length"": 306, ""raw_anomaly_score"": 0.7122}",ISOLATION_FOREST_TWO_FEATURE_BASELINE,Contamination Top 1.5%,"Score=0.500 (Amt=₹1,500,000.00, Len=306)",0.985,,"Two-Feature Joint Feature Space (Log Amount, Description Length)",2026-08-26T10:47:43.666818+00:00
ANOM_000963,WORK,287016,MULTIVARIATE_WORK_OUTLIER,0.5,LOW,"Two-feature multivariate outlier identified by Isolation Forest baseline (Score: 0.500; Recommended: ₹1,500,000.00; Description Length: 290 chars).","{""recommended_amount"": 1500000.0, ""description_length"": 290, ""raw_anomaly_score"": 0.7026}",ISOLATION_FOREST_TWO_FEATURE_BASELINE,Contamination Top 1.5%,"Score=0.500 (Amt=₹1,500,000.00, Len=290)",0.985,,"Two-Feature Joint Feature Space (Log Amount, Description Length)",2026-08-26T10:47:43.666818+00:00
ANOM_000964,WORK,287076,MULTIVARIATE_WORK_OUTLIER,0.5,LOW,"Two-feature multivariate outlier identified by Isolation Forest baseline (Score: 0.500; Recommended: ₹1,500,000.00; Description Length: 301 chars).","{""recommended_amount"": 1500000.0, ""description_length"": 301, ""raw_anomaly_score"": 0.7076}",ISOLATION_FOREST_TWO_FEATURE_BASELINE,Contamination Top 1.5%,"Score=0.500 (Amt=₹1,500,000.00, Len=301)",0.985,,"Two-Feature Joint Feature Space (Log Amount, Description Length)",2026-08-26T10:47:43.666818+00:00
ANOM_000965,WORK,287079,MULTIVARIATE_WORK_OUTLIER,0.5,LOW,"Two-feature multivariate outlier identified by Isolation Forest baseline (Score: 0.500; Recommended: ₹1,500,000.00; Description Length: 312 chars).","{""recommended_amount"": 1500000.0, ""description_length"": 312, ""raw_anomaly_score"": 0.7176}",ISOLATION_FOREST_TWO_FEATURE_BASELINE,Contamination Top 1.5%,"Score=0.500 (Amt=₹1,500,000.00, Len=312)",0.985,,"Two-Feature Joint Feature Space (Log Amount, Description Length)",2026-08-26T10:47:43.666818+00:00
ANOM_000966,WORK,287080,MULTIVARIATE_WORK_OUTLIER,0.5,LOW,"Two-feature multivariate outlier identified by Isolation Forest baseline (Score: 0.500; Recommended: ₹1,500,000.00; Description Length: 315 chars).","{""recommended_amount"": 1500000.0, ""description_length"": 315, ""raw_anomaly_score"": 0.7176}",ISOLATION_FOREST_TWO_FEATURE_BASELINE,Contamination Top 1.5%,"Score=0.500 (Amt=₹1,500,000.00, Len=315)",0.985,,"Two-Feature Joint Feature Space (Log Amount, Description Length)",2026-08-26T10:47:43.666818+00:00
ANOM_000967,WORK,287082,MULTIVARIATE_WORK_OUTLIER,0.5,LOW,"Two-feature multivariate outlier identified by Isolation Forest baseline (Score: 0.500; Recommended: ₹1,500,000.00; Description Length: 290 chars).","{""recommended_amount"": 1500000.0, ""description_length"": 290, ""raw_anomaly_score"": 0.7026}",ISOLATION_FOREST_TWO_FEATURE_BASELINE,Contamination Top 1.5%,"Score=0.500 (Amt=₹1,500,000.00, Len=290)",0.985,,"Two-Feature Joint Feature Space (Log Amount, Description Length)",2026-08-26T10:47:43.666818+00:00
ANOM_000968,WORK,287085,MULTIVARIATE_WORK_OUTLIER,0.5,LOW,"Two-feature multivariate outlier identified by Isolation Forest baseline (Score: 0.500; Recommended: ₹1,500,000.00; Description Length: 292 chars).","{""recommended_amount"": 1500000.0, ""description_length"": 292, ""raw_anomaly_score"": 0.7026}",ISOLATION_FOREST_TWO_FEATURE_BASELINE,Contamination Top 1.5%,"Score=0.500 (Amt=₹1,500,000.00, Len=292)",0.985,,"Two-Feature Joint Feature Space (Log Amount, Description Length)",2026-08-26T10:47:43.666818+00:00
ANOM_000969,WORK,287090,MULTIVARIATE_WORK_OUTLIER,0.5,LOW,"Two-feature multivariate outlier identified by Isolation Forest baseline (Score: 0.500; Recommended: ₹1,500,000.00; Description Length: 286 chars).","{""recommended_amount"": 1500000.0, ""description_length"": 286, ""raw_anomaly_score"": 0.6983}",ISOLATION_FOREST_TWO_FEATURE_BASELINE,Contamination Top 1.5%,"Score=0.500 (Amt=₹1,500,000.00, Len=286)",0.985,,"Two-Feature Joint Feature Space (Log Amount, Description Length)",2026-08-26T10:47:43.666818+00:00
ANOM_000970,WORK,287750,MULTIVARIATE_WORK_OUTLIER,0.5,LOW,"Two-feature multivariate outlier identified by Isolation Forest baseline (Score: 0.500; Recommended: ₹1,499,100.00; Description Length: 246 chars).","{""recommended_amount"": 1499100.0, ""description_length"": 246, ""raw_anomaly_score"": 0.6702}",ISOLATION_FOREST_TWO_FEATURE_BASELINE,Contamination Top 1.5%,"Score=0.500 (Amt=₹1,499,100.00, Len=246)",0.985,,"Two-Feature Joint Feature Space (Log Amount, Description Length)",2026-08-26T10:47:43.666818+00:00
ANOM_000971,WORK,289069,MULTIVARIATE_WORK_OUTLIER,0.5,LOW,"Two-feature multivariate outlier identified by Isolation Forest baseline (Score: 0.500; Recommended: ₹300,000.00; Description Length: 349 chars).","{""recommended_amount"": 300000.0, ""description_length"": 349, ""raw_anomaly_score"": 0.7121}",ISOLATION_FOREST_TWO_FEATURE_BASELINE,Contamination Top 1.5%,"Score=0.500 (Amt=₹300,000.00, Len=349)",0.985,,"Two-Feature Joint Feature Space (Log Amount, Description Length)",2026-08-26T10:47:43.666818+00:00
ANOM_000972,WORK,289082,MULTIVARIATE_WORK_OUTLIER,0.5,LOW,"Two-feature multivariate outlier identified by Isolation Forest baseline (Score: 0.500; Recommended: ₹500,000.00; Description Length: 313 chars).","{""recommended_amount"": 500000.0, ""description_length"": 313, ""raw_anomaly_score"": 0.6714}",ISOLATION_FOREST_TWO_FEATURE_BASELINE,Contamination Top 1.5%,"Score=0.500 (Amt=₹500,000.00, Len=313)",0.985,,"Two-Feature Joint Feature Space (Log Amount, Description Length)",2026-08-26T10:47:43.666818+00:00
ANOM_000973,WORK,289316,MULTIVARIATE_WORK_OUTLIER,0.5,LOW,"Two-feature multivariate outlier identified by Isolation Forest baseline (Score: 0.500; Recommended: ₹2,496,000.00; Description Length: 227 chars).","{""recommended_amount"": 2496000.0, ""description_length"": 227, ""raw_anomaly_score"": 0.664}",ISOLATION_FOREST_TWO_FEATURE_BASELINE,Contamination Top 1.5%,"Score=0.500 (Amt=₹2,496,000.00, Len=227)",0.985,,"Two-Feature Joint Feature Space (Log Amount, Description Length)",2026-08-26T10:47:43.666818+00:00
ANOM_000974,WORK,289815,MULTIVARIATE_WORK_OUTLIER,0.5,LOW,"Two-feature multivariate outlier identified by Isolation Forest baseline (Score: 0.500; Recommended: ₹998,000.00; Description Length: 268 chars).","{""recommended_amount"": 998000.0, ""description_length"": 268, ""raw_anomaly_score"": 0.6569}",ISOLATION_FOREST_TWO_FEATURE_BASELINE,Contamination Top 1.5%,"Score=0.500 (Amt=₹998,000.00, Len=268)",0.985,,"Two-Feature Joint Feature Space (Log Amount, Description Length)",2026-08-26T10:47:43.666818+00:00
ANOM_000975,WORK,289816,MULTIVARIATE_WORK_OUTLIER,0.5,LOW,"Two-feature multivariate outlier identified by Isolation Forest baseline (Score: 0.500; Recommended: ₹998,000.00; Description Length: 268 chars).","{""recommended_amount"": 998000.0, ""description_length"": 268, ""raw_anomaly_score"": 0.6569}",ISOLATION_FOREST_TWO_FEATURE_BASELINE,Contamination Top 1.5%,"Score=0.500 (Amt=₹998,000.00, Len=268)",0.985,,"Two-Feature Joint Feature Space (Log Amount, Description Length)",2026-08-26T10:47:43.666818+00:00
ANOM_000976,WORK,289818,MULTIVARIATE_WORK_OUTLIER,0.5,LOW,"Two-feature multivariate outlier identified by Isolation Forest baseline (Score: 0.500; Recommended: ₹998,000.00; Description Length: 268 chars).","{""recommended_amount"": 998000.0, ""description_length"": 268, ""raw_anomaly_score"": 0.6569}",ISOLATION_FOREST_TWO_FEATURE_BASELINE,Contamination Top 1.5%,"Score=0.500 (Amt=₹998,000.00, Len=268)",0.985,,"Two-Feature Joint Feature Space (Log Amount, Description Length)",2026-08-26T10:47:43.666818+00:00
ANOM_000977,WORK,289819,MULTIVARIATE_WORK_OUTLIER,0.5,LOW,"Two-feature multivariate outlier identified by Isolation Forest baseline (Score: 0.500; Recommended: ₹998,000.00; Description Length: 286 chars).","{""recommended_amount"": 998000.0, ""description_length"": 286, ""raw_anomaly_score"": 0.6659}",ISOLATION_FOREST_TWO_FEATURE_BASELINE,Contamination Top 1.5%,"Score=0.500 (Amt=₹998,000.00, Len=286)",0.985,,"Two-Feature Joint Feature Space (Log Amount, Description Length)",2026-08-26T10:47:43.666818+00:00
ANOM_000978,WORK,289820,MULTIVARIATE_WORK_OUTLIER,0.5,LOW,"Two-feature multivariate outlier identified by Isolation Forest baseline (Score: 0.500; Recommended: ₹998,000.00; Description Length: 285 chars).","{""recommended_amount"": 998000.0, ""description_length"": 285, ""raw_anomaly_score"": 0.6659}",ISOLATION_FOREST_TWO_FEATURE_BASELINE,Contamination Top 1.5%,"Score=0.500 (Amt=₹998,000.00, Len=285)",0.985,,"Two-Feature Joint Feature Space (Log Amount, Description Length)",2026-08-26T10:47:43.666818+00:00
ANOM_000979,WORK,289821,MULTIVARIATE_WORK_OUTLIER,0.5,LOW,"Two-feature multivariate outlier identified by Isolation Forest baseline (Score: 0.500; Recommended: ₹998,000.00; Description Length: 266 chars).","{""recommended_amount"": 998000.0, ""description_length"": 266, ""raw_anomaly_score"": 0.6569}",ISOLATION_FOREST_TWO_FEATURE_BASELINE,Contamination Top 1.5%,"Score=0.500 (Amt=₹998,000.00, Len=266)",0.985,,"Two-Feature Joint Feature Space (Log Amount, Description Length)",2026-08-26T10:47:43.666818+00:00
ANOM_000980,WORK,289822,MULTIVARIATE_WORK_OUTLIER,0.5,LOW,"Two-feature multivariate outlier identified by Isolation Forest baseline (Score: 0.500; Recommended: ₹998,000.00; Description Length: 266 chars).","{""recommended_amount"": 998000.0, ""description_length"": 266, ""raw_anomaly_score"": 0.6569}",ISOLATION_FOREST_TWO_FEATURE_BASELINE,Contamination Top 1.5%,"Score=0.500 (Amt=₹998,000.00, Len=266)",0.985,,"Two-Feature Joint Feature Space (Log Amount, Description Length)",2026-08-26T10:47:43.666818+00:00
ANOM_000981,WORK,289823,MULTIVARIATE_WORK_OUTLIER,0.5,LOW,"Two-feature multivariate outlier identified by Isolation Forest baseline (Score: 0.500; Recommended: ₹998,000.00; Description Length: 266 chars).","{""recommended_amount"": 998000.0, ""description_length"": 266, ""raw_anomaly_score"": 0.6569}",ISOLATION_FOREST_TWO_FEATURE_BASELINE,Contamination Top 1.5%,"Score=0.500 (Amt=₹998,000.00, Len=266)",0.985,,"Two-Feature Joint Feature Space (Log Amount, Description Length)",2026-08-26T10:47:43.666818+00:00
ANOM_000982,WORK,289824,MULTIVARIATE_WORK_OUTLIER,0.5,LOW,"Two-feature multivariate outlier identified by Isolation Forest baseline (Score: 0.500; Recommended: ₹998,000.00; Description Length: 268 chars).","{""recommended_amount"": 998000.0, ""description_length"": 268, ""raw_anomaly_score"": 0.6569}",ISOLATION_FOREST_TWO_FEATURE_BASELINE,Contamination Top 1.5%,"Score=0.500 (Amt=₹998,000.00, Len=268)",0.985,,"Two-Feature Joint Feature Space (Log Amount, Description Length)",2026-08-26T10:47:43.666818+00:00
ANOM_000983,WORK,289825,MULTIVARIATE_WORK_OUTLIER,0.5,LOW,"Two-feature multivariate outlier identified by Isolation Forest baseline (Score: 0.500; Recommended: ₹998,000.00; Description Length: 268 chars).","{""recommended_amount"": 998000.0, ""description_length"": 268, ""raw_anomaly_score"": 0.6569}",ISOLATION_FOREST_TWO_FEATURE_BASELINE,Contamination Top 1.5%,"Score=0.500 (Amt=₹998,000.00, Len=268)",0.985,,"Two-Feature Joint Feature Space (Log Amount, Description Length)",2026-08-26T10:47:43.666818+00:00
ANOM_000984,WORK,289826,MULTIVARIATE_WORK_OUTLIER,0.5,LOW,"Two-feature multivariate outlier identified by Isolation Forest baseline (Score: 0.500; Recommended: ₹998,000.00; Description Length: 270 chars).","{""recommended_amount"": 998000.0, ""description_length"": 270, ""raw_anomaly_score"": 0.6582}",ISOLATION_FOREST_TWO_FEATURE_BASELINE,Contamination Top 1.5%,"Score=0.500 (Amt=₹998,000.00, Len=270)",0.985,,"Two-Feature Joint Feature Space (Log Amount, Description Length)",2026-08-26T10:47:43.666818+00:00
ANOM_000985,WORK,289827,MULTIVARIATE_WORK_OUTLIER,0.5,LOW,"Two-feature multivariate outlier identified by Isolation Forest baseline (Score: 0.500; Recommended: ₹998,000.00; Description Length: 270 chars).","{""recommended_amount"": 998000.0, ""description_length"": 270, ""raw_anomaly_score"": 0.6582}",ISOLATION_FOREST_TWO_FEATURE_BASELINE,Contamination Top 1.5%,"Score=0.500 (Amt=₹998,000.00, Len=270)",0.985,,"Two-Feature Joint Feature Space (Log Amount, Description Length)",2026-08-26T10:47:43.666818+00:00
ANOM_000986,WORK,289828,MULTIVARIATE_WORK_OUTLIER,0.5,LOW,"Two-feature multivariate outlier identified by Isolation Forest baseline (Score: 0.500; Recommended: ₹998,000.00; Description Length: 270 chars).","{""recommended_amount"": 998000.0, ""description_length"": 270, ""raw_anomaly_score"": 0.6582}",ISOLATION_FOREST_TWO_FEATURE_BASELINE,Contamination Top 1.5%,"Score=0.500 (Amt=₹998,000.00, Len=270)",0.985,,"Two-Feature Joint Feature Space (Log Amount, Description Length)",2026-08-26T10:47:43.666818+00:00
ANOM_000987,WORK,289829,MULTIVARIATE_WORK_OUTLIER,0.5,LOW,"Two-feature multivariate outlier identified by Isolation Forest baseline (Score: 0.500; Recommended: ₹998,000.00; Description Length: 268 chars).","{""recommended_amount"": 998000.0, ""description_length"": 268, ""raw_anomaly_score"": 0.6569}",ISOLATION_FOREST_TWO_FEATURE_BASELINE,Contamination Top 1.5%,"Score=0.500 (Amt=₹998,000.00, Len=268)",0.985,,"Two-Feature Joint Feature Space (Log Amount, Description Length)",2026-08-26T10:47:43.666818+00:00
ANOM_000988,WORK,289830,MULTIVARIATE_WORK_OUTLIER,0.5,LOW,"Two-feature multivariate outlier identified by Isolation Forest baseline (Score: 0.500; Recommended: ₹998,000.00; Description Length: 268 chars).","{""recommended_amount"": 998000.0, ""description_length"": 268, ""raw_anomaly_score"": 0.6569}",ISOLATION_FOREST_TWO_FEATURE_BASELINE,Contamination Top 1.5%,"Score=0.500 (Amt=₹998,000.00, Len=268)",0.985,,"Two-Feature Joint Feature Space (Log Amount, Description Length)",2026-08-26T10:47:43.666818+00:00
ANOM_000989,WORK,291569,MULTIVARIATE_WORK_OUTLIER,0.5,LOW,"Two-feature multivariate outlier identified by Isolation Forest baseline (Score: 0.500; Recommended: ₹400,000.00; Description Length: 400 chars).","{""recommended_amount"": 400000.0, ""description_length"": 400, ""raw_anomaly_score"": 0.7306}",ISOLATION_FOREST_TWO_FEATURE_BASELINE,Contamination Top 1.5%,"Score=0.500 (Amt=₹400,000.00, Len=400)",0.985,,"Two-Feature Joint Feature Space (Log Amount, Description Length)",2026-08-26T10:47:43.666818+00:00
ANOM_000990,WORK,291571,MULTIVARIATE_WORK_OUTLIER,0.5,LOW,"Two-feature multivariate outlier identified by Isolation Forest baseline (Score: 0.500; Recommended: ₹300,000.00; Description Length: 354 chars).","{""recommended_amount"": 300000.0, ""description_length"": 354, ""raw_anomaly_score"": 0.7135}",ISOLATION_FOREST_TWO_FEATURE_BASELINE,Contamination Top 1.5%,"Score=0.500 (Amt=₹300,000.00, Len=354)",0.985,,"Two-Feature Joint Feature Space (Log Amount, Description Length)",2026-08-26T10:47:43.666818+00:00
ANOM_000991,WORK,291572,MULTIVARIATE_WORK_OUTLIER,0.5,LOW,"Two-feature multivariate outlier identified by Isolation Forest baseline (Score: 0.500; Recommended: ₹400,000.00; Description Length: 326 chars).","{""recommended_amount"": 400000.0, ""description_length"": 326, ""raw_anomaly_score"": 0.693}",ISOLATION_FOREST_TWO_FEATURE_BASELINE,Contamination Top 1.5%,"Score=0.500 (Amt=₹400,000.00, Len=326)",0.985,,"Two-Feature Joint Feature Space (Log Amount, Description Length)",2026-08-26T10:47:43.666818+00:00
ANOM_000992,WORK,291573,MULTIVARIATE_WORK_OUTLIER,0.5,LOW,"Two-feature multivariate outlier identified by Isolation Forest baseline (Score: 0.500; Recommended: ₹400,000.00; Description Length: 360 chars).","{""recommended_amount"": 400000.0, ""description_length"": 360, ""raw_anomaly_score"": 0.7178}",ISOLATION_FOREST_TWO_FEATURE_BASELINE,Contamination Top 1.5%,"Score=0.500 (Amt=₹400,000.00, Len=360)",0.985,,"Two-Feature Joint Feature Space (Log Amount, Description Length)",2026-08-26T10:47:43.666818+00:00
ANOM_000993,WORK,291586,MULTIVARIATE_WORK_OUTLIER,0.5,LOW,"Two-feature multivariate outlier identified by Isolation Forest baseline (Score: 0.500; Recommended: ₹400,000.00; Description Length: 339 chars).","{""recommended_amount"": 400000.0, ""description_length"": 339, ""raw_anomaly_score"": 0.7047}",ISOLATION_FOREST_TWO_FEATURE_BASELINE,Contamination Top 1.5%,"Score=0.500 (Amt=₹400,000.00, Len=339)",0.985,,"Two-Feature Joint Feature Space (Log Amount, Description Length)",2026-08-26T10:47:43.666818+00:00
ANOM_000994,WORK,291587,MULTIVARIATE_WORK_OUTLIER,0.5,LOW,"Two-feature multivariate outlier identified by Isolation Forest baseline (Score: 0.500; Recommended: ₹400,000.00; Description Length: 357 chars).","{""recommended_amount"": 400000.0, ""description_length"": 357, ""raw_anomaly_score"": 0.7139}",ISOLATION_FOREST_TWO_FEATURE_BASELINE,Contamination Top 1.5%,"Score=0.500 (Amt=₹400,000.00, Len=357)",0.985,,"Two-Feature Joint Feature Space (Log Amount, Description Length)",2026-08-26T10:47:43.666818+00:00
ANOM_000995,WORK,291588,MULTIVARIATE_WORK_OUTLIER,0.5,LOW,"Two-feature multivariate outlier identified by Isolation Forest baseline (Score: 0.500; Recommended: ₹500,000.00; Description Length: 330 chars).","{""recommended_amount"": 500000.0, ""description_length"": 330, ""raw_anomaly_score"": 0.6813}",ISOLATION_FOREST_TWO_FEATURE_BASELINE,Contamination Top 1.5%,"Score=0.500 (Amt=₹500,000.00, Len=330)",0.985,,"Two-Feature Joint Feature Space (Log Amount, Description Length)",2026-08-26T10:47:43.666818+00:00
ANOM_000996,WORK,291589,MULTIVARIATE_WORK_OUTLIER,0.5,LOW,"Two-feature multivariate outlier identified by Isolation Forest baseline (Score: 0.500; Recommended: ₹400,000.00; Description Length: 339 chars).","{""recommended_amount"": 400000.0, ""description_length"": 339, ""raw_anomaly_score"": 0.7047}",ISOLATION_FOREST_TWO_FEATURE_BASELINE,Contamination Top 1.5%,"Score=0.500 (Amt=₹400,000.00, Len=339)",0.985,,"Two-Feature Joint Feature Space (Log Amount, Description Length)",2026-08-26T10:47:43.666818+00:00
ANOM_000997,WORK,291590,MULTIVARIATE_WORK_OUTLIER,0.5,LOW,"Two-feature multivariate outlier identified by Isolation Forest baseline (Score: 0.500; Recommended: ₹500,000.00; Description Length: 314 chars).","{""recommended_amount"": 500000.0, ""description_length"": 314, ""raw_anomaly_score"": 0.6714}",ISOLATION_FOREST_TWO_FEATURE_BASELINE,Contamination Top 1.5%,"Score=0.500 (Amt=₹500,000.00, Len=314)",0.985,,"Two-Feature Joint Feature Space (Log Amount, Description Length)",2026-08-26T10:47:43.666818+00:00
ANOM_000998,WORK,291592,MULTIVARIATE_WORK_OUTLIER,0.5,LOW,"Two-feature multivariate outlier identified by Isolation Forest baseline (Score: 0.500; Recommended: ₹400,000.00; Description Length: 370 chars).","{""recommended_amount"": 400000.0, ""description_length"": 370, ""raw_anomaly_score"": 0.7187}",ISOLATION_FOREST_TWO_FEATURE_BASELINE,Contamination Top 1.5%,"Score=0.500 (Amt=₹400,000.00, Len=370)",0.985,,"Two-Feature Joint Feature Space (Log Amount, Description Length)",2026-08-26T10:47:43.666818+00:00
ANOM_000999,WORK,291593,MULTIVARIATE_WORK_OUTLIER,0.5,LOW,"Two-feature multivariate outlier identified by Isolation Forest baseline (Score: 0.500; Recommended: ₹500,000.00; Description Length: 300 chars).","{""recommended_amount"": 500000.0, ""description_length"": 300, ""raw_anomaly_score"": 0.6611}",ISOLATION_FOREST_TWO_FEATURE_BASELINE,Contamination Top 1.5%,"Score=0.500 (Amt=₹500,000.00, Len=300)",0.985,,"Two-Feature Joint Feature Space (Log Amount, Description Length)",2026-08-26T10:47:43.666818+00:00
ANOM_001000,WORK,291595,MULTIVARIATE_WORK_OUTLIER,0.5,LOW,"Two-feature multivariate outlier identified by Isolation Forest baseline (Score: 0.500; Recommended: ₹500,000.00; Description Length: 319 chars).","{""recommended_amount"": 500000.0, ""description_length"": 319, ""raw_anomaly_score"": 0.6758}",ISOLATION_FOREST_TWO_FEATURE_BASELINE,Contamination Top 1.5%,"Score=0.500 (Amt=₹500,000.00, Len=319)",0.985,,"Two-Feature Joint Feature Space (Log Amount, Description Length)",2026-08-26T10:47:43.666818+00:00
ANOM_001001,WORK,291596,MULTIVARIATE_WORK_OUTLIER,0.5,LOW,"Two-feature multivariate outlier identified by Isolation Forest baseline (Score: 0.500; Recommended: ₹400,000.00; Description Length: 343 chars).","{""recommended_amount"": 400000.0, ""description_length"": 343, ""raw_anomaly_score"": 0.7047}",ISOLATION_FOREST_TWO_FEATURE_BASELINE,Contamination Top 1.5%,"Score=0.500 (Amt=₹400,000.00, Len=343)",0.985,,"Two-Feature Joint Feature Space (Log Amount, Description Length)",2026-08-26T10:47:43.666818+00:00
ANOM_001002,WORK,291597,MULTIVARIATE_WORK_OUTLIER,0.5,LOW,"Two-feature multivariate outlier identified by Isolation Forest baseline (Score: 0.500; Recommended: ₹600,000.00; Description Length: 374 chars).","{""recommended_amount"": 600000.0, ""description_length"": 374, ""raw_anomaly_score"": 0.7222}",ISOLATION_FOREST_TWO_FEATURE_BASELINE,Contamination Top 1.5%,"Score=0.500 (Amt=₹600,000.00, Len=374)",0.985,,"Two-Feature Joint Feature Space (Log Amount, Description Length)",2026-08-26T10:47:43.666818+00:00
ANOM_001003,WORK,291598,MULTIVARIATE_WORK_OUTLIER,0.5,LOW,"Two-feature multivariate outlier identified by Isolation Forest baseline (Score: 0.500; Recommended: ₹400,000.00; Description Length: 344 chars).","{""recommended_amount"": 400000.0, ""description_length"": 344, ""raw_anomaly_score"": 0.7075}",ISOLATION_FOREST_TWO_FEATURE_BASELINE,Contamination Top 1.5%,"Score=0.500 (Amt=₹400,000.00, Len=344)",0.985,,"Two-Feature Joint Feature Space (Log Amount, Description Length)",2026-08-26T10:47:43.666818+00:00
ANOM_001004,WORK,291599,MULTIVARIATE_WORK_OUTLIER,0.5,LOW,"Two-feature multivariate outlier identified by Isolation Forest baseline (Score: 0.500; Recommended: ₹400,000.00; Description Length: 301 chars).","{""recommended_amount"": 400000.0, ""description_length"": 301, ""raw_anomaly_score"": 0.6765}",ISOLATION_FOREST_TWO_FEATURE_BASELINE,Contamination Top 1.5%,"Score=0.500 (Amt=₹400,000.00, Len=301)",0.985,,"Two-Feature Joint Feature Space (Log Amount, Description Length)",2026-08-26T10:47:43.666818+00:00
ANOM_001005,WORK,291601,MULTIVARIATE_WORK_OUTLIER,0.5,LOW,"Two-feature multivariate outlier identified by Isolation Forest baseline (Score: 0.500; Recommended: ₹800,000.00; Description Length: 316 chars).","{""recommended_amount"": 800000.0, ""description_length"": 316, ""raw_anomaly_score"": 0.6921}",ISOLATION_FOREST_TWO_FEATURE_BASELINE,Contamination Top 1.5%,"Score=0.500 (Amt=₹800,000.00, Len=316)",0.985,,"Two-Feature Joint Feature Space (Log Amount, Description Length)",2026-08-26T10:47:43.666818+00:00
ANOM_001006,WORK,291602,MULTIVARIATE_WORK_OUTLIER,0.5,LOW,"Two-feature multivariate outlier identified by Isolation Forest baseline (Score: 0.500; Recommended: ₹900,000.00; Description Length: 352 chars).","{""recommended_amount"": 900000.0, ""description_length"": 352, ""raw_anomaly_score"": 0.7199}",ISOLATION_FOREST_TWO_FEATURE_BASELINE,Contamination Top 1.5%,"Score=0.500 (Amt=₹900,000.00, Len=352)",0.985,,"Two-Feature Joint Feature Space (Log Amount, Description Length)",2026-08-26T10:47:43.666818+00:00
ANOM_001007,WORK,291603,MULTIVARIATE_WORK_OUTLIER,0.5,LOW,"Two-feature multivariate outlier identified by Isolation Forest baseline (Score: 0.500; Recommended: ₹400,000.00; Description Length: 329 chars).","{""recommended_amount"": 400000.0, ""description_length"": 329, ""raw_anomaly_score"": 0.693}",ISOLATION_FOREST_TWO_FEATURE_BASELINE,Contamination Top 1.5%,"Score=0.500 (Amt=₹400,000.00, Len=329)",0.985,,"Two-Feature Joint Feature Space (Log Amount, Description Length)",2026-08-26T10:47:43.666818+00:00
ANOM_001008,WORK,292704,MULTIVARIATE_WORK_OUTLIER,0.5,LOW,"Two-feature multivariate outlier identified by Isolation Forest baseline (Score: 0.500; Recommended: ₹2,496,000.00; Description Length: 260 chars).","{""recommended_amount"": 2496000.0, ""description_length"": 260, ""raw_anomaly_score"": 0.6953}",ISOLATION_FOREST_TWO_FEATURE_BASELINE,Contamination Top 1.5%,"Score=0.500 (Amt=₹2,496,000.00, Len=260)",0.985,,"Two-Feature Joint Feature Space (Log Amount, Description Length)",2026-08-26T10:47:43.666818+00:00
ANOM_001009,WORK,294854,MULTIVARIATE_WORK_OUTLIER,0.5,LOW,"Two-feature multivariate outlier identified by Isolation Forest baseline (Score: 0.500; Recommended: ₹1,499,999.00; Description Length: 220 chars).","{""recommended_amount"": 1499999.0, ""description_length"": 220, ""raw_anomaly_score"": 0.6416}",ISOLATION_FOREST_TWO_FEATURE_BASELINE,Contamination Top 1.5%,"Score=0.500 (Amt=₹1,499,999.00, Len=220)",0.985,,"Two-Feature Joint Feature Space (Log Amount, Description Length)",2026-08-26T10:47:43.666818+00:00
ANOM_001010,WORK,296074,MULTIVARIATE_WORK_OUTLIER,0.5,LOW,"Two-feature multivariate outlier identified by Isolation Forest baseline (Score: 0.500; Recommended: ₹325,000.00; Description Length: 255 chars).","{""recommended_amount"": 325000.0, ""description_length"": 255, ""raw_anomaly_score"": 0.6536}",ISOLATION_FOREST_TWO_FEATURE_BASELINE,Contamination Top 1.5%,"Score=0.500 (Amt=₹325,000.00, Len=255)",0.985,,"Two-Feature Joint Feature Space (Log Amount, Description Length)",2026-08-26T10:47:43.666818+00:00
ANOM_001011,WORK,296809,MULTIVARIATE_WORK_OUTLIER,0.5,LOW,"Two-feature multivariate outlier identified by Isolation Forest baseline (Score: 0.500; Recommended: ₹400,000.00; Description Length: 358 chars).","{""recommended_amount"": 400000.0, ""description_length"": 358, ""raw_anomaly_score"": 0.7149}",ISOLATION_FOREST_TWO_FEATURE_BASELINE,Contamination Top 1.5%,"Score=0.500 (Amt=₹400,000.00, Len=358)",0.985,,"Two-Feature Joint Feature Space (Log Amount, Description Length)",2026-08-26T10:47:43.666818+00:00
ANOM_001012,WORK,296818,MULTIVARIATE_WORK_OUTLIER,0.5,LOW,"Two-feature multivariate outlier identified by Isolation Forest baseline (Score: 0.500; Recommended: ₹500,000.00; Description Length: 404 chars).","{""recommended_amount"": 500000.0, ""description_length"": 404, ""raw_anomaly_score"": 0.7162}",ISOLATION_FOREST_TWO_FEATURE_BASELINE,Contamination Top 1.5%,"Score=0.500 (Amt=₹500,000.00, Len=404)",0.985,,"Two-Feature Joint Feature Space (Log Amount, Description Length)",2026-08-26T10:47:43.666818+00:00
ANOM_001013,WORK,296819,MULTIVARIATE_WORK_OUTLIER,0.5,LOW,"Two-feature multivariate outlier identified by Isolation Forest baseline (Score: 0.500; Recommended: ₹400,000.00; Description Length: 412 chars).","{""recommended_amount"": 400000.0, ""description_length"": 412, ""raw_anomaly_score"": 0.7306}",ISOLATION_FOREST_TWO_FEATURE_BASELINE,Contamination Top 1.5%,"Score=0.500 (Amt=₹400,000.00, Len=412)",0.985,,"Two-Feature Joint Feature Space (Log Amount, Description Length)",2026-08-26T10:47:43.666818+00:00
ANOM_001014,WORK,296820,MULTIVARIATE_WORK_OUTLIER,0.5,LOW,"Two-feature multivariate outlier identified by Isolation Forest baseline (Score: 0.500; Recommended: ₹300,000.00; Description Length: 319 chars).","{""recommended_amount"": 300000.0, ""description_length"": 319, ""raw_anomaly_score"": 0.6969}",ISOLATION_FOREST_TWO_FEATURE_BASELINE,Contamination Top 1.5%,"Score=0.500 (Amt=₹300,000.00, Len=319)",0.985,,"Two-Feature Joint Feature Space (Log Amount, Description Length)",2026-08-26T10:47:43.666818+00:00
ANOM_001015,WORK,296823,MULTIVARIATE_WORK_OUTLIER,0.5,LOW,"Two-feature multivariate outlier identified by Isolation Forest baseline (Score: 0.500; Recommended: ₹800,000.00; Description Length: 350 chars).","{""recommended_amount"": 800000.0, ""description_length"": 350, ""raw_anomaly_score"": 0.7148}",ISOLATION_FOREST_TWO_FEATURE_BASELINE,Contamination Top 1.5%,"Score=0.500 (Amt=₹800,000.00, Len=350)",0.985,,"Two-Feature Joint Feature Space (Log Amount, Description Length)",2026-08-26T10:47:43.666818+00:00
ANOM_001016,WORK,296834,MULTIVARIATE_WORK_OUTLIER,0.5,LOW,"Two-feature multivariate outlier identified by Isolation Forest baseline (Score: 0.500; Recommended: ₹400,000.00; Description Length: 348 chars).","{""recommended_amount"": 400000.0, ""description_length"": 348, ""raw_anomaly_score"": 0.7105}",ISOLATION_FOREST_TWO_FEATURE_BASELINE,Contamination Top 1.5%,"Score=0.500 (Amt=₹400,000.00, Len=348)",0.985,,"Two-Feature Joint Feature Space (Log Amount, Description Length)",2026-08-26T10:47:43.666818+00:00
ANOM_001017,WORK,296835,MULTIVARIATE_WORK_OUTLIER,0.5,LOW,"Two-feature multivariate outlier identified by Isolation Forest baseline (Score: 0.500; Recommended: ₹400,000.00; Description Length: 355 chars).","{""recommended_amount"": 400000.0, ""description_length"": 355, ""raw_anomaly_score"": 0.7139}",ISOLATION_FOREST_TWO_FEATURE_BASELINE,Contamination Top 1.5%,"Score=0.500 (Amt=₹400,000.00, Len=355)",0.985,,"Two-Feature Joint Feature Space (Log Amount, Description Length)",2026-08-26T10:47:43.666818+00:00
ANOM_001018,WORK,296837,MULTIVARIATE_WORK_OUTLIER,0.5,LOW,"Two-feature multivariate outlier identified by Isolation Forest baseline (Score: 0.500; Recommended: ₹400,000.00; Description Length: 342 chars).","{""recommended_amount"": 400000.0, ""description_length"": 342, ""raw_anomaly_score"": 0.7047}",ISOLATION_FOREST_TWO_FEATURE_BASELINE,Contamination Top 1.5%,"Score=0.500 (Amt=₹400,000.00, Len=342)",0.985,,"Two-Feature Joint Feature Space (Log Amount, Description Length)",2026-08-26T10:47:43.666818+00:00
ANOM_001019,WORK,296838,MULTIVARIATE_WORK_OUTLIER,0.5,LOW,"Two-feature multivariate outlier identified by Isolation Forest baseline (Score: 0.500; Recommended: ₹400,000.00; Description Length: 304 chars).","{""recommended_amount"": 400000.0, ""description_length"": 304, ""raw_anomaly_score"": 0.6814}",ISOLATION_FOREST_TWO_FEATURE_BASELINE,Contamination Top 1.5%,"Score=0.500 (Amt=₹400,000.00, Len=304)",0.985,,"Two-Feature Joint Feature Space (Log Amount, Description Length)",2026-08-26T10:47:43.666818+00:00
ANOM_001020,WORK,298557,MULTIVARIATE_WORK_OUTLIER,0.5,LOW,"Two-feature multivariate outlier identified by Isolation Forest baseline (Score: 0.500; Recommended: ₹700,000.00; Description Length: 269 chars).","{""recommended_amount"": 700000.0, ""description_length"": 269, ""raw_anomaly_score"": 0.656}",ISOLATION_FOREST_TWO_FEATURE_BASELINE,Contamination Top 1.5%,"Score=0.500 (Amt=₹700,000.00, Len=269)",0.985,,"Two-Feature Joint Feature Space (Log Amount, Description Length)",2026-08-26T10:47:43.666818+00:00
ANOM_001021,WORK,298869,MULTIVARIATE_WORK_OUTLIER,0.5,LOW,"Two-feature multivariate outlier identified by Isolation Forest baseline (Score: 0.500; Recommended: ₹2,490,000.00; Description Length: 247 chars).","{""recommended_amount"": 2490000.0, ""description_length"": 247, ""raw_anomaly_score"": 0.6846}",ISOLATION_FOREST_TWO_FEATURE_BASELINE,Contamination Top 1.5%,"Score=0.500 (Amt=₹2,490,000.00, Len=247)",0.985,,"Two-Feature Joint Feature Space (Log Amount, Description Length)",2026-08-26T10:47:43.666818+00:00
ANOM_001022,WORK,299999,MULTIVARIATE_WORK_OUTLIER,0.5,LOW,"Two-feature multivariate outlier identified by Isolation Forest baseline (Score: 0.500; Recommended: ₹1,400,000.00; Description Length: 226 chars).","{""recommended_amount"": 1400000.0, ""description_length"": 226, ""raw_anomaly_score"": 0.6473}",ISOLATION_FOREST_TWO_FEATURE_BASELINE,Contamination Top 1.5%,"Score=0.500 (Amt=₹1,400,000.00, Len=226)",0.985,,"Two-Feature Joint Feature Space (Log Amount, Description Length)",2026-08-26T10:47:43.666818+00:00
ANOM_001023,WORK,300012,MULTIVARIATE_WORK_OUTLIER,0.5,LOW,"Two-feature multivariate outlier identified by Isolation Forest baseline (Score: 0.500; Recommended: ₹1,400,000.00; Description Length: 222 chars).","{""recommended_amount"": 1400000.0, ""description_length"": 222, ""raw_anomaly_score"": 0.6434}",ISOLATION_FOREST_TWO_FEATURE_BASELINE,Contamination Top 1.5%,"Score=0.500 (Amt=₹1,400,000.00, Len=222)",0.985,,"Two-Feature Joint Feature Space (Log Amount, Description Length)",2026-08-26T10:47:43.666818+00:00
ANOM_001024,WORK,300039,MULTIVARIATE_WORK_OUTLIER,0.5,LOW,"Two-feature multivariate outlier identified by Isolation Forest baseline (Score: 0.500; Recommended: ₹1,400,000.00; Description Length: 224 chars).","{""recommended_amount"": 1400000.0, ""description_length"": 224, ""raw_anomaly_score"": 0.646}",ISOLATION_FOREST_TWO_FEATURE_BASELINE,Contamination Top 1.5%,"Score=0.500 (Amt=₹1,400,000.00, Len=224)",0.985,,"Two-Feature Joint Feature Space (Log Amount, Description Length)",2026-08-26T10:47:43.666818+00:00
ANOM_001026,WORK,300385,MULTIVARIATE_WORK_OUTLIER,0.5,LOW,"Two-feature multivariate outlier identified by Isolation Forest baseline (Score: 0.500; Recommended: ₹1,495,000.00; Description Length: 356 chars).","{""recommended_amount"": 1495000.0, ""description_length"": 356, ""raw_anomaly_score"": 0.7418}",ISOLATION_FOREST_TWO_FEATURE_BASELINE,Contamination Top 1.5%,"Score=0.500 (Amt=₹1,495,000.00, Len=356)",0.985,,"Two-Feature Joint Feature Space (Log Amount, Description Length)",2026-08-26T10:47:43.666818+00:00
ANOM_001027,WORK,301147,MULTIVARIATE_WORK_OUTLIER,0.5,LOW,"Two-feature multivariate outlier identified by Isolation Forest baseline (Score: 0.500; Recommended: ₹998,000.00; Description Length: 273 chars).","{""recommended_amount"": 998000.0, ""description_length"": 273, ""raw_anomaly_score"": 0.6609}",ISOLATION_FOREST_TWO_FEATURE_BASELINE,Contamination Top 1.5%,"Score=0.500 (Amt=₹998,000.00, Len=273)",0.985,,"Two-Feature Joint Feature Space (Log Amount, Description Length)",2026-08-26T10:47:43.666818+00:00
ANOM_001028,WORK,301149,MULTIVARIATE_WORK_OUTLIER,0.5,LOW,"Two-feature multivariate outlier identified by Isolation Forest baseline (Score: 0.500; Recommended: ₹998,000.00; Description Length: 273 chars).","{""recommended_amount"": 998000.0, ""description_length"": 273, ""raw_anomaly_score"": 0.6609}",ISOLATION_FOREST_TWO_FEATURE_BASELINE,Contamination Top 1.5%,"Score=0.500 (Amt=₹998,000.00, Len=273)",0.985,,"Two-Feature Joint Feature Space (Log Amount, Description Length)",2026-08-26T10:47:43.666818+00:00
ANOM_001029,WORK,301150,MULTIVARIATE_WORK_OUTLIER,0.5,LOW,"Two-feature multivariate outlier identified by Isolation Forest baseline (Score: 0.500; Recommended: ₹998,000.00; Description Length: 272 chars).","{""recommended_amount"": 998000.0, ""description_length"": 272, ""raw_anomaly_score"": 0.6596}",ISOLATION_FOREST_TWO_FEATURE_BASELINE,Contamination Top 1.5%,"Score=0.500 (Amt=₹998,000.00, Len=272)",0.985,,"Two-Feature Joint Feature Space (Log Amount, Description Length)",2026-08-26T10:47:43.666818+00:00
ANOM_001030,WORK,301153,MULTIVARIATE_WORK_OUTLIER,0.5,LOW,"Two-feature multivariate outlier identified by Isolation Forest baseline (Score: 0.500; Recommended: ₹998,000.00; Description Length: 272 chars).","{""recommended_amount"": 998000.0, ""description_length"": 272, ""raw_anomaly_score"": 0.6596}",ISOLATION_FOREST_TWO_FEATURE_BASELINE,Contamination Top 1.5%,"Score=0.500 (Amt=₹998,000.00, Len=272)",0.985,,"Two-Feature Joint Feature Space (Log Amount, Description Length)",2026-08-26T10:47:43.666818+00:00
ANOM_001031,WORK,301154,MULTIVARIATE_WORK_OUTLIER,0.5,LOW,"Two-feature multivariate outlier identified by Isolation Forest baseline (Score: 0.500; Recommended: ₹998,000.00; Description Length: 272 chars).","{""recommended_amount"": 998000.0, ""description_length"": 272, ""raw_anomaly_score"": 0.6596}",ISOLATION_FOREST_TWO_FEATURE_BASELINE,Contamination Top 1.5%,"Score=0.500 (Amt=₹998,000.00, Len=272)",0.985,,"Two-Feature Joint Feature Space (Log Amount, Description Length)",2026-08-26T10:47:43.666818+00:00
ANOM_001032,WORK,301157,MULTIVARIATE_WORK_OUTLIER,0.5,LOW,"Two-feature multivariate outlier identified by Isolation Forest baseline (Score: 0.500; Recommended: ₹998,000.00; Description Length: 288 chars).","{""recommended_amount"": 998000.0, ""description_length"": 288, ""raw_anomaly_score"": 0.6695}",ISOLATION_FOREST_TWO_FEATURE_BASELINE,Contamination Top 1.5%,"Score=0.500 (Amt=₹998,000.00, Len=288)",0.985,,"Two-Feature Joint Feature Space (Log Amount, Description Length)",2026-08-26T10:47:43.666818+00:00
ANOM_001033,WORK,301159,MULTIVARIATE_WORK_OUTLIER,0.5,LOW,"Two-feature multivariate outlier identified by Isolation Forest baseline (Score: 0.500; Recommended: ₹998,000.00; Description Length: 288 chars).","{""recommended_amount"": 998000.0, ""description_length"": 288, ""raw_anomaly_score"": 0.6695}",ISOLATION_FOREST_TWO_FEATURE_BASELINE,Contamination Top 1.5%,"Score=0.500 (Amt=₹998,000.00, Len=288)",0.985,,"Two-Feature Joint Feature Space (Log Amount, Description Length)",2026-08-26T10:47:43.666818+00:00
ANOM_001034,WORK,301160,MULTIVARIATE_WORK_OUTLIER,0.5,LOW,"Two-feature multivariate outlier identified by Isolation Forest baseline (Score: 0.500; Recommended: ₹998,000.00; Description Length: 288 chars).","{""recommended_amount"": 998000.0, ""description_length"": 288, ""raw_anomaly_score"": 0.6695}",ISOLATION_FOREST_TWO_FEATURE_BASELINE,Contamination Top 1.5%,"Score=0.500 (Amt=₹998,000.00, Len=288)",0.985,,"Two-Feature Joint Feature Space (Log Amount, Description Length)",2026-08-26T10:47:43.666818+00:00
ANOM_001035,WORK,301161,MULTIVARIATE_WORK_OUTLIER,0.5,LOW,"Two-feature multivariate outlier identified by Isolation Forest baseline (Score: 0.500; Recommended: ₹998,000.00; Description Length: 288 chars).","{""recommended_amount"": 998000.0, ""description_length"": 288, ""raw_anomaly_score"": 0.6695}",ISOLATION_FOREST_TWO_FEATURE_BASELINE,Contamination Top 1.5%,"Score=0.500 (Amt=₹998,000.00, Len=288)",0.985,,"Two-Feature Joint Feature Space (Log Amount, Description Length)",2026-08-26T10:47:43.666818+00:00
ANOM_001036,WORK,301162,MULTIVARIATE_WORK_OUTLIER,0.5,LOW,"Two-feature multivariate outlier identified by Isolation Forest baseline (Score: 0.500; Recommended: ₹998,000.00; Description Length: 288 chars).","{""recommended_amount"": 998000.0, ""description_length"": 288, ""raw_anomaly_score"": 0.6695}",ISOLATION_FOREST_TWO_FEATURE_BASELINE,Contamination Top 1.5%,"Score=0.500 (Amt=₹998,000.00, Len=288)",0.985,,"Two-Feature Joint Feature Space (Log Amount, Description Length)",2026-08-26T10:47:43.666818+00:00
ANOM_001037,WORK,214613,MULTIVARIATE_WORK_OUTLIER,0.5,LOW,"Two-feature multivariate outlier identified by Isolation Forest baseline (Score: 0.500; Recommended: ₹3,023,000.00; Description Length: 206 chars).","{""recommended_amount"": 3023000.0, ""description_length"": 206, ""raw_anomaly_score"": 0.6558}",ISOLATION_FOREST_TWO_FEATURE_BASELINE,Contamination Top 1.5%,"Score=0.500 (Amt=₹3,023,000.00, Len=206)",0.985,,"Two-Feature Joint Feature Space (Log Amount, Description Length)",2026-08-26T10:47:43.666818+00:00
ANOM_001038,WORK,212611,MULTIVARIATE_WORK_OUTLIER,0.5,LOW,"Two-feature multivariate outlier identified by Isolation Forest baseline (Score: 0.500; Recommended: ₹4,750,786.00; Description Length: 209 chars).","{""recommended_amount"": 4750786.0, ""description_length"": 209, ""raw_anomaly_score"": 0.679}",ISOLATION_FOREST_TWO_FEATURE_BASELINE,Contamination Top 1.5%,"Score=0.500 (Amt=₹4,750,786.00, Len=209)",0.985,,"Two-Feature Joint Feature Space (Log Amount, Description Length)",2026-08-26T10:47:43.666818+00:00
ANOM_001039,WORK,230983,MULTIVARIATE_WORK_OUTLIER,0.5,LOW,"Two-feature multivariate outlier identified by Isolation Forest baseline (Score: 0.500; Recommended: ₹2,403,960.00; Description Length: 286 chars).","{""recommended_amount"": 2403960.0, ""description_length"": 286, ""raw_anomaly_score"": 0.7062}",ISOLATION_FOREST_TWO_FEATURE_BASELINE,Contamination Top 1.5%,"Score=0.500 (Amt=₹2,403,960.00, Len=286)",0.985,,"Two-Feature Joint Feature Space (Log Amount, Description Length)",2026-08-26T10:47:43.666818+00:00
ANOM_001040,WORK,188167,MULTIVARIATE_WORK_OUTLIER,0.5,LOW,"Two-feature multivariate outlier identified by Isolation Forest baseline (Score: 0.500; Recommended: ₹1,750,000.00; Description Length: 289 chars).","{""recommended_amount"": 1750000.0, ""description_length"": 289, ""raw_anomaly_score"": 0.7093}",ISOLATION_FOREST_TWO_FEATURE_BASELINE,Contamination Top 1.5%,"Score=0.500 (Amt=₹1,750,000.00, Len=289)",0.985,,"Two-Feature Joint Feature Space (Log Amount, Description Length)",2026-08-26T10:47:43.666818+00:00
ANOM_001041,WORK,269664,MULTIVARIATE_WORK_OUTLIER,0.5,LOW,"Two-feature multivariate outlier identified by Isolation Forest baseline (Score: 0.500; Recommended: ₹520,000.00; Description Length: 271 chars).","{""recommended_amount"": 520000.0, ""description_length"": 271, ""raw_anomaly_score"": 0.6445}",ISOLATION_FOREST_TWO_FEATURE_BASELINE,Contamination Top 1.5%,"Score=0.500 (Amt=₹520,000.00, Len=271)",0.985,,"Two-Feature Joint Feature Space (Log Amount, Description Length)",2026-08-26T10:47:43.666818+00:00
ANOM_001042,WORK,269665,MULTIVARIATE_WORK_OUTLIER,0.5,LOW,"Two-feature multivariate outlier identified by Isolation Forest baseline (Score: 0.500; Recommended: ₹725,000.00; Description Length: 286 chars).","{""recommended_amount"": 725000.0, ""description_length"": 286, ""raw_anomaly_score"": 0.6658}",ISOLATION_FOREST_TWO_FEATURE_BASELINE,Contamination Top 1.5%,"Score=0.500 (Amt=₹725,000.00, Len=286)",0.985,,"Two-Feature Joint Feature Space (Log Amount, Description Length)",2026-08-26T10:47:43.666818+00:00
ANOM_001043,WORK,269671,MULTIVARIATE_WORK_OUTLIER,0.5,LOW,"Two-feature multivariate outlier identified by Isolation Forest baseline (Score: 0.500; Recommended: ₹700,000.00; Description Length: 276 chars).","{""recommended_amount"": 700000.0, ""description_length"": 276, ""raw_anomaly_score"": 0.6627}",ISOLATION_FOREST_TWO_FEATURE_BASELINE,Contamination Top 1.5%,"Score=0.500 (Amt=₹700,000.00, Len=276)",0.985,,"Two-Feature Joint Feature Space (Log Amount, Description Length)",2026-08-26T10:47:43.666818+00:00
ANOM_001044,WORK,269679,MULTIVARIATE_WORK_OUTLIER,0.5,LOW,"Two-feature multivariate outlier identified by Isolation Forest baseline (Score: 0.500; Recommended: ₹787,848.00; Description Length: 281 chars).","{""recommended_amount"": 787848.0, ""description_length"": 281, ""raw_anomaly_score"": 0.6711}",ISOLATION_FOREST_TWO_FEATURE_BASELINE,Contamination Top 1.5%,"Score=0.500 (Amt=₹787,848.00, Len=281)",0.985,,"Two-Feature Joint Feature Space (Log Amount, Description Length)",2026-08-26T10:47:43.666818+00:00
ANOM_001045,WORK,269706,MULTIVARIATE_WORK_OUTLIER,0.5,LOW,"Two-feature multivariate outlier identified by Isolation Forest baseline (Score: 0.500; Recommended: ₹1,100,000.00; Description Length: 290 chars).","{""recommended_amount"": 1100000.0, ""description_length"": 290, ""raw_anomaly_score"": 0.6854}",ISOLATION_FOREST_TWO_FEATURE_BASELINE,Contamination Top 1.5%,"Score=0.500 (Amt=₹1,100,000.00, Len=290)",0.985,,"Two-Feature Joint Feature Space (Log Amount, Description Length)",2026-08-26T10:47:43.666818+00:00
ANOM_001046,WORK,269711,MULTIVARIATE_WORK_OUTLIER,0.5,LOW,"Two-feature multivariate outlier identified by Isolation Forest baseline (Score: 0.500; Recommended: ₹560,000.00; Description Length: 271 chars).","{""recommended_amount"": 560000.0, ""description_length"": 271, ""raw_anomaly_score"": 0.6433}",ISOLATION_FOREST_TWO_FEATURE_BASELINE,Contamination Top 1.5%,"Score=0.500 (Amt=₹560,000.00, Len=271)",0.985,,"Two-Feature Joint Feature Space (Log Amount, Description Length)",2026-08-26T10:47:43.666818+00:00
ANOM_001047,WORK,269716,MULTIVARIATE_WORK_OUTLIER,0.5,LOW,"Two-feature multivariate outlier identified by Isolation Forest baseline (Score: 0.500; Recommended: ₹393,924.00; Description Length: 276 chars).","{""recommended_amount"": 393924.0, ""description_length"": 276, ""raw_anomaly_score"": 0.6646}",ISOLATION_FOREST_TWO_FEATURE_BASELINE,Contamination Top 1.5%,"Score=0.500 (Amt=₹393,924.00, Len=276)",0.985,,"Two-Feature Joint Feature Space (Log Amount, Description Length)",2026-08-26T10:47:43.666818+00:00
ANOM_001048,WORK,269718,MULTIVARIATE_WORK_OUTLIER,0.5,LOW,"Two-feature multivariate outlier identified by Isolation Forest baseline (Score: 0.500; Recommended: ₹787,848.00; Description Length: 258 chars).","{""recommended_amount"": 787848.0, ""description_length"": 258, ""raw_anomaly_score"": 0.6499}",ISOLATION_FOREST_TWO_FEATURE_BASELINE,Contamination Top 1.5%,"Score=0.500 (Amt=₹787,848.00, Len=258)",0.985,,"Two-Feature Joint Feature Space (Log Amount, Description Length)",2026-08-26T10:47:43.666818+00:00
ANOM_001049,WORK,269722,MULTIVARIATE_WORK_OUTLIER,0.5,LOW,"Two-feature multivariate outlier identified by Isolation Forest baseline (Score: 0.500; Recommended: ₹1,575,696.00; Description Length: 250 chars).","{""recommended_amount"": 1575696.0, ""description_length"": 250, ""raw_anomaly_score"": 0.6815}",ISOLATION_FOREST_TWO_FEATURE_BASELINE,Contamination Top 1.5%,"Score=0.500 (Amt=₹1,575,696.00, Len=250)",0.985,,"Two-Feature Joint Feature Space (Log Amount, Description Length)",2026-08-26T10:47:43.666818+00:00
ANOM_001050,WORK,269728,MULTIVARIATE_WORK_OUTLIER,0.5,LOW,"Two-feature multivariate outlier identified by Isolation Forest baseline (Score: 0.500; Recommended: ₹984,810.00; Description Length: 295 chars).","{""recommended_amount"": 984810.0, ""description_length"": 295, ""raw_anomaly_score"": 0.672}",ISOLATION_FOREST_TWO_FEATURE_BASELINE,Contamination Top 1.5%,"Score=0.500 (Amt=₹984,810.00, Len=295)",0.985,,"Two-Feature Joint Feature Space (Log Amount, Description Length)",2026-08-26T10:47:43.666818+00:00
ANOM_001051,WORK,269740,MULTIVARIATE_WORK_OUTLIER,0.5,LOW,"Two-feature multivariate outlier identified by Isolation Forest baseline (Score: 0.500; Recommended: ₹787,848.00; Description Length: 256 chars).","{""recommended_amount"": 787848.0, ""description_length"": 256, ""raw_anomaly_score"": 0.6499}",ISOLATION_FOREST_TWO_FEATURE_BASELINE,Contamination Top 1.5%,"Score=0.500 (Amt=₹787,848.00, Len=256)",0.985,,"Two-Feature Joint Feature Space (Log Amount, Description Length)",2026-08-26T10:47:43.666818+00:00
ANOM_001052,WORK,298245,MULTIVARIATE_WORK_OUTLIER,0.5,LOW,"Two-feature multivariate outlier identified by Isolation Forest baseline (Score: 0.500; Recommended: ₹900,000.00; Description Length: 253 chars).","{""recommended_amount"": 900000.0, ""description_length"": 253, ""raw_anomaly_score"": 0.6496}",ISOLATION_FOREST_TWO_FEATURE_BASELINE,Contamination Top 1.5%,"Score=0.500 (Amt=₹900,000.00, Len=253)",0.985,,"Two-Feature Joint Feature Space (Log Amount, Description Length)",2026-08-26T10:47:43.666818+00:00
ANOM_001053,WORK,298246,MULTIVARIATE_WORK_OUTLIER,0.5,LOW,"Two-feature multivariate outlier identified by Isolation Forest baseline (Score: 0.500; Recommended: ₹720,000.00; Description Length: 260 chars).","{""recommended_amount"": 720000.0, ""description_length"": 260, ""raw_anomaly_score"": 0.6494}",ISOLATION_FOREST_TWO_FEATURE_BASELINE,Contamination Top 1.5%,"Score=0.500 (Amt=₹720,000.00, Len=260)",0.985,,"Two-Feature Joint Feature Space (Log Amount, Description Length)",2026-08-26T10:47:43.666818+00:00
ANOM_001054,WORK,298253,MULTIVARIATE_WORK_OUTLIER,0.5,LOW,"Two-feature multivariate outlier identified by Isolation Forest baseline (Score: 0.500; Recommended: ₹180,000.00; Description Length: 269 chars).","{""recommended_amount"": 180000.0, ""description_length"": 269, ""raw_anomaly_score"": 0.6632}",ISOLATION_FOREST_TWO_FEATURE_BASELINE,Contamination Top 1.5%,"Score=0.500 (Amt=₹180,000.00, Len=269)",0.985,,"Two-Feature Joint Feature Space (Log Amount, Description Length)",2026-08-26T10:47:43.666818+00:00
ANOM_001055,WORK,298257,MULTIVARIATE_WORK_OUTLIER,0.5,LOW,"Two-feature multivariate outlier identified by Isolation Forest baseline (Score: 0.500; Recommended: ₹900,000.00; Description Length: 253 chars).","{""recommended_amount"": 900000.0, ""description_length"": 253, ""raw_anomaly_score"": 0.6496}",ISOLATION_FOREST_TWO_FEATURE_BASELINE,Contamination Top 1.5%,"Score=0.500 (Amt=₹900,000.00, Len=253)",0.985,,"Two-Feature Joint Feature Space (Log Amount, Description Length)",2026-08-26T10:47:43.666818+00:00
ANOM_001056,WORK,298258,MULTIVARIATE_WORK_OUTLIER,0.5,LOW,"Two-feature multivariate outlier identified by Isolation Forest baseline (Score: 0.500; Recommended: ₹180,000.00; Description Length: 269 chars).","{""recommended_amount"": 180000.0, ""description_length"": 269, ""raw_anomaly_score"": 0.6632}",ISOLATION_FOREST_TWO_FEATURE_BASELINE,Contamination Top 1.5%,"Score=0.500 (Amt=₹180,000.00, Len=269)",0.985,,"Two-Feature Joint Feature Space (Log Amount, Description Length)",2026-08-26T10:47:43.666818+00:00
ANOM_001057,WORK,298261,MULTIVARIATE_WORK_OUTLIER,0.5,LOW,"Two-feature multivariate outlier identified by Isolation Forest baseline (Score: 0.500; Recommended: ₹900,000.00; Description Length: 300 chars).","{""recommended_amount"": 900000.0, ""description_length"": 300, ""raw_anomaly_score"": 0.6848}",ISOLATION_FOREST_TWO_FEATURE_BASELINE,Contamination Top 1.5%,"Score=0.500 (Amt=₹900,000.00, Len=300)",0.985,,"Two-Feature Joint Feature Space (Log Amount, Description Length)",2026-08-26T10:47:43.666818+00:00
ANOM_001058,WORK,298266,MULTIVARIATE_WORK_OUTLIER,0.5,LOW,"Two-feature multivariate outlier identified by Isolation Forest baseline (Score: 0.500; Recommended: ₹360,000.00; Description Length: 269 chars).","{""recommended_amount"": 360000.0, ""description_length"": 269, ""raw_anomaly_score"": 0.6643}",ISOLATION_FOREST_TWO_FEATURE_BASELINE,Contamination Top 1.5%,"Score=0.500 (Amt=₹360,000.00, Len=269)",0.985,,"Two-Feature Joint Feature Space (Log Amount, Description Length)",2026-08-26T10:47:43.666818+00:00
ANOM_001059,WORK,298418,MULTIVARIATE_WORK_OUTLIER,0.5,LOW,"Two-feature multivariate outlier identified by Isolation Forest baseline (Score: 0.500; Recommended: ₹360,000.00; Description Length: 246 chars).","{""recommended_amount"": 360000.0, ""description_length"": 246, ""raw_anomaly_score"": 0.6451}",ISOLATION_FOREST_TWO_FEATURE_BASELINE,Contamination Top 1.5%,"Score=0.500 (Amt=₹360,000.00, Len=246)",0.985,,"Two-Feature Joint Feature Space (Log Amount, Description Length)",2026-08-26T10:47:43.666818+00:00
ANOM_001060,WORK,298760,MULTIVARIATE_WORK_OUTLIER,0.5,LOW,"Two-feature multivariate outlier identified by Isolation Forest baseline (Score: 0.500; Recommended: ₹500,000.00; Description Length: 280 chars).","{""recommended_amount"": 500000.0, ""description_length"": 280, ""raw_anomaly_score"": 0.6488}",ISOLATION_FOREST_TWO_FEATURE_BASELINE,Contamination Top 1.5%,"Score=0.500 (Amt=₹500,000.00, Len=280)",0.985,,"Two-Feature Joint Feature Space (Log Amount, Description Length)",2026-08-26T10:47:43.666818+00:00
ANOM_001061,WORK,298976,MULTIVARIATE_WORK_OUTLIER,0.5,LOW,"Two-feature multivariate outlier identified by Isolation Forest baseline (Score: 0.500; Recommended: ₹360,000.00; Description Length: 244 chars).","{""recommended_amount"": 360000.0, ""description_length"": 244, ""raw_anomaly_score"": 0.6451}",ISOLATION_FOREST_TWO_FEATURE_BASELINE,Contamination Top 1.5%,"Score=0.500 (Amt=₹360,000.00, Len=244)",0.985,,"Two-Feature Joint Feature Space (Log Amount, Description Length)",2026-08-26T10:47:43.666818+00:00
ANOM_001062,WORK,141898,MULTIVARIATE_WORK_OUTLIER,0.5,LOW,"Two-feature multivariate outlier identified by Isolation Forest baseline (Score: 0.500; Recommended: ₹192,000.00; Description Length: 327 chars).","{""recommended_amount"": 192000.0, ""description_length"": 327, ""raw_anomaly_score"": 0.702}",ISOLATION_FOREST_TWO_FEATURE_BASELINE,Contamination Top 1.5%,"Score=0.500 (Amt=₹192,000.00, Len=327)",0.985,,"Two-Feature Joint Feature Space (Log Amount, Description Length)",2026-08-26T10:47:43.666818+00:00
ANOM_001063,WORK,141902,MULTIVARIATE_WORK_OUTLIER,0.5,LOW,"Two-feature multivariate outlier identified by Isolation Forest baseline (Score: 0.500; Recommended: ₹192,000.00; Description Length: 316 chars).","{""recommended_amount"": 192000.0, ""description_length"": 316, ""raw_anomaly_score"": 0.6982}",ISOLATION_FOREST_TWO_FEATURE_BASELINE,Contamination Top 1.5%,"Score=0.500 (Amt=₹192,000.00, Len=316)",0.985,,"Two-Feature Joint Feature Space (Log Amount, Description Length)",2026-08-26T10:47:43.666818+00:00
ANOM_001064,WORK,143794,MULTIVARIATE_WORK_OUTLIER,0.5,LOW,"Two-feature multivariate outlier identified by Isolation Forest baseline (Score: 0.500; Recommended: ₹1,000,000.00; Description Length: 322 chars).","{""recommended_amount"": 1000000.0, ""description_length"": 322, ""raw_anomaly_score"": 0.6932}",ISOLATION_FOREST_TWO_FEATURE_BASELINE,Contamination Top 1.5%,"Score=0.500 (Amt=₹1,000,000.00, Len=322)",0.985,,"Two-Feature Joint Feature Space (Log Amount, Description Length)",2026-08-26T10:47:43.666818+00:00
ANOM_001065,WORK,147351,MULTIVARIATE_WORK_OUTLIER,0.5,LOW,"Two-feature multivariate outlier identified by Isolation Forest baseline (Score: 0.500; Recommended: ₹192,000.00; Description Length: 354 chars).","{""recommended_amount"": 192000.0, ""description_length"": 354, ""raw_anomaly_score"": 0.7174}",ISOLATION_FOREST_TWO_FEATURE_BASELINE,Contamination Top 1.5%,"Score=0.500 (Amt=₹192,000.00, Len=354)",0.985,,"Two-Feature Joint Feature Space (Log Amount, Description Length)",2026-08-26T10:47:43.666818+00:00
ANOM_001066,WORK,167695,MULTIVARIATE_WORK_OUTLIER,0.5,LOW,"Two-feature multivariate outlier identified by Isolation Forest baseline (Score: 0.500; Recommended: ₹192,000.00; Description Length: 257 chars).","{""recommended_amount"": 192000.0, ""description_length"": 257, ""raw_anomaly_score"": 0.6563}",ISOLATION_FOREST_TWO_FEATURE_BASELINE,Contamination Top 1.5%,"Score=0.500 (Amt=₹192,000.00, Len=257)",0.985,,"Two-Feature Joint Feature Space (Log Amount, Description Length)",2026-08-26T10:47:43.666818+00:00
ANOM_001067,WORK,167746,MULTIVARIATE_WORK_OUTLIER,0.5,LOW,"Two-feature multivariate outlier identified by Isolation Forest baseline (Score: 0.500; Recommended: ₹192,000.00; Description Length: 302 chars).","{""recommended_amount"": 192000.0, ""description_length"": 302, ""raw_anomaly_score"": 0.6859}",ISOLATION_FOREST_TWO_FEATURE_BASELINE,Contamination Top 1.5%,"Score=0.500 (Amt=₹192,000.00, Len=302)",0.985,,"Two-Feature Joint Feature Space (Log Amount, Description Length)",2026-08-26T10:47:43.666818+00:00
ANOM_001068,WORK,205717,MULTIVARIATE_WORK_OUTLIER,0.5,LOW,"Two-feature multivariate outlier identified by Isolation Forest baseline (Score: 0.500; Recommended: ₹192,000.00; Description Length: 280 chars).","{""recommended_amount"": 192000.0, ""description_length"": 280, ""raw_anomaly_score"": 0.6694}",ISOLATION_FOREST_TWO_FEATURE_BASELINE,Contamination Top 1.5%,"Score=0.500 (Amt=₹192,000.00, Len=280)",0.985,,"Two-Feature Joint Feature Space (Log Amount, Description Length)",2026-08-26T10:47:43.666818+00:00
ANOM_001069,WORK,205777,MULTIVARIATE_WORK_OUTLIER,0.5,LOW,"Two-feature multivariate outlier identified by Isolation Forest baseline (Score: 0.500; Recommended: ₹192,000.00; Description Length: 293 chars).","{""recommended_amount"": 192000.0, ""description_length"": 293, ""raw_anomaly_score"": 0.6788}",ISOLATION_FOREST_TWO_FEATURE_BASELINE,Contamination Top 1.5%,"Score=0.500 (Amt=₹192,000.00, Len=293)",0.985,,"Two-Feature Joint Feature Space (Log Amount, Description Length)",2026-08-26T10:47:43.666818+00:00
ANOM_001070,WORK,213221,MULTIVARIATE_WORK_OUTLIER,0.5,LOW,"Two-feature multivariate outlier identified by Isolation Forest baseline (Score: 0.500; Recommended: ₹192,000.00; Description Length: 294 chars).","{""recommended_amount"": 192000.0, ""description_length"": 294, ""raw_anomaly_score"": 0.6788}",ISOLATION_FOREST_TWO_FEATURE_BASELINE,Contamination Top 1.5%,"Score=0.500 (Amt=₹192,000.00, Len=294)",0.985,,"Two-Feature Joint Feature Space (Log Amount, Description Length)",2026-08-26T10:47:43.666818+00:00
ANOM_001071,WORK,213222,MULTIVARIATE_WORK_OUTLIER,0.5,LOW,"Two-feature multivariate outlier identified by Isolation Forest baseline (Score: 0.500; Recommended: ₹192,000.00; Description Length: 288 chars).","{""recommended_amount"": 192000.0, ""description_length"": 288, ""raw_anomaly_score"": 0.6754}",ISOLATION_FOREST_TWO_FEATURE_BASELINE,Contamination Top 1.5%,"Score=0.500 (Amt=₹192,000.00, Len=288)",0.985,,"Two-Feature Joint Feature Space (Log Amount, Description Length)",2026-08-26T10:47:43.666818+00:00
ANOM_001072,WORK,215534,MULTIVARIATE_WORK_OUTLIER,0.5,LOW,"Two-feature multivariate outlier identified by Isolation Forest baseline (Score: 0.500; Recommended: ₹192,000.00; Description Length: 284 chars).","{""recommended_amount"": 192000.0, ""description_length"": 284, ""raw_anomaly_score"": 0.6698}",ISOLATION_FOREST_TWO_FEATURE_BASELINE,Contamination Top 1.5%,"Score=0.500 (Amt=₹192,000.00, Len=284)",0.985,,"Two-Feature Joint Feature Space (Log Amount, Description Length)",2026-08-26T10:47:43.666818+00:00
ANOM_001073,WORK,215536,MULTIVARIATE_WORK_OUTLIER,0.5,LOW,"Two-feature multivariate outlier identified by Isolation Forest baseline (Score: 0.500; Recommended: ₹192,000.00; Description Length: 287 chars).","{""recommended_amount"": 192000.0, ""description_length"": 287, ""raw_anomaly_score"": 0.6731}",ISOLATION_FOREST_TWO_FEATURE_BASELINE,Contamination Top 1.5%,"Score=0.500 (Amt=₹192,000.00, Len=287)",0.985,,"Two-Feature Joint Feature Space (Log Amount, Description Length)",2026-08-26T10:47:43.666818+00:00
ANOM_001074,WORK,215537,MULTIVARIATE_WORK_OUTLIER,0.5,LOW,"Two-feature multivariate outlier identified by Isolation Forest baseline (Score: 0.500; Recommended: ₹192,000.00; Description Length: 308 chars).","{""recommended_amount"": 192000.0, ""description_length"": 308, ""raw_anomaly_score"": 0.6915}",ISOLATION_FOREST_TWO_FEATURE_BASELINE,Contamination Top 1.5%,"Score=0.500 (Amt=₹192,000.00, Len=308)",0.985,,"Two-Feature Joint Feature Space (Log Amount, Description Length)",2026-08-26T10:47:43.666818+00:00
ANOM_001075,WORK,215538,MULTIVARIATE_WORK_OUTLIER,0.5,LOW,"Two-feature multivariate outlier identified by Isolation Forest baseline (Score: 0.500; Recommended: ₹192,000.00; Description Length: 297 chars).","{""recommended_amount"": 192000.0, ""description_length"": 297, ""raw_anomaly_score"": 0.6811}",ISOLATION_FOREST_TWO_FEATURE_BASELINE,Contamination Top 1.5%,"Score=0.500 (Amt=₹192,000.00, Len=297)",0.985,,"Two-Feature Joint Feature Space (Log Amount, Description Length)",2026-08-26T10:47:43.666818+00:00
ANOM_001076,WORK,215540,MULTIVARIATE_WORK_OUTLIER,0.5,LOW,"Two-feature multivariate outlier identified by Isolation Forest baseline (Score: 0.500; Recommended: ₹192,000.00; Description Length: 293 chars).","{""recommended_amount"": 192000.0, ""description_length"": 293, ""raw_anomaly_score"": 0.6788}",ISOLATION_FOREST_TWO_FEATURE_BASELINE,Contamination Top 1.5%,"Score=0.500 (Amt=₹192,000.00, Len=293)",0.985,,"Two-Feature Joint Feature Space (Log Amount, Description Length)",2026-08-26T10:47:43.666818+00:00
ANOM_001077,WORK,215543,MULTIVARIATE_WORK_OUTLIER,0.5,LOW,"Two-feature multivariate outlier identified by Isolation Forest baseline (Score: 0.500; Recommended: ₹192,000.00; Description Length: 294 chars).","{""recommended_amount"": 192000.0, ""description_length"": 294, ""raw_anomaly_score"": 0.6788}",ISOLATION_FOREST_TWO_FEATURE_BASELINE,Contamination Top 1.5%,"Score=0.500 (Amt=₹192,000.00, Len=294)",0.985,,"Two-Feature Joint Feature Space (Log Amount, Description Length)",2026-08-26T10:47:43.666818+00:00
ANOM_001078,WORK,216792,MULTIVARIATE_WORK_OUTLIER,0.5,LOW,"Two-feature multivariate outlier identified by Isolation Forest baseline (Score: 0.500; Recommended: ₹520,000.00; Description Length: 279 chars).","{""recommended_amount"": 520000.0, ""description_length"": 279, ""raw_anomaly_score"": 0.6497}",ISOLATION_FOREST_TWO_FEATURE_BASELINE,Contamination Top 1.5%,"Score=0.500 (Amt=₹520,000.00, Len=279)",0.985,,"Two-Feature Joint Feature Space (Log Amount, Description Length)",2026-08-26T10:47:43.666818+00:00
ANOM_001079,WORK,220103,MULTIVARIATE_WORK_OUTLIER,0.5,LOW,"Two-feature multivariate outlier identified by Isolation Forest baseline (Score: 0.500; Recommended: ₹192,000.00; Description Length: 335 chars).","{""recommended_amount"": 192000.0, ""description_length"": 335, ""raw_anomaly_score"": 0.7082}",ISOLATION_FOREST_TWO_FEATURE_BASELINE,Contamination Top 1.5%,"Score=0.500 (Amt=₹192,000.00, Len=335)",0.985,,"Two-Feature Joint Feature Space (Log Amount, Description Length)",2026-08-26T10:47:43.666818+00:00
ANOM_001080,WORK,220111,MULTIVARIATE_WORK_OUTLIER,0.5,LOW,"Two-feature multivariate outlier identified by Isolation Forest baseline (Score: 0.500; Recommended: ₹192,000.00; Description Length: 319 chars).","{""recommended_amount"": 192000.0, ""description_length"": 319, ""raw_anomaly_score"": 0.7015}",ISOLATION_FOREST_TWO_FEATURE_BASELINE,Contamination Top 1.5%,"Score=0.500 (Amt=₹192,000.00, Len=319)",0.985,,"Two-Feature Joint Feature Space (Log Amount, Description Length)",2026-08-26T10:47:43.666818+00:00
ANOM_001081,WORK,220113,MULTIVARIATE_WORK_OUTLIER,0.5,LOW,"Two-feature multivariate outlier identified by Isolation Forest baseline (Score: 0.500; Recommended: ₹192,000.00; Description Length: 311 chars).","{""recommended_amount"": 192000.0, ""description_length"": 311, ""raw_anomaly_score"": 0.6982}",ISOLATION_FOREST_TWO_FEATURE_BASELINE,Contamination Top 1.5%,"Score=0.500 (Amt=₹192,000.00, Len=311)",0.985,,"Two-Feature Joint Feature Space (Log Amount, Description Length)",2026-08-26T10:47:43.666818+00:00
ANOM_001082,WORK,226838,MULTIVARIATE_WORK_OUTLIER,0.5,LOW,"Two-feature multivariate outlier identified by Isolation Forest baseline (Score: 0.500; Recommended: ₹192,000.00; Description Length: 290 chars).","{""recommended_amount"": 192000.0, ""description_length"": 290, ""raw_anomaly_score"": 0.6754}",ISOLATION_FOREST_TWO_FEATURE_BASELINE,Contamination Top 1.5%,"Score=0.500 (Amt=₹192,000.00, Len=290)",0.985,,"Two-Feature Joint Feature Space (Log Amount, Description Length)",2026-08-26T10:47:43.666818+00:00
ANOM_001083,WORK,226843,MULTIVARIATE_WORK_OUTLIER,0.5,LOW,"Two-feature multivariate outlier identified by Isolation Forest baseline (Score: 0.500; Recommended: ₹192,000.00; Description Length: 295 chars).","{""recommended_amount"": 192000.0, ""description_length"": 295, ""raw_anomaly_score"": 0.6811}",ISOLATION_FOREST_TWO_FEATURE_BASELINE,Contamination Top 1.5%,"Score=0.500 (Amt=₹192,000.00, Len=295)",0.985,,"Two-Feature Joint Feature Space (Log Amount, Description Length)",2026-08-26T10:47:43.666818+00:00
ANOM_001084,WORK,226861,MULTIVARIATE_WORK_OUTLIER,0.5,LOW,"Two-feature multivariate outlier identified by Isolation Forest baseline (Score: 0.500; Recommended: ₹192,000.00; Description Length: 300 chars).","{""recommended_amount"": 192000.0, ""description_length"": 300, ""raw_anomaly_score"": 0.6859}",ISOLATION_FOREST_TWO_FEATURE_BASELINE,Contamination Top 1.5%,"Score=0.500 (Amt=₹192,000.00, Len=300)",0.985,,"Two-Feature Joint Feature Space (Log Amount, Description Length)",2026-08-26T10:47:43.666818+00:00
ANOM_001085,WORK,234965,MULTIVARIATE_WORK_OUTLIER,0.5,LOW,"Two-feature multivariate outlier identified by Isolation Forest baseline (Score: 0.500; Recommended: ₹996,600.00; Description Length: 347 chars).","{""recommended_amount"": 996600.0, ""description_length"": 347, ""raw_anomaly_score"": 0.7104}",ISOLATION_FOREST_TWO_FEATURE_BASELINE,Contamination Top 1.5%,"Score=0.500 (Amt=₹996,600.00, Len=347)",0.985,,"Two-Feature Joint Feature Space (Log Amount, Description Length)",2026-08-26T10:47:43.666818+00:00
ANOM_001086,WORK,234966,MULTIVARIATE_WORK_OUTLIER,0.5,LOW,"Two-feature multivariate outlier identified by Isolation Forest baseline (Score: 0.500; Recommended: ₹996,600.00; Description Length: 347 chars).","{""recommended_amount"": 996600.0, ""description_length"": 347, ""raw_anomaly_score"": 0.7104}",ISOLATION_FOREST_TWO_FEATURE_BASELINE,Contamination Top 1.5%,"Score=0.500 (Amt=₹996,600.00, Len=347)",0.985,,"Two-Feature Joint Feature Space (Log Amount, Description Length)",2026-08-26T10:47:43.666818+00:00
ANOM_001087,WORK,234967,MULTIVARIATE_WORK_OUTLIER,0.5,LOW,"Two-feature multivariate outlier identified by Isolation Forest baseline (Score: 0.500; Recommended: ₹996,600.00; Description Length: 347 chars).","{""recommended_amount"": 996600.0, ""description_length"": 347, ""raw_anomaly_score"": 0.7104}",ISOLATION_FOREST_TWO_FEATURE_BASELINE,Contamination Top 1.5%,"Score=0.500 (Amt=₹996,600.00, Len=347)",0.985,,"Two-Feature Joint Feature Space (Log Amount, Description Length)",2026-08-26T10:47:43.666818+00:00
ANOM_001088,WORK,234968,MULTIVARIATE_WORK_OUTLIER,0.5,LOW,"Two-feature multivariate outlier identified by Isolation Forest baseline (Score: 0.500; Recommended: ₹996,600.00; Description Length: 347 chars).","{""recommended_amount"": 996600.0, ""description_length"": 347, ""raw_anomaly_score"": 0.7104}",ISOLATION_FOREST_TWO_FEATURE_BASELINE,Contamination Top 1.5%,"Score=0.500 (Amt=₹996,600.00, Len=347)",0.985,,"Two-Feature Joint Feature Space (Log Amount, Description Length)",2026-08-26T10:47:43.666818+00:00
ANOM_001089,WORK,234969,MULTIVARIATE_WORK_OUTLIER,0.5,LOW,"Two-feature multivariate outlier identified by Isolation Forest baseline (Score: 0.500; Recommended: ₹996,600.00; Description Length: 347 chars).","{""recommended_amount"": 996600.0, ""description_length"": 347, ""raw_anomaly_score"": 0.7104}",ISOLATION_FOREST_TWO_FEATURE_BASELINE,Contamination Top 1.5%,"Score=0.500 (Amt=₹996,600.00, Len=347)",0.985,,"Two-Feature Joint Feature Space (Log Amount, Description Length)",2026-08-26T10:47:43.666818+00:00
ANOM_001090,WORK,234970,MULTIVARIATE_WORK_OUTLIER,0.5,LOW,"Two-feature multivariate outlier identified by Isolation Forest baseline (Score: 0.500; Recommended: ₹996,600.00; Description Length: 347 chars).","{""recommended_amount"": 996600.0, ""description_length"": 347, ""raw_anomaly_score"": 0.7104}",ISOLATION_FOREST_TWO_FEATURE_BASELINE,Contamination Top 1.5%,"Score=0.500 (Amt=₹996,600.00, Len=347)",0.985,,"Two-Feature Joint Feature Space (Log Amount, Description Length)",2026-08-26T10:47:43.666818+00:00
ANOM_001091,WORK,234971,MULTIVARIATE_WORK_OUTLIER,0.5,LOW,"Two-feature multivariate outlier identified by Isolation Forest baseline (Score: 0.500; Recommended: ₹996,600.00; Description Length: 347 chars).","{""recommended_amount"": 996600.0, ""description_length"": 347, ""raw_anomaly_score"": 0.7104}",ISOLATION_FOREST_TWO_FEATURE_BASELINE,Contamination Top 1.5%,"Score=0.500 (Amt=₹996,600.00, Len=347)",0.985,,"Two-Feature Joint Feature Space (Log Amount, Description Length)",2026-08-26T10:47:43.666818+00:00
ANOM_001092,WORK,235072,MULTIVARIATE_WORK_OUTLIER,0.5,LOW,"Two-feature multivariate outlier identified by Isolation Forest baseline (Score: 0.500; Recommended: ₹996,600.00; Description Length: 347 chars).","{""recommended_amount"": 996600.0, ""description_length"": 347, ""raw_anomaly_score"": 0.7104}",ISOLATION_FOREST_TWO_FEATURE_BASELINE,Contamination Top 1.5%,"Score=0.500 (Amt=₹996,600.00, Len=347)",0.985,,"Two-Feature Joint Feature Space (Log Amount, Description Length)",2026-08-26T10:47:43.666818+00:00
ANOM_001093,WORK,235073,MULTIVARIATE_WORK_OUTLIER,0.5,LOW,"Two-feature multivariate outlier identified by Isolation Forest baseline (Score: 0.500; Recommended: ₹996,600.00; Description Length: 347 chars).","{""recommended_amount"": 996600.0, ""description_length"": 347, ""raw_anomaly_score"": 0.7104}",ISOLATION_FOREST_TWO_FEATURE_BASELINE,Contamination Top 1.5%,"Score=0.500 (Amt=₹996,600.00, Len=347)",0.985,,"Two-Feature Joint Feature Space (Log Amount, Description Length)",2026-08-26T10:47:43.666818+00:00
ANOM_001094,WORK,235075,MULTIVARIATE_WORK_OUTLIER,0.5,LOW,"Two-feature multivariate outlier identified by Isolation Forest baseline (Score: 0.500; Recommended: ₹996,600.00; Description Length: 347 chars).","{""recommended_amount"": 996600.0, ""description_length"": 347, ""raw_anomaly_score"": 0.7104}",ISOLATION_FOREST_TWO_FEATURE_BASELINE,Contamination Top 1.5%,"Score=0.500 (Amt=₹996,600.00, Len=347)",0.985,,"Two-Feature Joint Feature Space (Log Amount, Description Length)",2026-08-26T10:47:43.666818+00:00
ANOM_001095,WORK,235077,MULTIVARIATE_WORK_OUTLIER,0.5,LOW,"Two-feature multivariate outlier identified by Isolation Forest baseline (Score: 0.500; Recommended: ₹996,600.00; Description Length: 347 chars).","{""recommended_amount"": 996600.0, ""description_length"": 347, ""raw_anomaly_score"": 0.7104}",ISOLATION_FOREST_TWO_FEATURE_BASELINE,Contamination Top 1.5%,"Score=0.500 (Amt=₹996,600.00, Len=347)",0.985,,"Two-Feature Joint Feature Space (Log Amount, Description Length)",2026-08-26T10:47:43.666818+00:00
ANOM_001096,WORK,235079,MULTIVARIATE_WORK_OUTLIER,0.5,LOW,"Two-feature multivariate outlier identified by Isolation Forest baseline (Score: 0.500; Recommended: ₹996,600.00; Description Length: 347 chars).","{""recommended_amount"": 996600.0, ""description_length"": 347, ""raw_anomaly_score"": 0.7104}",ISOLATION_FOREST_TWO_FEATURE_BASELINE,Contamination Top 1.5%,"Score=0.500 (Amt=₹996,600.00, Len=347)",0.985,,"Two-Feature Joint Feature Space (Log Amount, Description Length)",2026-08-26T10:47:43.666818+00:00
ANOM_001097,WORK,239523,MULTIVARIATE_WORK_OUTLIER,0.5,LOW,"Two-feature multivariate outlier identified by Isolation Forest baseline (Score: 0.500; Recommended: ₹192,000.00; Description Length: 292 chars).","{""recommended_amount"": 192000.0, ""description_length"": 292, ""raw_anomaly_score"": 0.6788}",ISOLATION_FOREST_TWO_FEATURE_BASELINE,Contamination Top 1.5%,"Score=0.500 (Amt=₹192,000.00, Len=292)",0.985,,"Two-Feature Joint Feature Space (Log Amount, Description Length)",2026-08-26T10:47:43.666818+00:00
ANOM_001098,WORK,239524,MULTIVARIATE_WORK_OUTLIER,0.5,LOW,"Two-feature multivariate outlier identified by Isolation Forest baseline (Score: 0.500; Recommended: ₹192,000.00; Description Length: 304 chars).","{""recommended_amount"": 192000.0, ""description_length"": 304, ""raw_anomaly_score"": 0.6892}",ISOLATION_FOREST_TWO_FEATURE_BASELINE,Contamination Top 1.5%,"Score=0.500 (Amt=₹192,000.00, Len=304)",0.985,,"Two-Feature Joint Feature Space (Log Amount, Description Length)",2026-08-26T10:47:43.666818+00:00
ANOM_001099,WORK,239531,MULTIVARIATE_WORK_OUTLIER,0.5,LOW,"Two-feature multivariate outlier identified by Isolation Forest baseline (Score: 0.500; Recommended: ₹192,000.00; Description Length: 301 chars).","{""recommended_amount"": 192000.0, ""description_length"": 301, ""raw_anomaly_score"": 0.6859}",ISOLATION_FOREST_TWO_FEATURE_BASELINE,Contamination Top 1.5%,"Score=0.500 (Amt=₹192,000.00, Len=301)",0.985,,"Two-Feature Joint Feature Space (Log Amount, Description Length)",2026-08-26T10:47:43.666818+00:00
ANOM_001100,WORK,239532,MULTIVARIATE_WORK_OUTLIER,0.5,LOW,"Two-feature multivariate outlier identified by Isolation Forest baseline (Score: 0.500; Recommended: ₹192,000.00; Description Length: 303 chars).","{""recommended_amount"": 192000.0, ""description_length"": 303, ""raw_anomaly_score"": 0.6892}",ISOLATION_FOREST_TWO_FEATURE_BASELINE,Contamination Top 1.5%,"Score=0.500 (Amt=₹192,000.00, Len=303)",0.985,,"Two-Feature Joint Feature Space (Log Amount, Description Length)",2026-08-26T10:47:43.666818+00:00
ANOM_001101,WORK,240737,MULTIVARIATE_WORK_OUTLIER,0.5,LOW,"Two-feature multivariate outlier identified by Isolation Forest baseline (Score: 0.500; Recommended: ₹192,000.00; Description Length: 291 chars).","{""recommended_amount"": 192000.0, ""description_length"": 291, ""raw_anomaly_score"": 0.6788}",ISOLATION_FOREST_TWO_FEATURE_BASELINE,Contamination Top 1.5%,"Score=0.500 (Amt=₹192,000.00, Len=291)",0.985,,"Two-Feature Joint Feature Space (Log Amount, Description Length)",2026-08-26T10:47:43.666818+00:00
ANOM_001102,WORK,246790,MULTIVARIATE_WORK_OUTLIER,0.5,LOW,"Two-feature multivariate outlier identified by Isolation Forest baseline (Score: 0.500; Recommended: ₹2,500,000.00; Description Length: 272 chars).","{""recommended_amount"": 2500000.0, ""description_length"": 272, ""raw_anomaly_score"": 0.7014}",ISOLATION_FOREST_TWO_FEATURE_BASELINE,Contamination Top 1.5%,"Score=0.500 (Amt=₹2,500,000.00, Len=272)",0.985,,"Two-Feature Joint Feature Space (Log Amount, Description Length)",2026-08-26T10:47:43.666818+00:00
ANOM_001103,WORK,251967,MULTIVARIATE_WORK_OUTLIER,0.5,LOW,"Two-feature multivariate outlier identified by Isolation Forest baseline (Score: 0.500; Recommended: ₹200,000.00; Description Length: 281 chars).","{""recommended_amount"": 200000.0, ""description_length"": 281, ""raw_anomaly_score"": 0.6668}",ISOLATION_FOREST_TWO_FEATURE_BASELINE,Contamination Top 1.5%,"Score=0.500 (Amt=₹200,000.00, Len=281)",0.985,,"Two-Feature Joint Feature Space (Log Amount, Description Length)",2026-08-26T10:47:43.666818+00:00
ANOM_001104,WORK,259508,MULTIVARIATE_WORK_OUTLIER,0.5,LOW,"Two-feature multivariate outlier identified by Isolation Forest baseline (Score: 0.500; Recommended: ₹192,000.00; Description Length: 281 chars).","{""recommended_amount"": 192000.0, ""description_length"": 281, ""raw_anomaly_score"": 0.6698}",ISOLATION_FOREST_TWO_FEATURE_BASELINE,Contamination Top 1.5%,"Score=0.500 (Amt=₹192,000.00, Len=281)",0.985,,"Two-Feature Joint Feature Space (Log Amount, Description Length)",2026-08-26T10:47:43.666818+00:00
ANOM_001105,WORK,259540,MULTIVARIATE_WORK_OUTLIER,0.5,LOW,"Two-feature multivariate outlier identified by Isolation Forest baseline (Score: 0.500; Recommended: ₹192,000.00; Description Length: 275 chars).","{""recommended_amount"": 192000.0, ""description_length"": 275, ""raw_anomaly_score"": 0.6653}",ISOLATION_FOREST_TWO_FEATURE_BASELINE,Contamination Top 1.5%,"Score=0.500 (Amt=₹192,000.00, Len=275)",0.985,,"Two-Feature Joint Feature Space (Log Amount, Description Length)",2026-08-26T10:47:43.666818+00:00
ANOM_001106,WORK,259550,MULTIVARIATE_WORK_OUTLIER,0.5,LOW,"Two-feature multivariate outlier identified by Isolation Forest baseline (Score: 0.500; Recommended: ₹192,000.00; Description Length: 294 chars).","{""recommended_amount"": 192000.0, ""description_length"": 294, ""raw_anomaly_score"": 0.6788}",ISOLATION_FOREST_TWO_FEATURE_BASELINE,Contamination Top 1.5%,"Score=0.500 (Amt=₹192,000.00, Len=294)",0.985,,"Two-Feature Joint Feature Space (Log Amount, Description Length)",2026-08-26T10:47:43.666818+00:00
ANOM_001107,WORK,259553,MULTIVARIATE_WORK_OUTLIER,0.5,LOW,"Two-feature multivariate outlier identified by Isolation Forest baseline (Score: 0.500; Recommended: ₹192,000.00; Description Length: 271 chars).","{""recommended_amount"": 192000.0, ""description_length"": 271, ""raw_anomaly_score"": 0.664}",ISOLATION_FOREST_TWO_FEATURE_BASELINE,Contamination Top 1.5%,"Score=0.500 (Amt=₹192,000.00, Len=271)",0.985,,"Two-Feature Joint Feature Space (Log Amount, Description Length)",2026-08-26T10:47:43.666818+00:00
ANOM_001108,WORK,259554,MULTIVARIATE_WORK_OUTLIER,0.5,LOW,"Two-feature multivariate outlier identified by Isolation Forest baseline (Score: 0.500; Recommended: ₹192,000.00; Description Length: 284 chars).","{""recommended_amount"": 192000.0, ""description_length"": 284, ""raw_anomaly_score"": 0.6698}",ISOLATION_FOREST_TWO_FEATURE_BASELINE,Contamination Top 1.5%,"Score=0.500 (Amt=₹192,000.00, Len=284)",0.985,,"Two-Feature Joint Feature Space (Log Amount, Description Length)",2026-08-26T10:47:43.666818+00:00
ANOM_001109,WORK,259565,MULTIVARIATE_WORK_OUTLIER,0.5,LOW,"Two-feature multivariate outlier identified by Isolation Forest baseline (Score: 0.500; Recommended: ₹384,000.00; Description Length: 291 chars).","{""recommended_amount"": 384000.0, ""description_length"": 291, ""raw_anomaly_score"": 0.6743}",ISOLATION_FOREST_TWO_FEATURE_BASELINE,Contamination Top 1.5%,"Score=0.500 (Amt=₹384,000.00, Len=291)",0.985,,"Two-Feature Joint Feature Space (Log Amount, Description Length)",2026-08-26T10:47:43.666818+00:00
ANOM_001110,WORK,268495,MULTIVARIATE_WORK_OUTLIER,0.5,LOW,"Two-feature multivariate outlier identified by Isolation Forest baseline (Score: 0.500; Recommended: ₹192,000.00; Description Length: 312 chars).","{""recommended_amount"": 192000.0, ""description_length"": 312, ""raw_anomaly_score"": 0.6982}",ISOLATION_FOREST_TWO_FEATURE_BASELINE,Contamination Top 1.5%,"Score=0.500 (Amt=₹192,000.00, Len=312)",0.985,,"Two-Feature Joint Feature Space (Log Amount, Description Length)",2026-08-26T10:47:43.666818+00:00
ANOM_001111,WORK,268496,MULTIVARIATE_WORK_OUTLIER,0.5,LOW,"Two-feature multivariate outlier identified by Isolation Forest baseline (Score: 0.500; Recommended: ₹192,000.00; Description Length: 333 chars).","{""recommended_amount"": 192000.0, ""description_length"": 333, ""raw_anomaly_score"": 0.7072}",ISOLATION_FOREST_TWO_FEATURE_BASELINE,Contamination Top 1.5%,"Score=0.500 (Amt=₹192,000.00, Len=333)",0.985,,"Two-Feature Joint Feature Space (Log Amount, Description Length)",2026-08-26T10:47:43.666818+00:00
ANOM_001112,WORK,276577,MULTIVARIATE_WORK_OUTLIER,0.5,LOW,"Two-feature multivariate outlier identified by Isolation Forest baseline (Score: 0.500; Recommended: ₹192,000.00; Description Length: 278 chars).","{""recommended_amount"": 192000.0, ""description_length"": 278, ""raw_anomaly_score"": 0.6671}",ISOLATION_FOREST_TWO_FEATURE_BASELINE,Contamination Top 1.5%,"Score=0.500 (Amt=₹192,000.00, Len=278)",0.985,,"Two-Feature Joint Feature Space (Log Amount, Description Length)",2026-08-26T10:47:43.666818+00:00
ANOM_001113,WORK,287923,MULTIVARIATE_WORK_OUTLIER,0.5,LOW,"Two-feature multivariate outlier identified by Isolation Forest baseline (Score: 0.500; Recommended: ₹175,500.00; Description Length: 250 chars).","{""recommended_amount"": 175500.0, ""description_length"": 250, ""raw_anomaly_score"": 0.6516}",ISOLATION_FOREST_TWO_FEATURE_BASELINE,Contamination Top 1.5%,"Score=0.500 (Amt=₹175,500.00, Len=250)",0.985,,"Two-Feature Joint Feature Space (Log Amount, Description Length)",2026-08-26T10:47:43.666818+00:00
ANOM_001114,WORK,289432,MULTIVARIATE_WORK_OUTLIER,0.5,LOW,"Two-feature multivariate outlier identified by Isolation Forest baseline (Score: 0.500; Recommended: ₹996,000.00; Description Length: 252 chars).","{""recommended_amount"": 996000.0, ""description_length"": 252, ""raw_anomaly_score"": 0.6426}",ISOLATION_FOREST_TWO_FEATURE_BASELINE,Contamination Top 1.5%,"Score=0.500 (Amt=₹996,000.00, Len=252)",0.985,,"Two-Feature Joint Feature Space (Log Amount, Description Length)",2026-08-26T10:47:43.666818+00:00
ANOM_001115,WORK,292365,MULTIVARIATE_WORK_OUTLIER,0.5,LOW,"Two-feature multivariate outlier identified by Isolation Forest baseline (Score: 0.500; Recommended: ₹50,000.00; Description Length: 218 chars).","{""recommended_amount"": 50000.0, ""description_length"": 218, ""raw_anomaly_score"": 0.6712}",ISOLATION_FOREST_TWO_FEATURE_BASELINE,Contamination Top 1.5%,"Score=0.500 (Amt=₹50,000.00, Len=218)",0.985,,"Two-Feature Joint Feature Space (Log Amount, Description Length)",2026-08-26T10:47:43.666818+00:00
ANOM_001116,WORK,292379,MULTIVARIATE_WORK_OUTLIER,0.5,LOW,"Two-feature multivariate outlier identified by Isolation Forest baseline (Score: 0.500; Recommended: ₹50,000.00; Description Length: 244 chars).","{""recommended_amount"": 50000.0, ""description_length"": 244, ""raw_anomaly_score"": 0.6948}",ISOLATION_FOREST_TWO_FEATURE_BASELINE,Contamination Top 1.5%,"Score=0.500 (Amt=₹50,000.00, Len=244)",0.985,,"Two-Feature Joint Feature Space (Log Amount, Description Length)",2026-08-26T10:47:43.666818+00:00
ANOM_001118,WORK,294804,MULTIVARIATE_WORK_OUTLIER,0.5,LOW,"Two-feature multivariate outlier identified by Isolation Forest baseline (Score: 0.500; Recommended: ₹1,500,000.00; Description Length: 297 chars).","{""recommended_amount"": 1500000.0, ""description_length"": 297, ""raw_anomaly_score"": 0.7026}",ISOLATION_FOREST_TWO_FEATURE_BASELINE,Contamination Top 1.5%,"Score=0.500 (Amt=₹1,500,000.00, Len=297)",0.985,,"Two-Feature Joint Feature Space (Log Amount, Description Length)",2026-08-26T10:47:43.666818+00:00
ANOM_001119,WORK,294811,MULTIVARIATE_WORK_OUTLIER,0.5,LOW,"Two-feature multivariate outlier identified by Isolation Forest baseline (Score: 0.500; Recommended: ₹500,000.00; Description Length: 312 chars).","{""recommended_amount"": 500000.0, ""description_length"": 312, ""raw_anomaly_score"": 0.6714}",ISOLATION_FOREST_TWO_FEATURE_BASELINE,Contamination Top 1.5%,"Score=0.500 (Amt=₹500,000.00, Len=312)",0.985,,"Two-Feature Joint Feature Space (Log Amount, Description Length)",2026-08-26T10:47:43.666818+00:00
ANOM_001120,WORK,294813,MULTIVARIATE_WORK_OUTLIER,0.5,LOW,"Two-feature multivariate outlier identified by Isolation Forest baseline (Score: 0.500; Recommended: ₹250,000.00; Description Length: 377 chars).","{""recommended_amount"": 250000.0, ""description_length"": 377, ""raw_anomaly_score"": 0.7284}",ISOLATION_FOREST_TWO_FEATURE_BASELINE,Contamination Top 1.5%,"Score=0.500 (Amt=₹250,000.00, Len=377)",0.985,,"Two-Feature Joint Feature Space (Log Amount, Description Length)",2026-08-26T10:47:43.666818+00:00
ANOM_001121,WORK,294814,MULTIVARIATE_WORK_OUTLIER,0.5,LOW,"Two-feature multivariate outlier identified by Isolation Forest baseline (Score: 0.500; Recommended: ₹400,000.00; Description Length: 384 chars).","{""recommended_amount"": 400000.0, ""description_length"": 384, ""raw_anomaly_score"": 0.7292}",ISOLATION_FOREST_TWO_FEATURE_BASELINE,Contamination Top 1.5%,"Score=0.500 (Amt=₹400,000.00, Len=384)",0.985,,"Two-Feature Joint Feature Space (Log Amount, Description Length)",2026-08-26T10:47:43.666818+00:00
ANOM_001122,WORK,305067,MULTIVARIATE_WORK_OUTLIER,0.5,LOW,"Two-feature multivariate outlier identified by Isolation Forest baseline (Score: 0.500; Recommended: ₹300,000.00; Description Length: 249 chars).","{""recommended_amount"": 300000.0, ""description_length"": 249, ""raw_anomaly_score"": 0.6439}",ISOLATION_FOREST_TWO_FEATURE_BASELINE,Contamination Top 1.5%,"Score=0.500 (Amt=₹300,000.00, Len=249)",0.985,,"Two-Feature Joint Feature Space (Log Amount, Description Length)",2026-08-26T10:47:43.666818+00:00
ANOM_001123,WORK,305515,MULTIVARIATE_WORK_OUTLIER,0.5,LOW,"Two-feature multivariate outlier identified by Isolation Forest baseline (Score: 0.500; Recommended: ₹192,000.00; Description Length: 286 chars).","{""recommended_amount"": 192000.0, ""description_length"": 286, ""raw_anomaly_score"": 0.6698}",ISOLATION_FOREST_TWO_FEATURE_BASELINE,Contamination Top 1.5%,"Score=0.500 (Amt=₹192,000.00, Len=286)",0.985,,"Two-Feature Joint Feature Space (Log Amount, Description Length)",2026-08-26T10:47:43.666818+00:00
ANOM_001124,WORK,305517,MULTIVARIATE_WORK_OUTLIER,0.5,LOW,"Two-feature multivariate outlier identified by Isolation Forest baseline (Score: 0.500; Recommended: ₹192,000.00; Description Length: 311 chars).","{""recommended_amount"": 192000.0, ""description_length"": 311, ""raw_anomaly_score"": 0.6982}",ISOLATION_FOREST_TWO_FEATURE_BASELINE,Contamination Top 1.5%,"Score=0.500 (Amt=₹192,000.00, Len=311)",0.985,,"Two-Feature Joint Feature Space (Log Amount, Description Length)",2026-08-26T10:47:43.666818+00:00
ANOM_001125,WORK,305520,MULTIVARIATE_WORK_OUTLIER,0.5,LOW,"Two-feature multivariate outlier identified by Isolation Forest baseline (Score: 0.500; Recommended: ₹192,000.00; Description Length: 307 chars).","{""recommended_amount"": 192000.0, ""description_length"": 307, ""raw_anomaly_score"": 0.6915}",ISOLATION_FOREST_TWO_FEATURE_BASELINE,Contamination Top 1.5%,"Score=0.500 (Amt=₹192,000.00, Len=307)",0.985,,"Two-Feature Joint Feature Space (Log Amount, Description Length)",2026-08-26T10:47:43.666818+00:00
ANOM_001126,WORK,305524,MULTIVARIATE_WORK_OUTLIER,0.5,LOW,"Two-feature multivariate outlier identified by Isolation Forest baseline (Score: 0.500; Recommended: ₹192,000.00; Description Length: 280 chars).","{""recommended_amount"": 192000.0, ""description_length"": 280, ""raw_anomaly_score"": 0.6694}",ISOLATION_FOREST_TWO_FEATURE_BASELINE,Contamination Top 1.5%,"Score=0.500 (Amt=₹192,000.00, Len=280)",0.985,,"Two-Feature Joint Feature Space (Log Amount, Description Length)",2026-08-26T10:47:43.666818+00:00
ANOM_001127,WORK,1910,MULTIVARIATE_WORK_OUTLIER,0.5,LOW,"Two-feature multivariate outlier identified by Isolation Forest baseline (Score: 0.500; Recommended: ₹1,000,000.00; Description Length: 260 chars).","{""recommended_amount"": 1000000.0, ""description_length"": 260, ""raw_anomaly_score"": 0.6515}",ISOLATION_FOREST_TWO_FEATURE_BASELINE,Contamination Top 1.5%,"Score=0.500 (Amt=₹1,000,000.00, Len=260)",0.985,,"Two-Feature Joint Feature Space (Log Amount, Description Length)",2026-08-26T10:47:43.666818+00:00
ANOM_001129,WORK,196332,MULTIVARIATE_WORK_OUTLIER,0.5,LOW,"Two-feature multivariate outlier identified by Isolation Forest baseline (Score: 0.500; Recommended: ₹10,000.00; Description Length: 202 chars).","{""recommended_amount"": 10000.0, ""description_length"": 202, ""raw_anomaly_score"": 0.7165}",ISOLATION_FOREST_TWO_FEATURE_BASELINE,Contamination Top 1.5%,"Score=0.500 (Amt=₹10,000.00, Len=202)",0.985,,"Two-Feature Joint Feature Space (Log Amount, Description Length)",2026-08-26T10:47:43.666818+00:00
ANOM_001130,WORK,238473,MULTIVARIATE_WORK_OUTLIER,0.5,LOW,"Two-feature multivariate outlier identified by Isolation Forest baseline (Score: 0.500; Recommended: ₹119,223.00; Description Length: 238 chars).","{""recommended_amount"": 119223.0, ""description_length"": 238, ""raw_anomaly_score"": 0.6487}",ISOLATION_FOREST_TWO_FEATURE_BASELINE,Contamination Top 1.5%,"Score=0.500 (Amt=₹119,223.00, Len=238)",0.985,,"Two-Feature Joint Feature Space (Log Amount, Description Length)",2026-08-26T10:47:43.666818+00:00
ANOM_001131,WORK,246474,MULTIVARIATE_WORK_OUTLIER,0.5,LOW,"Two-feature multivariate outlier identified by Isolation Forest baseline (Score: 0.500; Recommended: ₹127,000.00; Description Length: 229 chars).","{""recommended_amount"": 127000.0, ""description_length"": 229, ""raw_anomaly_score"": 0.6416}",ISOLATION_FOREST_TWO_FEATURE_BASELINE,Contamination Top 1.5%,"Score=0.500 (Amt=₹127,000.00, Len=229)",0.985,,"Two-Feature Joint Feature Space (Log Amount, Description Length)",2026-08-26T10:47:43.666818+00:00
ANOM_001132,WORK,273374,MULTIVARIATE_WORK_OUTLIER,0.5,LOW,"Two-feature multivariate outlier identified by Isolation Forest baseline (Score: 0.500; Recommended: ₹161,500.00; Description Length: 243 chars).","{""recommended_amount"": 161500.0, ""description_length"": 243, ""raw_anomaly_score"": 0.6505}",ISOLATION_FOREST_TWO_FEATURE_BASELINE,Contamination Top 1.5%,"Score=0.500 (Amt=₹161,500.00, Len=243)",0.985,,"Two-Feature Joint Feature Space (Log Amount, Description Length)",2026-08-26T10:47:43.666818+00:00
ANOM_001133,WORK,295474,MULTIVARIATE_WORK_OUTLIER,0.5,LOW,"Two-feature multivariate outlier identified by Isolation Forest baseline (Score: 0.500; Recommended: ₹347,000.00; Description Length: 311 chars).","{""recommended_amount"": 347000.0, ""description_length"": 311, ""raw_anomaly_score"": 0.6929}",ISOLATION_FOREST_TWO_FEATURE_BASELINE,Contamination Top 1.5%,"Score=0.500 (Amt=₹347,000.00, Len=311)",0.985,,"Two-Feature Joint Feature Space (Log Amount, Description Length)",2026-08-26T10:47:43.666818+00:00
ANOM_001134,WORK,216961,MULTIVARIATE_WORK_OUTLIER,0.5,LOW,Two-feature multivariate outlier identified by Isolation Forest baseline (Score: 0.500; Recommended: ₹10.00; Description Length: 15 chars).,"{""recommended_amount"": 10.0, ""description_length"": 15, ""raw_anomaly_score"": 0.7054}",ISOLATION_FOREST_TWO_FEATURE_BASELINE,Contamination Top 1.5%,"Score=0.500 (Amt=₹10.00, Len=15)",0.985,,"Two-Feature Joint Feature Space (Log Amount, Description Length)",2026-08-26T10:47:43.666818+00:00
ANOM_001135,WORK,253274,MULTIVARIATE_WORK_OUTLIER,0.5,LOW,Two-feature multivariate outlier identified by Isolation Forest baseline (Score: 0.500; Recommended: ₹2.46; Description Length: 84 chars).,"{""recommended_amount"": 2.46, ""description_length"": 84, ""raw_anomaly_score"": 0.6455}",ISOLATION_FOREST_TWO_FEATURE_BASELINE,Contamination Top 1.5%,"Score=0.500 (Amt=₹2.46, Len=84)",0.985,,"Two-Feature Joint Feature Space (Log Amount, Description Length)",2026-08-26T10:47:43.666818+00:00
ANOM_001136,WORK,287625,MULTIVARIATE_WORK_OUTLIER,0.5,LOW,"Two-feature multivariate outlier identified by Isolation Forest baseline (Score: 0.500; Recommended: ₹4,000,000.00; Description Length: 326 chars).","{""recommended_amount"": 4000000.0, ""description_length"": 326, ""raw_anomaly_score"": 0.7479}",ISOLATION_FOREST_TWO_FEATURE_BASELINE,Contamination Top 1.5%,"Score=0.500 (Amt=₹4,000,000.00, Len=326)",0.985,,"Two-Feature Joint Feature Space (Log Amount, Description Length)",2026-08-26T10:47:43.666818+00:00
ANOM_001137,WORK,298136,MULTIVARIATE_WORK_OUTLIER,0.5,LOW,Two-feature multivariate outlier identified by Isolation Forest baseline (Score: 0.500; Recommended: ₹3.50; Description Length: 221 chars).,"{""recommended_amount"": 3.5, ""description_length"": 221, ""raw_anomaly_score"": 0.7362}",ISOLATION_FOREST_TWO_FEATURE_BASELINE,Contamination Top 1.5%,"Score=0.500 (Amt=₹3.50, Len=221)",0.985,,"Two-Feature Joint Feature Space (Log Amount, Description Length)",2026-08-26T10:47:43.666818+00:00
ANOM_001138,WORK,304000,MULTIVARIATE_WORK_OUTLIER,0.5,LOW,"Two-feature multivariate outlier identified by Isolation Forest baseline (Score: 0.500; Recommended: ₹790,200.00; Description Length: 254 chars).","{""recommended_amount"": 790200.0, ""description_length"": 254, ""raw_anomaly_score"": 0.6463}",ISOLATION_FOREST_TWO_FEATURE_BASELINE,Contamination Top 1.5%,"Score=0.500 (Amt=₹790,200.00, Len=254)",0.985,,"Two-Feature Joint Feature Space (Log Amount, Description Length)",2026-08-26T10:47:43.666818+00:00
ANOM_001139,WORK,1033,MULTIVARIATE_WORK_OUTLIER,0.5,LOW,"Two-feature multivariate outlier identified by Isolation Forest baseline (Score: 0.500; Recommended: ₹1,785,510.00; Description Length: 343 chars).","{""recommended_amount"": 1785510.0, ""description_length"": 343, ""raw_anomaly_score"": 0.7423}",ISOLATION_FOREST_TWO_FEATURE_BASELINE,Contamination Top 1.5%,"Score=0.500 (Amt=₹1,785,510.00, Len=343)",0.985,,"Two-Feature Joint Feature Space (Log Amount, Description Length)",2026-08-26T10:47:43.666818+00:00
ANOM_001140,WORK,140474,MULTIVARIATE_WORK_OUTLIER,0.5,LOW,"Two-feature multivariate outlier identified by Isolation Forest baseline (Score: 0.500; Recommended: ₹220,000.00; Description Length: 498 chars).","{""recommended_amount"": 220000.0, ""description_length"": 498, ""raw_anomaly_score"": 0.7428}",ISOLATION_FOREST_TWO_FEATURE_BASELINE,Contamination Top 1.5%,"Score=0.500 (Amt=₹220,000.00, Len=498)",0.985,,"Two-Feature Joint Feature Space (Log Amount, Description Length)",2026-08-26T10:47:43.666818+00:00
ANOM_001141,WORK,140475,MULTIVARIATE_WORK_OUTLIER,0.5,LOW,"Two-feature multivariate outlier identified by Isolation Forest baseline (Score: 0.500; Recommended: ₹220,000.00; Description Length: 381 chars).","{""recommended_amount"": 220000.0, ""description_length"": 381, ""raw_anomaly_score"": 0.7338}",ISOLATION_FOREST_TWO_FEATURE_BASELINE,Contamination Top 1.5%,"Score=0.500 (Amt=₹220,000.00, Len=381)",0.985,,"Two-Feature Joint Feature Space (Log Amount, Description Length)",2026-08-26T10:47:43.666818+00:00
ANOM_001142,WORK,140478,MULTIVARIATE_WORK_OUTLIER,0.5,LOW,"Two-feature multivariate outlier identified by Isolation Forest baseline (Score: 0.500; Recommended: ₹220,000.00; Description Length: 333 chars).","{""recommended_amount"": 220000.0, ""description_length"": 333, ""raw_anomaly_score"": 0.712}",ISOLATION_FOREST_TWO_FEATURE_BASELINE,Contamination Top 1.5%,"Score=0.500 (Amt=₹220,000.00, Len=333)",0.985,,"Two-Feature Joint Feature Space (Log Amount, Description Length)",2026-08-26T10:47:43.666818+00:00
ANOM_001143,WORK,140479,MULTIVARIATE_WORK_OUTLIER,0.5,LOW,"Two-feature multivariate outlier identified by Isolation Forest baseline (Score: 0.500; Recommended: ₹220,000.00; Description Length: 391 chars).","{""recommended_amount"": 220000.0, ""description_length"": 391, ""raw_anomaly_score"": 0.7348}",ISOLATION_FOREST_TWO_FEATURE_BASELINE,Contamination Top 1.5%,"Score=0.500 (Amt=₹220,000.00, Len=391)",0.985,,"Two-Feature Joint Feature Space (Log Amount, Description Length)",2026-08-26T10:47:43.666818+00:00
ANOM_001144,WORK,140480,MULTIVARIATE_WORK_OUTLIER,0.5,LOW,"Two-feature multivariate outlier identified by Isolation Forest baseline (Score: 0.500; Recommended: ₹220,000.00; Description Length: 365 chars).","{""recommended_amount"": 220000.0, ""description_length"": 365, ""raw_anomaly_score"": 0.7277}",ISOLATION_FOREST_TWO_FEATURE_BASELINE,Contamination Top 1.5%,"Score=0.500 (Amt=₹220,000.00, Len=365)",0.985,,"Two-Feature Joint Feature Space (Log Amount, Description Length)",2026-08-26T10:47:43.666818+00:00
ANOM_001145,WORK,140481,MULTIVARIATE_WORK_OUTLIER,0.5,LOW,"Two-feature multivariate outlier identified by Isolation Forest baseline (Score: 0.500; Recommended: ₹220,000.00; Description Length: 370 chars).","{""recommended_amount"": 220000.0, ""description_length"": 370, ""raw_anomaly_score"": 0.7287}",ISOLATION_FOREST_TWO_FEATURE_BASELINE,Contamination Top 1.5%,"Score=0.500 (Amt=₹220,000.00, Len=370)",0.985,,"Two-Feature Joint Feature Space (Log Amount, Description Length)",2026-08-26T10:47:43.666818+00:00
ANOM_001146,WORK,140482,MULTIVARIATE_WORK_OUTLIER,0.5,LOW,"Two-feature multivariate outlier identified by Isolation Forest baseline (Score: 0.500; Recommended: ₹220,000.00; Description Length: 373 chars).","{""recommended_amount"": 220000.0, ""description_length"": 373, ""raw_anomaly_score"": 0.7333}",ISOLATION_FOREST_TWO_FEATURE_BASELINE,Contamination Top 1.5%,"Score=0.500 (Amt=₹220,000.00, Len=373)",0.985,,"Two-Feature Joint Feature Space (Log Amount, Description Length)",2026-08-26T10:47:43.666818+00:00
ANOM_001147,WORK,140484,MULTIVARIATE_WORK_OUTLIER,0.5,LOW,"Two-feature multivariate outlier identified by Isolation Forest baseline (Score: 0.500; Recommended: ₹308,000.00; Description Length: 486 chars).","{""recommended_amount"": 308000.0, ""description_length"": 486, ""raw_anomaly_score"": 0.7349}",ISOLATION_FOREST_TWO_FEATURE_BASELINE,Contamination Top 1.5%,"Score=0.500 (Amt=₹308,000.00, Len=486)",0.985,,"Two-Feature Joint Feature Space (Log Amount, Description Length)",2026-08-26T10:47:43.666818+00:00
ANOM_001148,WORK,140486,MULTIVARIATE_WORK_OUTLIER,0.5,LOW,"Two-feature multivariate outlier identified by Isolation Forest baseline (Score: 0.500; Recommended: ₹264,000.00; Description Length: 412 chars).","{""recommended_amount"": 264000.0, ""description_length"": 412, ""raw_anomaly_score"": 0.7304}",ISOLATION_FOREST_TWO_FEATURE_BASELINE,Contamination Top 1.5%,"Score=0.500 (Amt=₹264,000.00, Len=412)",0.985,,"Two-Feature Joint Feature Space (Log Amount, Description Length)",2026-08-26T10:47:43.666818+00:00
ANOM_001149,WORK,140487,MULTIVARIATE_WORK_OUTLIER,0.5,LOW,"Two-feature multivariate outlier identified by Isolation Forest baseline (Score: 0.500; Recommended: ₹220,000.00; Description Length: 403 chars).","{""recommended_amount"": 220000.0, ""description_length"": 403, ""raw_anomaly_score"": 0.7353}",ISOLATION_FOREST_TWO_FEATURE_BASELINE,Contamination Top 1.5%,"Score=0.500 (Amt=₹220,000.00, Len=403)",0.985,,"Two-Feature Joint Feature Space (Log Amount, Description Length)",2026-08-26T10:47:43.666818+00:00
ANOM_001150,WORK,140554,MULTIVARIATE_WORK_OUTLIER,0.5,LOW,"Two-feature multivariate outlier identified by Isolation Forest baseline (Score: 0.500; Recommended: ₹286,000.00; Description Length: 496 chars).","{""recommended_amount"": 286000.0, ""description_length"": 496, ""raw_anomaly_score"": 0.7379}",ISOLATION_FOREST_TWO_FEATURE_BASELINE,Contamination Top 1.5%,"Score=0.500 (Amt=₹286,000.00, Len=496)",0.985,,"Two-Feature Joint Feature Space (Log Amount, Description Length)",2026-08-26T10:47:43.666818+00:00
ANOM_001151,WORK,140555,MULTIVARIATE_WORK_OUTLIER,0.5,LOW,"Two-feature multivariate outlier identified by Isolation Forest baseline (Score: 0.500; Recommended: ₹220,000.00; Description Length: 417 chars).","{""recommended_amount"": 220000.0, ""description_length"": 417, ""raw_anomaly_score"": 0.7353}",ISOLATION_FOREST_TWO_FEATURE_BASELINE,Contamination Top 1.5%,"Score=0.500 (Amt=₹220,000.00, Len=417)",0.985,,"Two-Feature Joint Feature Space (Log Amount, Description Length)",2026-08-26T10:47:43.666818+00:00
ANOM_001152,WORK,140556,MULTIVARIATE_WORK_OUTLIER,0.5,LOW,"Two-feature multivariate outlier identified by Isolation Forest baseline (Score: 0.500; Recommended: ₹176,000.00; Description Length: 295 chars).","{""recommended_amount"": 176000.0, ""description_length"": 295, ""raw_anomaly_score"": 0.6836}",ISOLATION_FOREST_TWO_FEATURE_BASELINE,Contamination Top 1.5%,"Score=0.500 (Amt=₹176,000.00, Len=295)",0.985,,"Two-Feature Joint Feature Space (Log Amount, Description Length)",2026-08-26T10:47:43.666818+00:00
ANOM_001153,WORK,140557,MULTIVARIATE_WORK_OUTLIER,0.5,LOW,"Two-feature multivariate outlier identified by Isolation Forest baseline (Score: 0.500; Recommended: ₹220,000.00; Description Length: 381 chars).","{""recommended_amount"": 220000.0, ""description_length"": 381, ""raw_anomaly_score"": 0.7338}",ISOLATION_FOREST_TWO_FEATURE_BASELINE,Contamination Top 1.5%,"Score=0.500 (Amt=₹220,000.00, Len=381)",0.985,,"Two-Feature Joint Feature Space (Log Amount, Description Length)",2026-08-26T10:47:43.666818+00:00
ANOM_001154,WORK,140558,MULTIVARIATE_WORK_OUTLIER,0.5,LOW,"Two-feature multivariate outlier identified by Isolation Forest baseline (Score: 0.500; Recommended: ₹176,000.00; Description Length: 377 chars).","{""recommended_amount"": 176000.0, ""description_length"": 377, ""raw_anomaly_score"": 0.7269}",ISOLATION_FOREST_TWO_FEATURE_BASELINE,Contamination Top 1.5%,"Score=0.500 (Amt=₹176,000.00, Len=377)",0.985,,"Two-Feature Joint Feature Space (Log Amount, Description Length)",2026-08-26T10:47:43.666818+00:00
ANOM_001155,WORK,140578,MULTIVARIATE_WORK_OUTLIER,0.5,LOW,"Two-feature multivariate outlier identified by Isolation Forest baseline (Score: 0.500; Recommended: ₹220,000.00; Description Length: 434 chars).","{""recommended_amount"": 220000.0, ""description_length"": 434, ""raw_anomaly_score"": 0.7353}",ISOLATION_FOREST_TWO_FEATURE_BASELINE,Contamination Top 1.5%,"Score=0.500 (Amt=₹220,000.00, Len=434)",0.985,,"Two-Feature Joint Feature Space (Log Amount, Description Length)",2026-08-26T10:47:43.666818+00:00
ANOM_001156,WORK,140580,MULTIVARIATE_WORK_OUTLIER,0.5,LOW,"Two-feature multivariate outlier identified by Isolation Forest baseline (Score: 0.500; Recommended: ₹198,000.00; Description Length: 387 chars).","{""recommended_amount"": 198000.0, ""description_length"": 387, ""raw_anomaly_score"": 0.7302}",ISOLATION_FOREST_TWO_FEATURE_BASELINE,Contamination Top 1.5%,"Score=0.500 (Amt=₹198,000.00, Len=387)",0.985,,"Two-Feature Joint Feature Space (Log Amount, Description Length)",2026-08-26T10:47:43.666818+00:00
ANOM_001157,WORK,140582,MULTIVARIATE_WORK_OUTLIER,0.5,LOW,"Two-feature multivariate outlier identified by Isolation Forest baseline (Score: 0.500; Recommended: ₹220,000.00; Description Length: 387 chars).","{""recommended_amount"": 220000.0, ""description_length"": 387, ""raw_anomaly_score"": 0.7348}",ISOLATION_FOREST_TWO_FEATURE_BASELINE,Contamination Top 1.5%,"Score=0.500 (Amt=₹220,000.00, Len=387)",0.985,,"Two-Feature Joint Feature Space (Log Amount, Description Length)",2026-08-26T10:47:43.666818+00:00
ANOM_001158,WORK,140583,MULTIVARIATE_WORK_OUTLIER,0.5,LOW,"Two-feature multivariate outlier identified by Isolation Forest baseline (Score: 0.500; Recommended: ₹154,000.00; Description Length: 254 chars).","{""recommended_amount"": 154000.0, ""description_length"": 254, ""raw_anomaly_score"": 0.6632}",ISOLATION_FOREST_TWO_FEATURE_BASELINE,Contamination Top 1.5%,"Score=0.500 (Amt=₹154,000.00, Len=254)",0.985,,"Two-Feature Joint Feature Space (Log Amount, Description Length)",2026-08-26T10:47:43.666818+00:00
ANOM_001159,WORK,140584,MULTIVARIATE_WORK_OUTLIER,0.5,LOW,"Two-feature multivariate outlier identified by Isolation Forest baseline (Score: 0.500; Recommended: ₹264,000.00; Description Length: 432 chars).","{""recommended_amount"": 264000.0, ""description_length"": 432, ""raw_anomaly_score"": 0.7304}",ISOLATION_FOREST_TWO_FEATURE_BASELINE,Contamination Top 1.5%,"Score=0.500 (Amt=₹264,000.00, Len=432)",0.985,,"Two-Feature Joint Feature Space (Log Amount, Description Length)",2026-08-26T10:47:43.666818+00:00
ANOM_001160,WORK,140589,MULTIVARIATE_WORK_OUTLIER,0.5,LOW,"Two-feature multivariate outlier identified by Isolation Forest baseline (Score: 0.500; Recommended: ₹220,000.00; Description Length: 412 chars).","{""recommended_amount"": 220000.0, ""description_length"": 412, ""raw_anomaly_score"": 0.7353}",ISOLATION_FOREST_TWO_FEATURE_BASELINE,Contamination Top 1.5%,"Score=0.500 (Amt=₹220,000.00, Len=412)",0.985,,"Two-Feature Joint Feature Space (Log Amount, Description Length)",2026-08-26T10:47:43.666818+00:00
ANOM_001161,WORK,140590,MULTIVARIATE_WORK_OUTLIER,0.5,LOW,"Two-feature multivariate outlier identified by Isolation Forest baseline (Score: 0.500; Recommended: ₹110,000.00; Description Length: 245 chars).","{""recommended_amount"": 110000.0, ""description_length"": 245, ""raw_anomaly_score"": 0.6698}",ISOLATION_FOREST_TWO_FEATURE_BASELINE,Contamination Top 1.5%,"Score=0.500 (Amt=₹110,000.00, Len=245)",0.985,,"Two-Feature Joint Feature Space (Log Amount, Description Length)",2026-08-26T10:47:43.666818+00:00
ANOM_001162,WORK,140591,MULTIVARIATE_WORK_OUTLIER,0.5,LOW,"Two-feature multivariate outlier identified by Isolation Forest baseline (Score: 0.500; Recommended: ₹264,000.00; Description Length: 492 chars).","{""recommended_amount"": 264000.0, ""description_length"": 492, ""raw_anomaly_score"": 0.7379}",ISOLATION_FOREST_TWO_FEATURE_BASELINE,Contamination Top 1.5%,"Score=0.500 (Amt=₹264,000.00, Len=492)",0.985,,"Two-Feature Joint Feature Space (Log Amount, Description Length)",2026-08-26T10:47:43.666818+00:00
ANOM_001163,WORK,140593,MULTIVARIATE_WORK_OUTLIER,0.5,LOW,"Two-feature multivariate outlier identified by Isolation Forest baseline (Score: 0.500; Recommended: ₹242,000.00; Description Length: 424 chars).","{""recommended_amount"": 242000.0, ""description_length"": 424, ""raw_anomaly_score"": 0.7357}",ISOLATION_FOREST_TWO_FEATURE_BASELINE,Contamination Top 1.5%,"Score=0.500 (Amt=₹242,000.00, Len=424)",0.985,,"Two-Feature Joint Feature Space (Log Amount, Description Length)",2026-08-26T10:47:43.666818+00:00
ANOM_001164,WORK,140594,MULTIVARIATE_WORK_OUTLIER,0.5,LOW,"Two-feature multivariate outlier identified by Isolation Forest baseline (Score: 0.500; Recommended: ₹220,000.00; Description Length: 391 chars).","{""recommended_amount"": 220000.0, ""description_length"": 391, ""raw_anomaly_score"": 0.7348}",ISOLATION_FOREST_TWO_FEATURE_BASELINE,Contamination Top 1.5%,"Score=0.500 (Amt=₹220,000.00, Len=391)",0.985,,"Two-Feature Joint Feature Space (Log Amount, Description Length)",2026-08-26T10:47:43.666818+00:00
ANOM_001165,WORK,140595,MULTIVARIATE_WORK_OUTLIER,0.5,LOW,"Two-feature multivariate outlier identified by Isolation Forest baseline (Score: 0.500; Recommended: ₹330,000.00; Description Length: 495 chars).","{""recommended_amount"": 330000.0, ""description_length"": 495, ""raw_anomaly_score"": 0.7414}",ISOLATION_FOREST_TWO_FEATURE_BASELINE,Contamination Top 1.5%,"Score=0.500 (Amt=₹330,000.00, Len=495)",0.985,,"Two-Feature Joint Feature Space (Log Amount, Description Length)",2026-08-26T10:47:43.666818+00:00
ANOM_001166,WORK,140596,MULTIVARIATE_WORK_OUTLIER,0.5,LOW,"Two-feature multivariate outlier identified by Isolation Forest baseline (Score: 0.500; Recommended: ₹308,000.00; Description Length: 424 chars).","{""recommended_amount"": 308000.0, ""description_length"": 424, ""raw_anomaly_score"": 0.7309}",ISOLATION_FOREST_TWO_FEATURE_BASELINE,Contamination Top 1.5%,"Score=0.500 (Amt=₹308,000.00, Len=424)",0.985,,"Two-Feature Joint Feature Space (Log Amount, Description Length)",2026-08-26T10:47:43.666818+00:00
ANOM_001167,WORK,140651,MULTIVARIATE_WORK_OUTLIER,0.5,LOW,"Two-feature multivariate outlier identified by Isolation Forest baseline (Score: 0.500; Recommended: ₹600,000.00; Description Length: 292 chars).","{""recommended_amount"": 600000.0, ""description_length"": 292, ""raw_anomaly_score"": 0.6615}",ISOLATION_FOREST_TWO_FEATURE_BASELINE,Contamination Top 1.5%,"Score=0.500 (Amt=₹600,000.00, Len=292)",0.985,,"Two-Feature Joint Feature Space (Log Amount, Description Length)",2026-08-26T10:47:43.666818+00:00
ANOM_001168,WORK,141469,MULTIVARIATE_WORK_OUTLIER,0.5,LOW,"Two-feature multivariate outlier identified by Isolation Forest baseline (Score: 0.500; Recommended: ₹220,000.00; Description Length: 344 chars).","{""recommended_amount"": 220000.0, ""description_length"": 344, ""raw_anomaly_score"": 0.7218}",ISOLATION_FOREST_TWO_FEATURE_BASELINE,Contamination Top 1.5%,"Score=0.500 (Amt=₹220,000.00, Len=344)",0.985,,"Two-Feature Joint Feature Space (Log Amount, Description Length)",2026-08-26T10:47:43.666818+00:00
ANOM_001169,WORK,141471,MULTIVARIATE_WORK_OUTLIER,0.5,LOW,"Two-feature multivariate outlier identified by Isolation Forest baseline (Score: 0.500; Recommended: ₹220,000.00; Description Length: 403 chars).","{""recommended_amount"": 220000.0, ""description_length"": 403, ""raw_anomaly_score"": 0.7353}",ISOLATION_FOREST_TWO_FEATURE_BASELINE,Contamination Top 1.5%,"Score=0.500 (Amt=₹220,000.00, Len=403)",0.985,,"Two-Feature Joint Feature Space (Log Amount, Description Length)",2026-08-26T10:47:43.666818+00:00
ANOM_001170,WORK,141472,MULTIVARIATE_WORK_OUTLIER,0.5,LOW,"Two-feature multivariate outlier identified by Isolation Forest baseline (Score: 0.500; Recommended: ₹286,000.00; Description Length: 460 chars).","{""recommended_amount"": 286000.0, ""description_length"": 460, ""raw_anomaly_score"": 0.7324}",ISOLATION_FOREST_TWO_FEATURE_BASELINE,Contamination Top 1.5%,"Score=0.500 (Amt=₹286,000.00, Len=460)",0.985,,"Two-Feature Joint Feature Space (Log Amount, Description Length)",2026-08-26T10:47:43.666818+00:00
ANOM_001171,WORK,141473,MULTIVARIATE_WORK_OUTLIER,0.5,LOW,"Two-feature multivariate outlier identified by Isolation Forest baseline (Score: 0.500; Recommended: ₹220,000.00; Description Length: 387 chars).","{""recommended_amount"": 220000.0, ""description_length"": 387, ""raw_anomaly_score"": 0.7348}",ISOLATION_FOREST_TWO_FEATURE_BASELINE,Contamination Top 1.5%,"Score=0.500 (Amt=₹220,000.00, Len=387)",0.985,,"Two-Feature Joint Feature Space (Log Amount, Description Length)",2026-08-26T10:47:43.666818+00:00
ANOM_001172,WORK,141474,MULTIVARIATE_WORK_OUTLIER,0.5,LOW,"Two-feature multivariate outlier identified by Isolation Forest baseline (Score: 0.500; Recommended: ₹242,000.00; Description Length: 444 chars).","{""recommended_amount"": 242000.0, ""description_length"": 444, ""raw_anomaly_score"": 0.7362}",ISOLATION_FOREST_TWO_FEATURE_BASELINE,Contamination Top 1.5%,"Score=0.500 (Amt=₹242,000.00, Len=444)",0.985,,"Two-Feature Joint Feature Space (Log Amount, Description Length)",2026-08-26T10:47:43.666818+00:00
ANOM_001173,WORK,141475,MULTIVARIATE_WORK_OUTLIER,0.5,LOW,"Two-feature multivariate outlier identified by Isolation Forest baseline (Score: 0.500; Recommended: ₹220,000.00; Description Length: 345 chars).","{""recommended_amount"": 220000.0, ""description_length"": 345, ""raw_anomaly_score"": 0.7218}",ISOLATION_FOREST_TWO_FEATURE_BASELINE,Contamination Top 1.5%,"Score=0.500 (Amt=₹220,000.00, Len=345)",0.985,,"Two-Feature Joint Feature Space (Log Amount, Description Length)",2026-08-26T10:47:43.666818+00:00
ANOM_001174,WORK,143354,MULTIVARIATE_WORK_OUTLIER,0.5,LOW,"Two-feature multivariate outlier identified by Isolation Forest baseline (Score: 0.500; Recommended: ₹264,000.00; Description Length: 499 chars).","{""recommended_amount"": 264000.0, ""description_length"": 499, ""raw_anomaly_score"": 0.7379}",ISOLATION_FOREST_TWO_FEATURE_BASELINE,Contamination Top 1.5%,"Score=0.500 (Amt=₹264,000.00, Len=499)",0.985,,"Two-Feature Joint Feature Space (Log Amount, Description Length)",2026-08-26T10:47:43.666818+00:00
ANOM_001175,WORK,143356,MULTIVARIATE_WORK_OUTLIER,0.5,LOW,"Two-feature multivariate outlier identified by Isolation Forest baseline (Score: 0.500; Recommended: ₹286,000.00; Description Length: 486 chars).","{""recommended_amount"": 286000.0, ""description_length"": 486, ""raw_anomaly_score"": 0.7344}",ISOLATION_FOREST_TWO_FEATURE_BASELINE,Contamination Top 1.5%,"Score=0.500 (Amt=₹286,000.00, Len=486)",0.985,,"Two-Feature Joint Feature Space (Log Amount, Description Length)",2026-08-26T10:47:43.666818+00:00
ANOM_001176,WORK,143360,MULTIVARIATE_WORK_OUTLIER,0.5,LOW,"Two-feature multivariate outlier identified by Isolation Forest baseline (Score: 0.500; Recommended: ₹242,000.00; Description Length: 442 chars).","{""recommended_amount"": 242000.0, ""description_length"": 442, ""raw_anomaly_score"": 0.7362}",ISOLATION_FOREST_TWO_FEATURE_BASELINE,Contamination Top 1.5%,"Score=0.500 (Amt=₹242,000.00, Len=442)",0.985,,"Two-Feature Joint Feature Space (Log Amount, Description Length)",2026-08-26T10:47:43.666818+00:00
ANOM_001177,WORK,143362,MULTIVARIATE_WORK_OUTLIER,0.5,LOW,"Two-feature multivariate outlier identified by Isolation Forest baseline (Score: 0.500; Recommended: ₹176,000.00; Description Length: 289 chars).","{""recommended_amount"": 176000.0, ""description_length"": 289, ""raw_anomaly_score"": 0.6779}",ISOLATION_FOREST_TWO_FEATURE_BASELINE,Contamination Top 1.5%,"Score=0.500 (Amt=₹176,000.00, Len=289)",0.985,,"Two-Feature Joint Feature Space (Log Amount, Description Length)",2026-08-26T10:47:43.666818+00:00
ANOM_001178,WORK,143384,MULTIVARIATE_WORK_OUTLIER,0.5,LOW,"Two-feature multivariate outlier identified by Isolation Forest baseline (Score: 0.500; Recommended: ₹110,000.00; Description Length: 230 chars).","{""recommended_amount"": 110000.0, ""description_length"": 230, ""raw_anomaly_score"": 0.6523}",ISOLATION_FOREST_TWO_FEATURE_BASELINE,Contamination Top 1.5%,"Score=0.500 (Amt=₹110,000.00, Len=230)",0.985,,"Two-Feature Joint Feature Space (Log Amount, Description Length)",2026-08-26T10:47:43.666818+00:00
ANOM_001179,WORK,143388,MULTIVARIATE_WORK_OUTLIER,0.5,LOW,"Two-feature multivariate outlier identified by Isolation Forest baseline (Score: 0.500; Recommended: ₹198,000.00; Description Length: 375 chars).","{""recommended_amount"": 198000.0, ""description_length"": 375, ""raw_anomaly_score"": 0.7297}",ISOLATION_FOREST_TWO_FEATURE_BASELINE,Contamination Top 1.5%,"Score=0.500 (Amt=₹198,000.00, Len=375)",0.985,,"Two-Feature Joint Feature Space (Log Amount, Description Length)",2026-08-26T10:47:43.666818+00:00
ANOM_001180,WORK,143389,MULTIVARIATE_WORK_OUTLIER,0.5,LOW,"Two-feature multivariate outlier identified by Isolation Forest baseline (Score: 0.500; Recommended: ₹132,000.00; Description Length: 262 chars).","{""recommended_amount"": 132000.0, ""description_length"": 262, ""raw_anomaly_score"": 0.6742}",ISOLATION_FOREST_TWO_FEATURE_BASELINE,Contamination Top 1.5%,"Score=0.500 (Amt=₹132,000.00, Len=262)",0.985,,"Two-Feature Joint Feature Space (Log Amount, Description Length)",2026-08-26T10:47:43.666818+00:00
ANOM_001181,WORK,143398,MULTIVARIATE_WORK_OUTLIER,0.5,LOW,"Two-feature multivariate outlier identified by Isolation Forest baseline (Score: 0.500; Recommended: ₹132,000.00; Description Length: 240 chars).","{""recommended_amount"": 132000.0, ""description_length"": 240, ""raw_anomaly_score"": 0.65}",ISOLATION_FOREST_TWO_FEATURE_BASELINE,Contamination Top 1.5%,"Score=0.500 (Amt=₹132,000.00, Len=240)",0.985,,"Two-Feature Joint Feature Space (Log Amount, Description Length)",2026-08-26T10:47:43.666818+00:00
ANOM_001182,WORK,143946,MULTIVARIATE_WORK_OUTLIER,0.5,LOW,"Two-feature multivariate outlier identified by Isolation Forest baseline (Score: 0.500; Recommended: ₹330,000.00; Description Length: 484 chars).","{""recommended_amount"": 330000.0, ""description_length"": 484, ""raw_anomaly_score"": 0.7379}",ISOLATION_FOREST_TWO_FEATURE_BASELINE,Contamination Top 1.5%,"Score=0.500 (Amt=₹330,000.00, Len=484)",0.985,,"Two-Feature Joint Feature Space (Log Amount, Description Length)",2026-08-26T10:47:43.666818+00:00
ANOM_001183,WORK,143960,MULTIVARIATE_WORK_OUTLIER,0.5,LOW,"Two-feature multivariate outlier identified by Isolation Forest baseline (Score: 0.500; Recommended: ₹220,000.00; Description Length: 384 chars).","{""recommended_amount"": 220000.0, ""description_length"": 384, ""raw_anomaly_score"": 0.7338}",ISOLATION_FOREST_TWO_FEATURE_BASELINE,Contamination Top 1.5%,"Score=0.500 (Amt=₹220,000.00, Len=384)",0.985,,"Two-Feature Joint Feature Space (Log Amount, Description Length)",2026-08-26T10:47:43.666818+00:00
ANOM_001184,WORK,143963,MULTIVARIATE_WORK_OUTLIER,0.5,LOW,"Two-feature multivariate outlier identified by Isolation Forest baseline (Score: 0.500; Recommended: ₹220,000.00; Description Length: 337 chars).","{""recommended_amount"": 220000.0, ""description_length"": 337, ""raw_anomaly_score"": 0.7168}",ISOLATION_FOREST_TWO_FEATURE_BASELINE,Contamination Top 1.5%,"Score=0.500 (Amt=₹220,000.00, Len=337)",0.985,,"Two-Feature Joint Feature Space (Log Amount, Description Length)",2026-08-26T10:47:43.666818+00:00
ANOM_001185,WORK,143964,MULTIVARIATE_WORK_OUTLIER,0.5,LOW,"Two-feature multivariate outlier identified by Isolation Forest baseline (Score: 0.500; Recommended: ₹220,000.00; Description Length: 373 chars).","{""recommended_amount"": 220000.0, ""description_length"": 373, ""raw_anomaly_score"": 0.7333}",ISOLATION_FOREST_TWO_FEATURE_BASELINE,Contamination Top 1.5%,"Score=0.500 (Amt=₹220,000.00, Len=373)",0.985,,"Two-Feature Joint Feature Space (Log Amount, Description Length)",2026-08-26T10:47:43.666818+00:00
ANOM_001186,WORK,143965,MULTIVARIATE_WORK_OUTLIER,0.5,LOW,"Two-feature multivariate outlier identified by Isolation Forest baseline (Score: 0.500; Recommended: ₹220,000.00; Description Length: 374 chars).","{""recommended_amount"": 220000.0, ""description_length"": 374, ""raw_anomaly_score"": 0.7333}",ISOLATION_FOREST_TWO_FEATURE_BASELINE,Contamination Top 1.5%,"Score=0.500 (Amt=₹220,000.00, Len=374)",0.985,,"Two-Feature Joint Feature Space (Log Amount, Description Length)",2026-08-26T10:47:43.666818+00:00
ANOM_001187,WORK,143968,MULTIVARIATE_WORK_OUTLIER,0.5,LOW,"Two-feature multivariate outlier identified by Isolation Forest baseline (Score: 0.500; Recommended: ₹264,000.00; Description Length: 389 chars).","{""recommended_amount"": 264000.0, ""description_length"": 389, ""raw_anomaly_score"": 0.7299}",ISOLATION_FOREST_TWO_FEATURE_BASELINE,Contamination Top 1.5%,"Score=0.500 (Amt=₹264,000.00, Len=389)",0.985,,"Two-Feature Joint Feature Space (Log Amount, Description Length)",2026-08-26T10:47:43.666818+00:00
ANOM_001188,WORK,144843,MULTIVARIATE_WORK_OUTLIER,0.5,LOW,"Two-feature multivariate outlier identified by Isolation Forest baseline (Score: 0.500; Recommended: ₹220,000.00; Description Length: 474 chars).","{""recommended_amount"": 220000.0, ""description_length"": 474, ""raw_anomaly_score"": 0.7393}",ISOLATION_FOREST_TWO_FEATURE_BASELINE,Contamination Top 1.5%,"Score=0.500 (Amt=₹220,000.00, Len=474)",0.985,,"Two-Feature Joint Feature Space (Log Amount, Description Length)",2026-08-26T10:47:43.666818+00:00
ANOM_001189,WORK,144844,MULTIVARIATE_WORK_OUTLIER,0.5,LOW,"Two-feature multivariate outlier identified by Isolation Forest baseline (Score: 0.500; Recommended: ₹220,000.00; Description Length: 453 chars).","{""recommended_amount"": 220000.0, ""description_length"": 453, ""raw_anomaly_score"": 0.7358}",ISOLATION_FOREST_TWO_FEATURE_BASELINE,Contamination Top 1.5%,"Score=0.500 (Amt=₹220,000.00, Len=453)",0.985,,"Two-Feature Joint Feature Space (Log Amount, Description Length)",2026-08-26T10:47:43.666818+00:00
ANOM_001190,WORK,144845,MULTIVARIATE_WORK_OUTLIER,0.5,LOW,"Two-feature multivariate outlier identified by Isolation Forest baseline (Score: 0.500; Recommended: ₹220,000.00; Description Length: 410 chars).","{""recommended_amount"": 220000.0, ""description_length"": 410, ""raw_anomaly_score"": 0.7353}",ISOLATION_FOREST_TWO_FEATURE_BASELINE,Contamination Top 1.5%,"Score=0.500 (Amt=₹220,000.00, Len=410)",0.985,,"Two-Feature Joint Feature Space (Log Amount, Description Length)",2026-08-26T10:47:43.666818+00:00
ANOM_001191,WORK,144846,MULTIVARIATE_WORK_OUTLIER,0.5,LOW,"Two-feature multivariate outlier identified by Isolation Forest baseline (Score: 0.500; Recommended: ₹220,000.00; Description Length: 419 chars).","{""recommended_amount"": 220000.0, ""description_length"": 419, ""raw_anomaly_score"": 0.7353}",ISOLATION_FOREST_TWO_FEATURE_BASELINE,Contamination Top 1.5%,"Score=0.500 (Amt=₹220,000.00, Len=419)",0.985,,"Two-Feature Joint Feature Space (Log Amount, Description Length)",2026-08-26T10:47:43.666818+00:00
ANOM_001192,WORK,144847,MULTIVARIATE_WORK_OUTLIER,0.5,LOW,"Two-feature multivariate outlier identified by Isolation Forest baseline (Score: 0.500; Recommended: ₹220,000.00; Description Length: 461 chars).","{""recommended_amount"": 220000.0, ""description_length"": 461, ""raw_anomaly_score"": 0.7373}",ISOLATION_FOREST_TWO_FEATURE_BASELINE,Contamination Top 1.5%,"Score=0.500 (Amt=₹220,000.00, Len=461)",0.985,,"Two-Feature Joint Feature Space (Log Amount, Description Length)",2026-08-26T10:47:43.666818+00:00
ANOM_001193,WORK,144854,MULTIVARIATE_WORK_OUTLIER,0.5,LOW,"Two-feature multivariate outlier identified by Isolation Forest baseline (Score: 0.500; Recommended: ₹220,000.00; Description Length: 438 chars).","{""recommended_amount"": 220000.0, ""description_length"": 438, ""raw_anomaly_score"": 0.7353}",ISOLATION_FOREST_TWO_FEATURE_BASELINE,Contamination Top 1.5%,"Score=0.500 (Amt=₹220,000.00, Len=438)",0.985,,"Two-Feature Joint Feature Space (Log Amount, Description Length)",2026-08-26T10:47:43.666818+00:00
ANOM_001194,WORK,144855,MULTIVARIATE_WORK_OUTLIER,0.5,LOW,"Two-feature multivariate outlier identified by Isolation Forest baseline (Score: 0.500; Recommended: ₹220,000.00; Description Length: 447 chars).","{""recommended_amount"": 220000.0, ""description_length"": 447, ""raw_anomaly_score"": 0.7358}",ISOLATION_FOREST_TWO_FEATURE_BASELINE,Contamination Top 1.5%,"Score=0.500 (Amt=₹220,000.00, Len=447)",0.985,,"Two-Feature Joint Feature Space (Log Amount, Description Length)",2026-08-26T10:47:43.666818+00:00
ANOM_001195,WORK,144856,MULTIVARIATE_WORK_OUTLIER,0.5,LOW,"Two-feature multivariate outlier identified by Isolation Forest baseline (Score: 0.500; Recommended: ₹220,000.00; Description Length: 479 chars).","{""recommended_amount"": 220000.0, ""description_length"": 479, ""raw_anomaly_score"": 0.7393}",ISOLATION_FOREST_TWO_FEATURE_BASELINE,Contamination Top 1.5%,"Score=0.500 (Amt=₹220,000.00, Len=479)",0.985,,"Two-Feature Joint Feature Space (Log Amount, Description Length)",2026-08-26T10:47:43.666818+00:00
ANOM_001196,WORK,144857,MULTIVARIATE_WORK_OUTLIER,0.5,LOW,"Two-feature multivariate outlier identified by Isolation Forest baseline (Score: 0.500; Recommended: ₹154,000.00; Description Length: 253 chars).","{""recommended_amount"": 154000.0, ""description_length"": 253, ""raw_anomaly_score"": 0.6605}",ISOLATION_FOREST_TWO_FEATURE_BASELINE,Contamination Top 1.5%,"Score=0.500 (Amt=₹154,000.00, Len=253)",0.985,,"Two-Feature Joint Feature Space (Log Amount, Description Length)",2026-08-26T10:47:43.666818+00:00
ANOM_001197,WORK,144858,MULTIVARIATE_WORK_OUTLIER,0.5,LOW,"Two-feature multivariate outlier identified by Isolation Forest baseline (Score: 0.500; Recommended: ₹242,000.00; Description Length: 436 chars).","{""recommended_amount"": 242000.0, ""description_length"": 436, ""raw_anomaly_score"": 0.7357}",ISOLATION_FOREST_TWO_FEATURE_BASELINE,Contamination Top 1.5%,"Score=0.500 (Amt=₹242,000.00, Len=436)",0.985,,"Two-Feature Joint Feature Space (Log Amount, Description Length)",2026-08-26T10:47:43.666818+00:00
ANOM_001198,WORK,144859,MULTIVARIATE_WORK_OUTLIER,0.5,LOW,"Two-feature multivariate outlier identified by Isolation Forest baseline (Score: 0.500; Recommended: ₹242,000.00; Description Length: 467 chars).","{""recommended_amount"": 242000.0, ""description_length"": 467, ""raw_anomaly_score"": 0.7397}",ISOLATION_FOREST_TWO_FEATURE_BASELINE,Contamination Top 1.5%,"Score=0.500 (Amt=₹242,000.00, Len=467)",0.985,,"Two-Feature Joint Feature Space (Log Amount, Description Length)",2026-08-26T10:47:43.666818+00:00
ANOM_001199,WORK,144860,MULTIVARIATE_WORK_OUTLIER,0.5,LOW,"Two-feature multivariate outlier identified by Isolation Forest baseline (Score: 0.500; Recommended: ₹220,000.00; Description Length: 382 chars).","{""recommended_amount"": 220000.0, ""description_length"": 382, ""raw_anomaly_score"": 0.7338}",ISOLATION_FOREST_TWO_FEATURE_BASELINE,Contamination Top 1.5%,"Score=0.500 (Amt=₹220,000.00, Len=382)",0.985,,"Two-Feature Joint Feature Space (Log Amount, Description Length)",2026-08-26T10:47:43.666818+00:00
ANOM_001200,WORK,144861,MULTIVARIATE_WORK_OUTLIER,0.5,LOW,"Two-feature multivariate outlier identified by Isolation Forest baseline (Score: 0.500; Recommended: ₹220,000.00; Description Length: 342 chars).","{""recommended_amount"": 220000.0, ""description_length"": 342, ""raw_anomaly_score"": 0.7189}",ISOLATION_FOREST_TWO_FEATURE_BASELINE,Contamination Top 1.5%,"Score=0.500 (Amt=₹220,000.00, Len=342)",0.985,,"Two-Feature Joint Feature Space (Log Amount, Description Length)",2026-08-26T10:47:43.666818+00:00
ANOM_001201,WORK,144862,MULTIVARIATE_WORK_OUTLIER,0.5,LOW,"Two-feature multivariate outlier identified by Isolation Forest baseline (Score: 0.500; Recommended: ₹264,000.00; Description Length: 458 chars).","{""recommended_amount"": 264000.0, ""description_length"": 458, ""raw_anomaly_score"": 0.7309}",ISOLATION_FOREST_TWO_FEATURE_BASELINE,Contamination Top 1.5%,"Score=0.500 (Amt=₹264,000.00, Len=458)",0.985,,"Two-Feature Joint Feature Space (Log Amount, Description Length)",2026-08-26T10:47:43.666818+00:00
ANOM_001202,WORK,144863,MULTIVARIATE_WORK_OUTLIER,0.5,LOW,"Two-feature multivariate outlier identified by Isolation Forest baseline (Score: 0.500; Recommended: ₹220,000.00; Description Length: 408 chars).","{""recommended_amount"": 220000.0, ""description_length"": 408, ""raw_anomaly_score"": 0.7353}",ISOLATION_FOREST_TWO_FEATURE_BASELINE,Contamination Top 1.5%,"Score=0.500 (Amt=₹220,000.00, Len=408)",0.985,,"Two-Feature Joint Feature Space (Log Amount, Description Length)",2026-08-26T10:47:43.666818+00:00
ANOM_001203,WORK,144864,MULTIVARIATE_WORK_OUTLIER,0.5,LOW,"Two-feature multivariate outlier identified by Isolation Forest baseline (Score: 0.500; Recommended: ₹220,000.00; Description Length: 422 chars).","{""recommended_amount"": 220000.0, ""description_length"": 422, ""raw_anomaly_score"": 0.7353}",ISOLATION_FOREST_TWO_FEATURE_BASELINE,Contamination Top 1.5%,"Score=0.500 (Amt=₹220,000.00, Len=422)",0.985,,"Two-Feature Joint Feature Space (Log Amount, Description Length)",2026-08-26T10:47:43.666818+00:00
ANOM_001204,WORK,144865,MULTIVARIATE_WORK_OUTLIER,0.5,LOW,"Two-feature multivariate outlier identified by Isolation Forest baseline (Score: 0.500; Recommended: ₹242,000.00; Description Length: 405 chars).","{""recommended_amount"": 242000.0, ""description_length"": 405, ""raw_anomaly_score"": 0.7357}",ISOLATION_FOREST_TWO_FEATURE_BASELINE,Contamination Top 1.5%,"Score=0.500 (Amt=₹242,000.00, Len=405)",0.985,,"Two-Feature Joint Feature Space (Log Amount, Description Length)",2026-08-26T10:47:43.666818+00:00
ANOM_001205,WORK,144866,MULTIVARIATE_WORK_OUTLIER,0.5,LOW,"Two-feature multivariate outlier identified by Isolation Forest baseline (Score: 0.500; Recommended: ₹220,000.00; Description Length: 459 chars).","{""recommended_amount"": 220000.0, ""description_length"": 459, ""raw_anomaly_score"": 0.7373}",ISOLATION_FOREST_TWO_FEATURE_BASELINE,Contamination Top 1.5%,"Score=0.500 (Amt=₹220,000.00, Len=459)",0.985,,"Two-Feature Joint Feature Space (Log Amount, Description Length)",2026-08-26T10:47:43.666818+00:00
ANOM_001206,WORK,144867,MULTIVARIATE_WORK_OUTLIER,0.5,LOW,"Two-feature multivariate outlier identified by Isolation Forest baseline (Score: 0.500; Recommended: ₹198,000.00; Description Length: 334 chars).","{""recommended_amount"": 198000.0, ""description_length"": 334, ""raw_anomaly_score"": 0.708}",ISOLATION_FOREST_TWO_FEATURE_BASELINE,Contamination Top 1.5%,"Score=0.500 (Amt=₹198,000.00, Len=334)",0.985,,"Two-Feature Joint Feature Space (Log Amount, Description Length)",2026-08-26T10:47:43.666818+00:00
ANOM_001207,WORK,144868,MULTIVARIATE_WORK_OUTLIER,0.5,LOW,"Two-feature multivariate outlier identified by Isolation Forest baseline (Score: 0.500; Recommended: ₹220,000.00; Description Length: 409 chars).","{""recommended_amount"": 220000.0, ""description_length"": 409, ""raw_anomaly_score"": 0.7353}",ISOLATION_FOREST_TWO_FEATURE_BASELINE,Contamination Top 1.5%,"Score=0.500 (Amt=₹220,000.00, Len=409)",0.985,,"Two-Feature Joint Feature Space (Log Amount, Description Length)",2026-08-26T10:47:43.666818+00:00
ANOM_001208,WORK,144869,MULTIVARIATE_WORK_OUTLIER,0.5,LOW,"Two-feature multivariate outlier identified by Isolation Forest baseline (Score: 0.500; Recommended: ₹220,000.00; Description Length: 390 chars).","{""recommended_amount"": 220000.0, ""description_length"": 390, ""raw_anomaly_score"": 0.7348}",ISOLATION_FOREST_TWO_FEATURE_BASELINE,Contamination Top 1.5%,"Score=0.500 (Amt=₹220,000.00, Len=390)",0.985,,"Two-Feature Joint Feature Space (Log Amount, Description Length)",2026-08-26T10:47:43.666818+00:00
ANOM_001209,WORK,144870,MULTIVARIATE_WORK_OUTLIER,0.5,LOW,"Two-feature multivariate outlier identified by Isolation Forest baseline (Score: 0.500; Recommended: ₹242,000.00; Description Length: 433 chars).","{""recommended_amount"": 242000.0, ""description_length"": 433, ""raw_anomaly_score"": 0.7357}",ISOLATION_FOREST_TWO_FEATURE_BASELINE,Contamination Top 1.5%,"Score=0.500 (Amt=₹242,000.00, Len=433)",0.985,,"Two-Feature Joint Feature Space (Log Amount, Description Length)",2026-08-26T10:47:43.666818+00:00
ANOM_001210,WORK,929,MULTIVARIATE_WORK_OUTLIER,0.5,LOW,"Two-feature multivariate outlier identified by Isolation Forest baseline (Score: 0.500; Recommended: ₹4,500,000.00; Description Length: 215 chars).","{""recommended_amount"": 4500000.0, ""description_length"": 215, ""raw_anomaly_score"": 0.68}",ISOLATION_FOREST_TWO_FEATURE_BASELINE,Contamination Top 1.5%,"Score=0.500 (Amt=₹4,500,000.00, Len=215)",0.985,,"Two-Feature Joint Feature Space (Log Amount, Description Length)",2026-08-26T10:47:43.666818+00:00
ANOM_001211,WORK,180263,MULTIVARIATE_WORK_OUTLIER,0.5,LOW,"Two-feature multivariate outlier identified by Isolation Forest baseline (Score: 0.500; Recommended: ₹4,500,000.00; Description Length: 287 chars).","{""recommended_amount"": 4500000.0, ""description_length"": 287, ""raw_anomaly_score"": 0.7338}",ISOLATION_FOREST_TWO_FEATURE_BASELINE,Contamination Top 1.5%,"Score=0.500 (Amt=₹4,500,000.00, Len=287)",0.985,,"Two-Feature Joint Feature Space (Log Amount, Description Length)",2026-08-26T10:47:43.666818+00:00
ANOM_001212,WORK,180350,MULTIVARIATE_WORK_OUTLIER,0.5,LOW,"Two-feature multivariate outlier identified by Isolation Forest baseline (Score: 0.500; Recommended: ₹2,000,000.00; Description Length: 247 chars).","{""recommended_amount"": 2000000.0, ""description_length"": 247, ""raw_anomaly_score"": 0.6814}",ISOLATION_FOREST_TWO_FEATURE_BASELINE,Contamination Top 1.5%,"Score=0.500 (Amt=₹2,000,000.00, Len=247)",0.985,,"Two-Feature Joint Feature Space (Log Amount, Description Length)",2026-08-26T10:47:43.666818+00:00
ANOM_001213,WORK,181980,MULTIVARIATE_WORK_OUTLIER,0.5,LOW,"Two-feature multivariate outlier identified by Isolation Forest baseline (Score: 0.500; Recommended: ₹2,000,000.00; Description Length: 304 chars).","{""recommended_amount"": 2000000.0, ""description_length"": 304, ""raw_anomaly_score"": 0.7184}",ISOLATION_FOREST_TWO_FEATURE_BASELINE,Contamination Top 1.5%,"Score=0.500 (Amt=₹2,000,000.00, Len=304)",0.985,,"Two-Feature Joint Feature Space (Log Amount, Description Length)",2026-08-26T10:47:43.666818+00:00
ANOM_001214,WORK,199026,MULTIVARIATE_WORK_OUTLIER,0.5,LOW,"Two-feature multivariate outlier identified by Isolation Forest baseline (Score: 0.500; Recommended: ₹3,000,000.00; Description Length: 266 chars).","{""recommended_amount"": 3000000.0, ""description_length"": 266, ""raw_anomaly_score"": 0.7098}",ISOLATION_FOREST_TWO_FEATURE_BASELINE,Contamination Top 1.5%,"Score=0.500 (Amt=₹3,000,000.00, Len=266)",0.985,,"Two-Feature Joint Feature Space (Log Amount, Description Length)",2026-08-26T10:47:43.666818+00:00
ANOM_001215,WORK,225553,MULTIVARIATE_WORK_OUTLIER,0.5,LOW,"Two-feature multivariate outlier identified by Isolation Forest baseline (Score: 0.500; Recommended: ₹2,000,000.00; Description Length: 239 chars).","{""recommended_amount"": 2000000.0, ""description_length"": 239, ""raw_anomaly_score"": 0.6693}",ISOLATION_FOREST_TWO_FEATURE_BASELINE,Contamination Top 1.5%,"Score=0.500 (Amt=₹2,000,000.00, Len=239)",0.985,,"Two-Feature Joint Feature Space (Log Amount, Description Length)",2026-08-26T10:47:43.666818+00:00
ANOM_001216,WORK,267672,MULTIVARIATE_WORK_OUTLIER,0.5,LOW,"Two-feature multivariate outlier identified by Isolation Forest baseline (Score: 0.500; Recommended: ₹1,540,000.00; Description Length: 263 chars).","{""recommended_amount"": 1540000.0, ""description_length"": 263, ""raw_anomaly_score"": 0.6838}",ISOLATION_FOREST_TWO_FEATURE_BASELINE,Contamination Top 1.5%,"Score=0.500 (Amt=₹1,540,000.00, Len=263)",0.985,,"Two-Feature Joint Feature Space (Log Amount, Description Length)",2026-08-26T10:47:43.666818+00:00
ANOM_001217,WORK,276366,MULTIVARIATE_WORK_OUTLIER,0.5,LOW,"Two-feature multivariate outlier identified by Isolation Forest baseline (Score: 0.500; Recommended: ₹100,000.00; Description Length: 304 chars).","{""recommended_amount"": 100000.0, ""description_length"": 304, ""raw_anomaly_score"": 0.7057}",ISOLATION_FOREST_TWO_FEATURE_BASELINE,Contamination Top 1.5%,"Score=0.500 (Amt=₹100,000.00, Len=304)",0.985,,"Two-Feature Joint Feature Space (Log Amount, Description Length)",2026-08-26T10:47:43.666818+00:00
ANOM_001218,WORK,277846,MULTIVARIATE_WORK_OUTLIER,0.5,LOW,"Two-feature multivariate outlier identified by Isolation Forest baseline (Score: 0.500; Recommended: ₹1,887,500.00; Description Length: 315 chars).","{""recommended_amount"": 1887500.0, ""description_length"": 315, ""raw_anomaly_score"": 0.7244}",ISOLATION_FOREST_TWO_FEATURE_BASELINE,Contamination Top 1.5%,"Score=0.500 (Amt=₹1,887,500.00, Len=315)",0.985,,"Two-Feature Joint Feature Space (Log Amount, Description Length)",2026-08-26T10:47:43.666818+00:00
ANOM_001219,WORK,278601,MULTIVARIATE_WORK_OUTLIER,0.5,LOW,"Two-feature multivariate outlier identified by Isolation Forest baseline (Score: 0.500; Recommended: ₹1,200,000.00; Description Length: 235 chars).","{""recommended_amount"": 1200000.0, ""description_length"": 235, ""raw_anomaly_score"": 0.6445}",ISOLATION_FOREST_TWO_FEATURE_BASELINE,Contamination Top 1.5%,"Score=0.500 (Amt=₹1,200,000.00, Len=235)",0.985,,"Two-Feature Joint Feature Space (Log Amount, Description Length)",2026-08-26T10:47:43.666818+00:00
ANOM_001220,WORK,278604,MULTIVARIATE_WORK_OUTLIER,0.5,LOW,"Two-feature multivariate outlier identified by Isolation Forest baseline (Score: 0.500; Recommended: ₹2,000,000.00; Description Length: 229 chars).","{""recommended_amount"": 2000000.0, ""description_length"": 229, ""raw_anomaly_score"": 0.6618}",ISOLATION_FOREST_TWO_FEATURE_BASELINE,Contamination Top 1.5%,"Score=0.500 (Amt=₹2,000,000.00, Len=229)",0.985,,"Two-Feature Joint Feature Space (Log Amount, Description Length)",2026-08-26T10:47:43.666818+00:00
ANOM_001221,WORK,216527,MULTIVARIATE_WORK_OUTLIER,0.5,LOW,"Two-feature multivariate outlier identified by Isolation Forest baseline (Score: 0.500; Recommended: ₹470,000.00; Description Length: 375 chars).","{""recommended_amount"": 470000.0, ""description_length"": 375, ""raw_anomaly_score"": 0.7278}",ISOLATION_FOREST_TWO_FEATURE_BASELINE,Contamination Top 1.5%,"Score=0.500 (Amt=₹470,000.00, Len=375)",0.985,,"Two-Feature Joint Feature Space (Log Amount, Description Length)",2026-08-26T10:47:43.666818+00:00
ANOM_001222,WORK,216584,MULTIVARIATE_WORK_OUTLIER,0.5,LOW,"Two-feature multivariate outlier identified by Isolation Forest baseline (Score: 0.500; Recommended: ₹500,000.00; Description Length: 351 chars).","{""recommended_amount"": 500000.0, ""description_length"": 351, ""raw_anomaly_score"": 0.6958}",ISOLATION_FOREST_TWO_FEATURE_BASELINE,Contamination Top 1.5%,"Score=0.500 (Amt=₹500,000.00, Len=351)",0.985,,"Two-Feature Joint Feature Space (Log Amount, Description Length)",2026-08-26T10:47:43.666818+00:00
ANOM_001223,WORK,218865,MULTIVARIATE_WORK_OUTLIER,0.5,LOW,"Two-feature multivariate outlier identified by Isolation Forest baseline (Score: 0.500; Recommended: ₹440,000.00; Description Length: 350 chars).","{""recommended_amount"": 440000.0, ""description_length"": 350, ""raw_anomaly_score"": 0.7101}",ISOLATION_FOREST_TWO_FEATURE_BASELINE,Contamination Top 1.5%,"Score=0.500 (Amt=₹440,000.00, Len=350)",0.985,,"Two-Feature Joint Feature Space (Log Amount, Description Length)",2026-08-26T10:47:43.666818+00:00
ANOM_001224,WORK,219079,MULTIVARIATE_WORK_OUTLIER,0.5,LOW,"Two-feature multivariate outlier identified by Isolation Forest baseline (Score: 0.500; Recommended: ₹770,000.00; Description Length: 314 chars).","{""recommended_amount"": 770000.0, ""description_length"": 314, ""raw_anomaly_score"": 0.6918}",ISOLATION_FOREST_TWO_FEATURE_BASELINE,Contamination Top 1.5%,"Score=0.500 (Amt=₹770,000.00, Len=314)",0.985,,"Two-Feature Joint Feature Space (Log Amount, Description Length)",2026-08-26T10:47:43.666818+00:00
ANOM_001225,WORK,221290,MULTIVARIATE_WORK_OUTLIER,0.5,LOW,"Two-feature multivariate outlier identified by Isolation Forest baseline (Score: 0.500; Recommended: ₹930,000.00; Description Length: 382 chars).","{""recommended_amount"": 930000.0, ""description_length"": 382, ""raw_anomaly_score"": 0.7316}",ISOLATION_FOREST_TWO_FEATURE_BASELINE,Contamination Top 1.5%,"Score=0.500 (Amt=₹930,000.00, Len=382)",0.985,,"Two-Feature Joint Feature Space (Log Amount, Description Length)",2026-08-26T10:47:43.666818+00:00
ANOM_001226,WORK,225292,MULTIVARIATE_WORK_OUTLIER,0.5,LOW,"Two-feature multivariate outlier identified by Isolation Forest baseline (Score: 0.500; Recommended: ₹500,000.00; Description Length: 304 chars).","{""recommended_amount"": 500000.0, ""description_length"": 304, ""raw_anomaly_score"": 0.6659}",ISOLATION_FOREST_TWO_FEATURE_BASELINE,Contamination Top 1.5%,"Score=0.500 (Amt=₹500,000.00, Len=304)",0.985,,"Two-Feature Joint Feature Space (Log Amount, Description Length)",2026-08-26T10:47:43.666818+00:00
ANOM_001227,WORK,232802,MULTIVARIATE_WORK_OUTLIER,0.5,LOW,"Two-feature multivariate outlier identified by Isolation Forest baseline (Score: 0.500; Recommended: ₹260,000.00; Description Length: 354 chars).","{""recommended_amount"": 260000.0, ""description_length"": 354, ""raw_anomaly_score"": 0.7175}",ISOLATION_FOREST_TWO_FEATURE_BASELINE,Contamination Top 1.5%,"Score=0.500 (Amt=₹260,000.00, Len=354)",0.985,,"Two-Feature Joint Feature Space (Log Amount, Description Length)",2026-08-26T10:47:43.666818+00:00
ANOM_001228,WORK,239358,MULTIVARIATE_WORK_OUTLIER,0.5,LOW,"Two-feature multivariate outlier identified by Isolation Forest baseline (Score: 0.500; Recommended: ₹599,440.00; Description Length: 290 chars).","{""recommended_amount"": 599440.0, ""description_length"": 290, ""raw_anomaly_score"": 0.6615}",ISOLATION_FOREST_TWO_FEATURE_BASELINE,Contamination Top 1.5%,"Score=0.500 (Amt=₹599,440.00, Len=290)",0.985,,"Two-Feature Joint Feature Space (Log Amount, Description Length)",2026-08-26T10:47:43.666818+00:00
ANOM_001229,WORK,255240,MULTIVARIATE_WORK_OUTLIER,0.5,LOW,"Two-feature multivariate outlier identified by Isolation Forest baseline (Score: 0.500; Recommended: ₹989,000.00; Description Length: 255 chars).","{""recommended_amount"": 989000.0, ""description_length"": 255, ""raw_anomaly_score"": 0.6452}",ISOLATION_FOREST_TWO_FEATURE_BASELINE,Contamination Top 1.5%,"Score=0.500 (Amt=₹989,000.00, Len=255)",0.985,,"Two-Feature Joint Feature Space (Log Amount, Description Length)",2026-08-26T10:47:43.666818+00:00
ANOM_001230,WORK,264600,MULTIVARIATE_WORK_OUTLIER,0.5,LOW,"Two-feature multivariate outlier identified by Isolation Forest baseline (Score: 0.500; Recommended: ₹400,000.00; Description Length: 299 chars).","{""recommended_amount"": 400000.0, ""description_length"": 299, ""raw_anomaly_score"": 0.6765}",ISOLATION_FOREST_TWO_FEATURE_BASELINE,Contamination Top 1.5%,"Score=0.500 (Amt=₹400,000.00, Len=299)",0.985,,"Two-Feature Joint Feature Space (Log Amount, Description Length)",2026-08-26T10:47:43.666818+00:00
ANOM_001231,WORK,264609,MULTIVARIATE_WORK_OUTLIER,0.5,LOW,"Two-feature multivariate outlier identified by Isolation Forest baseline (Score: 0.500; Recommended: ₹800,000.00; Description Length: 263 chars).","{""recommended_amount"": 800000.0, ""description_length"": 263, ""raw_anomaly_score"": 0.6544}",ISOLATION_FOREST_TWO_FEATURE_BASELINE,Contamination Top 1.5%,"Score=0.500 (Amt=₹800,000.00, Len=263)",0.985,,"Two-Feature Joint Feature Space (Log Amount, Description Length)",2026-08-26T10:47:43.666818+00:00
ANOM_001233,WORK,151387,MULTIVARIATE_WORK_OUTLIER,0.5,LOW,"Two-feature multivariate outlier identified by Isolation Forest baseline (Score: 0.500; Recommended: ₹3,062,430.00; Description Length: 9 chars).","{""recommended_amount"": 3062430.0, ""description_length"": 9, ""raw_anomaly_score"": 0.6475}",ISOLATION_FOREST_TWO_FEATURE_BASELINE,Contamination Top 1.5%,"Score=0.500 (Amt=₹3,062,430.00, Len=9)",0.985,,"Two-Feature Joint Feature Space (Log Amount, Description Length)",2026-08-26T10:47:43.666818+00:00
ANOM_001234,WORK,153170,MULTIVARIATE_WORK_OUTLIER,0.5,LOW,"Two-feature multivariate outlier identified by Isolation Forest baseline (Score: 0.500; Recommended: ₹50,000.00; Description Length: 222 chars).","{""recommended_amount"": 50000.0, ""description_length"": 222, ""raw_anomaly_score"": 0.6758}",ISOLATION_FOREST_TWO_FEATURE_BASELINE,Contamination Top 1.5%,"Score=0.500 (Amt=₹50,000.00, Len=222)",0.985,,"Two-Feature Joint Feature Space (Log Amount, Description Length)",2026-08-26T10:47:43.666818+00:00
ANOM_001235,WORK,153171,MULTIVARIATE_WORK_OUTLIER,0.5,LOW,"Two-feature multivariate outlier identified by Isolation Forest baseline (Score: 0.500; Recommended: ₹50,000.00; Description Length: 222 chars).","{""recommended_amount"": 50000.0, ""description_length"": 222, ""raw_anomaly_score"": 0.6758}",ISOLATION_FOREST_TWO_FEATURE_BASELINE,Contamination Top 1.5%,"Score=0.500 (Amt=₹50,000.00, Len=222)",0.985,,"Two-Feature Joint Feature Space (Log Amount, Description Length)",2026-08-26T10:47:43.666818+00:00
ANOM_001236,WORK,187789,MULTIVARIATE_WORK_OUTLIER,0.5,LOW,"Two-feature multivariate outlier identified by Isolation Forest baseline (Score: 0.500; Recommended: ₹50,000.00; Description Length: 8 chars).","{""recommended_amount"": 50000.0, ""description_length"": 8, ""raw_anomaly_score"": 0.6501}",ISOLATION_FOREST_TWO_FEATURE_BASELINE,Contamination Top 1.5%,"Score=0.500 (Amt=₹50,000.00, Len=8)",0.985,,"Two-Feature Joint Feature Space (Log Amount, Description Length)",2026-08-26T10:47:43.666818+00:00
ANOM_001237,WORK,272471,MULTIVARIATE_WORK_OUTLIER,0.5,LOW,"Two-feature multivariate outlier identified by Isolation Forest baseline (Score: 0.500; Recommended: ₹100,000.00; Description Length: 224 chars).","{""recommended_amount"": 100000.0, ""description_length"": 224, ""raw_anomaly_score"": 0.6469}",ISOLATION_FOREST_TWO_FEATURE_BASELINE,Contamination Top 1.5%,"Score=0.500 (Amt=₹100,000.00, Len=224)",0.985,,"Two-Feature Joint Feature Space (Log Amount, Description Length)",2026-08-26T10:47:43.666818+00:00
ANOM_001238,WORK,287369,MULTIVARIATE_WORK_OUTLIER,0.5,LOW,"Two-feature multivariate outlier identified by Isolation Forest baseline (Score: 0.500; Recommended: ₹911,540.00; Description Length: 252 chars).","{""recommended_amount"": 911540.0, ""description_length"": 252, ""raw_anomaly_score"": 0.6483}",ISOLATION_FOREST_TWO_FEATURE_BASELINE,Contamination Top 1.5%,"Score=0.500 (Amt=₹911,540.00, Len=252)",0.985,,"Two-Feature Joint Feature Space (Log Amount, Description Length)",2026-08-26T10:47:43.666818+00:00
ANOM_001239,WORK,287370,MULTIVARIATE_WORK_OUTLIER,0.5,LOW,"Two-feature multivariate outlier identified by Isolation Forest baseline (Score: 0.500; Recommended: ₹911,540.00; Description Length: 252 chars).","{""recommended_amount"": 911540.0, ""description_length"": 252, ""raw_anomaly_score"": 0.6483}",ISOLATION_FOREST_TWO_FEATURE_BASELINE,Contamination Top 1.5%,"Score=0.500 (Amt=₹911,540.00, Len=252)",0.985,,"Two-Feature Joint Feature Space (Log Amount, Description Length)",2026-08-26T10:47:43.666818+00:00
ANOM_001240,WORK,287371,MULTIVARIATE_WORK_OUTLIER,0.5,LOW,"Two-feature multivariate outlier identified by Isolation Forest baseline (Score: 0.500; Recommended: ₹911,540.00; Description Length: 252 chars).","{""recommended_amount"": 911540.0, ""description_length"": 252, ""raw_anomaly_score"": 0.6483}",ISOLATION_FOREST_TWO_FEATURE_BASELINE,Contamination Top 1.5%,"Score=0.500 (Amt=₹911,540.00, Len=252)",0.985,,"Two-Feature Joint Feature Space (Log Amount, Description Length)",2026-08-26T10:47:43.666818+00:00
ANOM_001241,WORK,287372,MULTIVARIATE_WORK_OUTLIER,0.5,LOW,"Two-feature multivariate outlier identified by Isolation Forest baseline (Score: 0.500; Recommended: ₹911,540.00; Description Length: 252 chars).","{""recommended_amount"": 911540.0, ""description_length"": 252, ""raw_anomaly_score"": 0.6483}",ISOLATION_FOREST_TWO_FEATURE_BASELINE,Contamination Top 1.5%,"Score=0.500 (Amt=₹911,540.00, Len=252)",0.985,,"Two-Feature Joint Feature Space (Log Amount, Description Length)",2026-08-26T10:47:43.666818+00:00
ANOM_001242,WORK,287373,MULTIVARIATE_WORK_OUTLIER,0.5,LOW,"Two-feature multivariate outlier identified by Isolation Forest baseline (Score: 0.500; Recommended: ₹911,540.00; Description Length: 252 chars).","{""recommended_amount"": 911540.0, ""description_length"": 252, ""raw_anomaly_score"": 0.6483}",ISOLATION_FOREST_TWO_FEATURE_BASELINE,Contamination Top 1.5%,"Score=0.500 (Amt=₹911,540.00, Len=252)",0.985,,"Two-Feature Joint Feature Space (Log Amount, Description Length)",2026-08-26T10:47:43.666818+00:00
ANOM_001243,WORK,287374,MULTIVARIATE_WORK_OUTLIER,0.5,LOW,"Two-feature multivariate outlier identified by Isolation Forest baseline (Score: 0.500; Recommended: ₹911,540.00; Description Length: 252 chars).","{""recommended_amount"": 911540.0, ""description_length"": 252, ""raw_anomaly_score"": 0.6483}",ISOLATION_FOREST_TWO_FEATURE_BASELINE,Contamination Top 1.5%,"Score=0.500 (Amt=₹911,540.00, Len=252)",0.985,,"Two-Feature Joint Feature Space (Log Amount, Description Length)",2026-08-26T10:47:43.666818+00:00
ANOM_001244,WORK,287375,MULTIVARIATE_WORK_OUTLIER,0.5,LOW,"Two-feature multivariate outlier identified by Isolation Forest baseline (Score: 0.500; Recommended: ₹911,540.00; Description Length: 252 chars).","{""recommended_amount"": 911540.0, ""description_length"": 252, ""raw_anomaly_score"": 0.6483}",ISOLATION_FOREST_TWO_FEATURE_BASELINE,Contamination Top 1.5%,"Score=0.500 (Amt=₹911,540.00, Len=252)",0.985,,"Two-Feature Joint Feature Space (Log Amount, Description Length)",2026-08-26T10:47:43.666818+00:00
ANOM_001245,WORK,287376,MULTIVARIATE_WORK_OUTLIER,0.5,LOW,"Two-feature multivariate outlier identified by Isolation Forest baseline (Score: 0.500; Recommended: ₹911,540.00; Description Length: 252 chars).","{""recommended_amount"": 911540.0, ""description_length"": 252, ""raw_anomaly_score"": 0.6483}",ISOLATION_FOREST_TWO_FEATURE_BASELINE,Contamination Top 1.5%,"Score=0.500 (Amt=₹911,540.00, Len=252)",0.985,,"Two-Feature Joint Feature Space (Log Amount, Description Length)",2026-08-26T10:47:43.666818+00:00
ANOM_001246,WORK,287377,MULTIVARIATE_WORK_OUTLIER,0.5,LOW,"Two-feature multivariate outlier identified by Isolation Forest baseline (Score: 0.500; Recommended: ₹911,540.00; Description Length: 252 chars).","{""recommended_amount"": 911540.0, ""description_length"": 252, ""raw_anomaly_score"": 0.6483}",ISOLATION_FOREST_TWO_FEATURE_BASELINE,Contamination Top 1.5%,"Score=0.500 (Amt=₹911,540.00, Len=252)",0.985,,"Two-Feature Joint Feature Space (Log Amount, Description Length)",2026-08-26T10:47:43.666818+00:00
ANOM_001247,WORK,287378,MULTIVARIATE_WORK_OUTLIER,0.5,LOW,"Two-feature multivariate outlier identified by Isolation Forest baseline (Score: 0.500; Recommended: ₹911,540.00; Description Length: 252 chars).","{""recommended_amount"": 911540.0, ""description_length"": 252, ""raw_anomaly_score"": 0.6483}",ISOLATION_FOREST_TWO_FEATURE_BASELINE,Contamination Top 1.5%,"Score=0.500 (Amt=₹911,540.00, Len=252)",0.985,,"Two-Feature Joint Feature Space (Log Amount, Description Length)",2026-08-26T10:47:43.666818+00:00
ANOM_001248,WORK,287379,MULTIVARIATE_WORK_OUTLIER,0.5,LOW,"Two-feature multivariate outlier identified by Isolation Forest baseline (Score: 0.500; Recommended: ₹911,540.00; Description Length: 252 chars).","{""recommended_amount"": 911540.0, ""description_length"": 252, ""raw_anomaly_score"": 0.6483}",ISOLATION_FOREST_TWO_FEATURE_BASELINE,Contamination Top 1.5%,"Score=0.500 (Amt=₹911,540.00, Len=252)",0.985,,"Two-Feature Joint Feature Space (Log Amount, Description Length)",2026-08-26T10:47:43.666818+00:00
ANOM_001249,WORK,287380,MULTIVARIATE_WORK_OUTLIER,0.5,LOW,"Two-feature multivariate outlier identified by Isolation Forest baseline (Score: 0.500; Recommended: ₹911,540.00; Description Length: 252 chars).","{""recommended_amount"": 911540.0, ""description_length"": 252, ""raw_anomaly_score"": 0.6483}",ISOLATION_FOREST_TWO_FEATURE_BASELINE,Contamination Top 1.5%,"Score=0.500 (Amt=₹911,540.00, Len=252)",0.985,,"Two-Feature Joint Feature Space (Log Amount, Description Length)",2026-08-26T10:47:43.666818+00:00
ANOM_001250,WORK,287381,MULTIVARIATE_WORK_OUTLIER,0.5,LOW,"Two-feature multivariate outlier identified by Isolation Forest baseline (Score: 0.500; Recommended: ₹911,540.00; Description Length: 252 chars).","{""recommended_amount"": 911540.0, ""description_length"": 252, ""raw_anomaly_score"": 0.6483}",ISOLATION_FOREST_TWO_FEATURE_BASELINE,Contamination Top 1.5%,"Score=0.500 (Amt=₹911,540.00, Len=252)",0.985,,"Two-Feature Joint Feature Space (Log Amount, Description Length)",2026-08-26T10:47:43.666818+00:00
ANOM_001251,WORK,287382,MULTIVARIATE_WORK_OUTLIER,0.5,LOW,"Two-feature multivariate outlier identified by Isolation Forest baseline (Score: 0.500; Recommended: ₹911,540.00; Description Length: 252 chars).","{""recommended_amount"": 911540.0, ""description_length"": 252, ""raw_anomaly_score"": 0.6483}",ISOLATION_FOREST_TWO_FEATURE_BASELINE,Contamination Top 1.5%,"Score=0.500 (Amt=₹911,540.00, Len=252)",0.985,,"Two-Feature Joint Feature Space (Log Amount, Description Length)",2026-08-26T10:47:43.666818+00:00
ANOM_001252,WORK,287383,MULTIVARIATE_WORK_OUTLIER,0.5,LOW,"Two-feature multivariate outlier identified by Isolation Forest baseline (Score: 0.500; Recommended: ₹911,540.00; Description Length: 252 chars).","{""recommended_amount"": 911540.0, ""description_length"": 252, ""raw_anomaly_score"": 0.6483}",ISOLATION_FOREST_TWO_FEATURE_BASELINE,Contamination Top 1.5%,"Score=0.500 (Amt=₹911,540.00, Len=252)",0.985,,"Two-Feature Joint Feature Space (Log Amount, Description Length)",2026-08-26T10:47:43.666818+00:00
ANOM_001253,WORK,291959,MULTIVARIATE_WORK_OUTLIER,0.5,LOW,"Two-feature multivariate outlier identified by Isolation Forest baseline (Score: 0.500; Recommended: ₹53,438.00; Description Length: 0 chars).","{""recommended_amount"": 53438.0, ""description_length"": 0, ""raw_anomaly_score"": 0.6541}",ISOLATION_FOREST_TWO_FEATURE_BASELINE,Contamination Top 1.5%,"Score=0.500 (Amt=₹53,438.00, Len=0)",0.985,,"Two-Feature Joint Feature Space (Log Amount, Description Length)",2026-08-26T10:47:43.666818+00:00
ANOM_001254,WORK,302818,MULTIVARIATE_WORK_OUTLIER,0.5,LOW,"Two-feature multivariate outlier identified by Isolation Forest baseline (Score: 0.500; Recommended: ₹4,999,780.00; Description Length: 8 chars).","{""recommended_amount"": 4999780.0, ""description_length"": 8, ""raw_anomaly_score"": 0.6766}",ISOLATION_FOREST_TWO_FEATURE_BASELINE,Contamination Top 1.5%,"Score=0.500 (Amt=₹4,999,780.00, Len=8)",0.985,,"Two-Feature Joint Feature Space (Log Amount, Description Length)",2026-08-26T10:47:43.666818+00:00
ANOM_001255,WORK,229482,MULTIVARIATE_WORK_OUTLIER,0.5,LOW,Two-feature multivariate outlier identified by Isolation Forest baseline (Score: 0.500; Recommended: ₹980.87; Description Length: 117 chars).,"{""recommended_amount"": 980.87, ""description_length"": 117, ""raw_anomaly_score"": 0.6605}",ISOLATION_FOREST_TWO_FEATURE_BASELINE,Contamination Top 1.5%,"Score=0.500 (Amt=₹980.87, Len=117)",0.985,,"Two-Feature Joint Feature Space (Log Amount, Description Length)",2026-08-26T10:47:43.666818+00:00
ANOM_001256,WORK,246087,MULTIVARIATE_WORK_OUTLIER,0.5,LOW,"Two-feature multivariate outlier identified by Isolation Forest baseline (Score: 0.500; Recommended: ₹1,000,000.00; Description Length: 268 chars).","{""recommended_amount"": 1000000.0, ""description_length"": 268, ""raw_anomaly_score"": 0.6582}",ISOLATION_FOREST_TWO_FEATURE_BASELINE,Contamination Top 1.5%,"Score=0.500 (Amt=₹1,000,000.00, Len=268)",0.985,,"Two-Feature Joint Feature Space (Log Amount, Description Length)",2026-08-26T10:47:43.666818+00:00
ANOM_001257,WORK,252768,MULTIVARIATE_WORK_OUTLIER,0.5,LOW,"Two-feature multivariate outlier identified by Isolation Forest baseline (Score: 0.500; Recommended: ₹2,200,000.00; Description Length: 216 chars).","{""recommended_amount"": 2200000.0, ""description_length"": 216, ""raw_anomaly_score"": 0.6458}",ISOLATION_FOREST_TWO_FEATURE_BASELINE,Contamination Top 1.5%,"Score=0.500 (Amt=₹2,200,000.00, Len=216)",0.985,,"Two-Feature Joint Feature Space (Log Amount, Description Length)",2026-08-26T10:47:43.666818+00:00
ANOM_001258,WORK,291967,MULTIVARIATE_WORK_OUTLIER,0.5,LOW,"Two-feature multivariate outlier identified by Isolation Forest baseline (Score: 0.500; Recommended: ₹700,000.00; Description Length: 266 chars).","{""recommended_amount"": 700000.0, ""description_length"": 266, ""raw_anomaly_score"": 0.6556}",ISOLATION_FOREST_TWO_FEATURE_BASELINE,Contamination Top 1.5%,"Score=0.500 (Amt=₹700,000.00, Len=266)",0.985,,"Two-Feature Joint Feature Space (Log Amount, Description Length)",2026-08-26T10:47:43.666818+00:00
ANOM_001259,WORK,292748,MULTIVARIATE_WORK_OUTLIER,0.5,LOW,"Two-feature multivariate outlier identified by Isolation Forest baseline (Score: 0.500; Recommended: ₹1,000,000.00; Description Length: 252 chars).","{""recommended_amount"": 1000000.0, ""description_length"": 252, ""raw_anomaly_score"": 0.6425}",ISOLATION_FOREST_TWO_FEATURE_BASELINE,Contamination Top 1.5%,"Score=0.500 (Amt=₹1,000,000.00, Len=252)",0.985,,"Two-Feature Joint Feature Space (Log Amount, Description Length)",2026-08-26T10:47:43.666818+00:00
ANOM_001260,WORK,220347,MULTIVARIATE_WORK_OUTLIER,0.5,LOW,"Two-feature multivariate outlier identified by Isolation Forest baseline (Score: 0.500; Recommended: ₹2,900,000.00; Description Length: 211 chars).","{""recommended_amount"": 2900000.0, ""description_length"": 211, ""raw_anomaly_score"": 0.6562}",ISOLATION_FOREST_TWO_FEATURE_BASELINE,Contamination Top 1.5%,"Score=0.500 (Amt=₹2,900,000.00, Len=211)",0.985,,"Two-Feature Joint Feature Space (Log Amount, Description Length)",2026-08-26T10:47:43.666818+00:00
ANOM_001261,WORK,240193,MULTIVARIATE_WORK_OUTLIER,0.5,LOW,"Two-feature multivariate outlier identified by Isolation Forest baseline (Score: 0.500; Recommended: ₹33,000.00; Description Length: 164 chars).","{""recommended_amount"": 33000.0, ""description_length"": 164, ""raw_anomaly_score"": 0.6441}",ISOLATION_FOREST_TWO_FEATURE_BASELINE,Contamination Top 1.5%,"Score=0.500 (Amt=₹33,000.00, Len=164)",0.985,,"Two-Feature Joint Feature Space (Log Amount, Description Length)",2026-08-26T10:47:43.666818+00:00
ANOM_001262,WORK,240278,MULTIVARIATE_WORK_OUTLIER,0.5,LOW,"Two-feature multivariate outlier identified by Isolation Forest baseline (Score: 0.500; Recommended: ₹33,000.00; Description Length: 165 chars).","{""recommended_amount"": 33000.0, ""description_length"": 165, ""raw_anomaly_score"": 0.6445}",ISOLATION_FOREST_TWO_FEATURE_BASELINE,Contamination Top 1.5%,"Score=0.500 (Amt=₹33,000.00, Len=165)",0.985,,"Two-Feature Joint Feature Space (Log Amount, Description Length)",2026-08-26T10:47:43.666818+00:00
ANOM_001263,WORK,240345,MULTIVARIATE_WORK_OUTLIER,0.5,LOW,"Two-feature multivariate outlier identified by Isolation Forest baseline (Score: 0.500; Recommended: ₹33,000.00; Description Length: 170 chars).","{""recommended_amount"": 33000.0, ""description_length"": 170, ""raw_anomaly_score"": 0.647}",ISOLATION_FOREST_TWO_FEATURE_BASELINE,Contamination Top 1.5%,"Score=0.500 (Amt=₹33,000.00, Len=170)",0.985,,"Two-Feature Joint Feature Space (Log Amount, Description Length)",2026-08-26T10:47:43.666818+00:00
ANOM_001264,WORK,240404,MULTIVARIATE_WORK_OUTLIER,0.5,LOW,"Two-feature multivariate outlier identified by Isolation Forest baseline (Score: 0.500; Recommended: ₹33,000.00; Description Length: 167 chars).","{""recommended_amount"": 33000.0, ""description_length"": 167, ""raw_anomaly_score"": 0.6483}",ISOLATION_FOREST_TWO_FEATURE_BASELINE,Contamination Top 1.5%,"Score=0.500 (Amt=₹33,000.00, Len=167)",0.985,,"Two-Feature Joint Feature Space (Log Amount, Description Length)",2026-08-26T10:47:43.666818+00:00
ANOM_001265,WORK,240411,MULTIVARIATE_WORK_OUTLIER,0.5,LOW,"Two-feature multivariate outlier identified by Isolation Forest baseline (Score: 0.500; Recommended: ₹100,000.00; Description Length: 220 chars).","{""recommended_amount"": 100000.0, ""description_length"": 220, ""raw_anomaly_score"": 0.6434}",ISOLATION_FOREST_TWO_FEATURE_BASELINE,Contamination Top 1.5%,"Score=0.500 (Amt=₹100,000.00, Len=220)",0.985,,"Two-Feature Joint Feature Space (Log Amount, Description Length)",2026-08-26T10:47:43.666818+00:00
ANOM_001266,WORK,290083,MULTIVARIATE_WORK_OUTLIER,0.5,LOW,"Two-feature multivariate outlier identified by Isolation Forest baseline (Score: 0.500; Recommended: ₹199,995.00; Description Length: 294 chars).","{""recommended_amount"": 199995.0, ""description_length"": 294, ""raw_anomaly_score"": 0.677}",ISOLATION_FOREST_TWO_FEATURE_BASELINE,Contamination Top 1.5%,"Score=0.500 (Amt=₹199,995.00, Len=294)",0.985,,"Two-Feature Joint Feature Space (Log Amount, Description Length)",2026-08-26T10:47:43.666818+00:00
ANOM_001267,WORK,290089,MULTIVARIATE_WORK_OUTLIER,0.5,LOW,"Two-feature multivariate outlier identified by Isolation Forest baseline (Score: 0.500; Recommended: ₹159,996.00; Description Length: 344 chars).","{""recommended_amount"": 159996.0, ""description_length"": 344, ""raw_anomaly_score"": 0.7241}",ISOLATION_FOREST_TWO_FEATURE_BASELINE,Contamination Top 1.5%,"Score=0.500 (Amt=₹159,996.00, Len=344)",0.985,,"Two-Feature Joint Feature Space (Log Amount, Description Length)",2026-08-26T10:47:43.666818+00:00
ANOM_001268,WORK,290946,MULTIVARIATE_WORK_OUTLIER,0.5,LOW,"Two-feature multivariate outlier identified by Isolation Forest baseline (Score: 0.500; Recommended: ₹119,997.00; Description Length: 316 chars).","{""recommended_amount"": 119997.0, ""description_length"": 316, ""raw_anomaly_score"": 0.7084}",ISOLATION_FOREST_TWO_FEATURE_BASELINE,Contamination Top 1.5%,"Score=0.500 (Amt=₹119,997.00, Len=316)",0.985,,"Two-Feature Joint Feature Space (Log Amount, Description Length)",2026-08-26T10:47:43.666818+00:00
ANOM_001269,WORK,291502,MULTIVARIATE_WORK_OUTLIER,0.5,LOW,"Two-feature multivariate outlier identified by Isolation Forest baseline (Score: 0.500; Recommended: ₹119,997.00; Description Length: 315 chars).","{""recommended_amount"": 119997.0, ""description_length"": 315, ""raw_anomaly_score"": 0.7084}",ISOLATION_FOREST_TWO_FEATURE_BASELINE,Contamination Top 1.5%,"Score=0.500 (Amt=₹119,997.00, Len=315)",0.985,,"Two-Feature Joint Feature Space (Log Amount, Description Length)",2026-08-26T10:47:43.666818+00:00
ANOM_001270,WORK,291511,MULTIVARIATE_WORK_OUTLIER,0.5,LOW,"Two-feature multivariate outlier identified by Isolation Forest baseline (Score: 0.500; Recommended: ₹279,993.00; Description Length: 459 chars).","{""recommended_amount"": 279993.0, ""description_length"": 459, ""raw_anomaly_score"": 0.7324}",ISOLATION_FOREST_TWO_FEATURE_BASELINE,Contamination Top 1.5%,"Score=0.500 (Amt=₹279,993.00, Len=459)",0.985,,"Two-Feature Joint Feature Space (Log Amount, Description Length)",2026-08-26T10:47:43.666818+00:00
ANOM_001271,WORK,291642,MULTIVARIATE_WORK_OUTLIER,0.5,LOW,"Two-feature multivariate outlier identified by Isolation Forest baseline (Score: 0.500; Recommended: ₹79,998.00; Description Length: 274 chars).","{""recommended_amount"": 79998.0, ""description_length"": 274, ""raw_anomaly_score"": 0.6937}",ISOLATION_FOREST_TWO_FEATURE_BASELINE,Contamination Top 1.5%,"Score=0.500 (Amt=₹79,998.00, Len=274)",0.985,,"Two-Feature Joint Feature Space (Log Amount, Description Length)",2026-08-26T10:47:43.666818+00:00
ANOM_001272,WORK,291671,MULTIVARIATE_WORK_OUTLIER,0.5,LOW,"Two-feature multivariate outlier identified by Isolation Forest baseline (Score: 0.500; Recommended: ₹159,996.00; Description Length: 265 chars).","{""recommended_amount"": 159996.0, ""description_length"": 265, ""raw_anomaly_score"": 0.6735}",ISOLATION_FOREST_TWO_FEATURE_BASELINE,Contamination Top 1.5%,"Score=0.500 (Amt=₹159,996.00, Len=265)",0.985,,"Two-Feature Joint Feature Space (Log Amount, Description Length)",2026-08-26T10:47:43.666818+00:00
ANOM_001273,WORK,291981,MULTIVARIATE_WORK_OUTLIER,0.5,LOW,"Two-feature multivariate outlier identified by Isolation Forest baseline (Score: 0.500; Recommended: ₹199,995.00; Description Length: 281 chars).","{""recommended_amount"": 199995.0, ""description_length"": 281, ""raw_anomaly_score"": 0.6668}",ISOLATION_FOREST_TWO_FEATURE_BASELINE,Contamination Top 1.5%,"Score=0.500 (Amt=₹199,995.00, Len=281)",0.985,,"Two-Feature Joint Feature Space (Log Amount, Description Length)",2026-08-26T10:47:43.666818+00:00
ANOM_001274,WORK,292084,MULTIVARIATE_WORK_OUTLIER,0.5,LOW,"Two-feature multivariate outlier identified by Isolation Forest baseline (Score: 0.500; Recommended: ₹159,996.00; Description Length: 246 chars).","{""recommended_amount"": 159996.0, ""description_length"": 246, ""raw_anomaly_score"": 0.6555}",ISOLATION_FOREST_TWO_FEATURE_BASELINE,Contamination Top 1.5%,"Score=0.500 (Amt=₹159,996.00, Len=246)",0.985,,"Two-Feature Joint Feature Space (Log Amount, Description Length)",2026-08-26T10:47:43.666818+00:00
ANOM_001275,WORK,292086,MULTIVARIATE_WORK_OUTLIER,0.5,LOW,"Two-feature multivariate outlier identified by Isolation Forest baseline (Score: 0.500; Recommended: ₹39,999.00; Description Length: 222 chars).","{""recommended_amount"": 39999.0, ""description_length"": 222, ""raw_anomaly_score"": 0.6853}",ISOLATION_FOREST_TWO_FEATURE_BASELINE,Contamination Top 1.5%,"Score=0.500 (Amt=₹39,999.00, Len=222)",0.985,,"Two-Feature Joint Feature Space (Log Amount, Description Length)",2026-08-26T10:47:43.666818+00:00
ANOM_001276,WORK,292097,MULTIVARIATE_WORK_OUTLIER,0.5,LOW,"Two-feature multivariate outlier identified by Isolation Forest baseline (Score: 0.500; Recommended: ₹199,995.00; Description Length: 352 chars).","{""recommended_amount"": 199995.0, ""description_length"": 352, ""raw_anomaly_score"": 0.7187}",ISOLATION_FOREST_TWO_FEATURE_BASELINE,Contamination Top 1.5%,"Score=0.500 (Amt=₹199,995.00, Len=352)",0.985,,"Two-Feature Joint Feature Space (Log Amount, Description Length)",2026-08-26T10:47:43.666818+00:00
ANOM_001277,WORK,292338,MULTIVARIATE_WORK_OUTLIER,0.5,LOW,"Two-feature multivariate outlier identified by Isolation Forest baseline (Score: 0.500; Recommended: ₹199,995.00; Description Length: 282 chars).","{""recommended_amount"": 199995.0, ""description_length"": 282, ""raw_anomaly_score"": 0.6668}",ISOLATION_FOREST_TWO_FEATURE_BASELINE,Contamination Top 1.5%,"Score=0.500 (Amt=₹199,995.00, Len=282)",0.985,,"Two-Feature Joint Feature Space (Log Amount, Description Length)",2026-08-26T10:47:43.666818+00:00
ANOM_001278,WORK,292380,MULTIVARIATE_WORK_OUTLIER,0.5,LOW,"Two-feature multivariate outlier identified by Isolation Forest baseline (Score: 0.500; Recommended: ₹199,995.00; Description Length: 312 chars).","{""recommended_amount"": 199995.0, ""description_length"": 312, ""raw_anomaly_score"": 0.6981}",ISOLATION_FOREST_TWO_FEATURE_BASELINE,Contamination Top 1.5%,"Score=0.500 (Amt=₹199,995.00, Len=312)",0.985,,"Two-Feature Joint Feature Space (Log Amount, Description Length)",2026-08-26T10:47:43.666818+00:00
ANOM_001279,WORK,292528,MULTIVARIATE_WORK_OUTLIER,0.5,LOW,"Two-feature multivariate outlier identified by Isolation Forest baseline (Score: 0.500; Recommended: ₹279,993.00; Description Length: 378 chars).","{""recommended_amount"": 279993.0, ""description_length"": 378, ""raw_anomaly_score"": 0.7284}",ISOLATION_FOREST_TWO_FEATURE_BASELINE,Contamination Top 1.5%,"Score=0.500 (Amt=₹279,993.00, Len=378)",0.985,,"Two-Feature Joint Feature Space (Log Amount, Description Length)",2026-08-26T10:47:43.666818+00:00
ANOM_001280,WORK,292559,MULTIVARIATE_WORK_OUTLIER,0.5,LOW,"Two-feature multivariate outlier identified by Isolation Forest baseline (Score: 0.500; Recommended: ₹239,994.00; Description Length: 324 chars).","{""recommended_amount"": 239994.0, ""description_length"": 324, ""raw_anomaly_score"": 0.7077}",ISOLATION_FOREST_TWO_FEATURE_BASELINE,Contamination Top 1.5%,"Score=0.500 (Amt=₹239,994.00, Len=324)",0.985,,"Two-Feature Joint Feature Space (Log Amount, Description Length)",2026-08-26T10:47:43.666818+00:00
ANOM_001281,WORK,292700,MULTIVARIATE_WORK_OUTLIER,0.5,LOW,"Two-feature multivariate outlier identified by Isolation Forest baseline (Score: 0.500; Recommended: ₹239,994.00; Description Length: 267 chars).","{""recommended_amount"": 239994.0, ""description_length"": 267, ""raw_anomaly_score"": 0.6687}",ISOLATION_FOREST_TWO_FEATURE_BASELINE,Contamination Top 1.5%,"Score=0.500 (Amt=₹239,994.00, Len=267)",0.985,,"Two-Feature Joint Feature Space (Log Amount, Description Length)",2026-08-26T10:47:43.666818+00:00
ANOM_001282,WORK,149796,MULTIVARIATE_WORK_OUTLIER,0.5,LOW,"Two-feature multivariate outlier identified by Isolation Forest baseline (Score: 0.500; Recommended: ₹2,980,000.00; Description Length: 202 chars).","{""recommended_amount"": 2980000.0, ""description_length"": 202, ""raw_anomaly_score"": 0.6516}",ISOLATION_FOREST_TWO_FEATURE_BASELINE,Contamination Top 1.5%,"Score=0.500 (Amt=₹2,980,000.00, Len=202)",0.985,,"Two-Feature Joint Feature Space (Log Amount, Description Length)",2026-08-26T10:47:43.666818+00:00
ANOM_001283,WORK,210779,MULTIVARIATE_WORK_OUTLIER,0.5,LOW,"Two-feature multivariate outlier identified by Isolation Forest baseline (Score: 0.500; Recommended: ₹3,000,000.00; Description Length: 221 chars).","{""recommended_amount"": 3000000.0, ""description_length"": 221, ""raw_anomaly_score"": 0.6714}",ISOLATION_FOREST_TWO_FEATURE_BASELINE,Contamination Top 1.5%,"Score=0.500 (Amt=₹3,000,000.00, Len=221)",0.985,,"Two-Feature Joint Feature Space (Log Amount, Description Length)",2026-08-26T10:47:43.666818+00:00
ANOM_001284,WORK,252951,MULTIVARIATE_WORK_OUTLIER,0.5,LOW,"Two-feature multivariate outlier identified by Isolation Forest baseline (Score: 0.500; Recommended: ₹4,312,000.00; Description Length: 171 chars).","{""recommended_amount"": 4312000.0, ""description_length"": 171, ""raw_anomaly_score"": 0.6422}",ISOLATION_FOREST_TWO_FEATURE_BASELINE,Contamination Top 1.5%,"Score=0.500 (Amt=₹4,312,000.00, Len=171)",0.985,,"Two-Feature Joint Feature Space (Log Amount, Description Length)",2026-08-26T10:47:43.666818+00:00
ANOM_001285,WORK,268593,MULTIVARIATE_WORK_OUTLIER,0.5,LOW,"Two-feature multivariate outlier identified by Isolation Forest baseline (Score: 0.500; Recommended: ₹600,000.00; Description Length: 281 chars).","{""recommended_amount"": 600000.0, ""description_length"": 281, ""raw_anomaly_score"": 0.6571}",ISOLATION_FOREST_TWO_FEATURE_BASELINE,Contamination Top 1.5%,"Score=0.500 (Amt=₹600,000.00, Len=281)",0.985,,"Two-Feature Joint Feature Space (Log Amount, Description Length)",2026-08-26T10:47:43.666818+00:00
ANOM_001286,WORK,2092,MULTIVARIATE_WORK_OUTLIER,0.5,LOW,"Two-feature multivariate outlier identified by Isolation Forest baseline (Score: 0.500; Recommended: ₹85,000.00; Description Length: 216 chars).","{""recommended_amount"": 85000.0, ""description_length"": 216, ""raw_anomaly_score"": 0.6423}",ISOLATION_FOREST_TWO_FEATURE_BASELINE,Contamination Top 1.5%,"Score=0.500 (Amt=₹85,000.00, Len=216)",0.985,,"Two-Feature Joint Feature Space (Log Amount, Description Length)",2026-08-26T10:47:43.666818+00:00
ANOM_001287,WORK,177889,MULTIVARIATE_WORK_OUTLIER,0.5,LOW,"Two-feature multivariate outlier identified by Isolation Forest baseline (Score: 0.500; Recommended: ₹600,000.00; Description Length: 397 chars).","{""recommended_amount"": 600000.0, ""description_length"": 397, ""raw_anomaly_score"": 0.7266}",ISOLATION_FOREST_TWO_FEATURE_BASELINE,Contamination Top 1.5%,"Score=0.500 (Amt=₹600,000.00, Len=397)",0.985,,"Two-Feature Joint Feature Space (Log Amount, Description Length)",2026-08-26T10:47:43.666818+00:00
ANOM_001288,WORK,210123,MULTIVARIATE_WORK_OUTLIER,0.5,LOW,"Two-feature multivariate outlier identified by Isolation Forest baseline (Score: 0.500; Recommended: ₹50,000.00; Description Length: 7 chars).","{""recommended_amount"": 50000.0, ""description_length"": 7, ""raw_anomaly_score"": 0.6501}",ISOLATION_FOREST_TWO_FEATURE_BASELINE,Contamination Top 1.5%,"Score=0.500 (Amt=₹50,000.00, Len=7)",0.985,,"Two-Feature Joint Feature Space (Log Amount, Description Length)",2026-08-26T10:47:43.666818+00:00
ANOM_001289,WORK,241179,MULTIVARIATE_WORK_OUTLIER,0.5,LOW,"Two-feature multivariate outlier identified by Isolation Forest baseline (Score: 0.500; Recommended: ₹800,000.00; Description Length: 277 chars).","{""recommended_amount"": 800000.0, ""description_length"": 277, ""raw_anomaly_score"": 0.6682}",ISOLATION_FOREST_TWO_FEATURE_BASELINE,Contamination Top 1.5%,"Score=0.500 (Amt=₹800,000.00, Len=277)",0.985,,"Two-Feature Joint Feature Space (Log Amount, Description Length)",2026-08-26T10:47:43.666818+00:00
ANOM_001290,WORK,296772,MULTIVARIATE_WORK_OUTLIER,0.5,LOW,"Two-feature multivariate outlier identified by Isolation Forest baseline (Score: 0.500; Recommended: ₹300,000.00; Description Length: 274 chars).","{""recommended_amount"": 300000.0, ""description_length"": 274, ""raw_anomaly_score"": 0.665}",ISOLATION_FOREST_TWO_FEATURE_BASELINE,Contamination Top 1.5%,"Score=0.500 (Amt=₹300,000.00, Len=274)",0.985,,"Two-Feature Joint Feature Space (Log Amount, Description Length)",2026-08-26T10:47:43.666818+00:00
ANOM_001291,WORK,1973,MULTIVARIATE_WORK_OUTLIER,0.5,LOW,"Two-feature multivariate outlier identified by Isolation Forest baseline (Score: 0.500; Recommended: ₹2,500,000.00; Description Length: 324 chars).","{""recommended_amount"": 2500000.0, ""description_length"": 324, ""raw_anomaly_score"": 0.7325}",ISOLATION_FOREST_TWO_FEATURE_BASELINE,Contamination Top 1.5%,"Score=0.500 (Amt=₹2,500,000.00, Len=324)",0.985,,"Two-Feature Joint Feature Space (Log Amount, Description Length)",2026-08-26T10:47:43.666818+00:00
ANOM_001292,WORK,137803,MULTIVARIATE_WORK_OUTLIER,0.5,LOW,"Two-feature multivariate outlier identified by Isolation Forest baseline (Score: 0.500; Recommended: ₹699,924.00; Description Length: 277 chars).","{""recommended_amount"": 699924.0, ""description_length"": 277, ""raw_anomaly_score"": 0.6627}",ISOLATION_FOREST_TWO_FEATURE_BASELINE,Contamination Top 1.5%,"Score=0.500 (Amt=₹699,924.00, Len=277)",0.985,,"Two-Feature Joint Feature Space (Log Amount, Description Length)",2026-08-26T10:47:43.666818+00:00
ANOM_001293,WORK,142175,MULTIVARIATE_WORK_OUTLIER,0.5,LOW,"Two-feature multivariate outlier identified by Isolation Forest baseline (Score: 0.500; Recommended: ₹1,500,000.00; Description Length: 248 chars).","{""recommended_amount"": 1500000.0, ""description_length"": 248, ""raw_anomaly_score"": 0.6693}",ISOLATION_FOREST_TWO_FEATURE_BASELINE,Contamination Top 1.5%,"Score=0.500 (Amt=₹1,500,000.00, Len=248)",0.985,,"Two-Feature Joint Feature Space (Log Amount, Description Length)",2026-08-26T10:47:43.666818+00:00
ANOM_001294,WORK,145488,MULTIVARIATE_WORK_OUTLIER,0.5,LOW,"Two-feature multivariate outlier identified by Isolation Forest baseline (Score: 0.500; Recommended: ₹2,500,000.00; Description Length: 317 chars).","{""recommended_amount"": 2500000.0, ""description_length"": 317, ""raw_anomaly_score"": 0.7311}",ISOLATION_FOREST_TWO_FEATURE_BASELINE,Contamination Top 1.5%,"Score=0.500 (Amt=₹2,500,000.00, Len=317)",0.985,,"Two-Feature Joint Feature Space (Log Amount, Description Length)",2026-08-26T10:47:43.666818+00:00
ANOM_001295,WORK,162404,MULTIVARIATE_WORK_OUTLIER,0.5,LOW,"Two-feature multivariate outlier identified by Isolation Forest baseline (Score: 0.500; Recommended: ₹500,000.00; Description Length: 294 chars).","{""recommended_amount"": 500000.0, ""description_length"": 294, ""raw_anomaly_score"": 0.6532}",ISOLATION_FOREST_TWO_FEATURE_BASELINE,Contamination Top 1.5%,"Score=0.500 (Amt=₹500,000.00, Len=294)",0.985,,"Two-Feature Joint Feature Space (Log Amount, Description Length)",2026-08-26T10:47:43.666818+00:00
ANOM_001296,WORK,162407,MULTIVARIATE_WORK_OUTLIER,0.5,LOW,"Two-feature multivariate outlier identified by Isolation Forest baseline (Score: 0.500; Recommended: ₹1,000,000.00; Description Length: 273 chars).","{""recommended_amount"": 1000000.0, ""description_length"": 273, ""raw_anomaly_score"": 0.6622}",ISOLATION_FOREST_TWO_FEATURE_BASELINE,Contamination Top 1.5%,"Score=0.500 (Amt=₹1,000,000.00, Len=273)",0.985,,"Two-Feature Joint Feature Space (Log Amount, Description Length)",2026-08-26T10:47:43.666818+00:00
ANOM_001297,WORK,182444,MULTIVARIATE_WORK_OUTLIER,0.5,LOW,"Two-feature multivariate outlier identified by Isolation Forest baseline (Score: 0.500; Recommended: ₹1,500,000.00; Description Length: 220 chars).","{""recommended_amount"": 1500000.0, ""description_length"": 220, ""raw_anomaly_score"": 0.6416}",ISOLATION_FOREST_TWO_FEATURE_BASELINE,Contamination Top 1.5%,"Score=0.500 (Amt=₹1,500,000.00, Len=220)",0.985,,"Two-Feature Joint Feature Space (Log Amount, Description Length)",2026-08-26T10:47:43.666818+00:00
ANOM_001298,WORK,189670,MULTIVARIATE_WORK_OUTLIER,0.5,LOW,"Two-feature multivariate outlier identified by Isolation Forest baseline (Score: 0.500; Recommended: ₹1,000,000.00; Description Length: 251 chars).","{""recommended_amount"": 1000000.0, ""description_length"": 251, ""raw_anomaly_score"": 0.6429}",ISOLATION_FOREST_TWO_FEATURE_BASELINE,Contamination Top 1.5%,"Score=0.500 (Amt=₹1,000,000.00, Len=251)",0.985,,"Two-Feature Joint Feature Space (Log Amount, Description Length)",2026-08-26T10:47:43.666818+00:00
ANOM_001299,WORK,191412,MULTIVARIATE_WORK_OUTLIER,0.5,LOW,"Two-feature multivariate outlier identified by Isolation Forest baseline (Score: 0.500; Recommended: ₹1,000,000.00; Description Length: 279 chars).","{""recommended_amount"": 1000000.0, ""description_length"": 279, ""raw_anomaly_score"": 0.6644}",ISOLATION_FOREST_TWO_FEATURE_BASELINE,Contamination Top 1.5%,"Score=0.500 (Amt=₹1,000,000.00, Len=279)",0.985,,"Two-Feature Joint Feature Space (Log Amount, Description Length)",2026-08-26T10:47:43.666818+00:00
ANOM_001300,WORK,191415,MULTIVARIATE_WORK_OUTLIER,0.5,LOW,"Two-feature multivariate outlier identified by Isolation Forest baseline (Score: 0.500; Recommended: ₹1,000,000.00; Description Length: 270 chars).","{""recommended_amount"": 1000000.0, ""description_length"": 270, ""raw_anomaly_score"": 0.6595}",ISOLATION_FOREST_TWO_FEATURE_BASELINE,Contamination Top 1.5%,"Score=0.500 (Amt=₹1,000,000.00, Len=270)",0.985,,"Two-Feature Joint Feature Space (Log Amount, Description Length)",2026-08-26T10:47:43.666818+00:00
ANOM_001301,WORK,191416,MULTIVARIATE_WORK_OUTLIER,0.5,LOW,"Two-feature multivariate outlier identified by Isolation Forest baseline (Score: 0.500; Recommended: ₹1,000,000.00; Description Length: 298 chars).","{""recommended_amount"": 1000000.0, ""description_length"": 298, ""raw_anomaly_score"": 0.6755}",ISOLATION_FOREST_TWO_FEATURE_BASELINE,Contamination Top 1.5%,"Score=0.500 (Amt=₹1,000,000.00, Len=298)",0.985,,"Two-Feature Joint Feature Space (Log Amount, Description Length)",2026-08-26T10:47:43.666818+00:00
ANOM_001302,WORK,206102,MULTIVARIATE_WORK_OUTLIER,0.5,LOW,"Two-feature multivariate outlier identified by Isolation Forest baseline (Score: 0.500; Recommended: ₹1,000,000.00; Description Length: 341 chars).","{""recommended_amount"": 1000000.0, ""description_length"": 341, ""raw_anomaly_score"": 0.7051}",ISOLATION_FOREST_TWO_FEATURE_BASELINE,Contamination Top 1.5%,"Score=0.500 (Amt=₹1,000,000.00, Len=341)",0.985,,"Two-Feature Joint Feature Space (Log Amount, Description Length)",2026-08-26T10:47:43.666818+00:00
ANOM_001303,WORK,224438,MULTIVARIATE_WORK_OUTLIER,0.5,LOW,"Two-feature multivariate outlier identified by Isolation Forest baseline (Score: 0.500; Recommended: ₹500,000.00; Description Length: 339 chars).","{""recommended_amount"": 500000.0, ""description_length"": 339, ""raw_anomaly_score"": 0.6882}",ISOLATION_FOREST_TWO_FEATURE_BASELINE,Contamination Top 1.5%,"Score=0.500 (Amt=₹500,000.00, Len=339)",0.985,,"Two-Feature Joint Feature Space (Log Amount, Description Length)",2026-08-26T10:47:43.666818+00:00
ANOM_001304,WORK,225155,MULTIVARIATE_WORK_OUTLIER,0.5,LOW,"Two-feature multivariate outlier identified by Isolation Forest baseline (Score: 0.500; Recommended: ₹50,000.00; Description Length: 10 chars).","{""recommended_amount"": 50000.0, ""description_length"": 10, ""raw_anomaly_score"": 0.644}",ISOLATION_FOREST_TWO_FEATURE_BASELINE,Contamination Top 1.5%,"Score=0.500 (Amt=₹50,000.00, Len=10)",0.985,,"Two-Feature Joint Feature Space (Log Amount, Description Length)",2026-08-26T10:47:43.666818+00:00
ANOM_001305,WORK,225156,MULTIVARIATE_WORK_OUTLIER,0.5,LOW,"Two-feature multivariate outlier identified by Isolation Forest baseline (Score: 0.500; Recommended: ₹50,000.00; Description Length: 10 chars).","{""recommended_amount"": 50000.0, ""description_length"": 10, ""raw_anomaly_score"": 0.644}",ISOLATION_FOREST_TWO_FEATURE_BASELINE,Contamination Top 1.5%,"Score=0.500 (Amt=₹50,000.00, Len=10)",0.985,,"Two-Feature Joint Feature Space (Log Amount, Description Length)",2026-08-26T10:47:43.666818+00:00
ANOM_001306,WORK,230767,MULTIVARIATE_WORK_OUTLIER,0.5,LOW,"Two-feature multivariate outlier identified by Isolation Forest baseline (Score: 0.500; Recommended: ₹2,530,000.00; Description Length: 230 chars).","{""recommended_amount"": 2530000.0, ""description_length"": 230, ""raw_anomaly_score"": 0.6643}",ISOLATION_FOREST_TWO_FEATURE_BASELINE,Contamination Top 1.5%,"Score=0.500 (Amt=₹2,530,000.00, Len=230)",0.985,,"Two-Feature Joint Feature Space (Log Amount, Description Length)",2026-08-26T10:47:43.666818+00:00
ANOM_001307,WORK,231437,MULTIVARIATE_WORK_OUTLIER,0.5,LOW,"Two-feature multivariate outlier identified by Isolation Forest baseline (Score: 0.500; Recommended: ₹2,500,000.00; Description Length: 269 chars).","{""recommended_amount"": 2500000.0, ""description_length"": 269, ""raw_anomaly_score"": 0.699}",ISOLATION_FOREST_TWO_FEATURE_BASELINE,Contamination Top 1.5%,"Score=0.500 (Amt=₹2,500,000.00, Len=269)",0.985,,"Two-Feature Joint Feature Space (Log Amount, Description Length)",2026-08-26T10:47:43.666818+00:00
ANOM_001308,WORK,234508,MULTIVARIATE_WORK_OUTLIER,0.5,LOW,"Two-feature multivariate outlier identified by Isolation Forest baseline (Score: 0.500; Recommended: ₹299,000.00; Description Length: 253 chars).","{""recommended_amount"": 299000.0, ""description_length"": 253, ""raw_anomaly_score"": 0.6465}",ISOLATION_FOREST_TWO_FEATURE_BASELINE,Contamination Top 1.5%,"Score=0.500 (Amt=₹299,000.00, Len=253)",0.985,,"Two-Feature Joint Feature Space (Log Amount, Description Length)",2026-08-26T10:47:43.666818+00:00
ANOM_001309,WORK,242764,MULTIVARIATE_WORK_OUTLIER,0.5,LOW,"Two-feature multivariate outlier identified by Isolation Forest baseline (Score: 0.500; Recommended: ₹250,000.00; Description Length: 274 chars).","{""recommended_amount"": 250000.0, ""description_length"": 274, ""raw_anomaly_score"": 0.6671}",ISOLATION_FOREST_TWO_FEATURE_BASELINE,Contamination Top 1.5%,"Score=0.500 (Amt=₹250,000.00, Len=274)",0.985,,"Two-Feature Joint Feature Space (Log Amount, Description Length)",2026-08-26T10:47:43.666818+00:00
ANOM_001310,WORK,244228,MULTIVARIATE_WORK_OUTLIER,0.5,LOW,"Two-feature multivariate outlier identified by Isolation Forest baseline (Score: 0.500; Recommended: ₹52,000.00; Description Length: 236 chars).","{""recommended_amount"": 52000.0, ""description_length"": 236, ""raw_anomaly_score"": 0.6813}",ISOLATION_FOREST_TWO_FEATURE_BASELINE,Contamination Top 1.5%,"Score=0.500 (Amt=₹52,000.00, Len=236)",0.985,,"Two-Feature Joint Feature Space (Log Amount, Description Length)",2026-08-26T10:47:43.666818+00:00
ANOM_001311,WORK,245673,MULTIVARIATE_WORK_OUTLIER,0.5,LOW,"Two-feature multivariate outlier identified by Isolation Forest baseline (Score: 0.500; Recommended: ₹3,500,000.00; Description Length: 224 chars).","{""recommended_amount"": 3500000.0, ""description_length"": 224, ""raw_anomaly_score"": 0.6805}",ISOLATION_FOREST_TWO_FEATURE_BASELINE,Contamination Top 1.5%,"Score=0.500 (Amt=₹3,500,000.00, Len=224)",0.985,,"Two-Feature Joint Feature Space (Log Amount, Description Length)",2026-08-26T10:47:43.666818+00:00
ANOM_001312,WORK,256668,MULTIVARIATE_WORK_OUTLIER,0.5,LOW,"Two-feature multivariate outlier identified by Isolation Forest baseline (Score: 0.500; Recommended: ₹31,803.00; Description Length: 165 chars).","{""recommended_amount"": 31803.0, ""description_length"": 165, ""raw_anomaly_score"": 0.6477}",ISOLATION_FOREST_TWO_FEATURE_BASELINE,Contamination Top 1.5%,"Score=0.500 (Amt=₹31,803.00, Len=165)",0.985,,"Two-Feature Joint Feature Space (Log Amount, Description Length)",2026-08-26T10:47:43.666818+00:00
ANOM_001313,WORK,268114,MULTIVARIATE_WORK_OUTLIER,0.5,LOW,"Two-feature multivariate outlier identified by Isolation Forest baseline (Score: 0.500; Recommended: ₹42,000.00; Description Length: 191 chars).","{""recommended_amount"": 42000.0, ""description_length"": 191, ""raw_anomaly_score"": 0.6598}",ISOLATION_FOREST_TWO_FEATURE_BASELINE,Contamination Top 1.5%,"Score=0.500 (Amt=₹42,000.00, Len=191)",0.985,,"Two-Feature Joint Feature Space (Log Amount, Description Length)",2026-08-26T10:47:43.666818+00:00
ANOM_001314,WORK,268331,MULTIVARIATE_WORK_OUTLIER,0.5,LOW,"Two-feature multivariate outlier identified by Isolation Forest baseline (Score: 0.500; Recommended: ₹2,000,000.00; Description Length: 286 chars).","{""recommended_amount"": 2000000.0, ""description_length"": 286, ""raw_anomaly_score"": 0.7043}",ISOLATION_FOREST_TWO_FEATURE_BASELINE,Contamination Top 1.5%,"Score=0.500 (Amt=₹2,000,000.00, Len=286)",0.985,,"Two-Feature Joint Feature Space (Log Amount, Description Length)",2026-08-26T10:47:43.666818+00:00
ANOM_001315,WORK,269507,MULTIVARIATE_WORK_OUTLIER,0.5,LOW,"Two-feature multivariate outlier identified by Isolation Forest baseline (Score: 0.500; Recommended: ₹765,000.00; Description Length: 310 chars).","{""recommended_amount"": 765000.0, ""description_length"": 310, ""raw_anomaly_score"": 0.6882}",ISOLATION_FOREST_TWO_FEATURE_BASELINE,Contamination Top 1.5%,"Score=0.500 (Amt=₹765,000.00, Len=310)",0.985,,"Two-Feature Joint Feature Space (Log Amount, Description Length)",2026-08-26T10:47:43.666818+00:00
ANOM_001316,WORK,269508,MULTIVARIATE_WORK_OUTLIER,0.5,LOW,"Two-feature multivariate outlier identified by Isolation Forest baseline (Score: 0.500; Recommended: ₹105,000.00; Description Length: 265 chars).","{""recommended_amount"": 105000.0, ""description_length"": 265, ""raw_anomaly_score"": 0.6853}",ISOLATION_FOREST_TWO_FEATURE_BASELINE,Contamination Top 1.5%,"Score=0.500 (Amt=₹105,000.00, Len=265)",0.985,,"Two-Feature Joint Feature Space (Log Amount, Description Length)",2026-08-26T10:47:43.666818+00:00
ANOM_001317,WORK,279558,MULTIVARIATE_WORK_OUTLIER,0.5,LOW,"Two-feature multivariate outlier identified by Isolation Forest baseline (Score: 0.500; Recommended: ₹300,000.00; Description Length: 255 chars).","{""recommended_amount"": 300000.0, ""description_length"": 255, ""raw_anomaly_score"": 0.6504}",ISOLATION_FOREST_TWO_FEATURE_BASELINE,Contamination Top 1.5%,"Score=0.500 (Amt=₹300,000.00, Len=255)",0.985,,"Two-Feature Joint Feature Space (Log Amount, Description Length)",2026-08-26T10:47:43.666818+00:00
ANOM_001319,WORK,288215,MULTIVARIATE_WORK_OUTLIER,0.5,LOW,"Two-feature multivariate outlier identified by Isolation Forest baseline (Score: 0.500; Recommended: ₹325,000.00; Description Length: 306 chars).","{""recommended_amount"": 325000.0, ""description_length"": 306, ""raw_anomaly_score"": 0.6896}",ISOLATION_FOREST_TWO_FEATURE_BASELINE,Contamination Top 1.5%,"Score=0.500 (Amt=₹325,000.00, Len=306)",0.985,,"Two-Feature Joint Feature Space (Log Amount, Description Length)",2026-08-26T10:47:43.666818+00:00
ANOM_001320,WORK,289953,MULTIVARIATE_WORK_OUTLIER,0.5,LOW,"Two-feature multivariate outlier identified by Isolation Forest baseline (Score: 0.500; Recommended: ₹1,800,000.00; Description Length: 252 chars).","{""recommended_amount"": 1800000.0, ""description_length"": 252, ""raw_anomaly_score"": 0.6871}",ISOLATION_FOREST_TWO_FEATURE_BASELINE,Contamination Top 1.5%,"Score=0.500 (Amt=₹1,800,000.00, Len=252)",0.985,,"Two-Feature Joint Feature Space (Log Amount, Description Length)",2026-08-26T10:47:43.666818+00:00
ANOM_001322,WORK,292391,MULTIVARIATE_WORK_OUTLIER,0.5,LOW,"Two-feature multivariate outlier identified by Isolation Forest baseline (Score: 0.500; Recommended: ₹1,600,000.00; Description Length: 245 chars).","{""recommended_amount"": 1600000.0, ""description_length"": 245, ""raw_anomaly_score"": 0.6737}",ISOLATION_FOREST_TWO_FEATURE_BASELINE,Contamination Top 1.5%,"Score=0.500 (Amt=₹1,600,000.00, Len=245)",0.985,,"Two-Feature Joint Feature Space (Log Amount, Description Length)",2026-08-26T10:47:43.666818+00:00
ANOM_001323,WORK,292686,MULTIVARIATE_WORK_OUTLIER,0.5,LOW,"Two-feature multivariate outlier identified by Isolation Forest baseline (Score: 0.500; Recommended: ₹200,000.00; Description Length: 261 chars).","{""recommended_amount"": 200000.0, ""description_length"": 261, ""raw_anomaly_score"": 0.6539}",ISOLATION_FOREST_TWO_FEATURE_BASELINE,Contamination Top 1.5%,"Score=0.500 (Amt=₹200,000.00, Len=261)",0.985,,"Two-Feature Joint Feature Space (Log Amount, Description Length)",2026-08-26T10:47:43.666818+00:00
ANOM_001324,WORK,292733,MULTIVARIATE_WORK_OUTLIER,0.5,LOW,"Two-feature multivariate outlier identified by Isolation Forest baseline (Score: 0.500; Recommended: ₹3,000,000.00; Description Length: 227 chars).","{""recommended_amount"": 3000000.0, ""description_length"": 227, ""raw_anomaly_score"": 0.675}",ISOLATION_FOREST_TWO_FEATURE_BASELINE,Contamination Top 1.5%,"Score=0.500 (Amt=₹3,000,000.00, Len=227)",0.985,,"Two-Feature Joint Feature Space (Log Amount, Description Length)",2026-08-26T10:47:43.666818+00:00
ANOM_001325,WORK,292742,MULTIVARIATE_WORK_OUTLIER,0.5,LOW,"Two-feature multivariate outlier identified by Isolation Forest baseline (Score: 0.500; Recommended: ₹500,000.00; Description Length: 294 chars).","{""recommended_amount"": 500000.0, ""description_length"": 294, ""raw_anomaly_score"": 0.6532}",ISOLATION_FOREST_TWO_FEATURE_BASELINE,Contamination Top 1.5%,"Score=0.500 (Amt=₹500,000.00, Len=294)",0.985,,"Two-Feature Joint Feature Space (Log Amount, Description Length)",2026-08-26T10:47:43.666818+00:00
ANOM_001326,WORK,299847,MULTIVARIATE_WORK_OUTLIER,0.5,LOW,"Two-feature multivariate outlier identified by Isolation Forest baseline (Score: 0.500; Recommended: ₹143,000.00; Description Length: 236 chars).","{""recommended_amount"": 143000.0, ""description_length"": 236, ""raw_anomaly_score"": 0.643}",ISOLATION_FOREST_TWO_FEATURE_BASELINE,Contamination Top 1.5%,"Score=0.500 (Amt=₹143,000.00, Len=236)",0.985,,"Two-Feature Joint Feature Space (Log Amount, Description Length)",2026-08-26T10:47:43.666818+00:00
ANOM_001327,WORK,304515,MULTIVARIATE_WORK_OUTLIER,0.5,LOW,"Two-feature multivariate outlier identified by Isolation Forest baseline (Score: 0.500; Recommended: ₹1,000,000.00; Description Length: 253 chars).","{""recommended_amount"": 1000000.0, ""description_length"": 253, ""raw_anomaly_score"": 0.6425}",ISOLATION_FOREST_TWO_FEATURE_BASELINE,Contamination Top 1.5%,"Score=0.500 (Amt=₹1,000,000.00, Len=253)",0.985,,"Two-Feature Joint Feature Space (Log Amount, Description Length)",2026-08-26T10:47:43.666818+00:00
ANOM_001328,WORK,201241,MULTIVARIATE_WORK_OUTLIER,0.5,LOW,"Two-feature multivariate outlier identified by Isolation Forest baseline (Score: 0.500; Recommended: ₹4,000,000.00; Description Length: 210 chars).","{""recommended_amount"": 4000000.0, ""description_length"": 210, ""raw_anomaly_score"": 0.6712}",ISOLATION_FOREST_TWO_FEATURE_BASELINE,Contamination Top 1.5%,"Score=0.500 (Amt=₹4,000,000.00, Len=210)",0.985,,"Two-Feature Joint Feature Space (Log Amount, Description Length)",2026-08-26T10:47:43.666818+00:00
ANOM_001329,WORK,203074,MULTIVARIATE_WORK_OUTLIER,0.5,LOW,"Two-feature multivariate outlier identified by Isolation Forest baseline (Score: 0.500; Recommended: ₹4,000,000.00; Description Length: 203 chars).","{""recommended_amount"": 4000000.0, ""description_length"": 203, ""raw_anomaly_score"": 0.6659}",ISOLATION_FOREST_TWO_FEATURE_BASELINE,Contamination Top 1.5%,"Score=0.500 (Amt=₹4,000,000.00, Len=203)",0.985,,"Two-Feature Joint Feature Space (Log Amount, Description Length)",2026-08-26T10:47:43.666818+00:00
ANOM_001330,WORK,246437,MULTIVARIATE_WORK_OUTLIER,0.5,LOW,"Two-feature multivariate outlier identified by Isolation Forest baseline (Score: 0.500; Recommended: ₹3,600,000.00; Description Length: 228 chars).","{""recommended_amount"": 3600000.0, ""description_length"": 228, ""raw_anomaly_score"": 0.6847}",ISOLATION_FOREST_TWO_FEATURE_BASELINE,Contamination Top 1.5%,"Score=0.500 (Amt=₹3,600,000.00, Len=228)",0.985,,"Two-Feature Joint Feature Space (Log Amount, Description Length)",2026-08-26T10:47:43.666818+00:00
ANOM_001331,WORK,251874,MULTIVARIATE_WORK_OUTLIER,0.5,LOW,Two-feature multivariate outlier identified by Isolation Forest baseline (Score: 0.500; Recommended: ₹25.50; Description Length: 132 chars).,"{""recommended_amount"": 25.5, ""description_length"": 132, ""raw_anomaly_score"": 0.6855}",ISOLATION_FOREST_TWO_FEATURE_BASELINE,Contamination Top 1.5%,"Score=0.500 (Amt=₹25.50, Len=132)",0.985,,"Two-Feature Joint Feature Space (Log Amount, Description Length)",2026-08-26T10:47:43.666818+00:00
ANOM_001332,WORK,263174,MULTIVARIATE_WORK_OUTLIER,0.5,LOW,"Two-feature multivariate outlier identified by Isolation Forest baseline (Score: 0.500; Recommended: ₹470,000.00; Description Length: 260 chars).","{""recommended_amount"": 470000.0, ""description_length"": 260, ""raw_anomaly_score"": 0.6463}",ISOLATION_FOREST_TWO_FEATURE_BASELINE,Contamination Top 1.5%,"Score=0.500 (Amt=₹470,000.00, Len=260)",0.985,,"Two-Feature Joint Feature Space (Log Amount, Description Length)",2026-08-26T10:47:43.666818+00:00
ANOM_001333,WORK,285842,MULTIVARIATE_WORK_OUTLIER,0.5,LOW,"Two-feature multivariate outlier identified by Isolation Forest baseline (Score: 0.500; Recommended: ₹1,530,000.00; Description Length: 277 chars).","{""recommended_amount"": 1530000.0, ""description_length"": 277, ""raw_anomaly_score"": 0.6964}",ISOLATION_FOREST_TWO_FEATURE_BASELINE,Contamination Top 1.5%,"Score=0.500 (Amt=₹1,530,000.00, Len=277)",0.985,,"Two-Feature Joint Feature Space (Log Amount, Description Length)",2026-08-26T10:47:43.666818+00:00
ANOM_001334,WORK,294994,MULTIVARIATE_WORK_OUTLIER,0.5,LOW,"Two-feature multivariate outlier identified by Isolation Forest baseline (Score: 0.500; Recommended: ₹999,000.00; Description Length: 276 chars).","{""recommended_amount"": 999000.0, ""description_length"": 276, ""raw_anomaly_score"": 0.6632}",ISOLATION_FOREST_TWO_FEATURE_BASELINE,Contamination Top 1.5%,"Score=0.500 (Amt=₹999,000.00, Len=276)",0.985,,"Two-Feature Joint Feature Space (Log Amount, Description Length)",2026-08-26T10:47:43.666818+00:00
ANOM_001335,WORK,294995,MULTIVARIATE_WORK_OUTLIER,0.5,LOW,"Two-feature multivariate outlier identified by Isolation Forest baseline (Score: 0.500; Recommended: ₹999,000.00; Description Length: 274 chars).","{""recommended_amount"": 999000.0, ""description_length"": 274, ""raw_anomaly_score"": 0.6609}",ISOLATION_FOREST_TWO_FEATURE_BASELINE,Contamination Top 1.5%,"Score=0.500 (Amt=₹999,000.00, Len=274)",0.985,,"Two-Feature Joint Feature Space (Log Amount, Description Length)",2026-08-26T10:47:43.666818+00:00
ANOM_001336,WORK,294996,MULTIVARIATE_WORK_OUTLIER,0.5,LOW,"Two-feature multivariate outlier identified by Isolation Forest baseline (Score: 0.500; Recommended: ₹999,000.00; Description Length: 273 chars).","{""recommended_amount"": 999000.0, ""description_length"": 273, ""raw_anomaly_score"": 0.6609}",ISOLATION_FOREST_TWO_FEATURE_BASELINE,Contamination Top 1.5%,"Score=0.500 (Amt=₹999,000.00, Len=273)",0.985,,"Two-Feature Joint Feature Space (Log Amount, Description Length)",2026-08-26T10:47:43.666818+00:00
ANOM_001337,WORK,294997,MULTIVARIATE_WORK_OUTLIER,0.5,LOW,"Two-feature multivariate outlier identified by Isolation Forest baseline (Score: 0.500; Recommended: ₹999,000.00; Description Length: 274 chars).","{""recommended_amount"": 999000.0, ""description_length"": 274, ""raw_anomaly_score"": 0.6609}",ISOLATION_FOREST_TWO_FEATURE_BASELINE,Contamination Top 1.5%,"Score=0.500 (Amt=₹999,000.00, Len=274)",0.985,,"Two-Feature Joint Feature Space (Log Amount, Description Length)",2026-08-26T10:47:43.666818+00:00
ANOM_001338,WORK,294998,MULTIVARIATE_WORK_OUTLIER,0.5,LOW,"Two-feature multivariate outlier identified by Isolation Forest baseline (Score: 0.500; Recommended: ₹999,000.00; Description Length: 282 chars).","{""recommended_amount"": 999000.0, ""description_length"": 282, ""raw_anomaly_score"": 0.6659}",ISOLATION_FOREST_TWO_FEATURE_BASELINE,Contamination Top 1.5%,"Score=0.500 (Amt=₹999,000.00, Len=282)",0.985,,"Two-Feature Joint Feature Space (Log Amount, Description Length)",2026-08-26T10:47:43.666818+00:00
ANOM_001339,WORK,296075,MULTIVARIATE_WORK_OUTLIER,0.5,LOW,"Two-feature multivariate outlier identified by Isolation Forest baseline (Score: 0.500; Recommended: ₹1,000,000.00; Description Length: 288 chars).","{""recommended_amount"": 1000000.0, ""description_length"": 288, ""raw_anomaly_score"": 0.6708}",ISOLATION_FOREST_TWO_FEATURE_BASELINE,Contamination Top 1.5%,"Score=0.500 (Amt=₹1,000,000.00, Len=288)",0.985,,"Two-Feature Joint Feature Space (Log Amount, Description Length)",2026-08-26T10:47:43.666818+00:00
ANOM_001340,WORK,297368,MULTIVARIATE_WORK_OUTLIER,0.5,LOW,"Two-feature multivariate outlier identified by Isolation Forest baseline (Score: 0.500; Recommended: ₹10,000.00; Description Length: 104 chars).","{""recommended_amount"": 10000.0, ""description_length"": 104, ""raw_anomaly_score"": 0.6428}",ISOLATION_FOREST_TWO_FEATURE_BASELINE,Contamination Top 1.5%,"Score=0.500 (Amt=₹10,000.00, Len=104)",0.985,,"Two-Feature Joint Feature Space (Log Amount, Description Length)",2026-08-26T10:47:43.666818+00:00
ANOM_001341,WORK,297382,MULTIVARIATE_WORK_OUTLIER,0.5,LOW,"Two-feature multivariate outlier identified by Isolation Forest baseline (Score: 0.500; Recommended: ₹10,000.00; Description Length: 108 chars).","{""recommended_amount"": 10000.0, ""description_length"": 108, ""raw_anomaly_score"": 0.6428}",ISOLATION_FOREST_TWO_FEATURE_BASELINE,Contamination Top 1.5%,"Score=0.500 (Amt=₹10,000.00, Len=108)",0.985,,"Two-Feature Joint Feature Space (Log Amount, Description Length)",2026-08-26T10:47:43.666818+00:00
ANOM_001342,WORK,297457,MULTIVARIATE_WORK_OUTLIER,0.5,LOW,"Two-feature multivariate outlier identified by Isolation Forest baseline (Score: 0.500; Recommended: ₹10,000.00; Description Length: 104 chars).","{""recommended_amount"": 10000.0, ""description_length"": 104, ""raw_anomaly_score"": 0.6428}",ISOLATION_FOREST_TWO_FEATURE_BASELINE,Contamination Top 1.5%,"Score=0.500 (Amt=₹10,000.00, Len=104)",0.985,,"Two-Feature Joint Feature Space (Log Amount, Description Length)",2026-08-26T10:47:43.666818+00:00
ANOM_001343,WORK,297480,MULTIVARIATE_WORK_OUTLIER,0.5,LOW,"Two-feature multivariate outlier identified by Isolation Forest baseline (Score: 0.500; Recommended: ₹10,000.00; Description Length: 113 chars).","{""recommended_amount"": 10000.0, ""description_length"": 113, ""raw_anomaly_score"": 0.6479}",ISOLATION_FOREST_TWO_FEATURE_BASELINE,Contamination Top 1.5%,"Score=0.500 (Amt=₹10,000.00, Len=113)",0.985,,"Two-Feature Joint Feature Space (Log Amount, Description Length)",2026-08-26T10:47:43.666818+00:00
ANOM_001344,WORK,298130,MULTIVARIATE_WORK_OUTLIER,0.5,LOW,"Two-feature multivariate outlier identified by Isolation Forest baseline (Score: 0.500; Recommended: ₹105,000.00; Description Length: 252 chars).","{""recommended_amount"": 105000.0, ""description_length"": 252, ""raw_anomaly_score"": 0.6762}",ISOLATION_FOREST_TWO_FEATURE_BASELINE,Contamination Top 1.5%,"Score=0.500 (Amt=₹105,000.00, Len=252)",0.985,,"Two-Feature Joint Feature Space (Log Amount, Description Length)",2026-08-26T10:47:43.666818+00:00
ANOM_001345,WORK,298131,MULTIVARIATE_WORK_OUTLIER,0.5,LOW,"Two-feature multivariate outlier identified by Isolation Forest baseline (Score: 0.500; Recommended: ₹105,000.00; Description Length: 221 chars).","{""recommended_amount"": 105000.0, ""description_length"": 221, ""raw_anomaly_score"": 0.6446}",ISOLATION_FOREST_TWO_FEATURE_BASELINE,Contamination Top 1.5%,"Score=0.500 (Amt=₹105,000.00, Len=221)",0.985,,"Two-Feature Joint Feature Space (Log Amount, Description Length)",2026-08-26T10:47:43.666818+00:00
ANOM_001346,WORK,201336,MULTIVARIATE_WORK_OUTLIER,0.5,LOW,"Two-feature multivariate outlier identified by Isolation Forest baseline (Score: 0.500; Recommended: ₹1,500,000.00; Description Length: 240 chars).","{""recommended_amount"": 1500000.0, ""description_length"": 240, ""raw_anomaly_score"": 0.6596}",ISOLATION_FOREST_TWO_FEATURE_BASELINE,Contamination Top 1.5%,"Score=0.500 (Amt=₹1,500,000.00, Len=240)",0.985,,"Two-Feature Joint Feature Space (Log Amount, Description Length)",2026-08-26T10:47:43.666818+00:00
ANOM_001347,WORK,232938,MULTIVARIATE_WORK_OUTLIER,0.5,LOW,"Two-feature multivariate outlier identified by Isolation Forest baseline (Score: 0.500; Recommended: ₹2,500,000.00; Description Length: 242 chars).","{""recommended_amount"": 2500000.0, ""description_length"": 242, ""raw_anomaly_score"": 0.6733}",ISOLATION_FOREST_TWO_FEATURE_BASELINE,Contamination Top 1.5%,"Score=0.500 (Amt=₹2,500,000.00, Len=242)",0.985,,"Two-Feature Joint Feature Space (Log Amount, Description Length)",2026-08-26T10:47:43.666818+00:00
ANOM_001348,WORK,250770,MULTIVARIATE_WORK_OUTLIER,0.5,LOW,"Two-feature multivariate outlier identified by Isolation Forest baseline (Score: 0.500; Recommended: ₹77,000.00; Description Length: 278 chars).","{""recommended_amount"": 77000.0, ""description_length"": 278, ""raw_anomaly_score"": 0.6956}",ISOLATION_FOREST_TWO_FEATURE_BASELINE,Contamination Top 1.5%,"Score=0.500 (Amt=₹77,000.00, Len=278)",0.985,,"Two-Feature Joint Feature Space (Log Amount, Description Length)",2026-08-26T10:47:43.666818+00:00
ANOM_001349,WORK,260238,MULTIVARIATE_WORK_OUTLIER,0.5,LOW,"Two-feature multivariate outlier identified by Isolation Forest baseline (Score: 0.500; Recommended: ₹2,500,000.00; Description Length: 232 chars).","{""recommended_amount"": 2500000.0, ""description_length"": 232, ""raw_anomaly_score"": 0.6652}",ISOLATION_FOREST_TWO_FEATURE_BASELINE,Contamination Top 1.5%,"Score=0.500 (Amt=₹2,500,000.00, Len=232)",0.985,,"Two-Feature Joint Feature Space (Log Amount, Description Length)",2026-08-26T10:47:43.666818+00:00
ANOM_001350,WORK,289967,MULTIVARIATE_WORK_OUTLIER,0.5,LOW,"Two-feature multivariate outlier identified by Isolation Forest baseline (Score: 0.500; Recommended: ₹1,500,000.00; Description Length: 232 chars).","{""recommended_amount"": 1500000.0, ""description_length"": 232, ""raw_anomaly_score"": 0.6494}",ISOLATION_FOREST_TWO_FEATURE_BASELINE,Contamination Top 1.5%,"Score=0.500 (Amt=₹1,500,000.00, Len=232)",0.985,,"Two-Feature Joint Feature Space (Log Amount, Description Length)",2026-08-26T10:47:43.666818+00:00
ANOM_001351,WORK,279415,MULTIVARIATE_WORK_OUTLIER,0.5,LOW,"Two-feature multivariate outlier identified by Isolation Forest baseline (Score: 0.500; Recommended: ₹1,088,600.00; Description Length: 318 chars).","{""recommended_amount"": 1088600.0, ""description_length"": 318, ""raw_anomaly_score"": 0.7058}",ISOLATION_FOREST_TWO_FEATURE_BASELINE,Contamination Top 1.5%,"Score=0.500 (Amt=₹1,088,600.00, Len=318)",0.985,,"Two-Feature Joint Feature Space (Log Amount, Description Length)",2026-08-26T10:47:43.666818+00:00
ANOM_001352,WORK,1133,MULTIVARIATE_WORK_OUTLIER,0.5,LOW,"Two-feature multivariate outlier identified by Isolation Forest baseline (Score: 0.500; Recommended: ₹300,000.00; Description Length: 263 chars).","{""recommended_amount"": 300000.0, ""description_length"": 263, ""raw_anomaly_score"": 0.6543}",ISOLATION_FOREST_TWO_FEATURE_BASELINE,Contamination Top 1.5%,"Score=0.500 (Amt=₹300,000.00, Len=263)",0.985,,"Two-Feature Joint Feature Space (Log Amount, Description Length)",2026-08-26T10:47:43.666818+00:00
ANOM_001353,WORK,146082,MULTIVARIATE_WORK_OUTLIER,0.5,LOW,"Two-feature multivariate outlier identified by Isolation Forest baseline (Score: 0.500; Recommended: ₹739,700.00; Description Length: 494 chars).","{""recommended_amount"": 739700.0, ""description_length"": 494, ""raw_anomaly_score"": 0.741}",ISOLATION_FOREST_TWO_FEATURE_BASELINE,Contamination Top 1.5%,"Score=0.500 (Amt=₹739,700.00, Len=494)",0.985,,"Two-Feature Joint Feature Space (Log Amount, Description Length)",2026-08-26T10:47:43.666818+00:00
ANOM_001354,WORK,146083,MULTIVARIATE_WORK_OUTLIER,0.5,LOW,"Two-feature multivariate outlier identified by Isolation Forest baseline (Score: 0.500; Recommended: ₹739,700.00; Description Length: 499 chars).","{""recommended_amount"": 739700.0, ""description_length"": 499, ""raw_anomaly_score"": 0.741}",ISOLATION_FOREST_TWO_FEATURE_BASELINE,Contamination Top 1.5%,"Score=0.500 (Amt=₹739,700.00, Len=499)",0.985,,"Two-Feature Joint Feature Space (Log Amount, Description Length)",2026-08-26T10:47:43.666818+00:00
ANOM_001355,WORK,146084,MULTIVARIATE_WORK_OUTLIER,0.5,LOW,"Two-feature multivariate outlier identified by Isolation Forest baseline (Score: 0.500; Recommended: ₹739,700.00; Description Length: 471 chars).","{""recommended_amount"": 739700.0, ""description_length"": 471, ""raw_anomaly_score"": 0.738}",ISOLATION_FOREST_TWO_FEATURE_BASELINE,Contamination Top 1.5%,"Score=0.500 (Amt=₹739,700.00, Len=471)",0.985,,"Two-Feature Joint Feature Space (Log Amount, Description Length)",2026-08-26T10:47:43.666818+00:00
ANOM_001356,WORK,146085,MULTIVARIATE_WORK_OUTLIER,0.5,LOW,"Two-feature multivariate outlier identified by Isolation Forest baseline (Score: 0.500; Recommended: ₹341,400.00; Description Length: 255 chars).","{""recommended_amount"": 341400.0, ""description_length"": 255, ""raw_anomaly_score"": 0.6506}",ISOLATION_FOREST_TWO_FEATURE_BASELINE,Contamination Top 1.5%,"Score=0.500 (Amt=₹341,400.00, Len=255)",0.985,,"Two-Feature Joint Feature Space (Log Amount, Description Length)",2026-08-26T10:47:43.666818+00:00
ANOM_001357,WORK,146087,MULTIVARIATE_WORK_OUTLIER,0.5,LOW,"Two-feature multivariate outlier identified by Isolation Forest baseline (Score: 0.500; Recommended: ₹341,400.00; Description Length: 249 chars).","{""recommended_amount"": 341400.0, ""description_length"": 249, ""raw_anomaly_score"": 0.6454}",ISOLATION_FOREST_TWO_FEATURE_BASELINE,Contamination Top 1.5%,"Score=0.500 (Amt=₹341,400.00, Len=249)",0.985,,"Two-Feature Joint Feature Space (Log Amount, Description Length)",2026-08-26T10:47:43.666818+00:00
ANOM_001358,WORK,146088,MULTIVARIATE_WORK_OUTLIER,0.5,LOW,"Two-feature multivariate outlier identified by Isolation Forest baseline (Score: 0.500; Recommended: ₹739,700.00; Description Length: 462 chars).","{""recommended_amount"": 739700.0, ""description_length"": 462, ""raw_anomaly_score"": 0.735}",ISOLATION_FOREST_TWO_FEATURE_BASELINE,Contamination Top 1.5%,"Score=0.500 (Amt=₹739,700.00, Len=462)",0.985,,"Two-Feature Joint Feature Space (Log Amount, Description Length)",2026-08-26T10:47:43.666818+00:00
ANOM_001359,WORK,146091,MULTIVARIATE_WORK_OUTLIER,0.5,LOW,"Two-feature multivariate outlier identified by Isolation Forest baseline (Score: 0.500; Recommended: ₹455,200.00; Description Length: 359 chars).","{""recommended_amount"": 455200.0, ""description_length"": 359, ""raw_anomaly_score"": 0.714}",ISOLATION_FOREST_TWO_FEATURE_BASELINE,Contamination Top 1.5%,"Score=0.500 (Amt=₹455,200.00, Len=359)",0.985,,"Two-Feature Joint Feature Space (Log Amount, Description Length)",2026-08-26T10:47:43.666818+00:00
ANOM_001360,WORK,146242,MULTIVARIATE_WORK_OUTLIER,0.5,LOW,"Two-feature multivariate outlier identified by Isolation Forest baseline (Score: 0.500; Recommended: ₹625,000.00; Description Length: 289 chars).","{""recommended_amount"": 625000.0, ""description_length"": 289, ""raw_anomaly_score"": 0.6657}",ISOLATION_FOREST_TWO_FEATURE_BASELINE,Contamination Top 1.5%,"Score=0.500 (Amt=₹625,000.00, Len=289)",0.985,,"Two-Feature Joint Feature Space (Log Amount, Description Length)",2026-08-26T10:47:43.666818+00:00
ANOM_001361,WORK,146243,MULTIVARIATE_WORK_OUTLIER,0.5,LOW,"Two-feature multivariate outlier identified by Isolation Forest baseline (Score: 0.500; Recommended: ₹625,000.00; Description Length: 277 chars).","{""recommended_amount"": 625000.0, ""description_length"": 277, ""raw_anomaly_score"": 0.6586}",ISOLATION_FOREST_TWO_FEATURE_BASELINE,Contamination Top 1.5%,"Score=0.500 (Amt=₹625,000.00, Len=277)",0.985,,"Two-Feature Joint Feature Space (Log Amount, Description Length)",2026-08-26T10:47:43.666818+00:00
ANOM_001362,WORK,148853,MULTIVARIATE_WORK_OUTLIER,0.5,LOW,"Two-feature multivariate outlier identified by Isolation Forest baseline (Score: 0.500; Recommended: ₹682,800.00; Description Length: 465 chars).","{""recommended_amount"": 682800.0, ""description_length"": 465, ""raw_anomaly_score"": 0.736}",ISOLATION_FOREST_TWO_FEATURE_BASELINE,Contamination Top 1.5%,"Score=0.500 (Amt=₹682,800.00, Len=465)",0.985,,"Two-Feature Joint Feature Space (Log Amount, Description Length)",2026-08-26T10:47:43.666818+00:00
ANOM_001363,WORK,148854,MULTIVARIATE_WORK_OUTLIER,0.5,LOW,"Two-feature multivariate outlier identified by Isolation Forest baseline (Score: 0.500; Recommended: ₹739,700.00; Description Length: 492 chars).","{""recommended_amount"": 739700.0, ""description_length"": 492, ""raw_anomaly_score"": 0.741}",ISOLATION_FOREST_TWO_FEATURE_BASELINE,Contamination Top 1.5%,"Score=0.500 (Amt=₹739,700.00, Len=492)",0.985,,"Two-Feature Joint Feature Space (Log Amount, Description Length)",2026-08-26T10:47:43.666818+00:00
ANOM_001364,WORK,157774,MULTIVARIATE_WORK_OUTLIER,0.5,LOW,"Two-feature multivariate outlier identified by Isolation Forest baseline (Score: 0.500; Recommended: ₹15,500.00; Description Length: 200 chars).","{""recommended_amount"": 15500.0, ""description_length"": 200, ""raw_anomaly_score"": 0.7156}",ISOLATION_FOREST_TWO_FEATURE_BASELINE,Contamination Top 1.5%,"Score=0.500 (Amt=₹15,500.00, Len=200)",0.985,,"Two-Feature Joint Feature Space (Log Amount, Description Length)",2026-08-26T10:47:43.666818+00:00
ANOM_001365,WORK,157775,MULTIVARIATE_WORK_OUTLIER,0.5,LOW,"Two-feature multivariate outlier identified by Isolation Forest baseline (Score: 0.500; Recommended: ₹15,500.00; Description Length: 217 chars).","{""recommended_amount"": 15500.0, ""description_length"": 217, ""raw_anomaly_score"": 0.7224}",ISOLATION_FOREST_TWO_FEATURE_BASELINE,Contamination Top 1.5%,"Score=0.500 (Amt=₹15,500.00, Len=217)",0.985,,"Two-Feature Joint Feature Space (Log Amount, Description Length)",2026-08-26T10:47:43.666818+00:00
ANOM_001366,WORK,157776,MULTIVARIATE_WORK_OUTLIER,0.5,LOW,"Two-feature multivariate outlier identified by Isolation Forest baseline (Score: 0.500; Recommended: ₹15,500.00; Description Length: 213 chars).","{""recommended_amount"": 15500.0, ""description_length"": 213, ""raw_anomaly_score"": 0.7233}",ISOLATION_FOREST_TWO_FEATURE_BASELINE,Contamination Top 1.5%,"Score=0.500 (Amt=₹15,500.00, Len=213)",0.985,,"Two-Feature Joint Feature Space (Log Amount, Description Length)",2026-08-26T10:47:43.666818+00:00
ANOM_001367,WORK,157777,MULTIVARIATE_WORK_OUTLIER,0.5,LOW,"Two-feature multivariate outlier identified by Isolation Forest baseline (Score: 0.500; Recommended: ₹15,500.00; Description Length: 206 chars).","{""recommended_amount"": 15500.0, ""description_length"": 206, ""raw_anomaly_score"": 0.7194}",ISOLATION_FOREST_TWO_FEATURE_BASELINE,Contamination Top 1.5%,"Score=0.500 (Amt=₹15,500.00, Len=206)",0.985,,"Two-Feature Joint Feature Space (Log Amount, Description Length)",2026-08-26T10:47:43.666818+00:00
ANOM_001368,WORK,157778,MULTIVARIATE_WORK_OUTLIER,0.5,LOW,"Two-feature multivariate outlier identified by Isolation Forest baseline (Score: 0.500; Recommended: ₹15,500.00; Description Length: 201 chars).","{""recommended_amount"": 15500.0, ""description_length"": 201, ""raw_anomaly_score"": 0.7156}",ISOLATION_FOREST_TWO_FEATURE_BASELINE,Contamination Top 1.5%,"Score=0.500 (Amt=₹15,500.00, Len=201)",0.985,,"Two-Feature Joint Feature Space (Log Amount, Description Length)",2026-08-26T10:47:43.666818+00:00
ANOM_001369,WORK,157779,MULTIVARIATE_WORK_OUTLIER,0.5,LOW,"Two-feature multivariate outlier identified by Isolation Forest baseline (Score: 0.500; Recommended: ₹15,500.00; Description Length: 207 chars).","{""recommended_amount"": 15500.0, ""description_length"": 207, ""raw_anomaly_score"": 0.7214}",ISOLATION_FOREST_TWO_FEATURE_BASELINE,Contamination Top 1.5%,"Score=0.500 (Amt=₹15,500.00, Len=207)",0.985,,"Two-Feature Joint Feature Space (Log Amount, Description Length)",2026-08-26T10:47:43.666818+00:00
ANOM_001370,WORK,157780,MULTIVARIATE_WORK_OUTLIER,0.5,LOW,"Two-feature multivariate outlier identified by Isolation Forest baseline (Score: 0.500; Recommended: ₹15,500.00; Description Length: 205 chars).","{""recommended_amount"": 15500.0, ""description_length"": 205, ""raw_anomaly_score"": 0.7194}",ISOLATION_FOREST_TWO_FEATURE_BASELINE,Contamination Top 1.5%,"Score=0.500 (Amt=₹15,500.00, Len=205)",0.985,,"Two-Feature Joint Feature Space (Log Amount, Description Length)",2026-08-26T10:47:43.666818+00:00
ANOM_001371,WORK,157781,MULTIVARIATE_WORK_OUTLIER,0.5,LOW,"Two-feature multivariate outlier identified by Isolation Forest baseline (Score: 0.500; Recommended: ₹15,500.00; Description Length: 221 chars).","{""recommended_amount"": 15500.0, ""description_length"": 221, ""raw_anomaly_score"": 0.7238}",ISOLATION_FOREST_TWO_FEATURE_BASELINE,Contamination Top 1.5%,"Score=0.500 (Amt=₹15,500.00, Len=221)",0.985,,"Two-Feature Joint Feature Space (Log Amount, Description Length)",2026-08-26T10:47:43.666818+00:00
ANOM_001372,WORK,157782,MULTIVARIATE_WORK_OUTLIER,0.5,LOW,"Two-feature multivariate outlier identified by Isolation Forest baseline (Score: 0.500; Recommended: ₹15,500.00; Description Length: 209 chars).","{""recommended_amount"": 15500.0, ""description_length"": 209, ""raw_anomaly_score"": 0.7219}",ISOLATION_FOREST_TWO_FEATURE_BASELINE,Contamination Top 1.5%,"Score=0.500 (Amt=₹15,500.00, Len=209)",0.985,,"Two-Feature Joint Feature Space (Log Amount, Description Length)",2026-08-26T10:47:43.666818+00:00
ANOM_001373,WORK,157783,MULTIVARIATE_WORK_OUTLIER,0.5,LOW,"Two-feature multivariate outlier identified by Isolation Forest baseline (Score: 0.500; Recommended: ₹15,500.00; Description Length: 208 chars).","{""recommended_amount"": 15500.0, ""description_length"": 208, ""raw_anomaly_score"": 0.7219}",ISOLATION_FOREST_TWO_FEATURE_BASELINE,Contamination Top 1.5%,"Score=0.500 (Amt=₹15,500.00, Len=208)",0.985,,"Two-Feature Joint Feature Space (Log Amount, Description Length)",2026-08-26T10:47:43.666818+00:00
ANOM_001374,WORK,157785,MULTIVARIATE_WORK_OUTLIER,0.5,LOW,"Two-feature multivariate outlier identified by Isolation Forest baseline (Score: 0.500; Recommended: ₹15,500.00; Description Length: 173 chars).","{""recommended_amount"": 15500.0, ""description_length"": 173, ""raw_anomaly_score"": 0.6913}",ISOLATION_FOREST_TWO_FEATURE_BASELINE,Contamination Top 1.5%,"Score=0.500 (Amt=₹15,500.00, Len=173)",0.985,,"Two-Feature Joint Feature Space (Log Amount, Description Length)",2026-08-26T10:47:43.666818+00:00
ANOM_001375,WORK,157786,MULTIVARIATE_WORK_OUTLIER,0.5,LOW,"Two-feature multivariate outlier identified by Isolation Forest baseline (Score: 0.500; Recommended: ₹15,500.00; Description Length: 183 chars).","{""recommended_amount"": 15500.0, ""description_length"": 183, ""raw_anomaly_score"": 0.705}",ISOLATION_FOREST_TWO_FEATURE_BASELINE,Contamination Top 1.5%,"Score=0.500 (Amt=₹15,500.00, Len=183)",0.985,,"Two-Feature Joint Feature Space (Log Amount, Description Length)",2026-08-26T10:47:43.666818+00:00
ANOM_001376,WORK,157787,MULTIVARIATE_WORK_OUTLIER,0.5,LOW,"Two-feature multivariate outlier identified by Isolation Forest baseline (Score: 0.500; Recommended: ₹15,500.00; Description Length: 181 chars).","{""recommended_amount"": 15500.0, ""description_length"": 181, ""raw_anomaly_score"": 0.7035}",ISOLATION_FOREST_TWO_FEATURE_BASELINE,Contamination Top 1.5%,"Score=0.500 (Amt=₹15,500.00, Len=181)",0.985,,"Two-Feature Joint Feature Space (Log Amount, Description Length)",2026-08-26T10:47:43.666818+00:00
ANOM_001377,WORK,157788,MULTIVARIATE_WORK_OUTLIER,0.5,LOW,"Two-feature multivariate outlier identified by Isolation Forest baseline (Score: 0.500; Recommended: ₹15,500.00; Description Length: 178 chars).","{""recommended_amount"": 15500.0, ""description_length"": 178, ""raw_anomaly_score"": 0.7016}",ISOLATION_FOREST_TWO_FEATURE_BASELINE,Contamination Top 1.5%,"Score=0.500 (Amt=₹15,500.00, Len=178)",0.985,,"Two-Feature Joint Feature Space (Log Amount, Description Length)",2026-08-26T10:47:43.666818+00:00
ANOM_001378,WORK,157789,MULTIVARIATE_WORK_OUTLIER,0.5,LOW,"Two-feature multivariate outlier identified by Isolation Forest baseline (Score: 0.500; Recommended: ₹15,500.00; Description Length: 178 chars).","{""recommended_amount"": 15500.0, ""description_length"": 178, ""raw_anomaly_score"": 0.7016}",ISOLATION_FOREST_TWO_FEATURE_BASELINE,Contamination Top 1.5%,"Score=0.500 (Amt=₹15,500.00, Len=178)",0.985,,"Two-Feature Joint Feature Space (Log Amount, Description Length)",2026-08-26T10:47:43.666818+00:00
ANOM_001379,WORK,157790,MULTIVARIATE_WORK_OUTLIER,0.5,LOW,"Two-feature multivariate outlier identified by Isolation Forest baseline (Score: 0.500; Recommended: ₹15,500.00; Description Length: 189 chars).","{""recommended_amount"": 15500.0, ""description_length"": 189, ""raw_anomaly_score"": 0.7088}",ISOLATION_FOREST_TWO_FEATURE_BASELINE,Contamination Top 1.5%,"Score=0.500 (Amt=₹15,500.00, Len=189)",0.985,,"Two-Feature Joint Feature Space (Log Amount, Description Length)",2026-08-26T10:47:43.666818+00:00
ANOM_001380,WORK,157791,MULTIVARIATE_WORK_OUTLIER,0.5,LOW,"Two-feature multivariate outlier identified by Isolation Forest baseline (Score: 0.500; Recommended: ₹15,500.00; Description Length: 176 chars).","{""recommended_amount"": 15500.0, ""description_length"": 176, ""raw_anomaly_score"": 0.6977}",ISOLATION_FOREST_TWO_FEATURE_BASELINE,Contamination Top 1.5%,"Score=0.500 (Amt=₹15,500.00, Len=176)",0.985,,"Two-Feature Joint Feature Space (Log Amount, Description Length)",2026-08-26T10:47:43.666818+00:00
ANOM_001381,WORK,157792,MULTIVARIATE_WORK_OUTLIER,0.5,LOW,"Two-feature multivariate outlier identified by Isolation Forest baseline (Score: 0.500; Recommended: ₹15,500.00; Description Length: 181 chars).","{""recommended_amount"": 15500.0, ""description_length"": 181, ""raw_anomaly_score"": 0.7035}",ISOLATION_FOREST_TWO_FEATURE_BASELINE,Contamination Top 1.5%,"Score=0.500 (Amt=₹15,500.00, Len=181)",0.985,,"Two-Feature Joint Feature Space (Log Amount, Description Length)",2026-08-26T10:47:43.666818+00:00
ANOM_001382,WORK,162283,MULTIVARIATE_WORK_OUTLIER,0.5,LOW,"Two-feature multivariate outlier identified by Isolation Forest baseline (Score: 0.500; Recommended: ₹3,671,490.00; Description Length: 17 chars).","{""recommended_amount"": 3671490.0, ""description_length"": 17, ""raw_anomaly_score"": 0.6432}",ISOLATION_FOREST_TWO_FEATURE_BASELINE,Contamination Top 1.5%,"Score=0.500 (Amt=₹3,671,490.00, Len=17)",0.985,,"Two-Feature Joint Feature Space (Log Amount, Description Length)",2026-08-26T10:47:43.666818+00:00
ANOM_001383,WORK,162437,MULTIVARIATE_WORK_OUTLIER,0.5,LOW,"Two-feature multivariate outlier identified by Isolation Forest baseline (Score: 0.500; Recommended: ₹19,981.00; Description Length: 207 chars).","{""recommended_amount"": 19981.0, ""description_length"": 207, ""raw_anomaly_score"": 0.6984}",ISOLATION_FOREST_TWO_FEATURE_BASELINE,Contamination Top 1.5%,"Score=0.500 (Amt=₹19,981.00, Len=207)",0.985,,"Two-Feature Joint Feature Space (Log Amount, Description Length)",2026-08-26T10:47:43.666818+00:00
ANOM_001384,WORK,162449,MULTIVARIATE_WORK_OUTLIER,0.5,LOW,"Two-feature multivariate outlier identified by Isolation Forest baseline (Score: 0.500; Recommended: ₹19,981.00; Description Length: 169 chars).","{""recommended_amount"": 19981.0, ""description_length"": 169, ""raw_anomaly_score"": 0.6614}",ISOLATION_FOREST_TWO_FEATURE_BASELINE,Contamination Top 1.5%,"Score=0.500 (Amt=₹19,981.00, Len=169)",0.985,,"Two-Feature Joint Feature Space (Log Amount, Description Length)",2026-08-26T10:47:43.666818+00:00
ANOM_001385,WORK,162456,MULTIVARIATE_WORK_OUTLIER,0.5,LOW,"Two-feature multivariate outlier identified by Isolation Forest baseline (Score: 0.500; Recommended: ₹19,981.00; Description Length: 215 chars).","{""recommended_amount"": 19981.0, ""description_length"": 215, ""raw_anomaly_score"": 0.6993}",ISOLATION_FOREST_TWO_FEATURE_BASELINE,Contamination Top 1.5%,"Score=0.500 (Amt=₹19,981.00, Len=215)",0.985,,"Two-Feature Joint Feature Space (Log Amount, Description Length)",2026-08-26T10:47:43.666818+00:00
ANOM_001386,WORK,162463,MULTIVARIATE_WORK_OUTLIER,0.5,LOW,"Two-feature multivariate outlier identified by Isolation Forest baseline (Score: 0.500; Recommended: ₹19,981.00; Description Length: 163 chars).","{""recommended_amount"": 19981.0, ""description_length"": 163, ""raw_anomaly_score"": 0.6528}",ISOLATION_FOREST_TWO_FEATURE_BASELINE,Contamination Top 1.5%,"Score=0.500 (Amt=₹19,981.00, Len=163)",0.985,,"Two-Feature Joint Feature Space (Log Amount, Description Length)",2026-08-26T10:47:43.666818+00:00
ANOM_001387,WORK,162483,MULTIVARIATE_WORK_OUTLIER,0.5,LOW,"Two-feature multivariate outlier identified by Isolation Forest baseline (Score: 0.500; Recommended: ₹19,981.00; Description Length: 239 chars).","{""recommended_amount"": 19981.0, ""description_length"": 239, ""raw_anomaly_score"": 0.7103}",ISOLATION_FOREST_TWO_FEATURE_BASELINE,Contamination Top 1.5%,"Score=0.500 (Amt=₹19,981.00, Len=239)",0.985,,"Two-Feature Joint Feature Space (Log Amount, Description Length)",2026-08-26T10:47:43.666818+00:00
ANOM_001388,WORK,162591,MULTIVARIATE_WORK_OUTLIER,0.5,LOW,"Two-feature multivariate outlier identified by Isolation Forest baseline (Score: 0.500; Recommended: ₹19,981.00; Description Length: 189 chars).","{""recommended_amount"": 19981.0, ""description_length"": 189, ""raw_anomaly_score"": 0.6848}",ISOLATION_FOREST_TWO_FEATURE_BASELINE,Contamination Top 1.5%,"Score=0.500 (Amt=₹19,981.00, Len=189)",0.985,,"Two-Feature Joint Feature Space (Log Amount, Description Length)",2026-08-26T10:47:43.666818+00:00
ANOM_001389,WORK,162592,MULTIVARIATE_WORK_OUTLIER,0.5,LOW,"Two-feature multivariate outlier identified by Isolation Forest baseline (Score: 0.500; Recommended: ₹19,981.00; Description Length: 239 chars).","{""recommended_amount"": 19981.0, ""description_length"": 239, ""raw_anomaly_score"": 0.7103}",ISOLATION_FOREST_TWO_FEATURE_BASELINE,Contamination Top 1.5%,"Score=0.500 (Amt=₹19,981.00, Len=239)",0.985,,"Two-Feature Joint Feature Space (Log Amount, Description Length)",2026-08-26T10:47:43.666818+00:00
ANOM_001390,WORK,162593,MULTIVARIATE_WORK_OUTLIER,0.5,LOW,"Two-feature multivariate outlier identified by Isolation Forest baseline (Score: 0.500; Recommended: ₹19,981.00; Description Length: 208 chars).","{""recommended_amount"": 19981.0, ""description_length"": 208, ""raw_anomaly_score"": 0.6998}",ISOLATION_FOREST_TWO_FEATURE_BASELINE,Contamination Top 1.5%,"Score=0.500 (Amt=₹19,981.00, Len=208)",0.985,,"Two-Feature Joint Feature Space (Log Amount, Description Length)",2026-08-26T10:47:43.666818+00:00
ANOM_001391,WORK,162596,MULTIVARIATE_WORK_OUTLIER,0.5,LOW,"Two-feature multivariate outlier identified by Isolation Forest baseline (Score: 0.500; Recommended: ₹19,981.00; Description Length: 203 chars).","{""recommended_amount"": 19981.0, ""description_length"": 203, ""raw_anomaly_score"": 0.6941}",ISOLATION_FOREST_TWO_FEATURE_BASELINE,Contamination Top 1.5%,"Score=0.500 (Amt=₹19,981.00, Len=203)",0.985,,"Two-Feature Joint Feature Space (Log Amount, Description Length)",2026-08-26T10:47:43.666818+00:00
ANOM_001392,WORK,162608,MULTIVARIATE_WORK_OUTLIER,0.5,LOW,"Two-feature multivariate outlier identified by Isolation Forest baseline (Score: 0.500; Recommended: ₹19,981.00; Description Length: 175 chars).","{""recommended_amount"": 19981.0, ""description_length"": 175, ""raw_anomaly_score"": 0.6694}",ISOLATION_FOREST_TWO_FEATURE_BASELINE,Contamination Top 1.5%,"Score=0.500 (Amt=₹19,981.00, Len=175)",0.985,,"Two-Feature Joint Feature Space (Log Amount, Description Length)",2026-08-26T10:47:43.666818+00:00
ANOM_001393,WORK,162612,MULTIVARIATE_WORK_OUTLIER,0.5,LOW,"Two-feature multivariate outlier identified by Isolation Forest baseline (Score: 0.500; Recommended: ₹19,981.00; Description Length: 167 chars).","{""recommended_amount"": 19981.0, ""description_length"": 167, ""raw_anomaly_score"": 0.6619}",ISOLATION_FOREST_TWO_FEATURE_BASELINE,Contamination Top 1.5%,"Score=0.500 (Amt=₹19,981.00, Len=167)",0.985,,"Two-Feature Joint Feature Space (Log Amount, Description Length)",2026-08-26T10:47:43.666818+00:00
ANOM_001394,WORK,162613,MULTIVARIATE_WORK_OUTLIER,0.5,LOW,"Two-feature multivariate outlier identified by Isolation Forest baseline (Score: 0.500; Recommended: ₹19,981.00; Description Length: 196 chars).","{""recommended_amount"": 19981.0, ""description_length"": 196, ""raw_anomaly_score"": 0.6904}",ISOLATION_FOREST_TWO_FEATURE_BASELINE,Contamination Top 1.5%,"Score=0.500 (Amt=₹19,981.00, Len=196)",0.985,,"Two-Feature Joint Feature Space (Log Amount, Description Length)",2026-08-26T10:47:43.666818+00:00
ANOM_001395,WORK,162616,MULTIVARIATE_WORK_OUTLIER,0.5,LOW,"Two-feature multivariate outlier identified by Isolation Forest baseline (Score: 0.500; Recommended: ₹19,981.00; Description Length: 192 chars).","{""recommended_amount"": 19981.0, ""description_length"": 192, ""raw_anomaly_score"": 0.6881}",ISOLATION_FOREST_TWO_FEATURE_BASELINE,Contamination Top 1.5%,"Score=0.500 (Amt=₹19,981.00, Len=192)",0.985,,"Two-Feature Joint Feature Space (Log Amount, Description Length)",2026-08-26T10:47:43.666818+00:00
ANOM_001396,WORK,162617,MULTIVARIATE_WORK_OUTLIER,0.5,LOW,"Two-feature multivariate outlier identified by Isolation Forest baseline (Score: 0.500; Recommended: ₹19,981.00; Description Length: 172 chars).","{""recommended_amount"": 19981.0, ""description_length"": 172, ""raw_anomaly_score"": 0.6638}",ISOLATION_FOREST_TWO_FEATURE_BASELINE,Contamination Top 1.5%,"Score=0.500 (Amt=₹19,981.00, Len=172)",0.985,,"Two-Feature Joint Feature Space (Log Amount, Description Length)",2026-08-26T10:47:43.666818+00:00
ANOM_001397,WORK,174078,MULTIVARIATE_WORK_OUTLIER,0.5,LOW,"Two-feature multivariate outlier identified by Isolation Forest baseline (Score: 0.500; Recommended: ₹2,546,900.00; Description Length: 238 chars).","{""recommended_amount"": 2546900.0, ""description_length"": 238, ""raw_anomaly_score"": 0.6728}",ISOLATION_FOREST_TWO_FEATURE_BASELINE,Contamination Top 1.5%,"Score=0.500 (Amt=₹2,546,900.00, Len=238)",0.985,,"Two-Feature Joint Feature Space (Log Amount, Description Length)",2026-08-26T10:47:43.666818+00:00
ANOM_001398,WORK,175842,MULTIVARIATE_WORK_OUTLIER,0.5,LOW,"Two-feature multivariate outlier identified by Isolation Forest baseline (Score: 0.500; Recommended: ₹15,364.00; Description Length: 169 chars).","{""recommended_amount"": 15364.0, ""description_length"": 169, ""raw_anomaly_score"": 0.6884}",ISOLATION_FOREST_TWO_FEATURE_BASELINE,Contamination Top 1.5%,"Score=0.500 (Amt=₹15,364.00, Len=169)",0.985,,"Two-Feature Joint Feature Space (Log Amount, Description Length)",2026-08-26T10:47:43.666818+00:00
ANOM_001399,WORK,175843,MULTIVARIATE_WORK_OUTLIER,0.5,LOW,"Two-feature multivariate outlier identified by Isolation Forest baseline (Score: 0.500; Recommended: ₹15,364.00; Description Length: 152 chars).","{""recommended_amount"": 15364.0, ""description_length"": 152, ""raw_anomaly_score"": 0.6721}",ISOLATION_FOREST_TWO_FEATURE_BASELINE,Contamination Top 1.5%,"Score=0.500 (Amt=₹15,364.00, Len=152)",0.985,,"Two-Feature Joint Feature Space (Log Amount, Description Length)",2026-08-26T10:47:43.666818+00:00
ANOM_001400,WORK,175844,MULTIVARIATE_WORK_OUTLIER,0.5,LOW,"Two-feature multivariate outlier identified by Isolation Forest baseline (Score: 0.500; Recommended: ₹15,364.00; Description Length: 127 chars).","{""recommended_amount"": 15364.0, ""description_length"": 127, ""raw_anomaly_score"": 0.652}",ISOLATION_FOREST_TWO_FEATURE_BASELINE,Contamination Top 1.5%,"Score=0.500 (Amt=₹15,364.00, Len=127)",0.985,,"Two-Feature Joint Feature Space (Log Amount, Description Length)",2026-08-26T10:47:43.666818+00:00
ANOM_001401,WORK,175845,MULTIVARIATE_WORK_OUTLIER,0.5,LOW,"Two-feature multivariate outlier identified by Isolation Forest baseline (Score: 0.500; Recommended: ₹16,000.00; Description Length: 127 chars).","{""recommended_amount"": 16000.0, ""description_length"": 127, ""raw_anomaly_score"": 0.6516}",ISOLATION_FOREST_TWO_FEATURE_BASELINE,Contamination Top 1.5%,"Score=0.500 (Amt=₹16,000.00, Len=127)",0.985,,"Two-Feature Joint Feature Space (Log Amount, Description Length)",2026-08-26T10:47:43.666818+00:00
ANOM_001402,WORK,175846,MULTIVARIATE_WORK_OUTLIER,0.5,LOW,"Two-feature multivariate outlier identified by Isolation Forest baseline (Score: 0.500; Recommended: ₹15,364.00; Description Length: 157 chars).","{""recommended_amount"": 15364.0, ""description_length"": 157, ""raw_anomaly_score"": 0.6736}",ISOLATION_FOREST_TWO_FEATURE_BASELINE,Contamination Top 1.5%,"Score=0.500 (Amt=₹15,364.00, Len=157)",0.985,,"Two-Feature Joint Feature Space (Log Amount, Description Length)",2026-08-26T10:47:43.666818+00:00
ANOM_001403,WORK,175847,MULTIVARIATE_WORK_OUTLIER,0.5,LOW,"Two-feature multivariate outlier identified by Isolation Forest baseline (Score: 0.500; Recommended: ₹16,000.00; Description Length: 166 chars).","{""recommended_amount"": 16000.0, ""description_length"": 166, ""raw_anomaly_score"": 0.6893}",ISOLATION_FOREST_TWO_FEATURE_BASELINE,Contamination Top 1.5%,"Score=0.500 (Amt=₹16,000.00, Len=166)",0.985,,"Two-Feature Joint Feature Space (Log Amount, Description Length)",2026-08-26T10:47:43.666818+00:00
ANOM_001404,WORK,176194,MULTIVARIATE_WORK_OUTLIER,0.5,LOW,"Two-feature multivariate outlier identified by Isolation Forest baseline (Score: 0.500; Recommended: ₹745,200.00; Description Length: 261 chars).","{""recommended_amount"": 745200.0, ""description_length"": 261, ""raw_anomaly_score"": 0.6503}",ISOLATION_FOREST_TWO_FEATURE_BASELINE,Contamination Top 1.5%,"Score=0.500 (Amt=₹745,200.00, Len=261)",0.985,,"Two-Feature Joint Feature Space (Log Amount, Description Length)",2026-08-26T10:47:43.666818+00:00
ANOM_001405,WORK,176731,MULTIVARIATE_WORK_OUTLIER,0.5,LOW,"Two-feature multivariate outlier identified by Isolation Forest baseline (Score: 0.500; Recommended: ₹15,364.00; Description Length: 161 chars).","{""recommended_amount"": 15364.0, ""description_length"": 161, ""raw_anomaly_score"": 0.6762}",ISOLATION_FOREST_TWO_FEATURE_BASELINE,Contamination Top 1.5%,"Score=0.500 (Amt=₹15,364.00, Len=161)",0.985,,"Two-Feature Joint Feature Space (Log Amount, Description Length)",2026-08-26T10:47:43.666818+00:00
ANOM_001406,WORK,176739,MULTIVARIATE_WORK_OUTLIER,0.5,LOW,"Two-feature multivariate outlier identified by Isolation Forest baseline (Score: 0.500; Recommended: ₹15,364.00; Description Length: 184 chars).","{""recommended_amount"": 15364.0, ""description_length"": 184, ""raw_anomaly_score"": 0.7055}",ISOLATION_FOREST_TWO_FEATURE_BASELINE,Contamination Top 1.5%,"Score=0.500 (Amt=₹15,364.00, Len=184)",0.985,,"Two-Feature Joint Feature Space (Log Amount, Description Length)",2026-08-26T10:47:43.666818+00:00
ANOM_001407,WORK,176740,MULTIVARIATE_WORK_OUTLIER,0.5,LOW,"Two-feature multivariate outlier identified by Isolation Forest baseline (Score: 0.500; Recommended: ₹15,364.00; Description Length: 189 chars).","{""recommended_amount"": 15364.0, ""description_length"": 189, ""raw_anomaly_score"": 0.7088}",ISOLATION_FOREST_TWO_FEATURE_BASELINE,Contamination Top 1.5%,"Score=0.500 (Amt=₹15,364.00, Len=189)",0.985,,"Two-Feature Joint Feature Space (Log Amount, Description Length)",2026-08-26T10:47:43.666818+00:00
ANOM_001408,WORK,176741,MULTIVARIATE_WORK_OUTLIER,0.5,LOW,"Two-feature multivariate outlier identified by Isolation Forest baseline (Score: 0.500; Recommended: ₹15,364.00; Description Length: 198 chars).","{""recommended_amount"": 15364.0, ""description_length"": 198, ""raw_anomaly_score"": 0.7136}",ISOLATION_FOREST_TWO_FEATURE_BASELINE,Contamination Top 1.5%,"Score=0.500 (Amt=₹15,364.00, Len=198)",0.985,,"Two-Feature Joint Feature Space (Log Amount, Description Length)",2026-08-26T10:47:43.666818+00:00
ANOM_001409,WORK,176742,MULTIVARIATE_WORK_OUTLIER,0.5,LOW,"Two-feature multivariate outlier identified by Isolation Forest baseline (Score: 0.500; Recommended: ₹15,364.00; Description Length: 205 chars).","{""recommended_amount"": 15364.0, ""description_length"": 205, ""raw_anomaly_score"": 0.7194}",ISOLATION_FOREST_TWO_FEATURE_BASELINE,Contamination Top 1.5%,"Score=0.500 (Amt=₹15,364.00, Len=205)",0.985,,"Two-Feature Joint Feature Space (Log Amount, Description Length)",2026-08-26T10:47:43.666818+00:00
ANOM_001410,WORK,176743,MULTIVARIATE_WORK_OUTLIER,0.5,LOW,"Two-feature multivariate outlier identified by Isolation Forest baseline (Score: 0.500; Recommended: ₹15,364.00; Description Length: 189 chars).","{""recommended_amount"": 15364.0, ""description_length"": 189, ""raw_anomaly_score"": 0.7088}",ISOLATION_FOREST_TWO_FEATURE_BASELINE,Contamination Top 1.5%,"Score=0.500 (Amt=₹15,364.00, Len=189)",0.985,,"Two-Feature Joint Feature Space (Log Amount, Description Length)",2026-08-26T10:47:43.666818+00:00
ANOM_001411,WORK,176744,MULTIVARIATE_WORK_OUTLIER,0.5,LOW,"Two-feature multivariate outlier identified by Isolation Forest baseline (Score: 0.500; Recommended: ₹15,364.00; Description Length: 155 chars).","{""recommended_amount"": 15364.0, ""description_length"": 155, ""raw_anomaly_score"": 0.6733}",ISOLATION_FOREST_TWO_FEATURE_BASELINE,Contamination Top 1.5%,"Score=0.500 (Amt=₹15,364.00, Len=155)",0.985,,"Two-Feature Joint Feature Space (Log Amount, Description Length)",2026-08-26T10:47:43.666818+00:00
ANOM_001412,WORK,184533,MULTIVARIATE_WORK_OUTLIER,0.5,LOW,"Two-feature multivariate outlier identified by Isolation Forest baseline (Score: 0.500; Recommended: ₹1,424,600.00; Description Length: 253 chars).","{""recommended_amount"": 1424600.0, ""description_length"": 253, ""raw_anomaly_score"": 0.6738}",ISOLATION_FOREST_TWO_FEATURE_BASELINE,Contamination Top 1.5%,"Score=0.500 (Amt=₹1,424,600.00, Len=253)",0.985,,"Two-Feature Joint Feature Space (Log Amount, Description Length)",2026-08-26T10:47:43.666818+00:00
ANOM_001413,WORK,194531,MULTIVARIATE_WORK_OUTLIER,0.5,LOW,"Two-feature multivariate outlier identified by Isolation Forest baseline (Score: 0.500; Recommended: ₹15,364.00; Description Length: 172 chars).","{""recommended_amount"": 15364.0, ""description_length"": 172, ""raw_anomaly_score"": 0.6913}",ISOLATION_FOREST_TWO_FEATURE_BASELINE,Contamination Top 1.5%,"Score=0.500 (Amt=₹15,364.00, Len=172)",0.985,,"Two-Feature Joint Feature Space (Log Amount, Description Length)",2026-08-26T10:47:43.666818+00:00
ANOM_001414,WORK,194532,MULTIVARIATE_WORK_OUTLIER,0.5,LOW,"Two-feature multivariate outlier identified by Isolation Forest baseline (Score: 0.500; Recommended: ₹15,364.00; Description Length: 160 chars).","{""recommended_amount"": 15364.0, ""description_length"": 160, ""raw_anomaly_score"": 0.6743}",ISOLATION_FOREST_TWO_FEATURE_BASELINE,Contamination Top 1.5%,"Score=0.500 (Amt=₹15,364.00, Len=160)",0.985,,"Two-Feature Joint Feature Space (Log Amount, Description Length)",2026-08-26T10:47:43.666818+00:00
ANOM_001415,WORK,194533,MULTIVARIATE_WORK_OUTLIER,0.5,LOW,"Two-feature multivariate outlier identified by Isolation Forest baseline (Score: 0.500; Recommended: ₹15,364.00; Description Length: 176 chars).","{""recommended_amount"": 15364.0, ""description_length"": 176, ""raw_anomaly_score"": 0.6977}",ISOLATION_FOREST_TWO_FEATURE_BASELINE,Contamination Top 1.5%,"Score=0.500 (Amt=₹15,364.00, Len=176)",0.985,,"Two-Feature Joint Feature Space (Log Amount, Description Length)",2026-08-26T10:47:43.666818+00:00
ANOM_001416,WORK,194534,MULTIVARIATE_WORK_OUTLIER,0.5,LOW,"Two-feature multivariate outlier identified by Isolation Forest baseline (Score: 0.500; Recommended: ₹15,364.00; Description Length: 211 chars).","{""recommended_amount"": 15364.0, ""description_length"": 211, ""raw_anomaly_score"": 0.7219}",ISOLATION_FOREST_TWO_FEATURE_BASELINE,Contamination Top 1.5%,"Score=0.500 (Amt=₹15,364.00, Len=211)",0.985,,"Two-Feature Joint Feature Space (Log Amount, Description Length)",2026-08-26T10:47:43.666818+00:00
ANOM_001417,WORK,194535,MULTIVARIATE_WORK_OUTLIER,0.5,LOW,"Two-feature multivariate outlier identified by Isolation Forest baseline (Score: 0.500; Recommended: ₹15,364.00; Description Length: 184 chars).","{""recommended_amount"": 15364.0, ""description_length"": 184, ""raw_anomaly_score"": 0.7055}",ISOLATION_FOREST_TWO_FEATURE_BASELINE,Contamination Top 1.5%,"Score=0.500 (Amt=₹15,364.00, Len=184)",0.985,,"Two-Feature Joint Feature Space (Log Amount, Description Length)",2026-08-26T10:47:43.666818+00:00
ANOM_001418,WORK,194536,MULTIVARIATE_WORK_OUTLIER,0.5,LOW,"Two-feature multivariate outlier identified by Isolation Forest baseline (Score: 0.500; Recommended: ₹15,364.00; Description Length: 174 chars).","{""recommended_amount"": 15364.0, ""description_length"": 174, ""raw_anomaly_score"": 0.6962}",ISOLATION_FOREST_TWO_FEATURE_BASELINE,Contamination Top 1.5%,"Score=0.500 (Amt=₹15,364.00, Len=174)",0.985,,"Two-Feature Joint Feature Space (Log Amount, Description Length)",2026-08-26T10:47:43.666818+00:00
ANOM_001419,WORK,194537,MULTIVARIATE_WORK_OUTLIER,0.5,LOW,"Two-feature multivariate outlier identified by Isolation Forest baseline (Score: 0.500; Recommended: ₹15,364.00; Description Length: 173 chars).","{""recommended_amount"": 15364.0, ""description_length"": 173, ""raw_anomaly_score"": 0.6913}",ISOLATION_FOREST_TWO_FEATURE_BASELINE,Contamination Top 1.5%,"Score=0.500 (Amt=₹15,364.00, Len=173)",0.985,,"Two-Feature Joint Feature Space (Log Amount, Description Length)",2026-08-26T10:47:43.666818+00:00
ANOM_001420,WORK,194538,MULTIVARIATE_WORK_OUTLIER,0.5,LOW,"Two-feature multivariate outlier identified by Isolation Forest baseline (Score: 0.500; Recommended: ₹15,364.00; Description Length: 176 chars).","{""recommended_amount"": 15364.0, ""description_length"": 176, ""raw_anomaly_score"": 0.6977}",ISOLATION_FOREST_TWO_FEATURE_BASELINE,Contamination Top 1.5%,"Score=0.500 (Amt=₹15,364.00, Len=176)",0.985,,"Two-Feature Joint Feature Space (Log Amount, Description Length)",2026-08-26T10:47:43.666818+00:00
ANOM_001421,WORK,194539,MULTIVARIATE_WORK_OUTLIER,0.5,LOW,"Two-feature multivariate outlier identified by Isolation Forest baseline (Score: 0.500; Recommended: ₹15,364.00; Description Length: 201 chars).","{""recommended_amount"": 15364.0, ""description_length"": 201, ""raw_anomaly_score"": 0.7156}",ISOLATION_FOREST_TWO_FEATURE_BASELINE,Contamination Top 1.5%,"Score=0.500 (Amt=₹15,364.00, Len=201)",0.985,,"Two-Feature Joint Feature Space (Log Amount, Description Length)",2026-08-26T10:47:43.666818+00:00
ANOM_001422,WORK,194540,MULTIVARIATE_WORK_OUTLIER,0.5,LOW,"Two-feature multivariate outlier identified by Isolation Forest baseline (Score: 0.500; Recommended: ₹15,364.00; Description Length: 166 chars).","{""recommended_amount"": 15364.0, ""description_length"": 166, ""raw_anomaly_score"": 0.6897}",ISOLATION_FOREST_TWO_FEATURE_BASELINE,Contamination Top 1.5%,"Score=0.500 (Amt=₹15,364.00, Len=166)",0.985,,"Two-Feature Joint Feature Space (Log Amount, Description Length)",2026-08-26T10:47:43.666818+00:00
ANOM_001423,WORK,194541,MULTIVARIATE_WORK_OUTLIER,0.5,LOW,"Two-feature multivariate outlier identified by Isolation Forest baseline (Score: 0.500; Recommended: ₹15,364.00; Description Length: 170 chars).","{""recommended_amount"": 15364.0, ""description_length"": 170, ""raw_anomaly_score"": 0.6885}",ISOLATION_FOREST_TWO_FEATURE_BASELINE,Contamination Top 1.5%,"Score=0.500 (Amt=₹15,364.00, Len=170)",0.985,,"Two-Feature Joint Feature Space (Log Amount, Description Length)",2026-08-26T10:47:43.666818+00:00
ANOM_001424,WORK,194542,MULTIVARIATE_WORK_OUTLIER,0.5,LOW,"Two-feature multivariate outlier identified by Isolation Forest baseline (Score: 0.500; Recommended: ₹15,364.00; Description Length: 169 chars).","{""recommended_amount"": 15364.0, ""description_length"": 169, ""raw_anomaly_score"": 0.6884}",ISOLATION_FOREST_TWO_FEATURE_BASELINE,Contamination Top 1.5%,"Score=0.500 (Amt=₹15,364.00, Len=169)",0.985,,"Two-Feature Joint Feature Space (Log Amount, Description Length)",2026-08-26T10:47:43.666818+00:00
ANOM_001425,WORK,194543,MULTIVARIATE_WORK_OUTLIER,0.5,LOW,"Two-feature multivariate outlier identified by Isolation Forest baseline (Score: 0.500; Recommended: ₹15,364.00; Description Length: 185 chars).","{""recommended_amount"": 15364.0, ""description_length"": 185, ""raw_anomaly_score"": 0.7055}",ISOLATION_FOREST_TWO_FEATURE_BASELINE,Contamination Top 1.5%,"Score=0.500 (Amt=₹15,364.00, Len=185)",0.985,,"Two-Feature Joint Feature Space (Log Amount, Description Length)",2026-08-26T10:47:43.666818+00:00
ANOM_001426,WORK,194544,MULTIVARIATE_WORK_OUTLIER,0.5,LOW,"Two-feature multivariate outlier identified by Isolation Forest baseline (Score: 0.500; Recommended: ₹15,364.00; Description Length: 164 chars).","{""recommended_amount"": 15364.0, ""description_length"": 164, ""raw_anomaly_score"": 0.6893}",ISOLATION_FOREST_TWO_FEATURE_BASELINE,Contamination Top 1.5%,"Score=0.500 (Amt=₹15,364.00, Len=164)",0.985,,"Two-Feature Joint Feature Space (Log Amount, Description Length)",2026-08-26T10:47:43.666818+00:00
ANOM_001427,WORK,194550,MULTIVARIATE_WORK_OUTLIER,0.5,LOW,"Two-feature multivariate outlier identified by Isolation Forest baseline (Score: 0.500; Recommended: ₹15,364.00; Description Length: 175 chars).","{""recommended_amount"": 15364.0, ""description_length"": 175, ""raw_anomaly_score"": 0.6972}",ISOLATION_FOREST_TWO_FEATURE_BASELINE,Contamination Top 1.5%,"Score=0.500 (Amt=₹15,364.00, Len=175)",0.985,,"Two-Feature Joint Feature Space (Log Amount, Description Length)",2026-08-26T10:47:43.666818+00:00
ANOM_001428,WORK,194552,MULTIVARIATE_WORK_OUTLIER,0.5,LOW,"Two-feature multivariate outlier identified by Isolation Forest baseline (Score: 0.500; Recommended: ₹15,364.00; Description Length: 170 chars).","{""recommended_amount"": 15364.0, ""description_length"": 170, ""raw_anomaly_score"": 0.6885}",ISOLATION_FOREST_TWO_FEATURE_BASELINE,Contamination Top 1.5%,"Score=0.500 (Amt=₹15,364.00, Len=170)",0.985,,"Two-Feature Joint Feature Space (Log Amount, Description Length)",2026-08-26T10:47:43.666818+00:00
ANOM_001429,WORK,194553,MULTIVARIATE_WORK_OUTLIER,0.5,LOW,"Two-feature multivariate outlier identified by Isolation Forest baseline (Score: 0.500; Recommended: ₹15,364.00; Description Length: 168 chars).","{""recommended_amount"": 15364.0, ""description_length"": 168, ""raw_anomaly_score"": 0.6889}",ISOLATION_FOREST_TWO_FEATURE_BASELINE,Contamination Top 1.5%,"Score=0.500 (Amt=₹15,364.00, Len=168)",0.985,,"Two-Feature Joint Feature Space (Log Amount, Description Length)",2026-08-26T10:47:43.666818+00:00
ANOM_001430,WORK,194554,MULTIVARIATE_WORK_OUTLIER,0.5,LOW,"Two-feature multivariate outlier identified by Isolation Forest baseline (Score: 0.500; Recommended: ₹15,364.00; Description Length: 174 chars).","{""recommended_amount"": 15364.0, ""description_length"": 174, ""raw_anomaly_score"": 0.6962}",ISOLATION_FOREST_TWO_FEATURE_BASELINE,Contamination Top 1.5%,"Score=0.500 (Amt=₹15,364.00, Len=174)",0.985,,"Two-Feature Joint Feature Space (Log Amount, Description Length)",2026-08-26T10:47:43.666818+00:00
ANOM_001431,WORK,194561,MULTIVARIATE_WORK_OUTLIER,0.5,LOW,"Two-feature multivariate outlier identified by Isolation Forest baseline (Score: 0.500; Recommended: ₹2,794,000.00; Description Length: 247 chars).","{""recommended_amount"": 2794000.0, ""description_length"": 247, ""raw_anomaly_score"": 0.6931}",ISOLATION_FOREST_TWO_FEATURE_BASELINE,Contamination Top 1.5%,"Score=0.500 (Amt=₹2,794,000.00, Len=247)",0.985,,"Two-Feature Joint Feature Space (Log Amount, Description Length)",2026-08-26T10:47:43.666818+00:00
ANOM_001432,WORK,194563,MULTIVARIATE_WORK_OUTLIER,0.5,LOW,"Two-feature multivariate outlier identified by Isolation Forest baseline (Score: 0.500; Recommended: ₹15,364.00; Description Length: 170 chars).","{""recommended_amount"": 15364.0, ""description_length"": 170, ""raw_anomaly_score"": 0.6885}",ISOLATION_FOREST_TWO_FEATURE_BASELINE,Contamination Top 1.5%,"Score=0.500 (Amt=₹15,364.00, Len=170)",0.985,,"Two-Feature Joint Feature Space (Log Amount, Description Length)",2026-08-26T10:47:43.666818+00:00
ANOM_001433,WORK,194564,MULTIVARIATE_WORK_OUTLIER,0.5,LOW,"Two-feature multivariate outlier identified by Isolation Forest baseline (Score: 0.500; Recommended: ₹15,364.00; Description Length: 167 chars).","{""recommended_amount"": 15364.0, ""description_length"": 167, ""raw_anomaly_score"": 0.6889}",ISOLATION_FOREST_TWO_FEATURE_BASELINE,Contamination Top 1.5%,"Score=0.500 (Amt=₹15,364.00, Len=167)",0.985,,"Two-Feature Joint Feature Space (Log Amount, Description Length)",2026-08-26T10:47:43.666818+00:00
ANOM_001434,WORK,194565,MULTIVARIATE_WORK_OUTLIER,0.5,LOW,"Two-feature multivariate outlier identified by Isolation Forest baseline (Score: 0.500; Recommended: ₹15,364.00; Description Length: 173 chars).","{""recommended_amount"": 15364.0, ""description_length"": 173, ""raw_anomaly_score"": 0.6913}",ISOLATION_FOREST_TWO_FEATURE_BASELINE,Contamination Top 1.5%,"Score=0.500 (Amt=₹15,364.00, Len=173)",0.985,,"Two-Feature Joint Feature Space (Log Amount, Description Length)",2026-08-26T10:47:43.666818+00:00
ANOM_001435,WORK,194566,MULTIVARIATE_WORK_OUTLIER,0.5,LOW,"Two-feature multivariate outlier identified by Isolation Forest baseline (Score: 0.500; Recommended: ₹15,364.00; Description Length: 168 chars).","{""recommended_amount"": 15364.0, ""description_length"": 168, ""raw_anomaly_score"": 0.6889}",ISOLATION_FOREST_TWO_FEATURE_BASELINE,Contamination Top 1.5%,"Score=0.500 (Amt=₹15,364.00, Len=168)",0.985,,"Two-Feature Joint Feature Space (Log Amount, Description Length)",2026-08-26T10:47:43.666818+00:00
ANOM_001436,WORK,194567,MULTIVARIATE_WORK_OUTLIER,0.5,LOW,"Two-feature multivariate outlier identified by Isolation Forest baseline (Score: 0.500; Recommended: ₹15,364.00; Description Length: 176 chars).","{""recommended_amount"": 15364.0, ""description_length"": 176, ""raw_anomaly_score"": 0.6977}",ISOLATION_FOREST_TWO_FEATURE_BASELINE,Contamination Top 1.5%,"Score=0.500 (Amt=₹15,364.00, Len=176)",0.985,,"Two-Feature Joint Feature Space (Log Amount, Description Length)",2026-08-26T10:47:43.666818+00:00
ANOM_001437,WORK,194568,MULTIVARIATE_WORK_OUTLIER,0.5,LOW,"Two-feature multivariate outlier identified by Isolation Forest baseline (Score: 0.500; Recommended: ₹15,364.00; Description Length: 168 chars).","{""recommended_amount"": 15364.0, ""description_length"": 168, ""raw_anomaly_score"": 0.6889}",ISOLATION_FOREST_TWO_FEATURE_BASELINE,Contamination Top 1.5%,"Score=0.500 (Amt=₹15,364.00, Len=168)",0.985,,"Two-Feature Joint Feature Space (Log Amount, Description Length)",2026-08-26T10:47:43.666818+00:00
ANOM_001438,WORK,194569,MULTIVARIATE_WORK_OUTLIER,0.5,LOW,"Two-feature multivariate outlier identified by Isolation Forest baseline (Score: 0.500; Recommended: ₹15,364.00; Description Length: 179 chars).","{""recommended_amount"": 15364.0, ""description_length"": 179, ""raw_anomaly_score"": 0.7025}",ISOLATION_FOREST_TWO_FEATURE_BASELINE,Contamination Top 1.5%,"Score=0.500 (Amt=₹15,364.00, Len=179)",0.985,,"Two-Feature Joint Feature Space (Log Amount, Description Length)",2026-08-26T10:47:43.666818+00:00
ANOM_001439,WORK,194570,MULTIVARIATE_WORK_OUTLIER,0.5,LOW,"Two-feature multivariate outlier identified by Isolation Forest baseline (Score: 0.500; Recommended: ₹15,364.00; Description Length: 174 chars).","{""recommended_amount"": 15364.0, ""description_length"": 174, ""raw_anomaly_score"": 0.6962}",ISOLATION_FOREST_TWO_FEATURE_BASELINE,Contamination Top 1.5%,"Score=0.500 (Amt=₹15,364.00, Len=174)",0.985,,"Two-Feature Joint Feature Space (Log Amount, Description Length)",2026-08-26T10:47:43.666818+00:00
ANOM_001440,WORK,198938,MULTIVARIATE_WORK_OUTLIER,0.5,LOW,"Two-feature multivariate outlier identified by Isolation Forest baseline (Score: 0.500; Recommended: ₹1,038,500.00; Description Length: 253 chars).","{""recommended_amount"": 1038500.0, ""description_length"": 253, ""raw_anomaly_score"": 0.6518}",ISOLATION_FOREST_TWO_FEATURE_BASELINE,Contamination Top 1.5%,"Score=0.500 (Amt=₹1,038,500.00, Len=253)",0.985,,"Two-Feature Joint Feature Space (Log Amount, Description Length)",2026-08-26T10:47:43.666818+00:00
ANOM_001441,WORK,198944,MULTIVARIATE_WORK_OUTLIER,0.5,LOW,"Two-feature multivariate outlier identified by Isolation Forest baseline (Score: 0.500; Recommended: ₹943,800.00; Description Length: 291 chars).","{""recommended_amount"": 943800.0, ""description_length"": 291, ""raw_anomaly_score"": 0.6753}",ISOLATION_FOREST_TWO_FEATURE_BASELINE,Contamination Top 1.5%,"Score=0.500 (Amt=₹943,800.00, Len=291)",0.985,,"Two-Feature Joint Feature Space (Log Amount, Description Length)",2026-08-26T10:47:43.666818+00:00
ANOM_001442,WORK,198960,MULTIVARIATE_WORK_OUTLIER,0.5,LOW,"Two-feature multivariate outlier identified by Isolation Forest baseline (Score: 0.500; Recommended: ₹20,000.00; Description Length: 205 chars).","{""recommended_amount"": 20000.0, ""description_length"": 205, ""raw_anomaly_score"": 0.6965}",ISOLATION_FOREST_TWO_FEATURE_BASELINE,Contamination Top 1.5%,"Score=0.500 (Amt=₹20,000.00, Len=205)",0.985,,"Two-Feature Joint Feature Space (Log Amount, Description Length)",2026-08-26T10:47:43.666818+00:00
ANOM_001443,WORK,198982,MULTIVARIATE_WORK_OUTLIER,0.5,LOW,"Two-feature multivariate outlier identified by Isolation Forest baseline (Score: 0.500; Recommended: ₹2,306,200.00; Description Length: 208 chars).","{""recommended_amount"": 2306200.0, ""description_length"": 208, ""raw_anomaly_score"": 0.6424}",ISOLATION_FOREST_TWO_FEATURE_BASELINE,Contamination Top 1.5%,"Score=0.500 (Amt=₹2,306,200.00, Len=208)",0.985,,"Two-Feature Joint Feature Space (Log Amount, Description Length)",2026-08-26T10:47:43.666818+00:00
ANOM_001444,WORK,200659,MULTIVARIATE_WORK_OUTLIER,0.5,LOW,"Two-feature multivariate outlier identified by Isolation Forest baseline (Score: 0.500; Recommended: ₹3,193,200.00; Description Length: 296 chars).","{""recommended_amount"": 3193200.0, ""description_length"": 296, ""raw_anomaly_score"": 0.7204}",ISOLATION_FOREST_TWO_FEATURE_BASELINE,Contamination Top 1.5%,"Score=0.500 (Amt=₹3,193,200.00, Len=296)",0.985,,"Two-Feature Joint Feature Space (Log Amount, Description Length)",2026-08-26T10:47:43.666818+00:00
ANOM_001445,WORK,200667,MULTIVARIATE_WORK_OUTLIER,0.5,LOW,"Two-feature multivariate outlier identified by Isolation Forest baseline (Score: 0.500; Recommended: ₹968,490.00; Description Length: 293 chars).","{""recommended_amount"": 968490.0, ""description_length"": 293, ""raw_anomaly_score"": 0.6753}",ISOLATION_FOREST_TWO_FEATURE_BASELINE,Contamination Top 1.5%,"Score=0.500 (Amt=₹968,490.00, Len=293)",0.985,,"Two-Feature Joint Feature Space (Log Amount, Description Length)",2026-08-26T10:47:43.666818+00:00
ANOM_001446,WORK,200669,MULTIVARIATE_WORK_OUTLIER,0.5,LOW,"Two-feature multivariate outlier identified by Isolation Forest baseline (Score: 0.500; Recommended: ₹797,580.00; Description Length: 301 chars).","{""recommended_amount"": 797580.0, ""description_length"": 301, ""raw_anomaly_score"": 0.6803}",ISOLATION_FOREST_TWO_FEATURE_BASELINE,Contamination Top 1.5%,"Score=0.500 (Amt=₹797,580.00, Len=301)",0.985,,"Two-Feature Joint Feature Space (Log Amount, Description Length)",2026-08-26T10:47:43.666818+00:00
ANOM_001447,WORK,207972,MULTIVARIATE_WORK_OUTLIER,0.5,LOW,"Two-feature multivariate outlier identified by Isolation Forest baseline (Score: 0.500; Recommended: ₹956,000.00; Description Length: 250 chars).","{""recommended_amount"": 956000.0, ""description_length"": 250, ""raw_anomaly_score"": 0.6481}",ISOLATION_FOREST_TWO_FEATURE_BASELINE,Contamination Top 1.5%,"Score=0.500 (Amt=₹956,000.00, Len=250)",0.985,,"Two-Feature Joint Feature Space (Log Amount, Description Length)",2026-08-26T10:47:43.666818+00:00
ANOM_001448,WORK,208474,MULTIVARIATE_WORK_OUTLIER,0.5,LOW,"Two-feature multivariate outlier identified by Isolation Forest baseline (Score: 0.500; Recommended: ₹1,500,000.00; Description Length: 286 chars).","{""recommended_amount"": 1500000.0, ""description_length"": 286, ""raw_anomaly_score"": 0.6983}",ISOLATION_FOREST_TWO_FEATURE_BASELINE,Contamination Top 1.5%,"Score=0.500 (Amt=₹1,500,000.00, Len=286)",0.985,,"Two-Feature Joint Feature Space (Log Amount, Description Length)",2026-08-26T10:47:43.666818+00:00
ANOM_001449,WORK,208475,MULTIVARIATE_WORK_OUTLIER,0.5,LOW,"Two-feature multivariate outlier identified by Isolation Forest baseline (Score: 0.500; Recommended: ₹1,050,000.00; Description Length: 302 chars).","{""recommended_amount"": 1050000.0, ""description_length"": 302, ""raw_anomaly_score"": 0.6853}",ISOLATION_FOREST_TWO_FEATURE_BASELINE,Contamination Top 1.5%,"Score=0.500 (Amt=₹1,050,000.00, Len=302)",0.985,,"Two-Feature Joint Feature Space (Log Amount, Description Length)",2026-08-26T10:47:43.666818+00:00
ANOM_001450,WORK,209267,MULTIVARIATE_WORK_OUTLIER,0.5,LOW,"Two-feature multivariate outlier identified by Isolation Forest baseline (Score: 0.500; Recommended: ₹20,900.00; Description Length: 21 chars).","{""recommended_amount"": 20900.0, ""description_length"": 21, ""raw_anomaly_score"": 0.6456}",ISOLATION_FOREST_TWO_FEATURE_BASELINE,Contamination Top 1.5%,"Score=0.500 (Amt=₹20,900.00, Len=21)",0.985,,"Two-Feature Joint Feature Space (Log Amount, Description Length)",2026-08-26T10:47:43.666818+00:00
ANOM_001451,WORK,209270,MULTIVARIATE_WORK_OUTLIER,0.5,LOW,"Two-feature multivariate outlier identified by Isolation Forest baseline (Score: 0.500; Recommended: ₹20,900.00; Description Length: 21 chars).","{""recommended_amount"": 20900.0, ""description_length"": 21, ""raw_anomaly_score"": 0.6456}",ISOLATION_FOREST_TWO_FEATURE_BASELINE,Contamination Top 1.5%,"Score=0.500 (Amt=₹20,900.00, Len=21)",0.985,,"Two-Feature Joint Feature Space (Log Amount, Description Length)",2026-08-26T10:47:43.666818+00:00
ANOM_001452,WORK,211194,MULTIVARIATE_WORK_OUTLIER,0.5,LOW,"Two-feature multivariate outlier identified by Isolation Forest baseline (Score: 0.500; Recommended: ₹2,531,000.00; Description Length: 223 chars).","{""recommended_amount"": 2531000.0, ""description_length"": 223, ""raw_anomaly_score"": 0.6616}",ISOLATION_FOREST_TWO_FEATURE_BASELINE,Contamination Top 1.5%,"Score=0.500 (Amt=₹2,531,000.00, Len=223)",0.985,,"Two-Feature Joint Feature Space (Log Amount, Description Length)",2026-08-26T10:47:43.666818+00:00
ANOM_001453,WORK,211195,MULTIVARIATE_WORK_OUTLIER,0.5,LOW,"Two-feature multivariate outlier identified by Isolation Forest baseline (Score: 0.500; Recommended: ₹4,630,000.00; Description Length: 238 chars).","{""recommended_amount"": 4630000.0, ""description_length"": 238, ""raw_anomaly_score"": 0.6991}",ISOLATION_FOREST_TWO_FEATURE_BASELINE,Contamination Top 1.5%,"Score=0.500 (Amt=₹4,630,000.00, Len=238)",0.985,,"Two-Feature Joint Feature Space (Log Amount, Description Length)",2026-08-26T10:47:43.666818+00:00
ANOM_001454,WORK,212684,MULTIVARIATE_WORK_OUTLIER,0.5,LOW,"Two-feature multivariate outlier identified by Isolation Forest baseline (Score: 0.500; Recommended: ₹20,900.00; Description Length: 23 chars).","{""recommended_amount"": 20900.0, ""description_length"": 23, ""raw_anomaly_score"": 0.6433}",ISOLATION_FOREST_TWO_FEATURE_BASELINE,Contamination Top 1.5%,"Score=0.500 (Amt=₹20,900.00, Len=23)",0.985,,"Two-Feature Joint Feature Space (Log Amount, Description Length)",2026-08-26T10:47:43.666818+00:00
ANOM_001455,WORK,212685,MULTIVARIATE_WORK_OUTLIER,0.5,LOW,"Two-feature multivariate outlier identified by Isolation Forest baseline (Score: 0.500; Recommended: ₹20,900.00; Description Length: 23 chars).","{""recommended_amount"": 20900.0, ""description_length"": 23, ""raw_anomaly_score"": 0.6433}",ISOLATION_FOREST_TWO_FEATURE_BASELINE,Contamination Top 1.5%,"Score=0.500 (Amt=₹20,900.00, Len=23)",0.985,,"Two-Feature Joint Feature Space (Log Amount, Description Length)",2026-08-26T10:47:43.666818+00:00
ANOM_001456,WORK,212686,MULTIVARIATE_WORK_OUTLIER,0.5,LOW,"Two-feature multivariate outlier identified by Isolation Forest baseline (Score: 0.500; Recommended: ₹20,900.00; Description Length: 23 chars).","{""recommended_amount"": 20900.0, ""description_length"": 23, ""raw_anomaly_score"": 0.6433}",ISOLATION_FOREST_TWO_FEATURE_BASELINE,Contamination Top 1.5%,"Score=0.500 (Amt=₹20,900.00, Len=23)",0.985,,"Two-Feature Joint Feature Space (Log Amount, Description Length)",2026-08-26T10:47:43.666818+00:00
ANOM_001457,WORK,212688,MULTIVARIATE_WORK_OUTLIER,0.5,LOW,"Two-feature multivariate outlier identified by Isolation Forest baseline (Score: 0.500; Recommended: ₹20,900.00; Description Length: 20 chars).","{""recommended_amount"": 20900.0, ""description_length"": 20, ""raw_anomaly_score"": 0.647}",ISOLATION_FOREST_TWO_FEATURE_BASELINE,Contamination Top 1.5%,"Score=0.500 (Amt=₹20,900.00, Len=20)",0.985,,"Two-Feature Joint Feature Space (Log Amount, Description Length)",2026-08-26T10:47:43.666818+00:00
ANOM_001458,WORK,212690,MULTIVARIATE_WORK_OUTLIER,0.5,LOW,"Two-feature multivariate outlier identified by Isolation Forest baseline (Score: 0.500; Recommended: ₹20,900.00; Description Length: 19 chars).","{""recommended_amount"": 20900.0, ""description_length"": 19, ""raw_anomaly_score"": 0.6502}",ISOLATION_FOREST_TWO_FEATURE_BASELINE,Contamination Top 1.5%,"Score=0.500 (Amt=₹20,900.00, Len=19)",0.985,,"Two-Feature Joint Feature Space (Log Amount, Description Length)",2026-08-26T10:47:43.666818+00:00
ANOM_001459,WORK,212691,MULTIVARIATE_WORK_OUTLIER,0.5,LOW,"Two-feature multivariate outlier identified by Isolation Forest baseline (Score: 0.500; Recommended: ₹20,900.00; Description Length: 23 chars).","{""recommended_amount"": 20900.0, ""description_length"": 23, ""raw_anomaly_score"": 0.6433}",ISOLATION_FOREST_TWO_FEATURE_BASELINE,Contamination Top 1.5%,"Score=0.500 (Amt=₹20,900.00, Len=23)",0.985,,"Two-Feature Joint Feature Space (Log Amount, Description Length)",2026-08-26T10:47:43.666818+00:00
ANOM_001460,WORK,212692,MULTIVARIATE_WORK_OUTLIER,0.5,LOW,"Two-feature multivariate outlier identified by Isolation Forest baseline (Score: 0.500; Recommended: ₹20,900.00; Description Length: 20 chars).","{""recommended_amount"": 20900.0, ""description_length"": 20, ""raw_anomaly_score"": 0.647}",ISOLATION_FOREST_TWO_FEATURE_BASELINE,Contamination Top 1.5%,"Score=0.500 (Amt=₹20,900.00, Len=20)",0.985,,"Two-Feature Joint Feature Space (Log Amount, Description Length)",2026-08-26T10:47:43.666818+00:00
ANOM_001461,WORK,212794,MULTIVARIATE_WORK_OUTLIER,0.5,LOW,"Two-feature multivariate outlier identified by Isolation Forest baseline (Score: 0.500; Recommended: ₹20,900.00; Description Length: 21 chars).","{""recommended_amount"": 20900.0, ""description_length"": 21, ""raw_anomaly_score"": 0.6456}",ISOLATION_FOREST_TWO_FEATURE_BASELINE,Contamination Top 1.5%,"Score=0.500 (Amt=₹20,900.00, Len=21)",0.985,,"Two-Feature Joint Feature Space (Log Amount, Description Length)",2026-08-26T10:47:43.666818+00:00
ANOM_001462,WORK,212798,MULTIVARIATE_WORK_OUTLIER,0.5,LOW,"Two-feature multivariate outlier identified by Isolation Forest baseline (Score: 0.500; Recommended: ₹20,900.00; Description Length: 23 chars).","{""recommended_amount"": 20900.0, ""description_length"": 23, ""raw_anomaly_score"": 0.6433}",ISOLATION_FOREST_TWO_FEATURE_BASELINE,Contamination Top 1.5%,"Score=0.500 (Amt=₹20,900.00, Len=23)",0.985,,"Two-Feature Joint Feature Space (Log Amount, Description Length)",2026-08-26T10:47:43.666818+00:00
ANOM_001463,WORK,212801,MULTIVARIATE_WORK_OUTLIER,0.5,LOW,"Two-feature multivariate outlier identified by Isolation Forest baseline (Score: 0.500; Recommended: ₹20,900.00; Description Length: 23 chars).","{""recommended_amount"": 20900.0, ""description_length"": 23, ""raw_anomaly_score"": 0.6433}",ISOLATION_FOREST_TWO_FEATURE_BASELINE,Contamination Top 1.5%,"Score=0.500 (Amt=₹20,900.00, Len=23)",0.985,,"Two-Feature Joint Feature Space (Log Amount, Description Length)",2026-08-26T10:47:43.666818+00:00
ANOM_001464,WORK,212802,MULTIVARIATE_WORK_OUTLIER,0.5,LOW,"Two-feature multivariate outlier identified by Isolation Forest baseline (Score: 0.500; Recommended: ₹20,900.00; Description Length: 21 chars).","{""recommended_amount"": 20900.0, ""description_length"": 21, ""raw_anomaly_score"": 0.6456}",ISOLATION_FOREST_TWO_FEATURE_BASELINE,Contamination Top 1.5%,"Score=0.500 (Amt=₹20,900.00, Len=21)",0.985,,"Two-Feature Joint Feature Space (Log Amount, Description Length)",2026-08-26T10:47:43.666818+00:00
ANOM_001465,WORK,212804,MULTIVARIATE_WORK_OUTLIER,0.5,LOW,"Two-feature multivariate outlier identified by Isolation Forest baseline (Score: 0.500; Recommended: ₹20,900.00; Description Length: 23 chars).","{""recommended_amount"": 20900.0, ""description_length"": 23, ""raw_anomaly_score"": 0.6433}",ISOLATION_FOREST_TWO_FEATURE_BASELINE,Contamination Top 1.5%,"Score=0.500 (Amt=₹20,900.00, Len=23)",0.985,,"Two-Feature Joint Feature Space (Log Amount, Description Length)",2026-08-26T10:47:43.666818+00:00
ANOM_001466,WORK,212847,MULTIVARIATE_WORK_OUTLIER,0.5,LOW,"Two-feature multivariate outlier identified by Isolation Forest baseline (Score: 0.500; Recommended: ₹20,900.00; Description Length: 23 chars).","{""recommended_amount"": 20900.0, ""description_length"": 23, ""raw_anomaly_score"": 0.6433}",ISOLATION_FOREST_TWO_FEATURE_BASELINE,Contamination Top 1.5%,"Score=0.500 (Amt=₹20,900.00, Len=23)",0.985,,"Two-Feature Joint Feature Space (Log Amount, Description Length)",2026-08-26T10:47:43.666818+00:00
ANOM_001467,WORK,212851,MULTIVARIATE_WORK_OUTLIER,0.5,LOW,"Two-feature multivariate outlier identified by Isolation Forest baseline (Score: 0.500; Recommended: ₹20,900.00; Description Length: 21 chars).","{""recommended_amount"": 20900.0, ""description_length"": 21, ""raw_anomaly_score"": 0.6456}",ISOLATION_FOREST_TWO_FEATURE_BASELINE,Contamination Top 1.5%,"Score=0.500 (Amt=₹20,900.00, Len=21)",0.985,,"Two-Feature Joint Feature Space (Log Amount, Description Length)",2026-08-26T10:47:43.666818+00:00
ANOM_001468,WORK,214008,MULTIVARIATE_WORK_OUTLIER,0.5,LOW,"Two-feature multivariate outlier identified by Isolation Forest baseline (Score: 0.500; Recommended: ₹20,900.00; Description Length: 23 chars).","{""recommended_amount"": 20900.0, ""description_length"": 23, ""raw_anomaly_score"": 0.6433}",ISOLATION_FOREST_TWO_FEATURE_BASELINE,Contamination Top 1.5%,"Score=0.500 (Amt=₹20,900.00, Len=23)",0.985,,"Two-Feature Joint Feature Space (Log Amount, Description Length)",2026-08-26T10:47:43.666818+00:00
ANOM_001469,WORK,216752,MULTIVARIATE_WORK_OUTLIER,0.5,LOW,"Two-feature multivariate outlier identified by Isolation Forest baseline (Score: 0.500; Recommended: ₹2,397,000.00; Description Length: 220 chars).","{""recommended_amount"": 2397000.0, ""description_length"": 220, ""raw_anomaly_score"": 0.6573}",ISOLATION_FOREST_TWO_FEATURE_BASELINE,Contamination Top 1.5%,"Score=0.500 (Amt=₹2,397,000.00, Len=220)",0.985,,"Two-Feature Joint Feature Space (Log Amount, Description Length)",2026-08-26T10:47:43.666818+00:00
ANOM_001470,WORK,216801,MULTIVARIATE_WORK_OUTLIER,0.5,LOW,"Two-feature multivariate outlier identified by Isolation Forest baseline (Score: 0.500; Recommended: ₹1,932,000.00; Description Length: 227 chars).","{""recommended_amount"": 1932000.0, ""description_length"": 227, ""raw_anomaly_score"": 0.6597}",ISOLATION_FOREST_TWO_FEATURE_BASELINE,Contamination Top 1.5%,"Score=0.500 (Amt=₹1,932,000.00, Len=227)",0.985,,"Two-Feature Joint Feature Space (Log Amount, Description Length)",2026-08-26T10:47:43.666818+00:00
ANOM_001471,WORK,217056,MULTIVARIATE_WORK_OUTLIER,0.5,LOW,"Two-feature multivariate outlier identified by Isolation Forest baseline (Score: 0.500; Recommended: ₹2,480,000.00; Description Length: 227 chars).","{""recommended_amount"": 2480000.0, ""description_length"": 227, ""raw_anomaly_score"": 0.6631}",ISOLATION_FOREST_TWO_FEATURE_BASELINE,Contamination Top 1.5%,"Score=0.500 (Amt=₹2,480,000.00, Len=227)",0.985,,"Two-Feature Joint Feature Space (Log Amount, Description Length)",2026-08-26T10:47:43.666818+00:00
ANOM_001472,WORK,217058,MULTIVARIATE_WORK_OUTLIER,0.5,LOW,"Two-feature multivariate outlier identified by Isolation Forest baseline (Score: 0.500; Recommended: ₹2,383,000.00; Description Length: 253 chars).","{""recommended_amount"": 2383000.0, ""description_length"": 253, ""raw_anomaly_score"": 0.6874}",ISOLATION_FOREST_TWO_FEATURE_BASELINE,Contamination Top 1.5%,"Score=0.500 (Amt=₹2,383,000.00, Len=253)",0.985,,"Two-Feature Joint Feature Space (Log Amount, Description Length)",2026-08-26T10:47:43.666818+00:00
ANOM_001473,WORK,218168,MULTIVARIATE_WORK_OUTLIER,0.5,LOW,"Two-feature multivariate outlier identified by Isolation Forest baseline (Score: 0.500; Recommended: ₹4,416,000.00; Description Length: 15 chars).","{""recommended_amount"": 4416000.0, ""description_length"": 15, ""raw_anomaly_score"": 0.6567}",ISOLATION_FOREST_TWO_FEATURE_BASELINE,Contamination Top 1.5%,"Score=0.500 (Amt=₹4,416,000.00, Len=15)",0.985,,"Two-Feature Joint Feature Space (Log Amount, Description Length)",2026-08-26T10:47:43.666818+00:00
ANOM_001474,WORK,219649,MULTIVARIATE_WORK_OUTLIER,0.5,LOW,"Two-feature multivariate outlier identified by Isolation Forest baseline (Score: 0.500; Recommended: ₹700,000.00; Description Length: 281 chars).","{""recommended_amount"": 700000.0, ""description_length"": 281, ""raw_anomaly_score"": 0.6654}",ISOLATION_FOREST_TWO_FEATURE_BASELINE,Contamination Top 1.5%,"Score=0.500 (Amt=₹700,000.00, Len=281)",0.985,,"Two-Feature Joint Feature Space (Log Amount, Description Length)",2026-08-26T10:47:43.666818+00:00
ANOM_001475,WORK,219659,MULTIVARIATE_WORK_OUTLIER,0.5,LOW,"Two-feature multivariate outlier identified by Isolation Forest baseline (Score: 0.500; Recommended: ₹1,801,600.00; Description Length: 269 chars).","{""recommended_amount"": 1801600.0, ""description_length"": 269, ""raw_anomaly_score"": 0.6993}",ISOLATION_FOREST_TWO_FEATURE_BASELINE,Contamination Top 1.5%,"Score=0.500 (Amt=₹1,801,600.00, Len=269)",0.985,,"Two-Feature Joint Feature Space (Log Amount, Description Length)",2026-08-26T10:47:43.666818+00:00
ANOM_001476,WORK,219661,MULTIVARIATE_WORK_OUTLIER,0.5,LOW,"Two-feature multivariate outlier identified by Isolation Forest baseline (Score: 0.500; Recommended: ₹1,068,700.00; Description Length: 299 chars).","{""recommended_amount"": 1068700.0, ""description_length"": 299, ""raw_anomaly_score"": 0.6904}",ISOLATION_FOREST_TWO_FEATURE_BASELINE,Contamination Top 1.5%,"Score=0.500 (Amt=₹1,068,700.00, Len=299)",0.985,,"Two-Feature Joint Feature Space (Log Amount, Description Length)",2026-08-26T10:47:43.666818+00:00
ANOM_001477,WORK,219663,MULTIVARIATE_WORK_OUTLIER,0.5,LOW,"Two-feature multivariate outlier identified by Isolation Forest baseline (Score: 0.500; Recommended: ₹822,800.00; Description Length: 287 chars).","{""recommended_amount"": 822800.0, ""description_length"": 287, ""raw_anomaly_score"": 0.6742}",ISOLATION_FOREST_TWO_FEATURE_BASELINE,Contamination Top 1.5%,"Score=0.500 (Amt=₹822,800.00, Len=287)",0.985,,"Two-Feature Joint Feature Space (Log Amount, Description Length)",2026-08-26T10:47:43.666818+00:00
ANOM_001478,WORK,219751,MULTIVARIATE_WORK_OUTLIER,0.5,LOW,"Two-feature multivariate outlier identified by Isolation Forest baseline (Score: 0.500; Recommended: ₹16,000.00; Description Length: 197 chars).","{""recommended_amount"": 16000.0, ""description_length"": 197, ""raw_anomaly_score"": 0.7146}",ISOLATION_FOREST_TWO_FEATURE_BASELINE,Contamination Top 1.5%,"Score=0.500 (Amt=₹16,000.00, Len=197)",0.985,,"Two-Feature Joint Feature Space (Log Amount, Description Length)",2026-08-26T10:47:43.666818+00:00
ANOM_001479,WORK,219752,MULTIVARIATE_WORK_OUTLIER,0.5,LOW,"Two-feature multivariate outlier identified by Isolation Forest baseline (Score: 0.500; Recommended: ₹16,000.00; Description Length: 205 chars).","{""recommended_amount"": 16000.0, ""description_length"": 205, ""raw_anomaly_score"": 0.719}",ISOLATION_FOREST_TWO_FEATURE_BASELINE,Contamination Top 1.5%,"Score=0.500 (Amt=₹16,000.00, Len=205)",0.985,,"Two-Feature Joint Feature Space (Log Amount, Description Length)",2026-08-26T10:47:43.666818+00:00
ANOM_001480,WORK,219753,MULTIVARIATE_WORK_OUTLIER,0.5,LOW,"Two-feature multivariate outlier identified by Isolation Forest baseline (Score: 0.500; Recommended: ₹16,000.00; Description Length: 247 chars).","{""recommended_amount"": 16000.0, ""description_length"": 247, ""raw_anomaly_score"": 0.7413}",ISOLATION_FOREST_TWO_FEATURE_BASELINE,Contamination Top 1.5%,"Score=0.500 (Amt=₹16,000.00, Len=247)",0.985,,"Two-Feature Joint Feature Space (Log Amount, Description Length)",2026-08-26T10:47:43.666818+00:00
ANOM_001481,WORK,219754,MULTIVARIATE_WORK_OUTLIER,0.5,LOW,"Two-feature multivariate outlier identified by Isolation Forest baseline (Score: 0.500; Recommended: ₹16,000.00; Description Length: 187 chars).","{""recommended_amount"": 16000.0, ""description_length"": 187, ""raw_anomaly_score"": 0.7069}",ISOLATION_FOREST_TWO_FEATURE_BASELINE,Contamination Top 1.5%,"Score=0.500 (Amt=₹16,000.00, Len=187)",0.985,,"Two-Feature Joint Feature Space (Log Amount, Description Length)",2026-08-26T10:47:43.666818+00:00
ANOM_001482,WORK,219755,MULTIVARIATE_WORK_OUTLIER,0.5,LOW,"Two-feature multivariate outlier identified by Isolation Forest baseline (Score: 0.500; Recommended: ₹16,000.00; Description Length: 178 chars).","{""recommended_amount"": 16000.0, ""description_length"": 178, ""raw_anomaly_score"": 0.7011}",ISOLATION_FOREST_TWO_FEATURE_BASELINE,Contamination Top 1.5%,"Score=0.500 (Amt=₹16,000.00, Len=178)",0.985,,"Two-Feature Joint Feature Space (Log Amount, Description Length)",2026-08-26T10:47:43.666818+00:00
ANOM_001483,WORK,219756,MULTIVARIATE_WORK_OUTLIER,0.5,LOW,"Two-feature multivariate outlier identified by Isolation Forest baseline (Score: 0.500; Recommended: ₹16,000.00; Description Length: 220 chars).","{""recommended_amount"": 16000.0, ""description_length"": 220, ""raw_anomaly_score"": 0.7233}",ISOLATION_FOREST_TWO_FEATURE_BASELINE,Contamination Top 1.5%,"Score=0.500 (Amt=₹16,000.00, Len=220)",0.985,,"Two-Feature Joint Feature Space (Log Amount, Description Length)",2026-08-26T10:47:43.666818+00:00
ANOM_001484,WORK,224805,MULTIVARIATE_WORK_OUTLIER,0.5,LOW,"Two-feature multivariate outlier identified by Isolation Forest baseline (Score: 0.500; Recommended: ₹1,050,000.00; Description Length: 330 chars).","{""recommended_amount"": 1050000.0, ""description_length"": 330, ""raw_anomaly_score"": 0.703}",ISOLATION_FOREST_TWO_FEATURE_BASELINE,Contamination Top 1.5%,"Score=0.500 (Amt=₹1,050,000.00, Len=330)",0.985,,"Two-Feature Joint Feature Space (Log Amount, Description Length)",2026-08-26T10:47:43.666818+00:00
ANOM_001485,WORK,225308,MULTIVARIATE_WORK_OUTLIER,0.5,LOW,"Two-feature multivariate outlier identified by Isolation Forest baseline (Score: 0.500; Recommended: ₹1,400,000.00; Description Length: 245 chars).","{""recommended_amount"": 1400000.0, ""description_length"": 245, ""raw_anomaly_score"": 0.6679}",ISOLATION_FOREST_TWO_FEATURE_BASELINE,Contamination Top 1.5%,"Score=0.500 (Amt=₹1,400,000.00, Len=245)",0.985,,"Two-Feature Joint Feature Space (Log Amount, Description Length)",2026-08-26T10:47:43.666818+00:00
ANOM_001486,WORK,225313,MULTIVARIATE_WORK_OUTLIER,0.5,LOW,"Two-feature multivariate outlier identified by Isolation Forest baseline (Score: 0.500; Recommended: ₹3,170,000.00; Description Length: 196 chars).","{""recommended_amount"": 3170000.0, ""description_length"": 196, ""raw_anomaly_score"": 0.6433}",ISOLATION_FOREST_TWO_FEATURE_BASELINE,Contamination Top 1.5%,"Score=0.500 (Amt=₹3,170,000.00, Len=196)",0.985,,"Two-Feature Joint Feature Space (Log Amount, Description Length)",2026-08-26T10:47:43.666818+00:00
ANOM_001487,WORK,225468,MULTIVARIATE_WORK_OUTLIER,0.5,LOW,"Two-feature multivariate outlier identified by Isolation Forest baseline (Score: 0.500; Recommended: ₹1,668,000.00; Description Length: 265 chars).","{""recommended_amount"": 1668000.0, ""description_length"": 265, ""raw_anomaly_score"": 0.6875}",ISOLATION_FOREST_TWO_FEATURE_BASELINE,Contamination Top 1.5%,"Score=0.500 (Amt=₹1,668,000.00, Len=265)",0.985,,"Two-Feature Joint Feature Space (Log Amount, Description Length)",2026-08-26T10:47:43.666818+00:00
ANOM_001488,WORK,228788,MULTIVARIATE_WORK_OUTLIER,0.5,LOW,"Two-feature multivariate outlier identified by Isolation Forest baseline (Score: 0.500; Recommended: ₹2,200,000.00; Description Length: 242 chars).","{""recommended_amount"": 2200000.0, ""description_length"": 242, ""raw_anomaly_score"": 0.6729}",ISOLATION_FOREST_TWO_FEATURE_BASELINE,Contamination Top 1.5%,"Score=0.500 (Amt=₹2,200,000.00, Len=242)",0.985,,"Two-Feature Joint Feature Space (Log Amount, Description Length)",2026-08-26T10:47:43.666818+00:00
ANOM_001489,WORK,231378,MULTIVARIATE_WORK_OUTLIER,0.5,LOW,"Two-feature multivariate outlier identified by Isolation Forest baseline (Score: 0.500; Recommended: ₹2,839,000.00; Description Length: 201 chars).","{""recommended_amount"": 2839000.0, ""description_length"": 201, ""raw_anomaly_score"": 0.6446}",ISOLATION_FOREST_TWO_FEATURE_BASELINE,Contamination Top 1.5%,"Score=0.500 (Amt=₹2,839,000.00, Len=201)",0.985,,"Two-Feature Joint Feature Space (Log Amount, Description Length)",2026-08-26T10:47:43.666818+00:00
ANOM_001490,WORK,231788,MULTIVARIATE_WORK_OUTLIER,0.5,LOW,"Two-feature multivariate outlier identified by Isolation Forest baseline (Score: 0.500; Recommended: ₹2,209,000.00; Description Length: 291 chars).","{""recommended_amount"": 2209000.0, ""description_length"": 291, ""raw_anomaly_score"": 0.7115}",ISOLATION_FOREST_TWO_FEATURE_BASELINE,Contamination Top 1.5%,"Score=0.500 (Amt=₹2,209,000.00, Len=291)",0.985,,"Two-Feature Joint Feature Space (Log Amount, Description Length)",2026-08-26T10:47:43.666818+00:00
ANOM_001491,WORK,232012,MULTIVARIATE_WORK_OUTLIER,0.5,LOW,"Two-feature multivariate outlier identified by Isolation Forest baseline (Score: 0.500; Recommended: ₹19,855.00; Description Length: 18 chars).","{""recommended_amount"": 19855.0, ""description_length"": 18, ""raw_anomaly_score"": 0.6587}",ISOLATION_FOREST_TWO_FEATURE_BASELINE,Contamination Top 1.5%,"Score=0.500 (Amt=₹19,855.00, Len=18)",0.985,,"Two-Feature Joint Feature Space (Log Amount, Description Length)",2026-08-26T10:47:43.666818+00:00
ANOM_001492,WORK,232026,MULTIVARIATE_WORK_OUTLIER,0.5,LOW,"Two-feature multivariate outlier identified by Isolation Forest baseline (Score: 0.500; Recommended: ₹19,855.00; Description Length: 25 chars).","{""recommended_amount"": 19855.0, ""description_length"": 25, ""raw_anomaly_score"": 0.6435}",ISOLATION_FOREST_TWO_FEATURE_BASELINE,Contamination Top 1.5%,"Score=0.500 (Amt=₹19,855.00, Len=25)",0.985,,"Two-Feature Joint Feature Space (Log Amount, Description Length)",2026-08-26T10:47:43.666818+00:00
ANOM_001493,WORK,232046,MULTIVARIATE_WORK_OUTLIER,0.5,LOW,"Two-feature multivariate outlier identified by Isolation Forest baseline (Score: 0.500; Recommended: ₹19,855.00; Description Length: 23 chars).","{""recommended_amount"": 19855.0, ""description_length"": 23, ""raw_anomaly_score"": 0.6494}",ISOLATION_FOREST_TWO_FEATURE_BASELINE,Contamination Top 1.5%,"Score=0.500 (Amt=₹19,855.00, Len=23)",0.985,,"Two-Feature Joint Feature Space (Log Amount, Description Length)",2026-08-26T10:47:43.666818+00:00
ANOM_001494,WORK,233029,MULTIVARIATE_WORK_OUTLIER,0.5,LOW,Two-feature multivariate outlier identified by Isolation Forest baseline (Score: 0.500; Recommended: ₹10.85; Description Length: 112 chars).,"{""recommended_amount"": 10.85, ""description_length"": 112, ""raw_anomaly_score"": 0.6696}",ISOLATION_FOREST_TWO_FEATURE_BASELINE,Contamination Top 1.5%,"Score=0.500 (Amt=₹10.85, Len=112)",0.985,,"Two-Feature Joint Feature Space (Log Amount, Description Length)",2026-08-26T10:47:43.666818+00:00
ANOM_001495,WORK,233915,MULTIVARIATE_WORK_OUTLIER,0.5,LOW,"Two-feature multivariate outlier identified by Isolation Forest baseline (Score: 0.500; Recommended: ₹19,855.00; Description Length: 23 chars).","{""recommended_amount"": 19855.0, ""description_length"": 23, ""raw_anomaly_score"": 0.6494}",ISOLATION_FOREST_TWO_FEATURE_BASELINE,Contamination Top 1.5%,"Score=0.500 (Amt=₹19,855.00, Len=23)",0.985,,"Two-Feature Joint Feature Space (Log Amount, Description Length)",2026-08-26T10:47:43.666818+00:00
ANOM_001496,WORK,235522,MULTIVARIATE_WORK_OUTLIER,0.5,LOW,"Two-feature multivariate outlier identified by Isolation Forest baseline (Score: 0.500; Recommended: ₹19,855.00; Description Length: 22 chars).","{""recommended_amount"": 19855.0, ""description_length"": 22, ""raw_anomaly_score"": 0.6476}",ISOLATION_FOREST_TWO_FEATURE_BASELINE,Contamination Top 1.5%,"Score=0.500 (Amt=₹19,855.00, Len=22)",0.985,,"Two-Feature Joint Feature Space (Log Amount, Description Length)",2026-08-26T10:47:43.666818+00:00
ANOM_001497,WORK,235642,MULTIVARIATE_WORK_OUTLIER,0.5,LOW,"Two-feature multivariate outlier identified by Isolation Forest baseline (Score: 0.500; Recommended: ₹19,855.00; Description Length: 31 chars).","{""recommended_amount"": 19855.0, ""description_length"": 31, ""raw_anomaly_score"": 0.6423}",ISOLATION_FOREST_TWO_FEATURE_BASELINE,Contamination Top 1.5%,"Score=0.500 (Amt=₹19,855.00, Len=31)",0.985,,"Two-Feature Joint Feature Space (Log Amount, Description Length)",2026-08-26T10:47:43.666818+00:00
ANOM_001498,WORK,236107,MULTIVARIATE_WORK_OUTLIER,0.5,LOW,"Two-feature multivariate outlier identified by Isolation Forest baseline (Score: 0.500; Recommended: ₹19,855.00; Description Length: 28 chars).","{""recommended_amount"": 19855.0, ""description_length"": 28, ""raw_anomaly_score"": 0.6421}",ISOLATION_FOREST_TWO_FEATURE_BASELINE,Contamination Top 1.5%,"Score=0.500 (Amt=₹19,855.00, Len=28)",0.985,,"Two-Feature Joint Feature Space (Log Amount, Description Length)",2026-08-26T10:47:43.666818+00:00
ANOM_001499,WORK,236108,MULTIVARIATE_WORK_OUTLIER,0.5,LOW,"Two-feature multivariate outlier identified by Isolation Forest baseline (Score: 0.500; Recommended: ₹19,855.00; Description Length: 31 chars).","{""recommended_amount"": 19855.0, ""description_length"": 31, ""raw_anomaly_score"": 0.6423}",ISOLATION_FOREST_TWO_FEATURE_BASELINE,Contamination Top 1.5%,"Score=0.500 (Amt=₹19,855.00, Len=31)",0.985,,"Two-Feature Joint Feature Space (Log Amount, Description Length)",2026-08-26T10:47:43.666818+00:00
ANOM_001500,WORK,236512,MULTIVARIATE_WORK_OUTLIER,0.5,LOW,"Two-feature multivariate outlier identified by Isolation Forest baseline (Score: 0.500; Recommended: ₹19,855.00; Description Length: 20 chars).","{""recommended_amount"": 19855.0, ""description_length"": 20, ""raw_anomaly_score"": 0.6531}",ISOLATION_FOREST_TWO_FEATURE_BASELINE,Contamination Top 1.5%,"Score=0.500 (Amt=₹19,855.00, Len=20)",0.985,,"Two-Feature Joint Feature Space (Log Amount, Description Length)",2026-08-26T10:47:43.666818+00:00
ANOM_001501,WORK,236550,MULTIVARIATE_WORK_OUTLIER,0.5,LOW,"Two-feature multivariate outlier identified by Isolation Forest baseline (Score: 0.500; Recommended: ₹19,855.00; Description Length: 28 chars).","{""recommended_amount"": 19855.0, ""description_length"": 28, ""raw_anomaly_score"": 0.6421}",ISOLATION_FOREST_TWO_FEATURE_BASELINE,Contamination Top 1.5%,"Score=0.500 (Amt=₹19,855.00, Len=28)",0.985,,"Two-Feature Joint Feature Space (Log Amount, Description Length)",2026-08-26T10:47:43.666818+00:00
ANOM_001502,WORK,243648,MULTIVARIATE_WORK_OUTLIER,0.5,LOW,"Two-feature multivariate outlier identified by Isolation Forest baseline (Score: 0.500; Recommended: ₹357,000.00; Description Length: 269 chars).","{""recommended_amount"": 357000.0, ""description_length"": 269, ""raw_anomaly_score"": 0.6648}",ISOLATION_FOREST_TWO_FEATURE_BASELINE,Contamination Top 1.5%,"Score=0.500 (Amt=₹357,000.00, Len=269)",0.985,,"Two-Feature Joint Feature Space (Log Amount, Description Length)",2026-08-26T10:47:43.666818+00:00
ANOM_001503,WORK,243653,MULTIVARIATE_WORK_OUTLIER,0.5,LOW,"Two-feature multivariate outlier identified by Isolation Forest baseline (Score: 0.500; Recommended: ₹350,000.00; Description Length: 253 chars).","{""recommended_amount"": 350000.0, ""description_length"": 253, ""raw_anomaly_score"": 0.6485}",ISOLATION_FOREST_TWO_FEATURE_BASELINE,Contamination Top 1.5%,"Score=0.500 (Amt=₹350,000.00, Len=253)",0.985,,"Two-Feature Joint Feature Space (Log Amount, Description Length)",2026-08-26T10:47:43.666818+00:00
ANOM_001504,WORK,243654,MULTIVARIATE_WORK_OUTLIER,0.5,LOW,"Two-feature multivariate outlier identified by Isolation Forest baseline (Score: 0.500; Recommended: ₹1,400,000.00; Description Length: 276 chars).","{""recommended_amount"": 1400000.0, ""description_length"": 276, ""raw_anomaly_score"": 0.6955}",ISOLATION_FOREST_TWO_FEATURE_BASELINE,Contamination Top 1.5%,"Score=0.500 (Amt=₹1,400,000.00, Len=276)",0.985,,"Two-Feature Joint Feature Space (Log Amount, Description Length)",2026-08-26T10:47:43.666818+00:00
ANOM_001505,WORK,243655,MULTIVARIATE_WORK_OUTLIER,0.5,LOW,"Two-feature multivariate outlier identified by Isolation Forest baseline (Score: 0.500; Recommended: ₹1,050,000.00; Description Length: 254 chars).","{""recommended_amount"": 1050000.0, ""description_length"": 254, ""raw_anomaly_score"": 0.6545}",ISOLATION_FOREST_TWO_FEATURE_BASELINE,Contamination Top 1.5%,"Score=0.500 (Amt=₹1,050,000.00, Len=254)",0.985,,"Two-Feature Joint Feature Space (Log Amount, Description Length)",2026-08-26T10:47:43.666818+00:00
ANOM_001506,WORK,243681,MULTIVARIATE_WORK_OUTLIER,0.5,LOW,"Two-feature multivariate outlier identified by Isolation Forest baseline (Score: 0.500; Recommended: ₹1,793,500.00; Description Length: 296 chars).","{""recommended_amount"": 1793500.0, ""description_length"": 296, ""raw_anomaly_score"": 0.7117}",ISOLATION_FOREST_TWO_FEATURE_BASELINE,Contamination Top 1.5%,"Score=0.500 (Amt=₹1,793,500.00, Len=296)",0.985,,"Two-Feature Joint Feature Space (Log Amount, Description Length)",2026-08-26T10:47:43.666818+00:00
ANOM_001507,WORK,243682,MULTIVARIATE_WORK_OUTLIER,0.5,LOW,"Two-feature multivariate outlier identified by Isolation Forest baseline (Score: 0.500; Recommended: ₹463,000.00; Description Length: 300 chars).","{""recommended_amount"": 463000.0, ""description_length"": 300, ""raw_anomaly_score"": 0.6762}",ISOLATION_FOREST_TWO_FEATURE_BASELINE,Contamination Top 1.5%,"Score=0.500 (Amt=₹463,000.00, Len=300)",0.985,,"Two-Feature Joint Feature Space (Log Amount, Description Length)",2026-08-26T10:47:43.666818+00:00
ANOM_001508,WORK,243685,MULTIVARIATE_WORK_OUTLIER,0.5,LOW,"Two-feature multivariate outlier identified by Isolation Forest baseline (Score: 0.500; Recommended: ₹700,000.00; Description Length: 281 chars).","{""recommended_amount"": 700000.0, ""description_length"": 281, ""raw_anomaly_score"": 0.6654}",ISOLATION_FOREST_TWO_FEATURE_BASELINE,Contamination Top 1.5%,"Score=0.500 (Amt=₹700,000.00, Len=281)",0.985,,"Two-Feature Joint Feature Space (Log Amount, Description Length)",2026-08-26T10:47:43.666818+00:00
ANOM_001509,WORK,246453,MULTIVARIATE_WORK_OUTLIER,0.5,LOW,"Two-feature multivariate outlier identified by Isolation Forest baseline (Score: 0.500; Recommended: ₹363,000.00; Description Length: 269 chars).","{""recommended_amount"": 363000.0, ""description_length"": 269, ""raw_anomaly_score"": 0.6652}",ISOLATION_FOREST_TWO_FEATURE_BASELINE,Contamination Top 1.5%,"Score=0.500 (Amt=₹363,000.00, Len=269)",0.985,,"Two-Feature Joint Feature Space (Log Amount, Description Length)",2026-08-26T10:47:43.666818+00:00
ANOM_001510,WORK,247953,MULTIVARIATE_WORK_OUTLIER,0.5,LOW,"Two-feature multivariate outlier identified by Isolation Forest baseline (Score: 0.500; Recommended: ₹699,800.00; Description Length: 272 chars).","{""recommended_amount"": 699800.0, ""description_length"": 272, ""raw_anomaly_score"": 0.6591}",ISOLATION_FOREST_TWO_FEATURE_BASELINE,Contamination Top 1.5%,"Score=0.500 (Amt=₹699,800.00, Len=272)",0.985,,"Two-Feature Joint Feature Space (Log Amount, Description Length)",2026-08-26T10:47:43.666818+00:00
ANOM_001511,WORK,247954,MULTIVARIATE_WORK_OUTLIER,0.5,LOW,"Two-feature multivariate outlier identified by Isolation Forest baseline (Score: 0.500; Recommended: ₹875,000.00; Description Length: 258 chars).","{""recommended_amount"": 875000.0, ""description_length"": 258, ""raw_anomaly_score"": 0.6514}",ISOLATION_FOREST_TWO_FEATURE_BASELINE,Contamination Top 1.5%,"Score=0.500 (Amt=₹875,000.00, Len=258)",0.985,,"Two-Feature Joint Feature Space (Log Amount, Description Length)",2026-08-26T10:47:43.666818+00:00
ANOM_001512,WORK,247955,MULTIVARIATE_WORK_OUTLIER,0.5,LOW,"Two-feature multivariate outlier identified by Isolation Forest baseline (Score: 0.500; Recommended: ₹700,000.00; Description Length: 264 chars).","{""recommended_amount"": 700000.0, ""description_length"": 264, ""raw_anomaly_score"": 0.6507}",ISOLATION_FOREST_TWO_FEATURE_BASELINE,Contamination Top 1.5%,"Score=0.500 (Amt=₹700,000.00, Len=264)",0.985,,"Two-Feature Joint Feature Space (Log Amount, Description Length)",2026-08-26T10:47:43.666818+00:00
ANOM_001513,WORK,247965,MULTIVARIATE_WORK_OUTLIER,0.5,LOW,"Two-feature multivariate outlier identified by Isolation Forest baseline (Score: 0.500; Recommended: ₹1,083,000.00; Description Length: 255 chars).","{""recommended_amount"": 1083000.0, ""description_length"": 255, ""raw_anomaly_score"": 0.6593}",ISOLATION_FOREST_TWO_FEATURE_BASELINE,Contamination Top 1.5%,"Score=0.500 (Amt=₹1,083,000.00, Len=255)",0.985,,"Two-Feature Joint Feature Space (Log Amount, Description Length)",2026-08-26T10:47:43.666818+00:00
ANOM_001514,WORK,247966,MULTIVARIATE_WORK_OUTLIER,0.5,LOW,"Two-feature multivariate outlier identified by Isolation Forest baseline (Score: 0.500; Recommended: ₹21,000.00; Description Length: 170 chars).","{""recommended_amount"": 21000.0, ""description_length"": 170, ""raw_anomaly_score"": 0.6571}",ISOLATION_FOREST_TWO_FEATURE_BASELINE,Contamination Top 1.5%,"Score=0.500 (Amt=₹21,000.00, Len=170)",0.985,,"Two-Feature Joint Feature Space (Log Amount, Description Length)",2026-08-26T10:47:43.666818+00:00
ANOM_001515,WORK,248435,MULTIVARIATE_WORK_OUTLIER,0.5,LOW,"Two-feature multivariate outlier identified by Isolation Forest baseline (Score: 0.500; Recommended: ₹2,815,000.00; Description Length: 225 chars).","{""recommended_amount"": 2815000.0, ""description_length"": 225, ""raw_anomaly_score"": 0.6709}",ISOLATION_FOREST_TWO_FEATURE_BASELINE,Contamination Top 1.5%,"Score=0.500 (Amt=₹2,815,000.00, Len=225)",0.985,,"Two-Feature Joint Feature Space (Log Amount, Description Length)",2026-08-26T10:47:43.666818+00:00
ANOM_001516,WORK,249691,MULTIVARIATE_WORK_OUTLIER,0.5,LOW,"Two-feature multivariate outlier identified by Isolation Forest baseline (Score: 0.500; Recommended: ₹15,364.00; Description Length: 147 chars).","{""recommended_amount"": 15364.0, ""description_length"": 147, ""raw_anomaly_score"": 0.672}",ISOLATION_FOREST_TWO_FEATURE_BASELINE,Contamination Top 1.5%,"Score=0.500 (Amt=₹15,364.00, Len=147)",0.985,,"Two-Feature Joint Feature Space (Log Amount, Description Length)",2026-08-26T10:47:43.666818+00:00
ANOM_001517,WORK,249692,MULTIVARIATE_WORK_OUTLIER,0.5,LOW,"Two-feature multivariate outlier identified by Isolation Forest baseline (Score: 0.500; Recommended: ₹15,364.00; Description Length: 126 chars).","{""recommended_amount"": 15364.0, ""description_length"": 126, ""raw_anomaly_score"": 0.6511}",ISOLATION_FOREST_TWO_FEATURE_BASELINE,Contamination Top 1.5%,"Score=0.500 (Amt=₹15,364.00, Len=126)",0.985,,"Two-Feature Joint Feature Space (Log Amount, Description Length)",2026-08-26T10:47:43.666818+00:00
ANOM_001518,WORK,249693,MULTIVARIATE_WORK_OUTLIER,0.5,LOW,"Two-feature multivariate outlier identified by Isolation Forest baseline (Score: 0.500; Recommended: ₹15,364.00; Description Length: 117 chars).","{""recommended_amount"": 15364.0, ""description_length"": 117, ""raw_anomaly_score"": 0.6438}",ISOLATION_FOREST_TWO_FEATURE_BASELINE,Contamination Top 1.5%,"Score=0.500 (Amt=₹15,364.00, Len=117)",0.985,,"Two-Feature Joint Feature Space (Log Amount, Description Length)",2026-08-26T10:47:43.666818+00:00
ANOM_001519,WORK,249694,MULTIVARIATE_WORK_OUTLIER,0.5,LOW,"Two-feature multivariate outlier identified by Isolation Forest baseline (Score: 0.500; Recommended: ₹15,364.00; Description Length: 120 chars).","{""recommended_amount"": 15364.0, ""description_length"": 120, ""raw_anomaly_score"": 0.6448}",ISOLATION_FOREST_TWO_FEATURE_BASELINE,Contamination Top 1.5%,"Score=0.500 (Amt=₹15,364.00, Len=120)",0.985,,"Two-Feature Joint Feature Space (Log Amount, Description Length)",2026-08-26T10:47:43.666818+00:00
ANOM_001520,WORK,249702,MULTIVARIATE_WORK_OUTLIER,0.5,LOW,"Two-feature multivariate outlier identified by Isolation Forest baseline (Score: 0.500; Recommended: ₹15,364.00; Description Length: 121 chars).","{""recommended_amount"": 15364.0, ""description_length"": 121, ""raw_anomaly_score"": 0.6447}",ISOLATION_FOREST_TWO_FEATURE_BASELINE,Contamination Top 1.5%,"Score=0.500 (Amt=₹15,364.00, Len=121)",0.985,,"Two-Feature Joint Feature Space (Log Amount, Description Length)",2026-08-26T10:47:43.666818+00:00
ANOM_001521,WORK,249703,MULTIVARIATE_WORK_OUTLIER,0.5,LOW,"Two-feature multivariate outlier identified by Isolation Forest baseline (Score: 0.500; Recommended: ₹15,364.00; Description Length: 130 chars).","{""recommended_amount"": 15364.0, ""description_length"": 130, ""raw_anomaly_score"": 0.6545}",ISOLATION_FOREST_TWO_FEATURE_BASELINE,Contamination Top 1.5%,"Score=0.500 (Amt=₹15,364.00, Len=130)",0.985,,"Two-Feature Joint Feature Space (Log Amount, Description Length)",2026-08-26T10:47:43.666818+00:00
ANOM_001522,WORK,249704,MULTIVARIATE_WORK_OUTLIER,0.5,LOW,"Two-feature multivariate outlier identified by Isolation Forest baseline (Score: 0.500; Recommended: ₹15,364.00; Description Length: 120 chars).","{""recommended_amount"": 15364.0, ""description_length"": 120, ""raw_anomaly_score"": 0.6448}",ISOLATION_FOREST_TWO_FEATURE_BASELINE,Contamination Top 1.5%,"Score=0.500 (Amt=₹15,364.00, Len=120)",0.985,,"Two-Feature Joint Feature Space (Log Amount, Description Length)",2026-08-26T10:47:43.666818+00:00
ANOM_001523,WORK,249705,MULTIVARIATE_WORK_OUTLIER,0.5,LOW,"Two-feature multivariate outlier identified by Isolation Forest baseline (Score: 0.500; Recommended: ₹15,364.00; Description Length: 123 chars).","{""recommended_amount"": 15364.0, ""description_length"": 123, ""raw_anomaly_score"": 0.6469}",ISOLATION_FOREST_TWO_FEATURE_BASELINE,Contamination Top 1.5%,"Score=0.500 (Amt=₹15,364.00, Len=123)",0.985,,"Two-Feature Joint Feature Space (Log Amount, Description Length)",2026-08-26T10:47:43.666818+00:00
ANOM_001524,WORK,249706,MULTIVARIATE_WORK_OUTLIER,0.5,LOW,"Two-feature multivariate outlier identified by Isolation Forest baseline (Score: 0.500; Recommended: ₹15,364.00; Description Length: 161 chars).","{""recommended_amount"": 15364.0, ""description_length"": 161, ""raw_anomaly_score"": 0.6762}",ISOLATION_FOREST_TWO_FEATURE_BASELINE,Contamination Top 1.5%,"Score=0.500 (Amt=₹15,364.00, Len=161)",0.985,,"Two-Feature Joint Feature Space (Log Amount, Description Length)",2026-08-26T10:47:43.666818+00:00
ANOM_001525,WORK,249717,MULTIVARIATE_WORK_OUTLIER,0.5,LOW,"Two-feature multivariate outlier identified by Isolation Forest baseline (Score: 0.500; Recommended: ₹15,364.00; Description Length: 155 chars).","{""recommended_amount"": 15364.0, ""description_length"": 155, ""raw_anomaly_score"": 0.6733}",ISOLATION_FOREST_TWO_FEATURE_BASELINE,Contamination Top 1.5%,"Score=0.500 (Amt=₹15,364.00, Len=155)",0.985,,"Two-Feature Joint Feature Space (Log Amount, Description Length)",2026-08-26T10:47:43.666818+00:00
ANOM_001526,WORK,249718,MULTIVARIATE_WORK_OUTLIER,0.5,LOW,"Two-feature multivariate outlier identified by Isolation Forest baseline (Score: 0.500; Recommended: ₹15,364.00; Description Length: 153 chars).","{""recommended_amount"": 15364.0, ""description_length"": 153, ""raw_anomaly_score"": 0.6721}",ISOLATION_FOREST_TWO_FEATURE_BASELINE,Contamination Top 1.5%,"Score=0.500 (Amt=₹15,364.00, Len=153)",0.985,,"Two-Feature Joint Feature Space (Log Amount, Description Length)",2026-08-26T10:47:43.666818+00:00
ANOM_001527,WORK,249722,MULTIVARIATE_WORK_OUTLIER,0.5,LOW,"Two-feature multivariate outlier identified by Isolation Forest baseline (Score: 0.500; Recommended: ₹15,364.00; Description Length: 148 chars).","{""recommended_amount"": 15364.0, ""description_length"": 148, ""raw_anomaly_score"": 0.6729}",ISOLATION_FOREST_TWO_FEATURE_BASELINE,Contamination Top 1.5%,"Score=0.500 (Amt=₹15,364.00, Len=148)",0.985,,"Two-Feature Joint Feature Space (Log Amount, Description Length)",2026-08-26T10:47:43.666818+00:00
ANOM_001528,WORK,249723,MULTIVARIATE_WORK_OUTLIER,0.5,LOW,"Two-feature multivariate outlier identified by Isolation Forest baseline (Score: 0.500; Recommended: ₹15,364.00; Description Length: 152 chars).","{""recommended_amount"": 15364.0, ""description_length"": 152, ""raw_anomaly_score"": 0.6721}",ISOLATION_FOREST_TWO_FEATURE_BASELINE,Contamination Top 1.5%,"Score=0.500 (Amt=₹15,364.00, Len=152)",0.985,,"Two-Feature Joint Feature Space (Log Amount, Description Length)",2026-08-26T10:47:43.666818+00:00
ANOM_001529,WORK,249724,MULTIVARIATE_WORK_OUTLIER,0.5,LOW,"Two-feature multivariate outlier identified by Isolation Forest baseline (Score: 0.500; Recommended: ₹15,364.00; Description Length: 151 chars).","{""recommended_amount"": 15364.0, ""description_length"": 151, ""raw_anomaly_score"": 0.6693}",ISOLATION_FOREST_TWO_FEATURE_BASELINE,Contamination Top 1.5%,"Score=0.500 (Amt=₹15,364.00, Len=151)",0.985,,"Two-Feature Joint Feature Space (Log Amount, Description Length)",2026-08-26T10:47:43.666818+00:00
ANOM_001530,WORK,249725,MULTIVARIATE_WORK_OUTLIER,0.5,LOW,"Two-feature multivariate outlier identified by Isolation Forest baseline (Score: 0.500; Recommended: ₹15,364.00; Description Length: 178 chars).","{""recommended_amount"": 15364.0, ""description_length"": 178, ""raw_anomaly_score"": 0.7016}",ISOLATION_FOREST_TWO_FEATURE_BASELINE,Contamination Top 1.5%,"Score=0.500 (Amt=₹15,364.00, Len=178)",0.985,,"Two-Feature Joint Feature Space (Log Amount, Description Length)",2026-08-26T10:47:43.666818+00:00
ANOM_001531,WORK,249726,MULTIVARIATE_WORK_OUTLIER,0.5,LOW,"Two-feature multivariate outlier identified by Isolation Forest baseline (Score: 0.500; Recommended: ₹15,364.00; Description Length: 151 chars).","{""recommended_amount"": 15364.0, ""description_length"": 151, ""raw_anomaly_score"": 0.6693}",ISOLATION_FOREST_TWO_FEATURE_BASELINE,Contamination Top 1.5%,"Score=0.500 (Amt=₹15,364.00, Len=151)",0.985,,"Two-Feature Joint Feature Space (Log Amount, Description Length)",2026-08-26T10:47:43.666818+00:00
ANOM_001532,WORK,249727,MULTIVARIATE_WORK_OUTLIER,0.5,LOW,"Two-feature multivariate outlier identified by Isolation Forest baseline (Score: 0.500; Recommended: ₹15,364.00; Description Length: 147 chars).","{""recommended_amount"": 15364.0, ""description_length"": 147, ""raw_anomaly_score"": 0.672}",ISOLATION_FOREST_TWO_FEATURE_BASELINE,Contamination Top 1.5%,"Score=0.500 (Amt=₹15,364.00, Len=147)",0.985,,"Two-Feature Joint Feature Space (Log Amount, Description Length)",2026-08-26T10:47:43.666818+00:00
ANOM_001533,WORK,249728,MULTIVARIATE_WORK_OUTLIER,0.5,LOW,"Two-feature multivariate outlier identified by Isolation Forest baseline (Score: 0.500; Recommended: ₹15,364.00; Description Length: 155 chars).","{""recommended_amount"": 15364.0, ""description_length"": 155, ""raw_anomaly_score"": 0.6733}",ISOLATION_FOREST_TWO_FEATURE_BASELINE,Contamination Top 1.5%,"Score=0.500 (Amt=₹15,364.00, Len=155)",0.985,,"Two-Feature Joint Feature Space (Log Amount, Description Length)",2026-08-26T10:47:43.666818+00:00
ANOM_001534,WORK,249977,MULTIVARIATE_WORK_OUTLIER,0.5,LOW,"Two-feature multivariate outlier identified by Isolation Forest baseline (Score: 0.500; Recommended: ₹2,982,235.00; Description Length: 213 chars).","{""recommended_amount"": 2982235.0, ""description_length"": 213, ""raw_anomaly_score"": 0.6601}",ISOLATION_FOREST_TWO_FEATURE_BASELINE,Contamination Top 1.5%,"Score=0.500 (Amt=₹2,982,235.00, Len=213)",0.985,,"Two-Feature Joint Feature Space (Log Amount, Description Length)",2026-08-26T10:47:43.666818+00:00
ANOM_001535,WORK,250426,MULTIVARIATE_WORK_OUTLIER,0.5,LOW,"Two-feature multivariate outlier identified by Isolation Forest baseline (Score: 0.500; Recommended: ₹21,000.00; Description Length: 163 chars).","{""recommended_amount"": 21000.0, ""description_length"": 163, ""raw_anomaly_score"": 0.6484}",ISOLATION_FOREST_TWO_FEATURE_BASELINE,Contamination Top 1.5%,"Score=0.500 (Amt=₹21,000.00, Len=163)",0.985,,"Two-Feature Joint Feature Space (Log Amount, Description Length)",2026-08-26T10:47:43.666818+00:00
ANOM_001536,WORK,250443,MULTIVARIATE_WORK_OUTLIER,0.5,LOW,"Two-feature multivariate outlier identified by Isolation Forest baseline (Score: 0.500; Recommended: ₹1,399,400.00; Description Length: 251 chars).","{""recommended_amount"": 1399400.0, ""description_length"": 251, ""raw_anomaly_score"": 0.6743}",ISOLATION_FOREST_TWO_FEATURE_BASELINE,Contamination Top 1.5%,"Score=0.500 (Amt=₹1,399,400.00, Len=251)",0.985,,"Two-Feature Joint Feature Space (Log Amount, Description Length)",2026-08-26T10:47:43.666818+00:00
ANOM_001537,WORK,250445,MULTIVARIATE_WORK_OUTLIER,0.5,LOW,"Two-feature multivariate outlier identified by Isolation Forest baseline (Score: 0.500; Recommended: ₹1,385,200.00; Description Length: 233 chars).","{""recommended_amount"": 1385200.0, ""description_length"": 233, ""raw_anomaly_score"": 0.6525}",ISOLATION_FOREST_TWO_FEATURE_BASELINE,Contamination Top 1.5%,"Score=0.500 (Amt=₹1,385,200.00, Len=233)",0.985,,"Two-Feature Joint Feature Space (Log Amount, Description Length)",2026-08-26T10:47:43.666818+00:00
ANOM_001538,WORK,251802,MULTIVARIATE_WORK_OUTLIER,0.5,LOW,"Two-feature multivariate outlier identified by Isolation Forest baseline (Score: 0.500; Recommended: ₹1,540,000.00; Description Length: 285 chars).","{""recommended_amount"": 1540000.0, ""description_length"": 285, ""raw_anomaly_score"": 0.6993}",ISOLATION_FOREST_TWO_FEATURE_BASELINE,Contamination Top 1.5%,"Score=0.500 (Amt=₹1,540,000.00, Len=285)",0.985,,"Two-Feature Joint Feature Space (Log Amount, Description Length)",2026-08-26T10:47:43.666818+00:00
ANOM_001539,WORK,251803,MULTIVARIATE_WORK_OUTLIER,0.5,LOW,"Two-feature multivariate outlier identified by Isolation Forest baseline (Score: 0.500; Recommended: ₹1,960,000.00; Description Length: 276 chars).","{""recommended_amount"": 1960000.0, ""description_length"": 276, ""raw_anomaly_score"": 0.7026}",ISOLATION_FOREST_TWO_FEATURE_BASELINE,Contamination Top 1.5%,"Score=0.500 (Amt=₹1,960,000.00, Len=276)",0.985,,"Two-Feature Joint Feature Space (Log Amount, Description Length)",2026-08-26T10:47:43.666818+00:00
ANOM_001541,WORK,255392,MULTIVARIATE_WORK_OUTLIER,0.5,LOW,"Two-feature multivariate outlier identified by Isolation Forest baseline (Score: 0.500; Recommended: ₹117,000.00; Description Length: 387 chars).","{""recommended_amount"": 117000.0, ""description_length"": 387, ""raw_anomaly_score"": 0.7347}",ISOLATION_FOREST_TWO_FEATURE_BASELINE,Contamination Top 1.5%,"Score=0.500 (Amt=₹117,000.00, Len=387)",0.985,,"Two-Feature Joint Feature Space (Log Amount, Description Length)",2026-08-26T10:47:43.666818+00:00
ANOM_001542,WORK,255394,MULTIVARIATE_WORK_OUTLIER,0.5,LOW,"Two-feature multivariate outlier identified by Isolation Forest baseline (Score: 0.500; Recommended: ₹230,900.00; Description Length: 472 chars).","{""recommended_amount"": 230900.0, ""description_length"": 472, ""raw_anomaly_score"": 0.7388}",ISOLATION_FOREST_TWO_FEATURE_BASELINE,Contamination Top 1.5%,"Score=0.500 (Amt=₹230,900.00, Len=472)",0.985,,"Two-Feature Joint Feature Space (Log Amount, Description Length)",2026-08-26T10:47:43.666818+00:00
ANOM_001543,WORK,255908,MULTIVARIATE_WORK_OUTLIER,0.5,LOW,"Two-feature multivariate outlier identified by Isolation Forest baseline (Score: 0.500; Recommended: ₹16,000.00; Description Length: 197 chars).","{""recommended_amount"": 16000.0, ""description_length"": 197, ""raw_anomaly_score"": 0.7146}",ISOLATION_FOREST_TWO_FEATURE_BASELINE,Contamination Top 1.5%,"Score=0.500 (Amt=₹16,000.00, Len=197)",0.985,,"Two-Feature Joint Feature Space (Log Amount, Description Length)",2026-08-26T10:47:43.666818+00:00
ANOM_001544,WORK,255909,MULTIVARIATE_WORK_OUTLIER,0.5,LOW,"Two-feature multivariate outlier identified by Isolation Forest baseline (Score: 0.500; Recommended: ₹16,000.00; Description Length: 236 chars).","{""recommended_amount"": 16000.0, ""description_length"": 236, ""raw_anomaly_score"": 0.7313}",ISOLATION_FOREST_TWO_FEATURE_BASELINE,Contamination Top 1.5%,"Score=0.500 (Amt=₹16,000.00, Len=236)",0.985,,"Two-Feature Joint Feature Space (Log Amount, Description Length)",2026-08-26T10:47:43.666818+00:00
ANOM_001545,WORK,255910,MULTIVARIATE_WORK_OUTLIER,0.5,LOW,"Two-feature multivariate outlier identified by Isolation Forest baseline (Score: 0.500; Recommended: ₹16,000.00; Description Length: 239 chars).","{""recommended_amount"": 16000.0, ""description_length"": 239, ""raw_anomaly_score"": 0.7333}",ISOLATION_FOREST_TWO_FEATURE_BASELINE,Contamination Top 1.5%,"Score=0.500 (Amt=₹16,000.00, Len=239)",0.985,,"Two-Feature Joint Feature Space (Log Amount, Description Length)",2026-08-26T10:47:43.666818+00:00
ANOM_001546,WORK,255911,MULTIVARIATE_WORK_OUTLIER,0.5,LOW,"Two-feature multivariate outlier identified by Isolation Forest baseline (Score: 0.500; Recommended: ₹16,000.00; Description Length: 204 chars).","{""recommended_amount"": 16000.0, ""description_length"": 204, ""raw_anomaly_score"": 0.717}",ISOLATION_FOREST_TWO_FEATURE_BASELINE,Contamination Top 1.5%,"Score=0.500 (Amt=₹16,000.00, Len=204)",0.985,,"Two-Feature Joint Feature Space (Log Amount, Description Length)",2026-08-26T10:47:43.666818+00:00
ANOM_001547,WORK,255912,MULTIVARIATE_WORK_OUTLIER,0.5,LOW,"Two-feature multivariate outlier identified by Isolation Forest baseline (Score: 0.500; Recommended: ₹16,000.00; Description Length: 205 chars).","{""recommended_amount"": 16000.0, ""description_length"": 205, ""raw_anomaly_score"": 0.719}",ISOLATION_FOREST_TWO_FEATURE_BASELINE,Contamination Top 1.5%,"Score=0.500 (Amt=₹16,000.00, Len=205)",0.985,,"Two-Feature Joint Feature Space (Log Amount, Description Length)",2026-08-26T10:47:43.666818+00:00
ANOM_001548,WORK,255913,MULTIVARIATE_WORK_OUTLIER,0.5,LOW,"Two-feature multivariate outlier identified by Isolation Forest baseline (Score: 0.500; Recommended: ₹16,000.00; Description Length: 200 chars).","{""recommended_amount"": 16000.0, ""description_length"": 200, ""raw_anomaly_score"": 0.7151}",ISOLATION_FOREST_TWO_FEATURE_BASELINE,Contamination Top 1.5%,"Score=0.500 (Amt=₹16,000.00, Len=200)",0.985,,"Two-Feature Joint Feature Space (Log Amount, Description Length)",2026-08-26T10:47:43.666818+00:00
ANOM_001549,WORK,255914,MULTIVARIATE_WORK_OUTLIER,0.5,LOW,"Two-feature multivariate outlier identified by Isolation Forest baseline (Score: 0.500; Recommended: ₹16,000.00; Description Length: 210 chars).","{""recommended_amount"": 16000.0, ""description_length"": 210, ""raw_anomaly_score"": 0.7214}",ISOLATION_FOREST_TWO_FEATURE_BASELINE,Contamination Top 1.5%,"Score=0.500 (Amt=₹16,000.00, Len=210)",0.985,,"Two-Feature Joint Feature Space (Log Amount, Description Length)",2026-08-26T10:47:43.666818+00:00
ANOM_001550,WORK,255915,MULTIVARIATE_WORK_OUTLIER,0.5,LOW,"Two-feature multivariate outlier identified by Isolation Forest baseline (Score: 0.500; Recommended: ₹16,000.00; Description Length: 224 chars).","{""recommended_amount"": 16000.0, ""description_length"": 224, ""raw_anomaly_score"": 0.7258}",ISOLATION_FOREST_TWO_FEATURE_BASELINE,Contamination Top 1.5%,"Score=0.500 (Amt=₹16,000.00, Len=224)",0.985,,"Two-Feature Joint Feature Space (Log Amount, Description Length)",2026-08-26T10:47:43.666818+00:00
ANOM_001551,WORK,255916,MULTIVARIATE_WORK_OUTLIER,0.5,LOW,"Two-feature multivariate outlier identified by Isolation Forest baseline (Score: 0.500; Recommended: ₹16,000.00; Description Length: 235 chars).","{""recommended_amount"": 16000.0, ""description_length"": 235, ""raw_anomaly_score"": 0.7313}",ISOLATION_FOREST_TWO_FEATURE_BASELINE,Contamination Top 1.5%,"Score=0.500 (Amt=₹16,000.00, Len=235)",0.985,,"Two-Feature Joint Feature Space (Log Amount, Description Length)",2026-08-26T10:47:43.666818+00:00
ANOM_001552,WORK,255917,MULTIVARIATE_WORK_OUTLIER,0.5,LOW,"Two-feature multivariate outlier identified by Isolation Forest baseline (Score: 0.500; Recommended: ₹16,000.00; Description Length: 225 chars).","{""recommended_amount"": 16000.0, ""description_length"": 225, ""raw_anomaly_score"": 0.7253}",ISOLATION_FOREST_TWO_FEATURE_BASELINE,Contamination Top 1.5%,"Score=0.500 (Amt=₹16,000.00, Len=225)",0.985,,"Two-Feature Joint Feature Space (Log Amount, Description Length)",2026-08-26T10:47:43.666818+00:00
ANOM_001553,WORK,255918,MULTIVARIATE_WORK_OUTLIER,0.5,LOW,"Two-feature multivariate outlier identified by Isolation Forest baseline (Score: 0.500; Recommended: ₹16,000.00; Description Length: 215 chars).","{""recommended_amount"": 16000.0, ""description_length"": 215, ""raw_anomaly_score"": 0.7219}",ISOLATION_FOREST_TWO_FEATURE_BASELINE,Contamination Top 1.5%,"Score=0.500 (Amt=₹16,000.00, Len=215)",0.985,,"Two-Feature Joint Feature Space (Log Amount, Description Length)",2026-08-26T10:47:43.666818+00:00
ANOM_001554,WORK,255919,MULTIVARIATE_WORK_OUTLIER,0.5,LOW,"Two-feature multivariate outlier identified by Isolation Forest baseline (Score: 0.500; Recommended: ₹16,000.00; Description Length: 218 chars).","{""recommended_amount"": 16000.0, ""description_length"": 218, ""raw_anomaly_score"": 0.7214}",ISOLATION_FOREST_TWO_FEATURE_BASELINE,Contamination Top 1.5%,"Score=0.500 (Amt=₹16,000.00, Len=218)",0.985,,"Two-Feature Joint Feature Space (Log Amount, Description Length)",2026-08-26T10:47:43.666818+00:00
ANOM_001555,WORK,255920,MULTIVARIATE_WORK_OUTLIER,0.5,LOW,"Two-feature multivariate outlier identified by Isolation Forest baseline (Score: 0.500; Recommended: ₹16,000.00; Description Length: 204 chars).","{""recommended_amount"": 16000.0, ""description_length"": 204, ""raw_anomaly_score"": 0.717}",ISOLATION_FOREST_TWO_FEATURE_BASELINE,Contamination Top 1.5%,"Score=0.500 (Amt=₹16,000.00, Len=204)",0.985,,"Two-Feature Joint Feature Space (Log Amount, Description Length)",2026-08-26T10:47:43.666818+00:00
ANOM_001557,WORK,255922,MULTIVARIATE_WORK_OUTLIER,0.5,LOW,"Two-feature multivariate outlier identified by Isolation Forest baseline (Score: 0.500; Recommended: ₹16,000.00; Description Length: 202 chars).","{""recommended_amount"": 16000.0, ""description_length"": 202, ""raw_anomaly_score"": 0.7156}",ISOLATION_FOREST_TWO_FEATURE_BASELINE,Contamination Top 1.5%,"Score=0.500 (Amt=₹16,000.00, Len=202)",0.985,,"Two-Feature Joint Feature Space (Log Amount, Description Length)",2026-08-26T10:47:43.666818+00:00
ANOM_001558,WORK,255934,MULTIVARIATE_WORK_OUTLIER,0.5,LOW,"Two-feature multivariate outlier identified by Isolation Forest baseline (Score: 0.500; Recommended: ₹1,050,000.00; Description Length: 257 chars).","{""recommended_amount"": 1050000.0, ""description_length"": 257, ""raw_anomaly_score"": 0.658}",ISOLATION_FOREST_TWO_FEATURE_BASELINE,Contamination Top 1.5%,"Score=0.500 (Amt=₹1,050,000.00, Len=257)",0.985,,"Two-Feature Joint Feature Space (Log Amount, Description Length)",2026-08-26T10:47:43.666818+00:00
ANOM_001559,WORK,255940,MULTIVARIATE_WORK_OUTLIER,0.5,LOW,"Two-feature multivariate outlier identified by Isolation Forest baseline (Score: 0.500; Recommended: ₹16,000.00; Description Length: 200 chars).","{""recommended_amount"": 16000.0, ""description_length"": 200, ""raw_anomaly_score"": 0.7151}",ISOLATION_FOREST_TWO_FEATURE_BASELINE,Contamination Top 1.5%,"Score=0.500 (Amt=₹16,000.00, Len=200)",0.985,,"Two-Feature Joint Feature Space (Log Amount, Description Length)",2026-08-26T10:47:43.666818+00:00
ANOM_001560,WORK,255941,MULTIVARIATE_WORK_OUTLIER,0.5,LOW,"Two-feature multivariate outlier identified by Isolation Forest baseline (Score: 0.500; Recommended: ₹16,000.00; Description Length: 210 chars).","{""recommended_amount"": 16000.0, ""description_length"": 210, ""raw_anomaly_score"": 0.7214}",ISOLATION_FOREST_TWO_FEATURE_BASELINE,Contamination Top 1.5%,"Score=0.500 (Amt=₹16,000.00, Len=210)",0.985,,"Two-Feature Joint Feature Space (Log Amount, Description Length)",2026-08-26T10:47:43.666818+00:00
ANOM_001561,WORK,255942,MULTIVARIATE_WORK_OUTLIER,0.5,LOW,"Two-feature multivariate outlier identified by Isolation Forest baseline (Score: 0.500; Recommended: ₹16,000.00; Description Length: 202 chars).","{""recommended_amount"": 16000.0, ""description_length"": 202, ""raw_anomaly_score"": 0.7156}",ISOLATION_FOREST_TWO_FEATURE_BASELINE,Contamination Top 1.5%,"Score=0.500 (Amt=₹16,000.00, Len=202)",0.985,,"Two-Feature Joint Feature Space (Log Amount, Description Length)",2026-08-26T10:47:43.666818+00:00
ANOM_001562,WORK,255943,MULTIVARIATE_WORK_OUTLIER,0.5,LOW,"Two-feature multivariate outlier identified by Isolation Forest baseline (Score: 0.500; Recommended: ₹16,000.00; Description Length: 210 chars).","{""recommended_amount"": 16000.0, ""description_length"": 210, ""raw_anomaly_score"": 0.7214}",ISOLATION_FOREST_TWO_FEATURE_BASELINE,Contamination Top 1.5%,"Score=0.500 (Amt=₹16,000.00, Len=210)",0.985,,"Two-Feature Joint Feature Space (Log Amount, Description Length)",2026-08-26T10:47:43.666818+00:00
ANOM_001563,WORK,255944,MULTIVARIATE_WORK_OUTLIER,0.5,LOW,"Two-feature multivariate outlier identified by Isolation Forest baseline (Score: 0.500; Recommended: ₹16,000.00; Description Length: 230 chars).","{""recommended_amount"": 16000.0, ""description_length"": 230, ""raw_anomaly_score"": 0.7273}",ISOLATION_FOREST_TWO_FEATURE_BASELINE,Contamination Top 1.5%,"Score=0.500 (Amt=₹16,000.00, Len=230)",0.985,,"Two-Feature Joint Feature Space (Log Amount, Description Length)",2026-08-26T10:47:43.666818+00:00
ANOM_001564,WORK,255945,MULTIVARIATE_WORK_OUTLIER,0.5,LOW,"Two-feature multivariate outlier identified by Isolation Forest baseline (Score: 0.500; Recommended: ₹16,000.00; Description Length: 206 chars).","{""recommended_amount"": 16000.0, ""description_length"": 206, ""raw_anomaly_score"": 0.719}",ISOLATION_FOREST_TWO_FEATURE_BASELINE,Contamination Top 1.5%,"Score=0.500 (Amt=₹16,000.00, Len=206)",0.985,,"Two-Feature Joint Feature Space (Log Amount, Description Length)",2026-08-26T10:47:43.666818+00:00
ANOM_001565,WORK,257086,MULTIVARIATE_WORK_OUTLIER,0.5,LOW,"Two-feature multivariate outlier identified by Isolation Forest baseline (Score: 0.500; Recommended: ₹1,400,000.00; Description Length: 287 chars).","{""recommended_amount"": 1400000.0, ""description_length"": 287, ""raw_anomaly_score"": 0.7007}",ISOLATION_FOREST_TWO_FEATURE_BASELINE,Contamination Top 1.5%,"Score=0.500 (Amt=₹1,400,000.00, Len=287)",0.985,,"Two-Feature Joint Feature Space (Log Amount, Description Length)",2026-08-26T10:47:43.666818+00:00
ANOM_001566,WORK,257126,MULTIVARIATE_WORK_OUTLIER,0.5,LOW,"Two-feature multivariate outlier identified by Isolation Forest baseline (Score: 0.500; Recommended: ₹1,455,700.00; Description Length: 267 chars).","{""recommended_amount"": 1455700.0, ""description_length"": 267, ""raw_anomaly_score"": 0.6899}",ISOLATION_FOREST_TWO_FEATURE_BASELINE,Contamination Top 1.5%,"Score=0.500 (Amt=₹1,455,700.00, Len=267)",0.985,,"Two-Feature Joint Feature Space (Log Amount, Description Length)",2026-08-26T10:47:43.666818+00:00
ANOM_001567,WORK,258930,MULTIVARIATE_WORK_OUTLIER,0.5,LOW,"Two-feature multivariate outlier identified by Isolation Forest baseline (Score: 0.500; Recommended: ₹1,700,000.00; Description Length: 228 chars).","{""recommended_amount"": 1700000.0, ""description_length"": 228, ""raw_anomaly_score"": 0.6575}",ISOLATION_FOREST_TWO_FEATURE_BASELINE,Contamination Top 1.5%,"Score=0.500 (Amt=₹1,700,000.00, Len=228)",0.985,,"Two-Feature Joint Feature Space (Log Amount, Description Length)",2026-08-26T10:47:43.666818+00:00
ANOM_001568,WORK,259653,MULTIVARIATE_WORK_OUTLIER,0.5,LOW,"Two-feature multivariate outlier identified by Isolation Forest baseline (Score: 0.500; Recommended: ₹5,000.00; Description Length: 21 chars).","{""recommended_amount"": 5000.0, ""description_length"": 21, ""raw_anomaly_score"": 0.6774}",ISOLATION_FOREST_TWO_FEATURE_BASELINE,Contamination Top 1.5%,"Score=0.500 (Amt=₹5,000.00, Len=21)",0.985,,"Two-Feature Joint Feature Space (Log Amount, Description Length)",2026-08-26T10:47:43.666818+00:00
ANOM_001569,WORK,259843,MULTIVARIATE_WORK_OUTLIER,0.5,LOW,"Two-feature multivariate outlier identified by Isolation Forest baseline (Score: 0.500; Recommended: ₹1,155,000.00; Description Length: 246 chars).","{""recommended_amount"": 1155000.0, ""description_length"": 246, ""raw_anomaly_score"": 0.6533}",ISOLATION_FOREST_TWO_FEATURE_BASELINE,Contamination Top 1.5%,"Score=0.500 (Amt=₹1,155,000.00, Len=246)",0.985,,"Two-Feature Joint Feature Space (Log Amount, Description Length)",2026-08-26T10:47:43.666818+00:00
ANOM_001570,WORK,259844,MULTIVARIATE_WORK_OUTLIER,0.5,LOW,"Two-feature multivariate outlier identified by Isolation Forest baseline (Score: 0.500; Recommended: ₹327,300.00; Description Length: 337 chars).","{""recommended_amount"": 327300.0, ""description_length"": 337, ""raw_anomaly_score"": 0.7122}",ISOLATION_FOREST_TWO_FEATURE_BASELINE,Contamination Top 1.5%,"Score=0.500 (Amt=₹327,300.00, Len=337)",0.985,,"Two-Feature Joint Feature Space (Log Amount, Description Length)",2026-08-26T10:47:43.666818+00:00
ANOM_001571,WORK,260288,MULTIVARIATE_WORK_OUTLIER,0.5,LOW,"Two-feature multivariate outlier identified by Isolation Forest baseline (Score: 0.500; Recommended: ₹2,312,000.00; Description Length: 265 chars).","{""recommended_amount"": 2312000.0, ""description_length"": 265, ""raw_anomaly_score"": 0.6949}",ISOLATION_FOREST_TWO_FEATURE_BASELINE,Contamination Top 1.5%,"Score=0.500 (Amt=₹2,312,000.00, Len=265)",0.985,,"Two-Feature Joint Feature Space (Log Amount, Description Length)",2026-08-26T10:47:43.666818+00:00
ANOM_001572,WORK,266243,MULTIVARIATE_WORK_OUTLIER,0.5,LOW,"Two-feature multivariate outlier identified by Isolation Forest baseline (Score: 0.500; Recommended: ₹428,800.00; Description Length: 426 chars).","{""recommended_amount"": 428800.0, ""description_length"": 426, ""raw_anomaly_score"": 0.7302}",ISOLATION_FOREST_TWO_FEATURE_BASELINE,Contamination Top 1.5%,"Score=0.500 (Amt=₹428,800.00, Len=426)",0.985,,"Two-Feature Joint Feature Space (Log Amount, Description Length)",2026-08-26T10:47:43.666818+00:00
ANOM_001573,WORK,266245,MULTIVARIATE_WORK_OUTLIER,0.5,LOW,"Two-feature multivariate outlier identified by Isolation Forest baseline (Score: 0.500; Recommended: ₹2,499,000.00; Description Length: 223 chars).","{""recommended_amount"": 2499000.0, ""description_length"": 223, ""raw_anomaly_score"": 0.6625}",ISOLATION_FOREST_TWO_FEATURE_BASELINE,Contamination Top 1.5%,"Score=0.500 (Amt=₹2,499,000.00, Len=223)",0.985,,"Two-Feature Joint Feature Space (Log Amount, Description Length)",2026-08-26T10:47:43.666818+00:00
ANOM_001574,WORK,266246,MULTIVARIATE_WORK_OUTLIER,0.5,LOW,"Two-feature multivariate outlier identified by Isolation Forest baseline (Score: 0.500; Recommended: ₹2,500,000.00; Description Length: 239 chars).","{""recommended_amount"": 2500000.0, ""description_length"": 239, ""raw_anomaly_score"": 0.6723}",ISOLATION_FOREST_TWO_FEATURE_BASELINE,Contamination Top 1.5%,"Score=0.500 (Amt=₹2,500,000.00, Len=239)",0.985,,"Two-Feature Joint Feature Space (Log Amount, Description Length)",2026-08-26T10:47:43.666818+00:00
ANOM_001575,WORK,266251,MULTIVARIATE_WORK_OUTLIER,0.5,LOW,"Two-feature multivariate outlier identified by Isolation Forest baseline (Score: 0.500; Recommended: ₹284,500.00; Description Length: 358 chars).","{""recommended_amount"": 284500.0, ""description_length"": 358, ""raw_anomaly_score"": 0.7165}",ISOLATION_FOREST_TWO_FEATURE_BASELINE,Contamination Top 1.5%,"Score=0.500 (Amt=₹284,500.00, Len=358)",0.985,,"Two-Feature Joint Feature Space (Log Amount, Description Length)",2026-08-26T10:47:43.666818+00:00
ANOM_001584,WORK,267356,MULTIVARIATE_WORK_OUTLIER,0.5,LOW,"Two-feature multivariate outlier identified by Isolation Forest baseline (Score: 0.500; Recommended: ₹20,000.00; Description Length: 229 chars).","{""recommended_amount"": 20000.0, ""description_length"": 229, ""raw_anomaly_score"": 0.7045}",ISOLATION_FOREST_TWO_FEATURE_BASELINE,Contamination Top 1.5%,"Score=0.500 (Amt=₹20,000.00, Len=229)",0.985,,"Two-Feature Joint Feature Space (Log Amount, Description Length)",2026-08-26T10:47:43.666818+00:00
ANOM_001585,WORK,268485,MULTIVARIATE_WORK_OUTLIER,0.5,LOW,Two-feature multivariate outlier identified by Isolation Forest baseline (Score: 0.500; Recommended: ₹10.00; Description Length: 58 chars).,"{""recommended_amount"": 10.0, ""description_length"": 58, ""raw_anomaly_score"": 0.6423}",ISOLATION_FOREST_TWO_FEATURE_BASELINE,Contamination Top 1.5%,"Score=0.500 (Amt=₹10.00, Len=58)",0.985,,"Two-Feature Joint Feature Space (Log Amount, Description Length)",2026-08-26T10:47:43.666818+00:00
ANOM_001586,WORK,268486,MULTIVARIATE_WORK_OUTLIER,0.5,LOW,Two-feature multivariate outlier identified by Isolation Forest baseline (Score: 0.500; Recommended: ₹10.00; Description Length: 58 chars).,"{""recommended_amount"": 10.0, ""description_length"": 58, ""raw_anomaly_score"": 0.6423}",ISOLATION_FOREST_TWO_FEATURE_BASELINE,Contamination Top 1.5%,"Score=0.500 (Amt=₹10.00, Len=58)",0.985,,"Two-Feature Joint Feature Space (Log Amount, Description Length)",2026-08-26T10:47:43.666818+00:00
ANOM_001587,WORK,269388,MULTIVARIATE_WORK_OUTLIER,0.5,LOW,"Two-feature multivariate outlier identified by Isolation Forest baseline (Score: 0.500; Recommended: ₹997,000.00; Description Length: 266 chars).","{""recommended_amount"": 997000.0, ""description_length"": 266, ""raw_anomaly_score"": 0.6569}",ISOLATION_FOREST_TWO_FEATURE_BASELINE,Contamination Top 1.5%,"Score=0.500 (Amt=₹997,000.00, Len=266)",0.985,,"Two-Feature Joint Feature Space (Log Amount, Description Length)",2026-08-26T10:47:43.666818+00:00
ANOM_001588,WORK,270852,MULTIVARIATE_WORK_OUTLIER,0.5,LOW,"Two-feature multivariate outlier identified by Isolation Forest baseline (Score: 0.500; Recommended: ₹187,100.00; Description Length: 350 chars).","{""recommended_amount"": 187100.0, ""description_length"": 350, ""raw_anomaly_score"": 0.7155}",ISOLATION_FOREST_TWO_FEATURE_BASELINE,Contamination Top 1.5%,"Score=0.500 (Amt=₹187,100.00, Len=350)",0.985,,"Two-Feature Joint Feature Space (Log Amount, Description Length)",2026-08-26T10:47:43.666818+00:00
ANOM_001589,WORK,270854,MULTIVARIATE_WORK_OUTLIER,0.5,LOW,"Two-feature multivariate outlier identified by Isolation Forest baseline (Score: 0.500; Recommended: ₹476,500.00; Description Length: 378 chars).","{""recommended_amount"": 476500.0, ""description_length"": 378, ""raw_anomaly_score"": 0.7251}",ISOLATION_FOREST_TWO_FEATURE_BASELINE,Contamination Top 1.5%,"Score=0.500 (Amt=₹476,500.00, Len=378)",0.985,,"Two-Feature Joint Feature Space (Log Amount, Description Length)",2026-08-26T10:47:43.666818+00:00
ANOM_001590,WORK,277413,MULTIVARIATE_WORK_OUTLIER,0.5,LOW,"Two-feature multivariate outlier identified by Isolation Forest baseline (Score: 0.500; Recommended: ₹1,480,000.00; Description Length: 255 chars).","{""recommended_amount"": 1480000.0, ""description_length"": 255, ""raw_anomaly_score"": 0.6789}",ISOLATION_FOREST_TWO_FEATURE_BASELINE,Contamination Top 1.5%,"Score=0.500 (Amt=₹1,480,000.00, Len=255)",0.985,,"Two-Feature Joint Feature Space (Log Amount, Description Length)",2026-08-26T10:47:43.666818+00:00
ANOM_001591,WORK,277414,MULTIVARIATE_WORK_OUTLIER,0.5,LOW,"Two-feature multivariate outlier identified by Isolation Forest baseline (Score: 0.500; Recommended: ₹1,200,000.00; Description Length: 240 chars).","{""recommended_amount"": 1200000.0, ""description_length"": 240, ""raw_anomaly_score"": 0.6484}",ISOLATION_FOREST_TWO_FEATURE_BASELINE,Contamination Top 1.5%,"Score=0.500 (Amt=₹1,200,000.00, Len=240)",0.985,,"Two-Feature Joint Feature Space (Log Amount, Description Length)",2026-08-26T10:47:43.666818+00:00
ANOM_001592,WORK,277416,MULTIVARIATE_WORK_OUTLIER,0.5,LOW,"Two-feature multivariate outlier identified by Isolation Forest baseline (Score: 0.500; Recommended: ₹495,000.00; Description Length: 314 chars).","{""recommended_amount"": 495000.0, ""description_length"": 314, ""raw_anomaly_score"": 0.6775}",ISOLATION_FOREST_TWO_FEATURE_BASELINE,Contamination Top 1.5%,"Score=0.500 (Amt=₹495,000.00, Len=314)",0.985,,"Two-Feature Joint Feature Space (Log Amount, Description Length)",2026-08-26T10:47:43.666818+00:00
ANOM_001593,WORK,277417,MULTIVARIATE_WORK_OUTLIER,0.5,LOW,"Two-feature multivariate outlier identified by Isolation Forest baseline (Score: 0.500; Recommended: ₹1,600,000.00; Description Length: 273 chars).","{""recommended_amount"": 1600000.0, ""description_length"": 273, ""raw_anomaly_score"": 0.6955}",ISOLATION_FOREST_TWO_FEATURE_BASELINE,Contamination Top 1.5%,"Score=0.500 (Amt=₹1,600,000.00, Len=273)",0.985,,"Two-Feature Joint Feature Space (Log Amount, Description Length)",2026-08-26T10:47:43.666818+00:00
ANOM_001594,WORK,277418,MULTIVARIATE_WORK_OUTLIER,0.5,LOW,"Two-feature multivariate outlier identified by Isolation Forest baseline (Score: 0.500; Recommended: ₹1,200,000.00; Description Length: 372 chars).","{""recommended_amount"": 1200000.0, ""description_length"": 372, ""raw_anomaly_score"": 0.7467}",ISOLATION_FOREST_TWO_FEATURE_BASELINE,Contamination Top 1.5%,"Score=0.500 (Amt=₹1,200,000.00, Len=372)",0.985,,"Two-Feature Joint Feature Space (Log Amount, Description Length)",2026-08-26T10:47:43.666818+00:00
ANOM_001595,WORK,277419,MULTIVARIATE_WORK_OUTLIER,0.5,LOW,"Two-feature multivariate outlier identified by Isolation Forest baseline (Score: 0.500; Recommended: ₹1,200,000.00; Description Length: 276 chars).","{""recommended_amount"": 1200000.0, ""description_length"": 276, ""raw_anomaly_score"": 0.6879}",ISOLATION_FOREST_TWO_FEATURE_BASELINE,Contamination Top 1.5%,"Score=0.500 (Amt=₹1,200,000.00, Len=276)",0.985,,"Two-Feature Joint Feature Space (Log Amount, Description Length)",2026-08-26T10:47:43.666818+00:00
ANOM_001596,WORK,277420,MULTIVARIATE_WORK_OUTLIER,0.5,LOW,"Two-feature multivariate outlier identified by Isolation Forest baseline (Score: 0.500; Recommended: ₹1,200,000.00; Description Length: 328 chars).","{""recommended_amount"": 1200000.0, ""description_length"": 328, ""raw_anomaly_score"": 0.715}",ISOLATION_FOREST_TWO_FEATURE_BASELINE,Contamination Top 1.5%,"Score=0.500 (Amt=₹1,200,000.00, Len=328)",0.985,,"Two-Feature Joint Feature Space (Log Amount, Description Length)",2026-08-26T10:47:43.666818+00:00
ANOM_001597,WORK,277661,MULTIVARIATE_WORK_OUTLIER,0.5,LOW,"Two-feature multivariate outlier identified by Isolation Forest baseline (Score: 0.500; Recommended: ₹1,600,000.00; Description Length: 306 chars).","{""recommended_amount"": 1600000.0, ""description_length"": 306, ""raw_anomaly_score"": 0.7137}",ISOLATION_FOREST_TWO_FEATURE_BASELINE,Contamination Top 1.5%,"Score=0.500 (Amt=₹1,600,000.00, Len=306)",0.985,,"Two-Feature Joint Feature Space (Log Amount, Description Length)",2026-08-26T10:47:43.666818+00:00
ANOM_001598,WORK,277662,MULTIVARIATE_WORK_OUTLIER,0.5,LOW,"Two-feature multivariate outlier identified by Isolation Forest baseline (Score: 0.500; Recommended: ₹1,200,000.00; Description Length: 342 chars).","{""recommended_amount"": 1200000.0, ""description_length"": 342, ""raw_anomaly_score"": 0.7268}",ISOLATION_FOREST_TWO_FEATURE_BASELINE,Contamination Top 1.5%,"Score=0.500 (Amt=₹1,200,000.00, Len=342)",0.985,,"Two-Feature Joint Feature Space (Log Amount, Description Length)",2026-08-26T10:47:43.666818+00:00
ANOM_001599,WORK,277663,MULTIVARIATE_WORK_OUTLIER,0.5,LOW,"Two-feature multivariate outlier identified by Isolation Forest baseline (Score: 0.500; Recommended: ₹1,450,000.00; Description Length: 309 chars).","{""recommended_amount"": 1450000.0, ""description_length"": 309, ""raw_anomaly_score"": 0.7171}",ISOLATION_FOREST_TWO_FEATURE_BASELINE,Contamination Top 1.5%,"Score=0.500 (Amt=₹1,450,000.00, Len=309)",0.985,,"Two-Feature Joint Feature Space (Log Amount, Description Length)",2026-08-26T10:47:43.666818+00:00
ANOM_001600,WORK,277664,MULTIVARIATE_WORK_OUTLIER,0.5,LOW,"Two-feature multivariate outlier identified by Isolation Forest baseline (Score: 0.500; Recommended: ₹2,800,000.00; Description Length: 203 chars).","{""recommended_amount"": 2800000.0, ""description_length"": 203, ""raw_anomaly_score"": 0.6473}",ISOLATION_FOREST_TWO_FEATURE_BASELINE,Contamination Top 1.5%,"Score=0.500 (Amt=₹2,800,000.00, Len=203)",0.985,,"Two-Feature Joint Feature Space (Log Amount, Description Length)",2026-08-26T10:47:43.666818+00:00
ANOM_001601,WORK,277666,MULTIVARIATE_WORK_OUTLIER,0.5,LOW,"Two-feature multivariate outlier identified by Isolation Forest baseline (Score: 0.500; Recommended: ₹1,450,000.00; Description Length: 263 chars).","{""recommended_amount"": 1450000.0, ""description_length"": 263, ""raw_anomaly_score"": 0.6834}",ISOLATION_FOREST_TWO_FEATURE_BASELINE,Contamination Top 1.5%,"Score=0.500 (Amt=₹1,450,000.00, Len=263)",0.985,,"Two-Feature Joint Feature Space (Log Amount, Description Length)",2026-08-26T10:47:43.666818+00:00
ANOM_001602,WORK,277669,MULTIVARIATE_WORK_OUTLIER,0.5,LOW,"Two-feature multivariate outlier identified by Isolation Forest baseline (Score: 0.500; Recommended: ₹2,461,900.00; Description Length: 255 chars).","{""recommended_amount"": 2461900.0, ""description_length"": 255, ""raw_anomaly_score"": 0.6916}",ISOLATION_FOREST_TWO_FEATURE_BASELINE,Contamination Top 1.5%,"Score=0.500 (Amt=₹2,461,900.00, Len=255)",0.985,,"Two-Feature Joint Feature Space (Log Amount, Description Length)",2026-08-26T10:47:43.666818+00:00
ANOM_001603,WORK,277670,MULTIVARIATE_WORK_OUTLIER,0.5,LOW,"Two-feature multivariate outlier identified by Isolation Forest baseline (Score: 0.500; Recommended: ₹1,360,000.00; Description Length: 341 chars).","{""recommended_amount"": 1360000.0, ""description_length"": 341, ""raw_anomaly_score"": 0.7333}",ISOLATION_FOREST_TWO_FEATURE_BASELINE,Contamination Top 1.5%,"Score=0.500 (Amt=₹1,360,000.00, Len=341)",0.985,,"Two-Feature Joint Feature Space (Log Amount, Description Length)",2026-08-26T10:47:43.666818+00:00
ANOM_001604,WORK,277671,MULTIVARIATE_WORK_OUTLIER,0.5,LOW,"Two-feature multivariate outlier identified by Isolation Forest baseline (Score: 0.500; Recommended: ₹1,600,000.00; Description Length: 278 chars).","{""recommended_amount"": 1600000.0, ""description_length"": 278, ""raw_anomaly_score"": 0.6969}",ISOLATION_FOREST_TWO_FEATURE_BASELINE,Contamination Top 1.5%,"Score=0.500 (Amt=₹1,600,000.00, Len=278)",0.985,,"Two-Feature Joint Feature Space (Log Amount, Description Length)",2026-08-26T10:47:43.666818+00:00
ANOM_001605,WORK,277674,MULTIVARIATE_WORK_OUTLIER,0.5,LOW,"Two-feature multivariate outlier identified by Isolation Forest baseline (Score: 0.500; Recommended: ₹1,200,000.00; Description Length: 281 chars).","{""recommended_amount"": 1200000.0, ""description_length"": 281, ""raw_anomaly_score"": 0.6907}",ISOLATION_FOREST_TWO_FEATURE_BASELINE,Contamination Top 1.5%,"Score=0.500 (Amt=₹1,200,000.00, Len=281)",0.985,,"Two-Feature Joint Feature Space (Log Amount, Description Length)",2026-08-26T10:47:43.666818+00:00
ANOM_001606,WORK,278120,MULTIVARIATE_WORK_OUTLIER,0.5,LOW,"Two-feature multivariate outlier identified by Isolation Forest baseline (Score: 0.500; Recommended: ₹15,000.00; Description Length: 116 chars).","{""recommended_amount"": 15000.0, ""description_length"": 116, ""raw_anomaly_score"": 0.6416}",ISOLATION_FOREST_TWO_FEATURE_BASELINE,Contamination Top 1.5%,"Score=0.500 (Amt=₹15,000.00, Len=116)",0.985,,"Two-Feature Joint Feature Space (Log Amount, Description Length)",2026-08-26T10:47:43.666818+00:00
ANOM_001607,WORK,278382,MULTIVARIATE_WORK_OUTLIER,0.5,LOW,"Two-feature multivariate outlier identified by Isolation Forest baseline (Score: 0.500; Recommended: ₹1,750,000.00; Description Length: 347 chars).","{""recommended_amount"": 1750000.0, ""description_length"": 347, ""raw_anomaly_score"": 0.7438}",ISOLATION_FOREST_TWO_FEATURE_BASELINE,Contamination Top 1.5%,"Score=0.500 (Amt=₹1,750,000.00, Len=347)",0.985,,"Two-Feature Joint Feature Space (Log Amount, Description Length)",2026-08-26T10:47:43.666818+00:00
ANOM_001608,WORK,278383,MULTIVARIATE_WORK_OUTLIER,0.5,LOW,"Two-feature multivariate outlier identified by Isolation Forest baseline (Score: 0.500; Recommended: ₹1,441,000.00; Description Length: 343 chars).","{""recommended_amount"": 1441000.0, ""description_length"": 343, ""raw_anomaly_score"": 0.7368}",ISOLATION_FOREST_TWO_FEATURE_BASELINE,Contamination Top 1.5%,"Score=0.500 (Amt=₹1,441,000.00, Len=343)",0.985,,"Two-Feature Joint Feature Space (Log Amount, Description Length)",2026-08-26T10:47:43.666818+00:00
ANOM_001609,WORK,278384,MULTIVARIATE_WORK_OUTLIER,0.5,LOW,"Two-feature multivariate outlier identified by Isolation Forest baseline (Score: 0.500; Recommended: ₹1,595,000.00; Description Length: 314 chars).","{""recommended_amount"": 1595000.0, ""description_length"": 314, ""raw_anomaly_score"": 0.7195}",ISOLATION_FOREST_TWO_FEATURE_BASELINE,Contamination Top 1.5%,"Score=0.500 (Amt=₹1,595,000.00, Len=314)",0.985,,"Two-Feature Joint Feature Space (Log Amount, Description Length)",2026-08-26T10:47:43.666818+00:00
ANOM_001610,WORK,279669,MULTIVARIATE_WORK_OUTLIER,0.5,LOW,"Two-feature multivariate outlier identified by Isolation Forest baseline (Score: 0.500; Recommended: ₹924,000.00; Description Length: 255 chars).","{""recommended_amount"": 924000.0, ""description_length"": 255, ""raw_anomaly_score"": 0.6484}",ISOLATION_FOREST_TWO_FEATURE_BASELINE,Contamination Top 1.5%,"Score=0.500 (Amt=₹924,000.00, Len=255)",0.985,,"Two-Feature Joint Feature Space (Log Amount, Description Length)",2026-08-26T10:47:43.666818+00:00
ANOM_001611,WORK,283179,MULTIVARIATE_WORK_OUTLIER,0.5,LOW,"Two-feature multivariate outlier identified by Isolation Forest baseline (Score: 0.500; Recommended: ₹3,282,000.00; Description Length: 241 chars).","{""recommended_amount"": 3282000.0, ""description_length"": 241, ""raw_anomaly_score"": 0.6831}",ISOLATION_FOREST_TWO_FEATURE_BASELINE,Contamination Top 1.5%,"Score=0.500 (Amt=₹3,282,000.00, Len=241)",0.985,,"Two-Feature Joint Feature Space (Log Amount, Description Length)",2026-08-26T10:47:43.666818+00:00
ANOM_001612,WORK,283182,MULTIVARIATE_WORK_OUTLIER,0.5,LOW,"Two-feature multivariate outlier identified by Isolation Forest baseline (Score: 0.500; Recommended: ₹920,000.00; Description Length: 336 chars).","{""recommended_amount"": 920000.0, ""description_length"": 336, ""raw_anomaly_score"": 0.7107}",ISOLATION_FOREST_TWO_FEATURE_BASELINE,Contamination Top 1.5%,"Score=0.500 (Amt=₹920,000.00, Len=336)",0.985,,"Two-Feature Joint Feature Space (Log Amount, Description Length)",2026-08-26T10:47:43.666818+00:00
ANOM_001613,WORK,284983,MULTIVARIATE_WORK_OUTLIER,0.5,LOW,"Two-feature multivariate outlier identified by Isolation Forest baseline (Score: 0.500; Recommended: ₹1,021,000.00; Description Length: 254 chars).","{""recommended_amount"": 1021000.0, ""description_length"": 254, ""raw_anomaly_score"": 0.6493}",ISOLATION_FOREST_TWO_FEATURE_BASELINE,Contamination Top 1.5%,"Score=0.500 (Amt=₹1,021,000.00, Len=254)",0.985,,"Two-Feature Joint Feature Space (Log Amount, Description Length)",2026-08-26T10:47:43.666818+00:00
ANOM_001614,WORK,285442,MULTIVARIATE_WORK_OUTLIER,0.5,LOW,"Two-feature multivariate outlier identified by Isolation Forest baseline (Score: 0.500; Recommended: ₹361,000.00; Description Length: 372 chars).","{""recommended_amount"": 361000.0, ""description_length"": 372, ""raw_anomaly_score"": 0.7292}",ISOLATION_FOREST_TWO_FEATURE_BASELINE,Contamination Top 1.5%,"Score=0.500 (Amt=₹361,000.00, Len=372)",0.985,,"Two-Feature Joint Feature Space (Log Amount, Description Length)",2026-08-26T10:47:43.666818+00:00
ANOM_001615,WORK,286953,MULTIVARIATE_WORK_OUTLIER,0.5,LOW,"Two-feature multivariate outlier identified by Isolation Forest baseline (Score: 0.500; Recommended: ₹3,491,000.00; Description Length: 211 chars).","{""recommended_amount"": 3491000.0, ""description_length"": 211, ""raw_anomaly_score"": 0.665}",ISOLATION_FOREST_TWO_FEATURE_BASELINE,Contamination Top 1.5%,"Score=0.500 (Amt=₹3,491,000.00, Len=211)",0.985,,"Two-Feature Joint Feature Space (Log Amount, Description Length)",2026-08-26T10:47:43.666818+00:00
ANOM_001616,WORK,288181,MULTIVARIATE_WORK_OUTLIER,0.5,LOW,"Two-feature multivariate outlier identified by Isolation Forest baseline (Score: 0.500; Recommended: ₹2,611,000.00; Description Length: 211 chars).","{""recommended_amount"": 2611000.0, ""description_length"": 211, ""raw_anomaly_score"": 0.6484}",ISOLATION_FOREST_TWO_FEATURE_BASELINE,Contamination Top 1.5%,"Score=0.500 (Amt=₹2,611,000.00, Len=211)",0.985,,"Two-Feature Joint Feature Space (Log Amount, Description Length)",2026-08-26T10:47:43.666818+00:00
ANOM_001617,WORK,288189,MULTIVARIATE_WORK_OUTLIER,0.5,LOW,"Two-feature multivariate outlier identified by Isolation Forest baseline (Score: 0.500; Recommended: ₹1,510,000.00; Description Length: 240 chars).","{""recommended_amount"": 1510000.0, ""description_length"": 240, ""raw_anomaly_score"": 0.6605}",ISOLATION_FOREST_TWO_FEATURE_BASELINE,Contamination Top 1.5%,"Score=0.500 (Amt=₹1,510,000.00, Len=240)",0.985,,"Two-Feature Joint Feature Space (Log Amount, Description Length)",2026-08-26T10:47:43.666818+00:00
ANOM_001618,WORK,293349,MULTIVARIATE_WORK_OUTLIER,0.5,LOW,"Two-feature multivariate outlier identified by Isolation Forest baseline (Score: 0.500; Recommended: ₹1,000,000.00; Description Length: 337 chars).","{""recommended_amount"": 1000000.0, ""description_length"": 337, ""raw_anomaly_score"": 0.7051}",ISOLATION_FOREST_TWO_FEATURE_BASELINE,Contamination Top 1.5%,"Score=0.500 (Amt=₹1,000,000.00, Len=337)",0.985,,"Two-Feature Joint Feature Space (Log Amount, Description Length)",2026-08-26T10:47:43.666818+00:00
ANOM_001619,WORK,293470,MULTIVARIATE_WORK_OUTLIER,0.5,LOW,"Two-feature multivariate outlier identified by Isolation Forest baseline (Score: 0.500; Recommended: ₹358,000.00; Description Length: 317 chars).","{""recommended_amount"": 358000.0, ""description_length"": 317, ""raw_anomaly_score"": 0.7001}",ISOLATION_FOREST_TWO_FEATURE_BASELINE,Contamination Top 1.5%,"Score=0.500 (Amt=₹358,000.00, Len=317)",0.985,,"Two-Feature Joint Feature Space (Log Amount, Description Length)",2026-08-26T10:47:43.666818+00:00
ANOM_001620,WORK,293471,MULTIVARIATE_WORK_OUTLIER,0.5,LOW,"Two-feature multivariate outlier identified by Isolation Forest baseline (Score: 0.500; Recommended: ₹1,200,000.00; Description Length: 238 chars).","{""recommended_amount"": 1200000.0, ""description_length"": 238, ""raw_anomaly_score"": 0.6471}",ISOLATION_FOREST_TWO_FEATURE_BASELINE,Contamination Top 1.5%,"Score=0.500 (Amt=₹1,200,000.00, Len=238)",0.985,,"Two-Feature Joint Feature Space (Log Amount, Description Length)",2026-08-26T10:47:43.666818+00:00
ANOM_001621,WORK,294665,MULTIVARIATE_WORK_OUTLIER,0.5,LOW,"Two-feature multivariate outlier identified by Isolation Forest baseline (Score: 0.500; Recommended: ₹2,000,000.00; Description Length: 262 chars).","{""recommended_amount"": 2000000.0, ""description_length"": 262, ""raw_anomaly_score"": 0.6921}",ISOLATION_FOREST_TWO_FEATURE_BASELINE,Contamination Top 1.5%,"Score=0.500 (Amt=₹2,000,000.00, Len=262)",0.985,,"Two-Feature Joint Feature Space (Log Amount, Description Length)",2026-08-26T10:47:43.666818+00:00
ANOM_001622,WORK,294667,MULTIVARIATE_WORK_OUTLIER,0.5,LOW,"Two-feature multivariate outlier identified by Isolation Forest baseline (Score: 0.500; Recommended: ₹20,000.00; Description Length: 148 chars).","{""recommended_amount"": 20000.0, ""description_length"": 148, ""raw_anomaly_score"": 0.645}",ISOLATION_FOREST_TWO_FEATURE_BASELINE,Contamination Top 1.5%,"Score=0.500 (Amt=₹20,000.00, Len=148)",0.985,,"Two-Feature Joint Feature Space (Log Amount, Description Length)",2026-08-26T10:47:43.666818+00:00
ANOM_001623,WORK,294740,MULTIVARIATE_WORK_OUTLIER,0.5,LOW,"Two-feature multivariate outlier identified by Isolation Forest baseline (Score: 0.500; Recommended: ₹20,000.00; Description Length: 148 chars).","{""recommended_amount"": 20000.0, ""description_length"": 148, ""raw_anomaly_score"": 0.645}",ISOLATION_FOREST_TWO_FEATURE_BASELINE,Contamination Top 1.5%,"Score=0.500 (Amt=₹20,000.00, Len=148)",0.985,,"Two-Feature Joint Feature Space (Log Amount, Description Length)",2026-08-26T10:47:43.666818+00:00
ANOM_001624,WORK,300073,MULTIVARIATE_WORK_OUTLIER,0.5,LOW,Two-feature multivariate outlier identified by Isolation Forest baseline (Score: 0.500; Recommended: ₹466.00; Description Length: 96 chars).,"{""recommended_amount"": 466.0, ""description_length"": 96, ""raw_anomaly_score"": 0.6486}",ISOLATION_FOREST_TWO_FEATURE_BASELINE,Contamination Top 1.5%,"Score=0.500 (Amt=₹466.00, Len=96)",0.985,,"Two-Feature Joint Feature Space (Log Amount, Description Length)",2026-08-26T10:47:43.666818+00:00
ANOM_001625,WORK,300671,MULTIVARIATE_WORK_OUTLIER,0.5,LOW,"Two-feature multivariate outlier identified by Isolation Forest baseline (Score: 0.500; Recommended: ₹1,308,700.00; Description Length: 335 chars).","{""recommended_amount"": 1308700.0, ""description_length"": 335, ""raw_anomaly_score"": 0.7228}",ISOLATION_FOREST_TWO_FEATURE_BASELINE,Contamination Top 1.5%,"Score=0.500 (Amt=₹1,308,700.00, Len=335)",0.985,,"Two-Feature Joint Feature Space (Log Amount, Description Length)",2026-08-26T10:47:43.666818+00:00
ANOM_001626,WORK,300672,MULTIVARIATE_WORK_OUTLIER,0.5,LOW,"Two-feature multivariate outlier identified by Isolation Forest baseline (Score: 0.500; Recommended: ₹1,194,900.00; Description Length: 258 chars).","{""recommended_amount"": 1194900.0, ""description_length"": 258, ""raw_anomaly_score"": 0.6706}",ISOLATION_FOREST_TWO_FEATURE_BASELINE,Contamination Top 1.5%,"Score=0.500 (Amt=₹1,194,900.00, Len=258)",0.985,,"Two-Feature Joint Feature Space (Log Amount, Description Length)",2026-08-26T10:47:43.666818+00:00
ANOM_001629,WORK,300786,MULTIVARIATE_WORK_OUTLIER,0.5,LOW,"Two-feature multivariate outlier identified by Isolation Forest baseline (Score: 0.500; Recommended: ₹2,000,000.00; Description Length: 225 chars).","{""recommended_amount"": 2000000.0, ""description_length"": 225, ""raw_anomaly_score"": 0.6582}",ISOLATION_FOREST_TWO_FEATURE_BASELINE,Contamination Top 1.5%,"Score=0.500 (Amt=₹2,000,000.00, Len=225)",0.985,,"Two-Feature Joint Feature Space (Log Amount, Description Length)",2026-08-26T10:47:43.666818+00:00
ANOM_001630,WORK,300798,MULTIVARIATE_WORK_OUTLIER,0.5,LOW,"Two-feature multivariate outlier identified by Isolation Forest baseline (Score: 0.500; Recommended: ₹40,000.00; Description Length: 181 chars).","{""recommended_amount"": 40000.0, ""description_length"": 181, ""raw_anomaly_score"": 0.6469}",ISOLATION_FOREST_TWO_FEATURE_BASELINE,Contamination Top 1.5%,"Score=0.500 (Amt=₹40,000.00, Len=181)",0.985,,"Two-Feature Joint Feature Space (Log Amount, Description Length)",2026-08-26T10:47:43.666818+00:00
ANOM_001631,WORK,200591,MULTIVARIATE_WORK_OUTLIER,0.5,LOW,"Two-feature multivariate outlier identified by Isolation Forest baseline (Score: 0.500; Recommended: ₹13,664.00; Description Length: 153 chars).","{""recommended_amount"": 13664.0, ""description_length"": 153, ""raw_anomaly_score"": 0.6739}",ISOLATION_FOREST_TWO_FEATURE_BASELINE,Contamination Top 1.5%,"Score=0.500 (Amt=₹13,664.00, Len=153)",0.985,,"Two-Feature Joint Feature Space (Log Amount, Description Length)",2026-08-26T10:47:43.666818+00:00
ANOM_001632,WORK,209046,MULTIVARIATE_WORK_OUTLIER,0.5,LOW,"Two-feature multivariate outlier identified by Isolation Forest baseline (Score: 0.500; Recommended: ₹11,988.00; Description Length: 149 chars).","{""recommended_amount"": 11988.0, ""description_length"": 149, ""raw_anomaly_score"": 0.6768}",ISOLATION_FOREST_TWO_FEATURE_BASELINE,Contamination Top 1.5%,"Score=0.500 (Amt=₹11,988.00, Len=149)",0.985,,"Two-Feature Joint Feature Space (Log Amount, Description Length)",2026-08-26T10:47:43.666818+00:00
ANOM_001633,WORK,262966,MULTIVARIATE_WORK_OUTLIER,0.5,LOW,"Two-feature multivariate outlier identified by Isolation Forest baseline (Score: 0.500; Recommended: ₹150,000.00; Description Length: 255 chars).","{""recommended_amount"": 150000.0, ""description_length"": 255, ""raw_anomaly_score"": 0.6643}",ISOLATION_FOREST_TWO_FEATURE_BASELINE,Contamination Top 1.5%,"Score=0.500 (Amt=₹150,000.00, Len=255)",0.985,,"Two-Feature Joint Feature Space (Log Amount, Description Length)",2026-08-26T10:47:43.666818+00:00
ANOM_001634,WORK,299359,MULTIVARIATE_WORK_OUTLIER,0.5,LOW,"Two-feature multivariate outlier identified by Isolation Forest baseline (Score: 0.500; Recommended: ₹16,572.00; Description Length: 149 chars).","{""recommended_amount"": 16572.0, ""description_length"": 149, ""raw_anomaly_score"": 0.6685}",ISOLATION_FOREST_TWO_FEATURE_BASELINE,Contamination Top 1.5%,"Score=0.500 (Amt=₹16,572.00, Len=149)",0.985,,"Two-Feature Joint Feature Space (Log Amount, Description Length)",2026-08-26T10:47:43.666818+00:00
ANOM_001635,WORK,135003,MULTIVARIATE_WORK_OUTLIER,0.5,LOW,"Two-feature multivariate outlier identified by Isolation Forest baseline (Score: 0.500; Recommended: ₹586,716.00; Description Length: 275 chars).","{""recommended_amount"": 586716.0, ""description_length"": 275, ""raw_anomaly_score"": 0.6505}",ISOLATION_FOREST_TWO_FEATURE_BASELINE,Contamination Top 1.5%,"Score=0.500 (Amt=₹586,716.00, Len=275)",0.985,,"Two-Feature Joint Feature Space (Log Amount, Description Length)",2026-08-26T10:47:43.666818+00:00
ANOM_001636,WORK,135004,MULTIVARIATE_WORK_OUTLIER,0.5,LOW,"Two-feature multivariate outlier identified by Isolation Forest baseline (Score: 0.500; Recommended: ₹586,716.00; Description Length: 265 chars).","{""recommended_amount"": 586716.0, ""description_length"": 265, ""raw_anomaly_score"": 0.6422}",ISOLATION_FOREST_TWO_FEATURE_BASELINE,Contamination Top 1.5%,"Score=0.500 (Amt=₹586,716.00, Len=265)",0.985,,"Two-Feature Joint Feature Space (Log Amount, Description Length)",2026-08-26T10:47:43.666818+00:00
ANOM_001637,WORK,135177,MULTIVARIATE_WORK_OUTLIER,0.5,LOW,"Two-feature multivariate outlier identified by Isolation Forest baseline (Score: 0.500; Recommended: ₹586,716.00; Description Length: 278 chars).","{""recommended_amount"": 586716.0, ""description_length"": 278, ""raw_anomaly_score"": 0.6523}",ISOLATION_FOREST_TWO_FEATURE_BASELINE,Contamination Top 1.5%,"Score=0.500 (Amt=₹586,716.00, Len=278)",0.985,,"Two-Feature Joint Feature Space (Log Amount, Description Length)",2026-08-26T10:47:43.666818+00:00
ANOM_001638,WORK,135180,MULTIVARIATE_WORK_OUTLIER,0.5,LOW,"Two-feature multivariate outlier identified by Isolation Forest baseline (Score: 0.500; Recommended: ₹586,716.00; Description Length: 265 chars).","{""recommended_amount"": 586716.0, ""description_length"": 265, ""raw_anomaly_score"": 0.6422}",ISOLATION_FOREST_TWO_FEATURE_BASELINE,Contamination Top 1.5%,"Score=0.500 (Amt=₹586,716.00, Len=265)",0.985,,"Two-Feature Joint Feature Space (Log Amount, Description Length)",2026-08-26T10:47:43.666818+00:00
ANOM_001639,WORK,135182,MULTIVARIATE_WORK_OUTLIER,0.5,LOW,"Two-feature multivariate outlier identified by Isolation Forest baseline (Score: 0.500; Recommended: ₹586,716.00; Description Length: 281 chars).","{""recommended_amount"": 586716.0, ""description_length"": 281, ""raw_anomaly_score"": 0.6549}",ISOLATION_FOREST_TWO_FEATURE_BASELINE,Contamination Top 1.5%,"Score=0.500 (Amt=₹586,716.00, Len=281)",0.985,,"Two-Feature Joint Feature Space (Log Amount, Description Length)",2026-08-26T10:47:43.666818+00:00
ANOM_001640,WORK,135183,MULTIVARIATE_WORK_OUTLIER,0.5,LOW,"Two-feature multivariate outlier identified by Isolation Forest baseline (Score: 0.500; Recommended: ₹586,716.00; Description Length: 281 chars).","{""recommended_amount"": 586716.0, ""description_length"": 281, ""raw_anomaly_score"": 0.6549}",ISOLATION_FOREST_TWO_FEATURE_BASELINE,Contamination Top 1.5%,"Score=0.500 (Amt=₹586,716.00, Len=281)",0.985,,"Two-Feature Joint Feature Space (Log Amount, Description Length)",2026-08-26T10:47:43.666818+00:00
ANOM_001641,WORK,135184,MULTIVARIATE_WORK_OUTLIER,0.5,LOW,"Two-feature multivariate outlier identified by Isolation Forest baseline (Score: 0.500; Recommended: ₹586,716.00; Description Length: 280 chars).","{""recommended_amount"": 586716.0, ""description_length"": 280, ""raw_anomaly_score"": 0.6545}",ISOLATION_FOREST_TWO_FEATURE_BASELINE,Contamination Top 1.5%,"Score=0.500 (Amt=₹586,716.00, Len=280)",0.985,,"Two-Feature Joint Feature Space (Log Amount, Description Length)",2026-08-26T10:47:43.666818+00:00
ANOM_001642,WORK,135210,MULTIVARIATE_WORK_OUTLIER,0.5,LOW,"Two-feature multivariate outlier identified by Isolation Forest baseline (Score: 0.500; Recommended: ₹586,716.00; Description Length: 281 chars).","{""recommended_amount"": 586716.0, ""description_length"": 281, ""raw_anomaly_score"": 0.6549}",ISOLATION_FOREST_TWO_FEATURE_BASELINE,Contamination Top 1.5%,"Score=0.500 (Amt=₹586,716.00, Len=281)",0.985,,"Two-Feature Joint Feature Space (Log Amount, Description Length)",2026-08-26T10:47:43.666818+00:00
ANOM_001643,WORK,135211,MULTIVARIATE_WORK_OUTLIER,0.5,LOW,"Two-feature multivariate outlier identified by Isolation Forest baseline (Score: 0.500; Recommended: ₹586,716.00; Description Length: 282 chars).","{""recommended_amount"": 586716.0, ""description_length"": 282, ""raw_anomaly_score"": 0.6549}",ISOLATION_FOREST_TWO_FEATURE_BASELINE,Contamination Top 1.5%,"Score=0.500 (Amt=₹586,716.00, Len=282)",0.985,,"Two-Feature Joint Feature Space (Log Amount, Description Length)",2026-08-26T10:47:43.666818+00:00
ANOM_001644,WORK,135212,MULTIVARIATE_WORK_OUTLIER,0.5,LOW,"Two-feature multivariate outlier identified by Isolation Forest baseline (Score: 0.500; Recommended: ₹586,716.00; Description Length: 265 chars).","{""recommended_amount"": 586716.0, ""description_length"": 265, ""raw_anomaly_score"": 0.6422}",ISOLATION_FOREST_TWO_FEATURE_BASELINE,Contamination Top 1.5%,"Score=0.500 (Amt=₹586,716.00, Len=265)",0.985,,"Two-Feature Joint Feature Space (Log Amount, Description Length)",2026-08-26T10:47:43.666818+00:00
ANOM_001645,WORK,137433,MULTIVARIATE_WORK_OUTLIER,0.5,LOW,"Two-feature multivariate outlier identified by Isolation Forest baseline (Score: 0.500; Recommended: ₹2,651,990.00; Description Length: 217 chars).","{""recommended_amount"": 2651990.0, ""description_length"": 217, ""raw_anomaly_score"": 0.6542}",ISOLATION_FOREST_TWO_FEATURE_BASELINE,Contamination Top 1.5%,"Score=0.500 (Amt=₹2,651,990.00, Len=217)",0.985,,"Two-Feature Joint Feature Space (Log Amount, Description Length)",2026-08-26T10:47:43.666818+00:00
ANOM_001646,WORK,155978,MULTIVARIATE_WORK_OUTLIER,0.5,LOW,"Two-feature multivariate outlier identified by Isolation Forest baseline (Score: 0.500; Recommended: ₹172,500.00; Description Length: 400 chars).","{""recommended_amount"": 172500.0, ""description_length"": 400, ""raw_anomaly_score"": 0.7283}",ISOLATION_FOREST_TWO_FEATURE_BASELINE,Contamination Top 1.5%,"Score=0.500 (Amt=₹172,500.00, Len=400)",0.985,,"Two-Feature Joint Feature Space (Log Amount, Description Length)",2026-08-26T10:47:43.666818+00:00
ANOM_001647,WORK,155979,MULTIVARIATE_WORK_OUTLIER,0.5,LOW,"Two-feature multivariate outlier identified by Isolation Forest baseline (Score: 0.500; Recommended: ₹172,500.00; Description Length: 380 chars).","{""recommended_amount"": 172500.0, ""description_length"": 380, ""raw_anomaly_score"": 0.7274}",ISOLATION_FOREST_TWO_FEATURE_BASELINE,Contamination Top 1.5%,"Score=0.500 (Amt=₹172,500.00, Len=380)",0.985,,"Two-Feature Joint Feature Space (Log Amount, Description Length)",2026-08-26T10:47:43.666818+00:00
ANOM_001648,WORK,155980,MULTIVARIATE_WORK_OUTLIER,0.5,LOW,"Two-feature multivariate outlier identified by Isolation Forest baseline (Score: 0.500; Recommended: ₹172,500.00; Description Length: 457 chars).","{""recommended_amount"": 172500.0, ""description_length"": 457, ""raw_anomaly_score"": 0.7288}",ISOLATION_FOREST_TWO_FEATURE_BASELINE,Contamination Top 1.5%,"Score=0.500 (Amt=₹172,500.00, Len=457)",0.985,,"Two-Feature Joint Feature Space (Log Amount, Description Length)",2026-08-26T10:47:43.666818+00:00
ANOM_001649,WORK,155981,MULTIVARIATE_WORK_OUTLIER,0.5,LOW,"Two-feature multivariate outlier identified by Isolation Forest baseline (Score: 0.500; Recommended: ₹172,500.00; Description Length: 390 chars).","{""recommended_amount"": 172500.0, ""description_length"": 390, ""raw_anomaly_score"": 0.7279}",ISOLATION_FOREST_TWO_FEATURE_BASELINE,Contamination Top 1.5%,"Score=0.500 (Amt=₹172,500.00, Len=390)",0.985,,"Two-Feature Joint Feature Space (Log Amount, Description Length)",2026-08-26T10:47:43.666818+00:00
ANOM_001650,WORK,155982,MULTIVARIATE_WORK_OUTLIER,0.5,LOW,"Two-feature multivariate outlier identified by Isolation Forest baseline (Score: 0.500; Recommended: ₹69,000.00; Description Length: 265 chars).","{""recommended_amount"": 69000.0, ""description_length"": 265, ""raw_anomaly_score"": 0.6919}",ISOLATION_FOREST_TWO_FEATURE_BASELINE,Contamination Top 1.5%,"Score=0.500 (Amt=₹69,000.00, Len=265)",0.985,,"Two-Feature Joint Feature Space (Log Amount, Description Length)",2026-08-26T10:47:43.666818+00:00
ANOM_001651,WORK,155985,MULTIVARIATE_WORK_OUTLIER,0.5,LOW,"Two-feature multivariate outlier identified by Isolation Forest baseline (Score: 0.500; Recommended: ₹172,500.00; Description Length: 404 chars).","{""recommended_amount"": 172500.0, ""description_length"": 404, ""raw_anomaly_score"": 0.7283}",ISOLATION_FOREST_TWO_FEATURE_BASELINE,Contamination Top 1.5%,"Score=0.500 (Amt=₹172,500.00, Len=404)",0.985,,"Two-Feature Joint Feature Space (Log Amount, Description Length)",2026-08-26T10:47:43.666818+00:00
ANOM_001652,WORK,164095,MULTIVARIATE_WORK_OUTLIER,0.5,LOW,"Two-feature multivariate outlier identified by Isolation Forest baseline (Score: 0.500; Recommended: ₹804,644.00; Description Length: 260 chars).","{""recommended_amount"": 804644.0, ""description_length"": 260, ""raw_anomaly_score"": 0.6544}",ISOLATION_FOREST_TWO_FEATURE_BASELINE,Contamination Top 1.5%,"Score=0.500 (Amt=₹804,644.00, Len=260)",0.985,,"Two-Feature Joint Feature Space (Log Amount, Description Length)",2026-08-26T10:47:43.666818+00:00
ANOM_001653,WORK,164124,MULTIVARIATE_WORK_OUTLIER,0.5,LOW,"Two-feature multivariate outlier identified by Isolation Forest baseline (Score: 0.500; Recommended: ₹347,764.00; Description Length: 469 chars).","{""recommended_amount"": 347764.0, ""description_length"": 469, ""raw_anomaly_score"": 0.7379}",ISOLATION_FOREST_TWO_FEATURE_BASELINE,Contamination Top 1.5%,"Score=0.500 (Amt=₹347,764.00, Len=469)",0.985,,"Two-Feature Joint Feature Space (Log Amount, Description Length)",2026-08-26T10:47:43.666818+00:00
ANOM_001654,WORK,164125,MULTIVARIATE_WORK_OUTLIER,0.5,LOW,"Two-feature multivariate outlier identified by Isolation Forest baseline (Score: 0.500; Recommended: ₹347,764.00; Description Length: 450 chars).","{""recommended_amount"": 347764.0, ""description_length"": 450, ""raw_anomaly_score"": 0.7344}",ISOLATION_FOREST_TWO_FEATURE_BASELINE,Contamination Top 1.5%,"Score=0.500 (Amt=₹347,764.00, Len=450)",0.985,,"Two-Feature Joint Feature Space (Log Amount, Description Length)",2026-08-26T10:47:43.666818+00:00
ANOM_001655,WORK,164127,MULTIVARIATE_WORK_OUTLIER,0.5,LOW,"Two-feature multivariate outlier identified by Isolation Forest baseline (Score: 0.500; Recommended: ₹379,379.00; Description Length: 460 chars).","{""recommended_amount"": 379379.0, ""description_length"": 460, ""raw_anomaly_score"": 0.7381}",ISOLATION_FOREST_TWO_FEATURE_BASELINE,Contamination Top 1.5%,"Score=0.500 (Amt=₹379,379.00, Len=460)",0.985,,"Two-Feature Joint Feature Space (Log Amount, Description Length)",2026-08-26T10:47:43.666818+00:00
ANOM_001656,WORK,164130,MULTIVARIATE_WORK_OUTLIER,0.5,LOW,"Two-feature multivariate outlier identified by Isolation Forest baseline (Score: 0.500; Recommended: ₹379,379.00; Description Length: 469 chars).","{""recommended_amount"": 379379.0, ""description_length"": 469, ""raw_anomaly_score"": 0.7401}",ISOLATION_FOREST_TWO_FEATURE_BASELINE,Contamination Top 1.5%,"Score=0.500 (Amt=₹379,379.00, Len=469)",0.985,,"Two-Feature Joint Feature Space (Log Amount, Description Length)",2026-08-26T10:47:43.666818+00:00
ANOM_001657,WORK,164133,MULTIVARIATE_WORK_OUTLIER,0.5,LOW,"Two-feature multivariate outlier identified by Isolation Forest baseline (Score: 0.500; Recommended: ₹379,379.00; Description Length: 486 chars).","{""recommended_amount"": 379379.0, ""description_length"": 486, ""raw_anomaly_score"": 0.7401}",ISOLATION_FOREST_TWO_FEATURE_BASELINE,Contamination Top 1.5%,"Score=0.500 (Amt=₹379,379.00, Len=486)",0.985,,"Two-Feature Joint Feature Space (Log Amount, Description Length)",2026-08-26T10:47:43.666818+00:00
ANOM_001658,WORK,165076,MULTIVARIATE_WORK_OUTLIER,0.5,LOW,"Two-feature multivariate outlier identified by Isolation Forest baseline (Score: 0.500; Recommended: ₹1,050,000.00; Description Length: 461 chars).","{""recommended_amount"": 1050000.0, ""description_length"": 461, ""raw_anomaly_score"": 0.7391}",ISOLATION_FOREST_TWO_FEATURE_BASELINE,Contamination Top 1.5%,"Score=0.500 (Amt=₹1,050,000.00, Len=461)",0.985,,"Two-Feature Joint Feature Space (Log Amount, Description Length)",2026-08-26T10:47:43.666818+00:00
ANOM_001659,WORK,167575,MULTIVARIATE_WORK_OUTLIER,0.5,LOW,"Two-feature multivariate outlier identified by Isolation Forest baseline (Score: 0.500; Recommended: ₹2,628,806.00; Description Length: 209 chars).","{""recommended_amount"": 2628806.0, ""description_length"": 209, ""raw_anomaly_score"": 0.6471}",ISOLATION_FOREST_TWO_FEATURE_BASELINE,Contamination Top 1.5%,"Score=0.500 (Amt=₹2,628,806.00, Len=209)",0.985,,"Two-Feature Joint Feature Space (Log Amount, Description Length)",2026-08-26T10:47:43.666818+00:00
ANOM_001660,WORK,179134,MULTIVARIATE_WORK_OUTLIER,0.5,LOW,"Two-feature multivariate outlier identified by Isolation Forest baseline (Score: 0.500; Recommended: ₹379,379.00; Description Length: 499 chars).","{""recommended_amount"": 379379.0, ""description_length"": 499, ""raw_anomaly_score"": 0.7436}",ISOLATION_FOREST_TWO_FEATURE_BASELINE,Contamination Top 1.5%,"Score=0.500 (Amt=₹379,379.00, Len=499)",0.985,,"Two-Feature Joint Feature Space (Log Amount, Description Length)",2026-08-26T10:47:43.666818+00:00
ANOM_001661,WORK,188192,MULTIVARIATE_WORK_OUTLIER,0.5,LOW,"Two-feature multivariate outlier identified by Isolation Forest baseline (Score: 0.500; Recommended: ₹316,149.00; Description Length: 424 chars).","{""recommended_amount"": 316149.0, ""description_length"": 424, ""raw_anomaly_score"": 0.7324}",ISOLATION_FOREST_TWO_FEATURE_BASELINE,Contamination Top 1.5%,"Score=0.500 (Amt=₹316,149.00, Len=424)",0.985,,"Two-Feature Joint Feature Space (Log Amount, Description Length)",2026-08-26T10:47:43.666818+00:00
ANOM_001662,WORK,189523,MULTIVARIATE_WORK_OUTLIER,0.5,LOW,"Two-feature multivariate outlier identified by Isolation Forest baseline (Score: 0.500; Recommended: ₹4,820,000.00; Description Length: 188 chars).","{""recommended_amount"": 4820000.0, ""description_length"": 188, ""raw_anomaly_score"": 0.663}",ISOLATION_FOREST_TWO_FEATURE_BASELINE,Contamination Top 1.5%,"Score=0.500 (Amt=₹4,820,000.00, Len=188)",0.985,,"Two-Feature Joint Feature Space (Log Amount, Description Length)",2026-08-26T10:47:43.666818+00:00
ANOM_001663,WORK,190573,MULTIVARIATE_WORK_OUTLIER,0.5,LOW,"Two-feature multivariate outlier identified by Isolation Forest baseline (Score: 0.500; Recommended: ₹4,455,680.00; Description Length: 234 chars).","{""recommended_amount"": 4455680.0, ""description_length"": 234, ""raw_anomaly_score"": 0.6967}",ISOLATION_FOREST_TWO_FEATURE_BASELINE,Contamination Top 1.5%,"Score=0.500 (Amt=₹4,455,680.00, Len=234)",0.985,,"Two-Feature Joint Feature Space (Log Amount, Description Length)",2026-08-26T10:47:43.666818+00:00
ANOM_001664,WORK,195301,MULTIVARIATE_WORK_OUTLIER,0.5,LOW,"Two-feature multivariate outlier identified by Isolation Forest baseline (Score: 0.500; Recommended: ₹4,813,790.00; Description Length: 179 chars).","{""recommended_amount"": 4813790.0, ""description_length"": 179, ""raw_anomaly_score"": 0.6545}",ISOLATION_FOREST_TWO_FEATURE_BASELINE,Contamination Top 1.5%,"Score=0.500 (Amt=₹4,813,790.00, Len=179)",0.985,,"Two-Feature Joint Feature Space (Log Amount, Description Length)",2026-08-26T10:47:43.666818+00:00
ANOM_001665,WORK,195306,MULTIVARIATE_WORK_OUTLIER,0.5,LOW,"Two-feature multivariate outlier identified by Isolation Forest baseline (Score: 0.500; Recommended: ₹2,672,374.00; Description Length: 222 chars).","{""recommended_amount"": 2672374.0, ""description_length"": 222, ""raw_anomaly_score"": 0.667}",ISOLATION_FOREST_TWO_FEATURE_BASELINE,Contamination Top 1.5%,"Score=0.500 (Amt=₹2,672,374.00, Len=222)",0.985,,"Two-Feature Joint Feature Space (Log Amount, Description Length)",2026-08-26T10:47:43.666818+00:00
ANOM_001666,WORK,195307,MULTIVARIATE_WORK_OUTLIER,0.5,LOW,"Two-feature multivariate outlier identified by Isolation Forest baseline (Score: 0.500; Recommended: ₹4,512,928.00; Description Length: 174 chars).","{""recommended_amount"": 4512928.0, ""description_length"": 174, ""raw_anomaly_score"": 0.6468}",ISOLATION_FOREST_TWO_FEATURE_BASELINE,Contamination Top 1.5%,"Score=0.500 (Amt=₹4,512,928.00, Len=174)",0.985,,"Two-Feature Joint Feature Space (Log Amount, Description Length)",2026-08-26T10:47:43.666818+00:00
ANOM_001667,WORK,196342,MULTIVARIATE_WORK_OUTLIER,0.5,LOW,"Two-feature multivariate outlier identified by Isolation Forest baseline (Score: 0.500; Recommended: ₹379,555.00; Description Length: 443 chars).","{""recommended_amount"": 379555.0, ""description_length"": 443, ""raw_anomaly_score"": 0.7366}",ISOLATION_FOREST_TWO_FEATURE_BASELINE,Contamination Top 1.5%,"Score=0.500 (Amt=₹379,555.00, Len=443)",0.985,,"Two-Feature Joint Feature Space (Log Amount, Description Length)",2026-08-26T10:47:43.666818+00:00
ANOM_001668,WORK,196345,MULTIVARIATE_WORK_OUTLIER,0.5,LOW,"Two-feature multivariate outlier identified by Isolation Forest baseline (Score: 0.500; Recommended: ₹310,545.00; Description Length: 462 chars).","{""recommended_amount"": 310545.0, ""description_length"": 462, ""raw_anomaly_score"": 0.7329}",ISOLATION_FOREST_TWO_FEATURE_BASELINE,Contamination Top 1.5%,"Score=0.500 (Amt=₹310,545.00, Len=462)",0.985,,"Two-Feature Joint Feature Space (Log Amount, Description Length)",2026-08-26T10:47:43.666818+00:00
ANOM_001669,WORK,196347,MULTIVARIATE_WORK_OUTLIER,0.5,LOW,"Two-feature multivariate outlier identified by Isolation Forest baseline (Score: 0.500; Recommended: ₹448,565.00; Description Length: 499 chars).","{""recommended_amount"": 448565.0, ""description_length"": 499, ""raw_anomaly_score"": 0.7363}",ISOLATION_FOREST_TWO_FEATURE_BASELINE,Contamination Top 1.5%,"Score=0.500 (Amt=₹448,565.00, Len=499)",0.985,,"Two-Feature Joint Feature Space (Log Amount, Description Length)",2026-08-26T10:47:43.666818+00:00
ANOM_001670,WORK,196478,MULTIVARIATE_WORK_OUTLIER,0.5,LOW,"Two-feature multivariate outlier identified by Isolation Forest baseline (Score: 0.500; Recommended: ₹276,040.00; Description Length: 349 chars).","{""recommended_amount"": 276040.0, ""description_length"": 349, ""raw_anomaly_score"": 0.7151}",ISOLATION_FOREST_TWO_FEATURE_BASELINE,Contamination Top 1.5%,"Score=0.500 (Amt=₹276,040.00, Len=349)",0.985,,"Two-Feature Joint Feature Space (Log Amount, Description Length)",2026-08-26T10:47:43.666818+00:00
ANOM_001671,WORK,196479,MULTIVARIATE_WORK_OUTLIER,0.5,LOW,"Two-feature multivariate outlier identified by Isolation Forest baseline (Score: 0.500; Recommended: ₹310,545.00; Description Length: 391 chars).","{""recommended_amount"": 310545.0, ""description_length"": 391, ""raw_anomaly_score"": 0.7294}",ISOLATION_FOREST_TWO_FEATURE_BASELINE,Contamination Top 1.5%,"Score=0.500 (Amt=₹310,545.00, Len=391)",0.985,,"Two-Feature Joint Feature Space (Log Amount, Description Length)",2026-08-26T10:47:43.666818+00:00
ANOM_001672,WORK,196943,MULTIVARIATE_WORK_OUTLIER,0.5,LOW,"Two-feature multivariate outlier identified by Isolation Forest baseline (Score: 0.500; Recommended: ₹3,500,000.00; Description Length: 13 chars).","{""recommended_amount"": 3500000.0, ""description_length"": 13, ""raw_anomaly_score"": 0.6475}",ISOLATION_FOREST_TWO_FEATURE_BASELINE,Contamination Top 1.5%,"Score=0.500 (Amt=₹3,500,000.00, Len=13)",0.985,,"Two-Feature Joint Feature Space (Log Amount, Description Length)",2026-08-26T10:47:43.666818+00:00
ANOM_001673,WORK,196958,MULTIVARIATE_WORK_OUTLIER,0.5,LOW,"Two-feature multivariate outlier identified by Isolation Forest baseline (Score: 0.500; Recommended: ₹35,000.00; Description Length: 11 chars).","{""recommended_amount"": 35000.0, ""description_length"": 11, ""raw_anomaly_score"": 0.6556}",ISOLATION_FOREST_TWO_FEATURE_BASELINE,Contamination Top 1.5%,"Score=0.500 (Amt=₹35,000.00, Len=11)",0.985,,"Two-Feature Joint Feature Space (Log Amount, Description Length)",2026-08-26T10:47:43.666818+00:00
ANOM_001674,WORK,196959,MULTIVARIATE_WORK_OUTLIER,0.5,LOW,"Two-feature multivariate outlier identified by Isolation Forest baseline (Score: 0.500; Recommended: ₹35,000.00; Description Length: 11 chars).","{""recommended_amount"": 35000.0, ""description_length"": 11, ""raw_anomaly_score"": 0.6556}",ISOLATION_FOREST_TWO_FEATURE_BASELINE,Contamination Top 1.5%,"Score=0.500 (Amt=₹35,000.00, Len=11)",0.985,,"Two-Feature Joint Feature Space (Log Amount, Description Length)",2026-08-26T10:47:43.666818+00:00
ANOM_001675,WORK,196960,MULTIVARIATE_WORK_OUTLIER,0.5,LOW,"Two-feature multivariate outlier identified by Isolation Forest baseline (Score: 0.500; Recommended: ₹35,000.00; Description Length: 11 chars).","{""recommended_amount"": 35000.0, ""description_length"": 11, ""raw_anomaly_score"": 0.6556}",ISOLATION_FOREST_TWO_FEATURE_BASELINE,Contamination Top 1.5%,"Score=0.500 (Amt=₹35,000.00, Len=11)",0.985,,"Two-Feature Joint Feature Space (Log Amount, Description Length)",2026-08-26T10:47:43.666818+00:00
ANOM_001676,WORK,196961,MULTIVARIATE_WORK_OUTLIER,0.5,LOW,"Two-feature multivariate outlier identified by Isolation Forest baseline (Score: 0.500; Recommended: ₹35,000.00; Description Length: 11 chars).","{""recommended_amount"": 35000.0, ""description_length"": 11, ""raw_anomaly_score"": 0.6556}",ISOLATION_FOREST_TWO_FEATURE_BASELINE,Contamination Top 1.5%,"Score=0.500 (Amt=₹35,000.00, Len=11)",0.985,,"Two-Feature Joint Feature Space (Log Amount, Description Length)",2026-08-26T10:47:43.666818+00:00
ANOM_001677,WORK,196962,MULTIVARIATE_WORK_OUTLIER,0.5,LOW,"Two-feature multivariate outlier identified by Isolation Forest baseline (Score: 0.500; Recommended: ₹35,000.00; Description Length: 11 chars).","{""recommended_amount"": 35000.0, ""description_length"": 11, ""raw_anomaly_score"": 0.6556}",ISOLATION_FOREST_TWO_FEATURE_BASELINE,Contamination Top 1.5%,"Score=0.500 (Amt=₹35,000.00, Len=11)",0.985,,"Two-Feature Joint Feature Space (Log Amount, Description Length)",2026-08-26T10:47:43.666818+00:00
ANOM_001678,WORK,196963,MULTIVARIATE_WORK_OUTLIER,0.5,LOW,"Two-feature multivariate outlier identified by Isolation Forest baseline (Score: 0.500; Recommended: ₹35,000.00; Description Length: 11 chars).","{""recommended_amount"": 35000.0, ""description_length"": 11, ""raw_anomaly_score"": 0.6556}",ISOLATION_FOREST_TWO_FEATURE_BASELINE,Contamination Top 1.5%,"Score=0.500 (Amt=₹35,000.00, Len=11)",0.985,,"Two-Feature Joint Feature Space (Log Amount, Description Length)",2026-08-26T10:47:43.666818+00:00
ANOM_001679,WORK,196964,MULTIVARIATE_WORK_OUTLIER,0.5,LOW,"Two-feature multivariate outlier identified by Isolation Forest baseline (Score: 0.500; Recommended: ₹35,000.00; Description Length: 11 chars).","{""recommended_amount"": 35000.0, ""description_length"": 11, ""raw_anomaly_score"": 0.6556}",ISOLATION_FOREST_TWO_FEATURE_BASELINE,Contamination Top 1.5%,"Score=0.500 (Amt=₹35,000.00, Len=11)",0.985,,"Two-Feature Joint Feature Space (Log Amount, Description Length)",2026-08-26T10:47:43.666818+00:00
ANOM_001680,WORK,198758,MULTIVARIATE_WORK_OUTLIER,0.5,LOW,"Two-feature multivariate outlier identified by Isolation Forest baseline (Score: 0.500; Recommended: ₹310,545.00; Description Length: 364 chars).","{""recommended_amount"": 310545.0, ""description_length"": 364, ""raw_anomaly_score"": 0.7195}",ISOLATION_FOREST_TWO_FEATURE_BASELINE,Contamination Top 1.5%,"Score=0.500 (Amt=₹310,545.00, Len=364)",0.985,,"Two-Feature Joint Feature Space (Log Amount, Description Length)",2026-08-26T10:47:43.666818+00:00
ANOM_001681,WORK,198764,MULTIVARIATE_WORK_OUTLIER,0.5,LOW,"Two-feature multivariate outlier identified by Isolation Forest baseline (Score: 0.500; Recommended: ₹276,040.00; Description Length: 331 chars).","{""recommended_amount"": 276040.0, ""description_length"": 331, ""raw_anomaly_score"": 0.7051}",ISOLATION_FOREST_TWO_FEATURE_BASELINE,Contamination Top 1.5%,"Score=0.500 (Amt=₹276,040.00, Len=331)",0.985,,"Two-Feature Joint Feature Space (Log Amount, Description Length)",2026-08-26T10:47:43.666818+00:00
ANOM_001682,WORK,198779,MULTIVARIATE_WORK_OUTLIER,0.5,LOW,"Two-feature multivariate outlier identified by Isolation Forest baseline (Score: 0.500; Recommended: ₹338,190.00; Description Length: 414 chars).","{""recommended_amount"": 338190.0, ""description_length"": 414, ""raw_anomaly_score"": 0.7329}",ISOLATION_FOREST_TWO_FEATURE_BASELINE,Contamination Top 1.5%,"Score=0.500 (Amt=₹338,190.00, Len=414)",0.985,,"Two-Feature Joint Feature Space (Log Amount, Description Length)",2026-08-26T10:47:43.666818+00:00
ANOM_001683,WORK,201748,MULTIVARIATE_WORK_OUTLIER,0.5,LOW,"Two-feature multivariate outlier identified by Isolation Forest baseline (Score: 0.500; Recommended: ₹1,500,000.00; Description Length: 259 chars).","{""recommended_amount"": 1500000.0, ""description_length"": 259, ""raw_anomaly_score"": 0.6829}",ISOLATION_FOREST_TWO_FEATURE_BASELINE,Contamination Top 1.5%,"Score=0.500 (Amt=₹1,500,000.00, Len=259)",0.985,,"Two-Feature Joint Feature Space (Log Amount, Description Length)",2026-08-26T10:47:43.666818+00:00
ANOM_001684,WORK,202952,MULTIVARIATE_WORK_OUTLIER,0.5,LOW,"Two-feature multivariate outlier identified by Isolation Forest baseline (Score: 0.500; Recommended: ₹126,500.00; Description Length: 281 chars).","{""recommended_amount"": 126500.0, ""description_length"": 281, ""raw_anomaly_score"": 0.6857}",ISOLATION_FOREST_TWO_FEATURE_BASELINE,Contamination Top 1.5%,"Score=0.500 (Amt=₹126,500.00, Len=281)",0.985,,"Two-Feature Joint Feature Space (Log Amount, Description Length)",2026-08-26T10:47:43.666818+00:00
ANOM_001685,WORK,207635,MULTIVARIATE_WORK_OUTLIER,0.5,LOW,"Two-feature multivariate outlier identified by Isolation Forest baseline (Score: 0.500; Recommended: ₹297,508.00; Description Length: 280 chars).","{""recommended_amount"": 297508.0, ""description_length"": 280, ""raw_anomaly_score"": 0.6708}",ISOLATION_FOREST_TWO_FEATURE_BASELINE,Contamination Top 1.5%,"Score=0.500 (Amt=₹297,508.00, Len=280)",0.985,,"Two-Feature Joint Feature Space (Log Amount, Description Length)",2026-08-26T10:47:43.666818+00:00
ANOM_001687,WORK,210250,MULTIVARIATE_WORK_OUTLIER,0.5,LOW,"Two-feature multivariate outlier identified by Isolation Forest baseline (Score: 0.500; Recommended: ₹2,450,000.00; Description Length: 260 chars).","{""recommended_amount"": 2450000.0, ""description_length"": 260, ""raw_anomaly_score"": 0.6949}",ISOLATION_FOREST_TWO_FEATURE_BASELINE,Contamination Top 1.5%,"Score=0.500 (Amt=₹2,450,000.00, Len=260)",0.985,,"Two-Feature Joint Feature Space (Log Amount, Description Length)",2026-08-26T10:47:43.666818+00:00
ANOM_001688,WORK,210259,MULTIVARIATE_WORK_OUTLIER,0.5,LOW,"Two-feature multivariate outlier identified by Isolation Forest baseline (Score: 0.500; Recommended: ₹2,450,000.00; Description Length: 261 chars).","{""recommended_amount"": 2450000.0, ""description_length"": 261, ""raw_anomaly_score"": 0.6949}",ISOLATION_FOREST_TWO_FEATURE_BASELINE,Contamination Top 1.5%,"Score=0.500 (Amt=₹2,450,000.00, Len=261)",0.985,,"Two-Feature Joint Feature Space (Log Amount, Description Length)",2026-08-26T10:47:43.666818+00:00
ANOM_001689,WORK,210262,MULTIVARIATE_WORK_OUTLIER,0.5,LOW,"Two-feature multivariate outlier identified by Isolation Forest baseline (Score: 0.500; Recommended: ₹3,500,000.00; Description Length: 259 chars).","{""recommended_amount"": 3500000.0, ""description_length"": 259, ""raw_anomaly_score"": 0.7102}",ISOLATION_FOREST_TWO_FEATURE_BASELINE,Contamination Top 1.5%,"Score=0.500 (Amt=₹3,500,000.00, Len=259)",0.985,,"Two-Feature Joint Feature Space (Log Amount, Description Length)",2026-08-26T10:47:43.666818+00:00
ANOM_001690,WORK,210267,MULTIVARIATE_WORK_OUTLIER,0.5,LOW,"Two-feature multivariate outlier identified by Isolation Forest baseline (Score: 0.500; Recommended: ₹2,100,000.00; Description Length: 261 chars).","{""recommended_amount"": 2100000.0, ""description_length"": 261, ""raw_anomaly_score"": 0.6935}",ISOLATION_FOREST_TWO_FEATURE_BASELINE,Contamination Top 1.5%,"Score=0.500 (Amt=₹2,100,000.00, Len=261)",0.985,,"Two-Feature Joint Feature Space (Log Amount, Description Length)",2026-08-26T10:47:43.666818+00:00
ANOM_001691,WORK,210660,MULTIVARIATE_WORK_OUTLIER,0.5,LOW,"Two-feature multivariate outlier identified by Isolation Forest baseline (Score: 0.500; Recommended: ₹2,172,000.00; Description Length: 224 chars).","{""recommended_amount"": 2172000.0, ""description_length"": 224, ""raw_anomaly_score"": 0.6617}",ISOLATION_FOREST_TWO_FEATURE_BASELINE,Contamination Top 1.5%,"Score=0.500 (Amt=₹2,172,000.00, Len=224)",0.985,,"Two-Feature Joint Feature Space (Log Amount, Description Length)",2026-08-26T10:47:43.666818+00:00
ANOM_001692,WORK,210697,MULTIVARIATE_WORK_OUTLIER,0.5,LOW,"Two-feature multivariate outlier identified by Isolation Forest baseline (Score: 0.500; Recommended: ₹1,450,000.00; Description Length: 265 chars).","{""recommended_amount"": 1450000.0, ""description_length"": 265, ""raw_anomaly_score"": 0.6866}",ISOLATION_FOREST_TWO_FEATURE_BASELINE,Contamination Top 1.5%,"Score=0.500 (Amt=₹1,450,000.00, Len=265)",0.985,,"Two-Feature Joint Feature Space (Log Amount, Description Length)",2026-08-26T10:47:43.666818+00:00
ANOM_001693,WORK,210892,MULTIVARIATE_WORK_OUTLIER,0.5,LOW,"Two-feature multivariate outlier identified by Isolation Forest baseline (Score: 0.500; Recommended: ₹3,000,000.00; Description Length: 213 chars).","{""recommended_amount"": 3000000.0, ""description_length"": 213, ""raw_anomaly_score"": 0.6601}",ISOLATION_FOREST_TWO_FEATURE_BASELINE,Contamination Top 1.5%,"Score=0.500 (Amt=₹3,000,000.00, Len=213)",0.985,,"Two-Feature Joint Feature Space (Log Amount, Description Length)",2026-08-26T10:47:43.666818+00:00
ANOM_001694,WORK,210894,MULTIVARIATE_WORK_OUTLIER,0.5,LOW,"Two-feature multivariate outlier identified by Isolation Forest baseline (Score: 0.500; Recommended: ₹1,300,000.00; Description Length: 299 chars).","{""recommended_amount"": 1300000.0, ""description_length"": 299, ""raw_anomaly_score"": 0.7022}",ISOLATION_FOREST_TWO_FEATURE_BASELINE,Contamination Top 1.5%,"Score=0.500 (Amt=₹1,300,000.00, Len=299)",0.985,,"Two-Feature Joint Feature Space (Log Amount, Description Length)",2026-08-26T10:47:43.666818+00:00
ANOM_001695,WORK,230636,MULTIVARIATE_WORK_OUTLIER,0.5,LOW,"Two-feature multivariate outlier identified by Isolation Forest baseline (Score: 0.500; Recommended: ₹160,000.00; Description Length: 239 chars).","{""recommended_amount"": 160000.0, ""description_length"": 239, ""raw_anomaly_score"": 0.6449}",ISOLATION_FOREST_TWO_FEATURE_BASELINE,Contamination Top 1.5%,"Score=0.500 (Amt=₹160,000.00, Len=239)",0.985,,"Two-Feature Joint Feature Space (Log Amount, Description Length)",2026-08-26T10:47:43.666818+00:00
ANOM_001696,WORK,230637,MULTIVARIATE_WORK_OUTLIER,0.5,LOW,"Two-feature multivariate outlier identified by Isolation Forest baseline (Score: 0.500; Recommended: ₹250,000.00; Description Length: 256 chars).","{""recommended_amount"": 250000.0, ""description_length"": 256, ""raw_anomaly_score"": 0.6562}",ISOLATION_FOREST_TWO_FEATURE_BASELINE,Contamination Top 1.5%,"Score=0.500 (Amt=₹250,000.00, Len=256)",0.985,,"Two-Feature Joint Feature Space (Log Amount, Description Length)",2026-08-26T10:47:43.666818+00:00
ANOM_001697,WORK,231658,MULTIVARIATE_WORK_OUTLIER,0.5,LOW,"Two-feature multivariate outlier identified by Isolation Forest baseline (Score: 0.500; Recommended: ₹34,025.90; Description Length: 11 chars).","{""recommended_amount"": 34025.9, ""description_length"": 11, ""raw_anomaly_score"": 0.6556}",ISOLATION_FOREST_TWO_FEATURE_BASELINE,Contamination Top 1.5%,"Score=0.500 (Amt=₹34,025.90, Len=11)",0.985,,"Two-Feature Joint Feature Space (Log Amount, Description Length)",2026-08-26T10:47:43.666818+00:00
ANOM_001698,WORK,231659,MULTIVARIATE_WORK_OUTLIER,0.5,LOW,"Two-feature multivariate outlier identified by Isolation Forest baseline (Score: 0.500; Recommended: ₹34,025.90; Description Length: 11 chars).","{""recommended_amount"": 34025.9, ""description_length"": 11, ""raw_anomaly_score"": 0.6556}",ISOLATION_FOREST_TWO_FEATURE_BASELINE,Contamination Top 1.5%,"Score=0.500 (Amt=₹34,025.90, Len=11)",0.985,,"Two-Feature Joint Feature Space (Log Amount, Description Length)",2026-08-26T10:47:43.666818+00:00
ANOM_001699,WORK,231660,MULTIVARIATE_WORK_OUTLIER,0.5,LOW,"Two-feature multivariate outlier identified by Isolation Forest baseline (Score: 0.500; Recommended: ₹34,025.90; Description Length: 11 chars).","{""recommended_amount"": 34025.9, ""description_length"": 11, ""raw_anomaly_score"": 0.6556}",ISOLATION_FOREST_TWO_FEATURE_BASELINE,Contamination Top 1.5%,"Score=0.500 (Amt=₹34,025.90, Len=11)",0.985,,"Two-Feature Joint Feature Space (Log Amount, Description Length)",2026-08-26T10:47:43.666818+00:00
ANOM_001700,WORK,231661,MULTIVARIATE_WORK_OUTLIER,0.5,LOW,"Two-feature multivariate outlier identified by Isolation Forest baseline (Score: 0.500; Recommended: ₹34,025.90; Description Length: 11 chars).","{""recommended_amount"": 34025.9, ""description_length"": 11, ""raw_anomaly_score"": 0.6556}",ISOLATION_FOREST_TWO_FEATURE_BASELINE,Contamination Top 1.5%,"Score=0.500 (Amt=₹34,025.90, Len=11)",0.985,,"Two-Feature Joint Feature Space (Log Amount, Description Length)",2026-08-26T10:47:43.666818+00:00
ANOM_001701,WORK,231662,MULTIVARIATE_WORK_OUTLIER,0.5,LOW,"Two-feature multivariate outlier identified by Isolation Forest baseline (Score: 0.500; Recommended: ₹34,025.90; Description Length: 11 chars).","{""recommended_amount"": 34025.9, ""description_length"": 11, ""raw_anomaly_score"": 0.6556}",ISOLATION_FOREST_TWO_FEATURE_BASELINE,Contamination Top 1.5%,"Score=0.500 (Amt=₹34,025.90, Len=11)",0.985,,"Two-Feature Joint Feature Space (Log Amount, Description Length)",2026-08-26T10:47:43.666818+00:00
ANOM_001702,WORK,231663,MULTIVARIATE_WORK_OUTLIER,0.5,LOW,"Two-feature multivariate outlier identified by Isolation Forest baseline (Score: 0.500; Recommended: ₹34,025.90; Description Length: 11 chars).","{""recommended_amount"": 34025.9, ""description_length"": 11, ""raw_anomaly_score"": 0.6556}",ISOLATION_FOREST_TWO_FEATURE_BASELINE,Contamination Top 1.5%,"Score=0.500 (Amt=₹34,025.90, Len=11)",0.985,,"Two-Feature Joint Feature Space (Log Amount, Description Length)",2026-08-26T10:47:43.666818+00:00
ANOM_001703,WORK,231664,MULTIVARIATE_WORK_OUTLIER,0.5,LOW,"Two-feature multivariate outlier identified by Isolation Forest baseline (Score: 0.500; Recommended: ₹34,025.90; Description Length: 11 chars).","{""recommended_amount"": 34025.9, ""description_length"": 11, ""raw_anomaly_score"": 0.6556}",ISOLATION_FOREST_TWO_FEATURE_BASELINE,Contamination Top 1.5%,"Score=0.500 (Amt=₹34,025.90, Len=11)",0.985,,"Two-Feature Joint Feature Space (Log Amount, Description Length)",2026-08-26T10:47:43.666818+00:00
ANOM_001704,WORK,231665,MULTIVARIATE_WORK_OUTLIER,0.5,LOW,"Two-feature multivariate outlier identified by Isolation Forest baseline (Score: 0.500; Recommended: ₹34,025.90; Description Length: 11 chars).","{""recommended_amount"": 34025.9, ""description_length"": 11, ""raw_anomaly_score"": 0.6556}",ISOLATION_FOREST_TWO_FEATURE_BASELINE,Contamination Top 1.5%,"Score=0.500 (Amt=₹34,025.90, Len=11)",0.985,,"Two-Feature Joint Feature Space (Log Amount, Description Length)",2026-08-26T10:47:43.666818+00:00
ANOM_001705,WORK,231666,MULTIVARIATE_WORK_OUTLIER,0.5,LOW,"Two-feature multivariate outlier identified by Isolation Forest baseline (Score: 0.500; Recommended: ₹34,025.90; Description Length: 11 chars).","{""recommended_amount"": 34025.9, ""description_length"": 11, ""raw_anomaly_score"": 0.6556}",ISOLATION_FOREST_TWO_FEATURE_BASELINE,Contamination Top 1.5%,"Score=0.500 (Amt=₹34,025.90, Len=11)",0.985,,"Two-Feature Joint Feature Space (Log Amount, Description Length)",2026-08-26T10:47:43.666818+00:00
ANOM_001706,WORK,231667,MULTIVARIATE_WORK_OUTLIER,0.5,LOW,"Two-feature multivariate outlier identified by Isolation Forest baseline (Score: 0.500; Recommended: ₹34,025.90; Description Length: 11 chars).","{""recommended_amount"": 34025.9, ""description_length"": 11, ""raw_anomaly_score"": 0.6556}",ISOLATION_FOREST_TWO_FEATURE_BASELINE,Contamination Top 1.5%,"Score=0.500 (Amt=₹34,025.90, Len=11)",0.985,,"Two-Feature Joint Feature Space (Log Amount, Description Length)",2026-08-26T10:47:43.666818+00:00
ANOM_001707,WORK,231668,MULTIVARIATE_WORK_OUTLIER,0.5,LOW,"Two-feature multivariate outlier identified by Isolation Forest baseline (Score: 0.500; Recommended: ₹34,025.90; Description Length: 11 chars).","{""recommended_amount"": 34025.9, ""description_length"": 11, ""raw_anomaly_score"": 0.6556}",ISOLATION_FOREST_TWO_FEATURE_BASELINE,Contamination Top 1.5%,"Score=0.500 (Amt=₹34,025.90, Len=11)",0.985,,"Two-Feature Joint Feature Space (Log Amount, Description Length)",2026-08-26T10:47:43.666818+00:00
ANOM_001708,WORK,231669,MULTIVARIATE_WORK_OUTLIER,0.5,LOW,"Two-feature multivariate outlier identified by Isolation Forest baseline (Score: 0.500; Recommended: ₹34,025.90; Description Length: 11 chars).","{""recommended_amount"": 34025.9, ""description_length"": 11, ""raw_anomaly_score"": 0.6556}",ISOLATION_FOREST_TWO_FEATURE_BASELINE,Contamination Top 1.5%,"Score=0.500 (Amt=₹34,025.90, Len=11)",0.985,,"Two-Feature Joint Feature Space (Log Amount, Description Length)",2026-08-26T10:47:43.666818+00:00
ANOM_001709,WORK,231670,MULTIVARIATE_WORK_OUTLIER,0.5,LOW,"Two-feature multivariate outlier identified by Isolation Forest baseline (Score: 0.500; Recommended: ₹34,025.90; Description Length: 11 chars).","{""recommended_amount"": 34025.9, ""description_length"": 11, ""raw_anomaly_score"": 0.6556}",ISOLATION_FOREST_TWO_FEATURE_BASELINE,Contamination Top 1.5%,"Score=0.500 (Amt=₹34,025.90, Len=11)",0.985,,"Two-Feature Joint Feature Space (Log Amount, Description Length)",2026-08-26T10:47:43.666818+00:00
ANOM_001710,WORK,231671,MULTIVARIATE_WORK_OUTLIER,0.5,LOW,"Two-feature multivariate outlier identified by Isolation Forest baseline (Score: 0.500; Recommended: ₹34,025.90; Description Length: 11 chars).","{""recommended_amount"": 34025.9, ""description_length"": 11, ""raw_anomaly_score"": 0.6556}",ISOLATION_FOREST_TWO_FEATURE_BASELINE,Contamination Top 1.5%,"Score=0.500 (Amt=₹34,025.90, Len=11)",0.985,,"Two-Feature Joint Feature Space (Log Amount, Description Length)",2026-08-26T10:47:43.666818+00:00
ANOM_001711,WORK,231672,MULTIVARIATE_WORK_OUTLIER,0.5,LOW,"Two-feature multivariate outlier identified by Isolation Forest baseline (Score: 0.500; Recommended: ₹34,025.90; Description Length: 11 chars).","{""recommended_amount"": 34025.9, ""description_length"": 11, ""raw_anomaly_score"": 0.6556}",ISOLATION_FOREST_TWO_FEATURE_BASELINE,Contamination Top 1.5%,"Score=0.500 (Amt=₹34,025.90, Len=11)",0.985,,"Two-Feature Joint Feature Space (Log Amount, Description Length)",2026-08-26T10:47:43.666818+00:00
ANOM_001712,WORK,231673,MULTIVARIATE_WORK_OUTLIER,0.5,LOW,"Two-feature multivariate outlier identified by Isolation Forest baseline (Score: 0.500; Recommended: ₹34,025.90; Description Length: 11 chars).","{""recommended_amount"": 34025.9, ""description_length"": 11, ""raw_anomaly_score"": 0.6556}",ISOLATION_FOREST_TWO_FEATURE_BASELINE,Contamination Top 1.5%,"Score=0.500 (Amt=₹34,025.90, Len=11)",0.985,,"Two-Feature Joint Feature Space (Log Amount, Description Length)",2026-08-26T10:47:43.666818+00:00
ANOM_001713,WORK,231674,MULTIVARIATE_WORK_OUTLIER,0.5,LOW,"Two-feature multivariate outlier identified by Isolation Forest baseline (Score: 0.500; Recommended: ₹34,025.90; Description Length: 11 chars).","{""recommended_amount"": 34025.9, ""description_length"": 11, ""raw_anomaly_score"": 0.6556}",ISOLATION_FOREST_TWO_FEATURE_BASELINE,Contamination Top 1.5%,"Score=0.500 (Amt=₹34,025.90, Len=11)",0.985,,"Two-Feature Joint Feature Space (Log Amount, Description Length)",2026-08-26T10:47:43.666818+00:00
ANOM_001714,WORK,231675,MULTIVARIATE_WORK_OUTLIER,0.5,LOW,"Two-feature multivariate outlier identified by Isolation Forest baseline (Score: 0.500; Recommended: ₹34,025.90; Description Length: 11 chars).","{""recommended_amount"": 34025.9, ""description_length"": 11, ""raw_anomaly_score"": 0.6556}",ISOLATION_FOREST_TWO_FEATURE_BASELINE,Contamination Top 1.5%,"Score=0.500 (Amt=₹34,025.90, Len=11)",0.985,,"Two-Feature Joint Feature Space (Log Amount, Description Length)",2026-08-26T10:47:43.666818+00:00
ANOM_001715,WORK,231676,MULTIVARIATE_WORK_OUTLIER,0.5,LOW,"Two-feature multivariate outlier identified by Isolation Forest baseline (Score: 0.500; Recommended: ₹34,025.90; Description Length: 11 chars).","{""recommended_amount"": 34025.9, ""description_length"": 11, ""raw_anomaly_score"": 0.6556}",ISOLATION_FOREST_TWO_FEATURE_BASELINE,Contamination Top 1.5%,"Score=0.500 (Amt=₹34,025.90, Len=11)",0.985,,"Two-Feature Joint Feature Space (Log Amount, Description Length)",2026-08-26T10:47:43.666818+00:00
ANOM_001716,WORK,231677,MULTIVARIATE_WORK_OUTLIER,0.5,LOW,"Two-feature multivariate outlier identified by Isolation Forest baseline (Score: 0.500; Recommended: ₹34,025.90; Description Length: 11 chars).","{""recommended_amount"": 34025.9, ""description_length"": 11, ""raw_anomaly_score"": 0.6556}",ISOLATION_FOREST_TWO_FEATURE_BASELINE,Contamination Top 1.5%,"Score=0.500 (Amt=₹34,025.90, Len=11)",0.985,,"Two-Feature Joint Feature Space (Log Amount, Description Length)",2026-08-26T10:47:43.666818+00:00
ANOM_001717,WORK,231678,MULTIVARIATE_WORK_OUTLIER,0.5,LOW,"Two-feature multivariate outlier identified by Isolation Forest baseline (Score: 0.500; Recommended: ₹34,025.90; Description Length: 11 chars).","{""recommended_amount"": 34025.9, ""description_length"": 11, ""raw_anomaly_score"": 0.6556}",ISOLATION_FOREST_TWO_FEATURE_BASELINE,Contamination Top 1.5%,"Score=0.500 (Amt=₹34,025.90, Len=11)",0.985,,"Two-Feature Joint Feature Space (Log Amount, Description Length)",2026-08-26T10:47:43.666818+00:00
ANOM_001718,WORK,231679,MULTIVARIATE_WORK_OUTLIER,0.5,LOW,"Two-feature multivariate outlier identified by Isolation Forest baseline (Score: 0.500; Recommended: ₹34,025.90; Description Length: 11 chars).","{""recommended_amount"": 34025.9, ""description_length"": 11, ""raw_anomaly_score"": 0.6556}",ISOLATION_FOREST_TWO_FEATURE_BASELINE,Contamination Top 1.5%,"Score=0.500 (Amt=₹34,025.90, Len=11)",0.985,,"Two-Feature Joint Feature Space (Log Amount, Description Length)",2026-08-26T10:47:43.666818+00:00
ANOM_001719,WORK,235753,MULTIVARIATE_WORK_OUTLIER,0.5,LOW,"Two-feature multivariate outlier identified by Isolation Forest baseline (Score: 0.500; Recommended: ₹377,000.00; Description Length: 287 chars).","{""recommended_amount"": 377000.0, ""description_length"": 287, ""raw_anomaly_score"": 0.6734}",ISOLATION_FOREST_TWO_FEATURE_BASELINE,Contamination Top 1.5%,"Score=0.500 (Amt=₹377,000.00, Len=287)",0.985,,"Two-Feature Joint Feature Space (Log Amount, Description Length)",2026-08-26T10:47:43.666818+00:00
ANOM_001720,WORK,236813,MULTIVARIATE_WORK_OUTLIER,0.5,LOW,"Two-feature multivariate outlier identified by Isolation Forest baseline (Score: 0.500; Recommended: ₹893,676.00; Description Length: 407 chars).","{""recommended_amount"": 893676.0, ""description_length"": 407, ""raw_anomaly_score"": 0.7387}",ISOLATION_FOREST_TWO_FEATURE_BASELINE,Contamination Top 1.5%,"Score=0.500 (Amt=₹893,676.00, Len=407)",0.985,,"Two-Feature Joint Feature Space (Log Amount, Description Length)",2026-08-26T10:47:43.666818+00:00
ANOM_001721,WORK,237169,MULTIVARIATE_WORK_OUTLIER,0.5,LOW,"Two-feature multivariate outlier identified by Isolation Forest baseline (Score: 0.500; Recommended: ₹439,641.00; Description Length: 484 chars).","{""recommended_amount"": 439641.0, ""description_length"": 484, ""raw_anomaly_score"": 0.7327}",ISOLATION_FOREST_TWO_FEATURE_BASELINE,Contamination Top 1.5%,"Score=0.500 (Amt=₹439,641.00, Len=484)",0.985,,"Two-Feature Joint Feature Space (Log Amount, Description Length)",2026-08-26T10:47:43.666818+00:00
ANOM_001722,WORK,237288,MULTIVARIATE_WORK_OUTLIER,0.5,LOW,"Two-feature multivariate outlier identified by Isolation Forest baseline (Score: 0.500; Recommended: ₹281,744.00; Description Length: 319 chars).","{""recommended_amount"": 281744.0, ""description_length"": 319, ""raw_anomaly_score"": 0.6989}",ISOLATION_FOREST_TWO_FEATURE_BASELINE,Contamination Top 1.5%,"Score=0.500 (Amt=₹281,744.00, Len=319)",0.985,,"Two-Feature Joint Feature Space (Log Amount, Description Length)",2026-08-26T10:47:43.666818+00:00
ANOM_001723,WORK,237291,MULTIVARIATE_WORK_OUTLIER,0.5,LOW,"Two-feature multivariate outlier identified by Isolation Forest baseline (Score: 0.500; Recommended: ₹211,308.00; Description Length: 311 chars).","{""recommended_amount"": 211308.0, ""description_length"": 311, ""raw_anomaly_score"": 0.7043}",ISOLATION_FOREST_TWO_FEATURE_BASELINE,Contamination Top 1.5%,"Score=0.500 (Amt=₹211,308.00, Len=311)",0.985,,"Two-Feature Joint Feature Space (Log Amount, Description Length)",2026-08-26T10:47:43.666818+00:00
ANOM_001724,WORK,237969,MULTIVARIATE_WORK_OUTLIER,0.5,LOW,"Two-feature multivariate outlier identified by Isolation Forest baseline (Score: 0.500; Recommended: ₹352,180.00; Description Length: 447 chars).","{""recommended_amount"": 352180.0, ""description_length"": 447, ""raw_anomaly_score"": 0.7344}",ISOLATION_FOREST_TWO_FEATURE_BASELINE,Contamination Top 1.5%,"Score=0.500 (Amt=₹352,180.00, Len=447)",0.985,,"Two-Feature Joint Feature Space (Log Amount, Description Length)",2026-08-26T10:47:43.666818+00:00
ANOM_001725,WORK,238053,MULTIVARIATE_WORK_OUTLIER,0.5,LOW,"Two-feature multivariate outlier identified by Isolation Forest baseline (Score: 0.500; Recommended: ₹457,834.00; Description Length: 500 chars).","{""recommended_amount"": 457834.0, ""description_length"": 500, ""raw_anomaly_score"": 0.7372}",ISOLATION_FOREST_TWO_FEATURE_BASELINE,Contamination Top 1.5%,"Score=0.500 (Amt=₹457,834.00, Len=500)",0.985,,"Two-Feature Joint Feature Space (Log Amount, Description Length)",2026-08-26T10:47:43.666818+00:00
ANOM_001726,WORK,238086,MULTIVARIATE_WORK_OUTLIER,0.5,LOW,"Two-feature multivariate outlier identified by Isolation Forest baseline (Score: 0.500; Recommended: ₹338,185.00; Description Length: 429 chars).","{""recommended_amount"": 338185.0, ""description_length"": 429, ""raw_anomaly_score"": 0.7329}",ISOLATION_FOREST_TWO_FEATURE_BASELINE,Contamination Top 1.5%,"Score=0.500 (Amt=₹338,185.00, Len=429)",0.985,,"Two-Feature Joint Feature Space (Log Amount, Description Length)",2026-08-26T10:47:43.666818+00:00
ANOM_001727,WORK,238408,MULTIVARIATE_WORK_OUTLIER,0.5,LOW,"Two-feature multivariate outlier identified by Isolation Forest baseline (Score: 0.500; Recommended: ₹439,641.00; Description Length: 481 chars).","{""recommended_amount"": 439641.0, ""description_length"": 481, ""raw_anomaly_score"": 0.7327}",ISOLATION_FOREST_TWO_FEATURE_BASELINE,Contamination Top 1.5%,"Score=0.500 (Amt=₹439,641.00, Len=481)",0.985,,"Two-Feature Joint Feature Space (Log Amount, Description Length)",2026-08-26T10:47:43.666818+00:00
ANOM_001728,WORK,238415,MULTIVARIATE_WORK_OUTLIER,0.5,LOW,"Two-feature multivariate outlier identified by Isolation Forest baseline (Score: 0.500; Recommended: ₹304,367.00; Description Length: 348 chars).","{""recommended_amount"": 304367.0, ""description_length"": 348, ""raw_anomaly_score"": 0.7136}",ISOLATION_FOREST_TWO_FEATURE_BASELINE,Contamination Top 1.5%,"Score=0.500 (Amt=₹304,367.00, Len=348)",0.985,,"Two-Feature Joint Feature Space (Log Amount, Description Length)",2026-08-26T10:47:43.666818+00:00
ANOM_001729,WORK,238421,MULTIVARIATE_WORK_OUTLIER,0.5,LOW,"Two-feature multivariate outlier identified by Isolation Forest baseline (Score: 0.500; Recommended: ₹439,641.00; Description Length: 433 chars).","{""recommended_amount"": 439641.0, ""description_length"": 433, ""raw_anomaly_score"": 0.7287}",ISOLATION_FOREST_TWO_FEATURE_BASELINE,Contamination Top 1.5%,"Score=0.500 (Amt=₹439,641.00, Len=433)",0.985,,"Two-Feature Joint Feature Space (Log Amount, Description Length)",2026-08-26T10:47:43.666818+00:00
ANOM_001730,WORK,238424,MULTIVARIATE_WORK_OUTLIER,0.5,LOW,"Two-feature multivariate outlier identified by Isolation Forest baseline (Score: 0.500; Recommended: ₹439,641.00; Description Length: 499 chars).","{""recommended_amount"": 439641.0, ""description_length"": 499, ""raw_anomaly_score"": 0.7361}",ISOLATION_FOREST_TWO_FEATURE_BASELINE,Contamination Top 1.5%,"Score=0.500 (Amt=₹439,641.00, Len=499)",0.985,,"Two-Feature Joint Feature Space (Log Amount, Description Length)",2026-08-26T10:47:43.666818+00:00
ANOM_001731,WORK,238433,MULTIVARIATE_WORK_OUTLIER,0.5,LOW,"Two-feature multivariate outlier identified by Isolation Forest baseline (Score: 0.500; Recommended: ₹338,185.00; Description Length: 402 chars).","{""recommended_amount"": 338185.0, ""description_length"": 402, ""raw_anomaly_score"": 0.7319}",ISOLATION_FOREST_TWO_FEATURE_BASELINE,Contamination Top 1.5%,"Score=0.500 (Amt=₹338,185.00, Len=402)",0.985,,"Two-Feature Joint Feature Space (Log Amount, Description Length)",2026-08-26T10:47:43.666818+00:00
ANOM_001732,WORK,238464,MULTIVARIATE_WORK_OUTLIER,0.5,LOW,"Two-feature multivariate outlier identified by Isolation Forest baseline (Score: 0.500; Recommended: ₹422,616.00; Description Length: 437 chars).","{""recommended_amount"": 422616.0, ""description_length"": 437, ""raw_anomaly_score"": 0.7302}",ISOLATION_FOREST_TWO_FEATURE_BASELINE,Contamination Top 1.5%,"Score=0.500 (Amt=₹422,616.00, Len=437)",0.985,,"Two-Feature Joint Feature Space (Log Amount, Description Length)",2026-08-26T10:47:43.666818+00:00
ANOM_001733,WORK,238493,MULTIVARIATE_WORK_OUTLIER,0.5,LOW,"Two-feature multivariate outlier identified by Isolation Forest baseline (Score: 0.500; Recommended: ₹316,962.00; Description Length: 346 chars).","{""recommended_amount"": 316962.0, ""description_length"": 346, ""raw_anomaly_score"": 0.7146}",ISOLATION_FOREST_TWO_FEATURE_BASELINE,Contamination Top 1.5%,"Score=0.500 (Amt=₹316,962.00, Len=346)",0.985,,"Two-Feature Joint Feature Space (Log Amount, Description Length)",2026-08-26T10:47:43.666818+00:00
ANOM_001734,WORK,238504,MULTIVARIATE_WORK_OUTLIER,0.5,LOW,"Two-feature multivariate outlier identified by Isolation Forest baseline (Score: 0.500; Recommended: ₹281,744.00; Description Length: 380 chars).","{""recommended_amount"": 281744.0, ""description_length"": 380, ""raw_anomaly_score"": 0.7284}",ISOLATION_FOREST_TWO_FEATURE_BASELINE,Contamination Top 1.5%,"Score=0.500 (Amt=₹281,744.00, Len=380)",0.985,,"Two-Feature Joint Feature Space (Log Amount, Description Length)",2026-08-26T10:47:43.666818+00:00
ANOM_001735,WORK,238506,MULTIVARIATE_WORK_OUTLIER,0.5,LOW,"Two-feature multivariate outlier identified by Isolation Forest baseline (Score: 0.500; Recommended: ₹338,185.00; Description Length: 378 chars).","{""recommended_amount"": 338185.0, ""description_length"": 378, ""raw_anomaly_score"": 0.7309}",ISOLATION_FOREST_TWO_FEATURE_BASELINE,Contamination Top 1.5%,"Score=0.500 (Amt=₹338,185.00, Len=378)",0.985,,"Two-Feature Joint Feature Space (Log Amount, Description Length)",2026-08-26T10:47:43.666818+00:00
ANOM_001736,WORK,238508,MULTIVARIATE_WORK_OUTLIER,0.5,LOW,"Two-feature multivariate outlier identified by Isolation Forest baseline (Score: 0.500; Recommended: ₹338,185.00; Description Length: 388 chars).","{""recommended_amount"": 338185.0, ""description_length"": 388, ""raw_anomaly_score"": 0.7314}",ISOLATION_FOREST_TWO_FEATURE_BASELINE,Contamination Top 1.5%,"Score=0.500 (Amt=₹338,185.00, Len=388)",0.985,,"Two-Feature Joint Feature Space (Log Amount, Description Length)",2026-08-26T10:47:43.666818+00:00
ANOM_001737,WORK,241941,MULTIVARIATE_WORK_OUTLIER,0.5,LOW,"Two-feature multivariate outlier identified by Isolation Forest baseline (Score: 0.500; Recommended: ₹4,645,179.00; Description Length: 183 chars).","{""recommended_amount"": 4645179.0, ""description_length"": 183, ""raw_anomaly_score"": 0.6526}",ISOLATION_FOREST_TWO_FEATURE_BASELINE,Contamination Top 1.5%,"Score=0.500 (Amt=₹4,645,179.00, Len=183)",0.985,,"Two-Feature Joint Feature Space (Log Amount, Description Length)",2026-08-26T10:47:43.666818+00:00
ANOM_001738,WORK,242233,MULTIVARIATE_WORK_OUTLIER,0.5,LOW,"Two-feature multivariate outlier identified by Isolation Forest baseline (Score: 0.500; Recommended: ₹338,185.00; Description Length: 403 chars).","{""recommended_amount"": 338185.0, ""description_length"": 403, ""raw_anomaly_score"": 0.7319}",ISOLATION_FOREST_TWO_FEATURE_BASELINE,Contamination Top 1.5%,"Score=0.500 (Amt=₹338,185.00, Len=403)",0.985,,"Two-Feature Joint Feature Space (Log Amount, Description Length)",2026-08-26T10:47:43.666818+00:00
ANOM_001739,WORK,244008,MULTIVARIATE_WORK_OUTLIER,0.5,LOW,"Two-feature multivariate outlier identified by Isolation Forest baseline (Score: 0.500; Recommended: ₹350,000.00; Description Length: 250 chars).","{""recommended_amount"": 350000.0, ""description_length"": 250, ""raw_anomaly_score"": 0.6485}",ISOLATION_FOREST_TWO_FEATURE_BASELINE,Contamination Top 1.5%,"Score=0.500 (Amt=₹350,000.00, Len=250)",0.985,,"Two-Feature Joint Feature Space (Log Amount, Description Length)",2026-08-26T10:47:43.666818+00:00
ANOM_001740,WORK,244480,MULTIVARIATE_WORK_OUTLIER,0.5,LOW,"Two-feature multivariate outlier identified by Isolation Forest baseline (Score: 0.500; Recommended: ₹1,151,164.00; Description Length: 326 chars).","{""recommended_amount"": 1151164.0, ""description_length"": 326, ""raw_anomaly_score"": 0.7075}",ISOLATION_FOREST_TWO_FEATURE_BASELINE,Contamination Top 1.5%,"Score=0.500 (Amt=₹1,151,164.00, Len=326)",0.985,,"Two-Feature Joint Feature Space (Log Amount, Description Length)",2026-08-26T10:47:43.666818+00:00
ANOM_001741,WORK,244490,MULTIVARIATE_WORK_OUTLIER,0.5,LOW,"Two-feature multivariate outlier identified by Isolation Forest baseline (Score: 0.500; Recommended: ₹422,616.00; Description Length: 495 chars).","{""recommended_amount"": 422616.0, ""description_length"": 495, ""raw_anomaly_score"": 0.7376}",ISOLATION_FOREST_TWO_FEATURE_BASELINE,Contamination Top 1.5%,"Score=0.500 (Amt=₹422,616.00, Len=495)",0.985,,"Two-Feature Joint Feature Space (Log Amount, Description Length)",2026-08-26T10:47:43.666818+00:00
ANOM_001742,WORK,247381,MULTIVARIATE_WORK_OUTLIER,0.5,LOW,"Two-feature multivariate outlier identified by Isolation Forest baseline (Score: 0.500; Recommended: ₹162,000.00; Description Length: 431 chars).","{""recommended_amount"": 162000.0, ""description_length"": 431, ""raw_anomaly_score"": 0.7345}",ISOLATION_FOREST_TWO_FEATURE_BASELINE,Contamination Top 1.5%,"Score=0.500 (Amt=₹162,000.00, Len=431)",0.985,,"Two-Feature Joint Feature Space (Log Amount, Description Length)",2026-08-26T10:47:43.666818+00:00
ANOM_001743,WORK,247382,MULTIVARIATE_WORK_OUTLIER,0.5,LOW,"Two-feature multivariate outlier identified by Isolation Forest baseline (Score: 0.500; Recommended: ₹135,000.00; Description Length: 385 chars).","{""recommended_amount"": 135000.0, ""description_length"": 385, ""raw_anomaly_score"": 0.7338}",ISOLATION_FOREST_TWO_FEATURE_BASELINE,Contamination Top 1.5%,"Score=0.500 (Amt=₹135,000.00, Len=385)",0.985,,"Two-Feature Joint Feature Space (Log Amount, Description Length)",2026-08-26T10:47:43.666818+00:00
ANOM_001744,WORK,248172,MULTIVARIATE_WORK_OUTLIER,0.5,LOW,"Two-feature multivariate outlier identified by Isolation Forest baseline (Score: 0.500; Recommended: ₹270,548.00; Description Length: 342 chars).","{""recommended_amount"": 270548.0, ""description_length"": 342, ""raw_anomaly_score"": 0.7122}",ISOLATION_FOREST_TWO_FEATURE_BASELINE,Contamination Top 1.5%,"Score=0.500 (Amt=₹270,548.00, Len=342)",0.985,,"Two-Feature Joint Feature Space (Log Amount, Description Length)",2026-08-26T10:47:43.666818+00:00
ANOM_001745,WORK,249215,MULTIVARIATE_WORK_OUTLIER,0.5,LOW,"Two-feature multivariate outlier identified by Isolation Forest baseline (Score: 0.500; Recommended: ₹512,627.00; Description Length: 284 chars).","{""recommended_amount"": 512627.0, ""description_length"": 284, ""raw_anomaly_score"": 0.6528}",ISOLATION_FOREST_TWO_FEATURE_BASELINE,Contamination Top 1.5%,"Score=0.500 (Amt=₹512,627.00, Len=284)",0.985,,"Two-Feature Joint Feature Space (Log Amount, Description Length)",2026-08-26T10:47:43.666818+00:00
ANOM_001746,WORK,249223,MULTIVARIATE_WORK_OUTLIER,0.5,LOW,"Two-feature multivariate outlier identified by Isolation Forest baseline (Score: 0.500; Recommended: ₹1,488,134.00; Description Length: 250 chars).","{""recommended_amount"": 1488134.0, ""description_length"": 250, ""raw_anomaly_score"": 0.6757}",ISOLATION_FOREST_TWO_FEATURE_BASELINE,Contamination Top 1.5%,"Score=0.500 (Amt=₹1,488,134.00, Len=250)",0.985,,"Two-Feature Joint Feature Space (Log Amount, Description Length)",2026-08-26T10:47:43.666818+00:00
ANOM_001747,WORK,251760,MULTIVARIATE_WORK_OUTLIER,0.5,LOW,"Two-feature multivariate outlier identified by Isolation Forest baseline (Score: 0.500; Recommended: ₹1,000,000.00; Description Length: 275 chars).","{""recommended_amount"": 1000000.0, ""description_length"": 275, ""raw_anomaly_score"": 0.6626}",ISOLATION_FOREST_TWO_FEATURE_BASELINE,Contamination Top 1.5%,"Score=0.500 (Amt=₹1,000,000.00, Len=275)",0.985,,"Two-Feature Joint Feature Space (Log Amount, Description Length)",2026-08-26T10:47:43.666818+00:00
ANOM_001748,WORK,251774,MULTIVARIATE_WORK_OUTLIER,0.5,LOW,"Two-feature multivariate outlier identified by Isolation Forest baseline (Score: 0.500; Recommended: ₹135,000.00; Description Length: 342 chars).","{""recommended_amount"": 135000.0, ""description_length"": 342, ""raw_anomaly_score"": 0.7205}",ISOLATION_FOREST_TWO_FEATURE_BASELINE,Contamination Top 1.5%,"Score=0.500 (Amt=₹135,000.00, Len=342)",0.985,,"Two-Feature Joint Feature Space (Log Amount, Description Length)",2026-08-26T10:47:43.666818+00:00
ANOM_001749,WORK,251775,MULTIVARIATE_WORK_OUTLIER,0.5,LOW,"Two-feature multivariate outlier identified by Isolation Forest baseline (Score: 0.500; Recommended: ₹108,000.00; Description Length: 348 chars).","{""recommended_amount"": 108000.0, ""description_length"": 348, ""raw_anomaly_score"": 0.7282}",ISOLATION_FOREST_TWO_FEATURE_BASELINE,Contamination Top 1.5%,"Score=0.500 (Amt=₹108,000.00, Len=348)",0.985,,"Two-Feature Joint Feature Space (Log Amount, Description Length)",2026-08-26T10:47:43.666818+00:00
ANOM_001750,WORK,251776,MULTIVARIATE_WORK_OUTLIER,0.5,LOW,"Two-feature multivariate outlier identified by Isolation Forest baseline (Score: 0.500; Recommended: ₹160,000.00; Description Length: 255 chars).","{""recommended_amount"": 160000.0, ""description_length"": 255, ""raw_anomaly_score"": 0.6655}",ISOLATION_FOREST_TWO_FEATURE_BASELINE,Contamination Top 1.5%,"Score=0.500 (Amt=₹160,000.00, Len=255)",0.985,,"Two-Feature Joint Feature Space (Log Amount, Description Length)",2026-08-26T10:47:43.666818+00:00
ANOM_001751,WORK,256962,MULTIVARIATE_WORK_OUTLIER,0.5,LOW,"Two-feature multivariate outlier identified by Isolation Forest baseline (Score: 0.500; Recommended: ₹352,180.00; Description Length: 442 chars).","{""recommended_amount"": 352180.0, ""description_length"": 442, ""raw_anomaly_score"": 0.7344}",ISOLATION_FOREST_TWO_FEATURE_BASELINE,Contamination Top 1.5%,"Score=0.500 (Amt=₹352,180.00, Len=442)",0.985,,"Two-Feature Joint Feature Space (Log Amount, Description Length)",2026-08-26T10:47:43.666818+00:00
ANOM_001752,WORK,256963,MULTIVARIATE_WORK_OUTLIER,0.5,LOW,"Two-feature multivariate outlier identified by Isolation Forest baseline (Score: 0.500; Recommended: ₹281,744.00; Description Length: 356 chars).","{""recommended_amount"": 281744.0, ""description_length"": 356, ""raw_anomaly_score"": 0.7156}",ISOLATION_FOREST_TWO_FEATURE_BASELINE,Contamination Top 1.5%,"Score=0.500 (Amt=₹281,744.00, Len=356)",0.985,,"Two-Feature Joint Feature Space (Log Amount, Description Length)",2026-08-26T10:47:43.666818+00:00
ANOM_001753,WORK,258635,MULTIVARIATE_WORK_OUTLIER,0.5,LOW,"Two-feature multivariate outlier identified by Isolation Forest baseline (Score: 0.500; Recommended: ₹2,503,635.00; Description Length: 206 chars).","{""recommended_amount"": 2503635.0, ""description_length"": 206, ""raw_anomaly_score"": 0.6421}",ISOLATION_FOREST_TWO_FEATURE_BASELINE,Contamination Top 1.5%,"Score=0.500 (Amt=₹2,503,635.00, Len=206)",0.985,,"Two-Feature Joint Feature Space (Log Amount, Description Length)",2026-08-26T10:47:43.666818+00:00
ANOM_001754,WORK,260216,MULTIVARIATE_WORK_OUTLIER,0.5,LOW,"Two-feature multivariate outlier identified by Isolation Forest baseline (Score: 0.500; Recommended: ₹350,000.00; Description Length: 267 chars).","{""recommended_amount"": 350000.0, ""description_length"": 267, ""raw_anomaly_score"": 0.6624}",ISOLATION_FOREST_TWO_FEATURE_BASELINE,Contamination Top 1.5%,"Score=0.500 (Amt=₹350,000.00, Len=267)",0.985,,"Two-Feature Joint Feature Space (Log Amount, Description Length)",2026-08-26T10:47:43.666818+00:00
ANOM_001755,WORK,260955,MULTIVARIATE_WORK_OUTLIER,0.5,LOW,"Two-feature multivariate outlier identified by Isolation Forest baseline (Score: 0.500; Recommended: ₹281,744.00; Description Length: 358 chars).","{""recommended_amount"": 281744.0, ""description_length"": 358, ""raw_anomaly_score"": 0.7165}",ISOLATION_FOREST_TWO_FEATURE_BASELINE,Contamination Top 1.5%,"Score=0.500 (Amt=₹281,744.00, Len=358)",0.985,,"Two-Feature Joint Feature Space (Log Amount, Description Length)",2026-08-26T10:47:43.666818+00:00
ANOM_001756,WORK,264215,MULTIVARIATE_WORK_OUTLIER,0.5,LOW,"Two-feature multivariate outlier identified by Isolation Forest baseline (Score: 0.500; Recommended: ₹34,026.00; Description Length: 16 chars).","{""recommended_amount"": 34026.0, ""description_length"": 16, ""raw_anomaly_score"": 0.6453}",ISOLATION_FOREST_TWO_FEATURE_BASELINE,Contamination Top 1.5%,"Score=0.500 (Amt=₹34,026.00, Len=16)",0.985,,"Two-Feature Joint Feature Space (Log Amount, Description Length)",2026-08-26T10:47:43.666818+00:00
ANOM_001757,WORK,264216,MULTIVARIATE_WORK_OUTLIER,0.5,LOW,"Two-feature multivariate outlier identified by Isolation Forest baseline (Score: 0.500; Recommended: ₹34,026.00; Description Length: 16 chars).","{""recommended_amount"": 34026.0, ""description_length"": 16, ""raw_anomaly_score"": 0.6453}",ISOLATION_FOREST_TWO_FEATURE_BASELINE,Contamination Top 1.5%,"Score=0.500 (Amt=₹34,026.00, Len=16)",0.985,,"Two-Feature Joint Feature Space (Log Amount, Description Length)",2026-08-26T10:47:43.666818+00:00
ANOM_001758,WORK,264217,MULTIVARIATE_WORK_OUTLIER,0.5,LOW,"Two-feature multivariate outlier identified by Isolation Forest baseline (Score: 0.500; Recommended: ₹34,026.00; Description Length: 16 chars).","{""recommended_amount"": 34026.0, ""description_length"": 16, ""raw_anomaly_score"": 0.6453}",ISOLATION_FOREST_TWO_FEATURE_BASELINE,Contamination Top 1.5%,"Score=0.500 (Amt=₹34,026.00, Len=16)",0.985,,"Two-Feature Joint Feature Space (Log Amount, Description Length)",2026-08-26T10:47:43.666818+00:00
ANOM_001759,WORK,264218,MULTIVARIATE_WORK_OUTLIER,0.5,LOW,"Two-feature multivariate outlier identified by Isolation Forest baseline (Score: 0.500; Recommended: ₹34,026.00; Description Length: 16 chars).","{""recommended_amount"": 34026.0, ""description_length"": 16, ""raw_anomaly_score"": 0.6453}",ISOLATION_FOREST_TWO_FEATURE_BASELINE,Contamination Top 1.5%,"Score=0.500 (Amt=₹34,026.00, Len=16)",0.985,,"Two-Feature Joint Feature Space (Log Amount, Description Length)",2026-08-26T10:47:43.666818+00:00
ANOM_001760,WORK,264219,MULTIVARIATE_WORK_OUTLIER,0.5,LOW,"Two-feature multivariate outlier identified by Isolation Forest baseline (Score: 0.500; Recommended: ₹34,026.00; Description Length: 16 chars).","{""recommended_amount"": 34026.0, ""description_length"": 16, ""raw_anomaly_score"": 0.6453}",ISOLATION_FOREST_TWO_FEATURE_BASELINE,Contamination Top 1.5%,"Score=0.500 (Amt=₹34,026.00, Len=16)",0.985,,"Two-Feature Joint Feature Space (Log Amount, Description Length)",2026-08-26T10:47:43.666818+00:00
ANOM_001761,WORK,268241,MULTIVARIATE_WORK_OUTLIER,0.5,LOW,"Two-feature multivariate outlier identified by Isolation Forest baseline (Score: 0.500; Recommended: ₹997,000.00; Description Length: 273 chars).","{""recommended_amount"": 997000.0, ""description_length"": 273, ""raw_anomaly_score"": 0.6609}",ISOLATION_FOREST_TWO_FEATURE_BASELINE,Contamination Top 1.5%,"Score=0.500 (Amt=₹997,000.00, Len=273)",0.985,,"Two-Feature Joint Feature Space (Log Amount, Description Length)",2026-08-26T10:47:43.666818+00:00
ANOM_001762,WORK,269353,MULTIVARIATE_WORK_OUTLIER,0.5,LOW,"Two-feature multivariate outlier identified by Isolation Forest baseline (Score: 0.500; Recommended: ₹270,552.00; Description Length: 326 chars).","{""recommended_amount"": 270552.0, ""description_length"": 326, ""raw_anomaly_score"": 0.7003}",ISOLATION_FOREST_TWO_FEATURE_BASELINE,Contamination Top 1.5%,"Score=0.500 (Amt=₹270,552.00, Len=326)",0.985,,"Two-Feature Joint Feature Space (Log Amount, Description Length)",2026-08-26T10:47:43.666818+00:00
ANOM_001763,WORK,269354,MULTIVARIATE_WORK_OUTLIER,0.5,LOW,"Two-feature multivariate outlier identified by Isolation Forest baseline (Score: 0.500; Recommended: ₹338,190.00; Description Length: 404 chars).","{""recommended_amount"": 338190.0, ""description_length"": 404, ""raw_anomaly_score"": 0.7319}",ISOLATION_FOREST_TWO_FEATURE_BASELINE,Contamination Top 1.5%,"Score=0.500 (Amt=₹338,190.00, Len=404)",0.985,,"Two-Feature Joint Feature Space (Log Amount, Description Length)",2026-08-26T10:47:43.666818+00:00
ANOM_001764,WORK,269765,MULTIVARIATE_WORK_OUTLIER,0.5,LOW,"Two-feature multivariate outlier identified by Isolation Forest baseline (Score: 0.500; Recommended: ₹4,654,434.00; Description Length: 185 chars).","{""recommended_amount"": 4654434.0, ""description_length"": 185, ""raw_anomaly_score"": 0.653}",ISOLATION_FOREST_TWO_FEATURE_BASELINE,Contamination Top 1.5%,"Score=0.500 (Amt=₹4,654,434.00, Len=185)",0.985,,"Two-Feature Joint Feature Space (Log Amount, Description Length)",2026-08-26T10:47:43.666818+00:00
ANOM_001765,WORK,270493,MULTIVARIATE_WORK_OUTLIER,0.5,LOW,"Two-feature multivariate outlier identified by Isolation Forest baseline (Score: 0.500; Recommended: ₹400,000.00; Description Length: 321 chars).","{""recommended_amount"": 400000.0, ""description_length"": 321, ""raw_anomaly_score"": 0.692}",ISOLATION_FOREST_TWO_FEATURE_BASELINE,Contamination Top 1.5%,"Score=0.500 (Amt=₹400,000.00, Len=321)",0.985,,"Two-Feature Joint Feature Space (Log Amount, Description Length)",2026-08-26T10:47:43.666818+00:00
ANOM_001766,WORK,270495,MULTIVARIATE_WORK_OUTLIER,0.5,LOW,"Two-feature multivariate outlier identified by Isolation Forest baseline (Score: 0.500; Recommended: ₹375,000.00; Description Length: 279 chars).","{""recommended_amount"": 375000.0, ""description_length"": 279, ""raw_anomaly_score"": 0.6693}",ISOLATION_FOREST_TWO_FEATURE_BASELINE,Contamination Top 1.5%,"Score=0.500 (Amt=₹375,000.00, Len=279)",0.985,,"Two-Feature Joint Feature Space (Log Amount, Description Length)",2026-08-26T10:47:43.666818+00:00
ANOM_001767,WORK,285530,MULTIVARIATE_WORK_OUTLIER,0.5,LOW,"Two-feature multivariate outlier identified by Isolation Forest baseline (Score: 0.500; Recommended: ₹398,510.00; Description Length: 305 chars).","{""recommended_amount"": 398510.0, ""description_length"": 305, ""raw_anomaly_score"": 0.6809}",ISOLATION_FOREST_TWO_FEATURE_BASELINE,Contamination Top 1.5%,"Score=0.500 (Amt=₹398,510.00, Len=305)",0.985,,"Two-Feature Joint Feature Space (Log Amount, Description Length)",2026-08-26T10:47:43.666818+00:00
ANOM_001768,WORK,285541,MULTIVARIATE_WORK_OUTLIER,0.5,LOW,"Two-feature multivariate outlier identified by Isolation Forest baseline (Score: 0.500; Recommended: ₹300,000.00; Description Length: 316 chars).","{""recommended_amount"": 300000.0, ""description_length"": 316, ""raw_anomaly_score"": 0.6923}",ISOLATION_FOREST_TWO_FEATURE_BASELINE,Contamination Top 1.5%,"Score=0.500 (Amt=₹300,000.00, Len=316)",0.985,,"Two-Feature Joint Feature Space (Log Amount, Description Length)",2026-08-26T10:47:43.666818+00:00
ANOM_001769,WORK,285550,MULTIVARIATE_WORK_OUTLIER,0.5,LOW,"Two-feature multivariate outlier identified by Isolation Forest baseline (Score: 0.500; Recommended: ₹150,000.00; Description Length: 239 chars).","{""recommended_amount"": 150000.0, ""description_length"": 239, ""raw_anomaly_score"": 0.6438}",ISOLATION_FOREST_TWO_FEATURE_BASELINE,Contamination Top 1.5%,"Score=0.500 (Amt=₹150,000.00, Len=239)",0.985,,"Two-Feature Joint Feature Space (Log Amount, Description Length)",2026-08-26T10:47:43.666818+00:00
ANOM_001770,WORK,288980,MULTIVARIATE_WORK_OUTLIER,0.5,LOW,"Two-feature multivariate outlier identified by Isolation Forest baseline (Score: 0.500; Recommended: ₹405,828.00; Description Length: 369 chars).","{""recommended_amount"": 405828.0, ""description_length"": 369, ""raw_anomaly_score"": 0.7168}",ISOLATION_FOREST_TWO_FEATURE_BASELINE,Contamination Top 1.5%,"Score=0.500 (Amt=₹405,828.00, Len=369)",0.985,,"Two-Feature Joint Feature Space (Log Amount, Description Length)",2026-08-26T10:47:43.666818+00:00
ANOM_001771,WORK,288981,MULTIVARIATE_WORK_OUTLIER,0.5,LOW,"Two-feature multivariate outlier identified by Isolation Forest baseline (Score: 0.500; Recommended: ₹372,009.00; Description Length: 372 chars).","{""recommended_amount"": 372009.0, ""description_length"": 372, ""raw_anomaly_score"": 0.7301}",ISOLATION_FOREST_TWO_FEATURE_BASELINE,Contamination Top 1.5%,"Score=0.500 (Amt=₹372,009.00, Len=372)",0.985,,"Two-Feature Joint Feature Space (Log Amount, Description Length)",2026-08-26T10:47:43.666818+00:00
ANOM_001772,WORK,288989,MULTIVARIATE_WORK_OUTLIER,0.5,LOW,"Two-feature multivariate outlier identified by Isolation Forest baseline (Score: 0.500; Recommended: ₹608,742.00; Description Length: 500 chars).","{""recommended_amount"": 608742.0, ""description_length"": 500, ""raw_anomaly_score"": 0.7335}",ISOLATION_FOREST_TWO_FEATURE_BASELINE,Contamination Top 1.5%,"Score=0.500 (Amt=₹608,742.00, Len=500)",0.985,,"Two-Feature Joint Feature Space (Log Amount, Description Length)",2026-08-26T10:47:43.666818+00:00
ANOM_001773,WORK,288990,MULTIVARIATE_WORK_OUTLIER,0.5,LOW,"Two-feature multivariate outlier identified by Isolation Forest baseline (Score: 0.500; Recommended: ₹405,828.00; Description Length: 406 chars).","{""recommended_amount"": 405828.0, ""description_length"": 406, ""raw_anomaly_score"": 0.7287}",ISOLATION_FOREST_TWO_FEATURE_BASELINE,Contamination Top 1.5%,"Score=0.500 (Amt=₹405,828.00, Len=406)",0.985,,"Two-Feature Joint Feature Space (Log Amount, Description Length)",2026-08-26T10:47:43.666818+00:00
ANOM_001774,WORK,288991,MULTIVARIATE_WORK_OUTLIER,0.5,LOW,"Two-feature multivariate outlier identified by Isolation Forest baseline (Score: 0.500; Recommended: ₹608,742.00; Description Length: 500 chars).","{""recommended_amount"": 608742.0, ""description_length"": 500, ""raw_anomaly_score"": 0.7335}",ISOLATION_FOREST_TWO_FEATURE_BASELINE,Contamination Top 1.5%,"Score=0.500 (Amt=₹608,742.00, Len=500)",0.985,,"Two-Feature Joint Feature Space (Log Amount, Description Length)",2026-08-26T10:47:43.666818+00:00
ANOM_001775,WORK,288992,MULTIVARIATE_WORK_OUTLIER,0.5,LOW,"Two-feature multivariate outlier identified by Isolation Forest baseline (Score: 0.500; Recommended: ₹608,742.00; Description Length: 483 chars).","{""recommended_amount"": 608742.0, ""description_length"": 483, ""raw_anomaly_score"": 0.7301}",ISOLATION_FOREST_TWO_FEATURE_BASELINE,Contamination Top 1.5%,"Score=0.500 (Amt=₹608,742.00, Len=483)",0.985,,"Two-Feature Joint Feature Space (Log Amount, Description Length)",2026-08-26T10:47:43.666818+00:00
ANOM_001776,WORK,288993,MULTIVARIATE_WORK_OUTLIER,0.5,LOW,"Two-feature multivariate outlier identified by Isolation Forest baseline (Score: 0.500; Recommended: ₹1,438,955.00; Description Length: 273 chars).","{""recommended_amount"": 1438955.0, ""description_length"": 273, ""raw_anomaly_score"": 0.6946}",ISOLATION_FOREST_TWO_FEATURE_BASELINE,Contamination Top 1.5%,"Score=0.500 (Amt=₹1,438,955.00, Len=273)",0.985,,"Two-Feature Joint Feature Space (Log Amount, Description Length)",2026-08-26T10:47:43.666818+00:00
ANOM_001778,WORK,289100,MULTIVARIATE_WORK_OUTLIER,0.5,LOW,"Two-feature multivariate outlier identified by Isolation Forest baseline (Score: 0.500; Recommended: ₹405,828.00; Description Length: 409 chars).","{""recommended_amount"": 405828.0, ""description_length"": 409, ""raw_anomaly_score"": 0.7287}",ISOLATION_FOREST_TWO_FEATURE_BASELINE,Contamination Top 1.5%,"Score=0.500 (Amt=₹405,828.00, Len=409)",0.985,,"Two-Feature Joint Feature Space (Log Amount, Description Length)",2026-08-26T10:47:43.666818+00:00
ANOM_001779,WORK,289105,MULTIVARIATE_WORK_OUTLIER,0.5,LOW,"Two-feature multivariate outlier identified by Isolation Forest baseline (Score: 0.500; Recommended: ₹372,009.00; Description Length: 419 chars).","{""recommended_amount"": 372009.0, ""description_length"": 419, ""raw_anomaly_score"": 0.7375}",ISOLATION_FOREST_TWO_FEATURE_BASELINE,Contamination Top 1.5%,"Score=0.500 (Amt=₹372,009.00, Len=419)",0.985,,"Two-Feature Joint Feature Space (Log Amount, Description Length)",2026-08-26T10:47:43.666818+00:00
ANOM_001780,WORK,292144,MULTIVARIATE_WORK_OUTLIER,0.5,LOW,"Two-feature multivariate outlier identified by Isolation Forest baseline (Score: 0.500; Recommended: ₹64,000.00; Description Length: 208 chars).","{""recommended_amount"": 64000.0, ""description_length"": 208, ""raw_anomaly_score"": 0.6507}",ISOLATION_FOREST_TWO_FEATURE_BASELINE,Contamination Top 1.5%,"Score=0.500 (Amt=₹64,000.00, Len=208)",0.985,,"Two-Feature Joint Feature Space (Log Amount, Description Length)",2026-08-26T10:47:43.666818+00:00
ANOM_001781,WORK,292146,MULTIVARIATE_WORK_OUTLIER,0.5,LOW,"Two-feature multivariate outlier identified by Isolation Forest baseline (Score: 0.500; Recommended: ₹128,000.00; Description Length: 260 chars).","{""recommended_amount"": 128000.0, ""description_length"": 260, ""raw_anomaly_score"": 0.6738}",ISOLATION_FOREST_TWO_FEATURE_BASELINE,Contamination Top 1.5%,"Score=0.500 (Amt=₹128,000.00, Len=260)",0.985,,"Two-Feature Joint Feature Space (Log Amount, Description Length)",2026-08-26T10:47:43.666818+00:00
ANOM_001782,WORK,292148,MULTIVARIATE_WORK_OUTLIER,0.5,LOW,"Two-feature multivariate outlier identified by Isolation Forest baseline (Score: 0.500; Recommended: ₹64,000.00; Description Length: 202 chars).","{""recommended_amount"": 64000.0, ""description_length"": 202, ""raw_anomaly_score"": 0.6422}",ISOLATION_FOREST_TWO_FEATURE_BASELINE,Contamination Top 1.5%,"Score=0.500 (Amt=₹64,000.00, Len=202)",0.985,,"Two-Feature Joint Feature Space (Log Amount, Description Length)",2026-08-26T10:47:43.666818+00:00
ANOM_001783,WORK,292149,MULTIVARIATE_WORK_OUTLIER,0.5,LOW,"Two-feature multivariate outlier identified by Isolation Forest baseline (Score: 0.500; Recommended: ₹64,000.00; Description Length: 225 chars).","{""recommended_amount"": 64000.0, ""description_length"": 225, ""raw_anomaly_score"": 0.6578}",ISOLATION_FOREST_TWO_FEATURE_BASELINE,Contamination Top 1.5%,"Score=0.500 (Amt=₹64,000.00, Len=225)",0.985,,"Two-Feature Joint Feature Space (Log Amount, Description Length)",2026-08-26T10:47:43.666818+00:00
ANOM_001784,WORK,292167,MULTIVARIATE_WORK_OUTLIER,0.5,LOW,"Two-feature multivariate outlier identified by Isolation Forest baseline (Score: 0.500; Recommended: ₹256,000.00; Description Length: 499 chars).","{""recommended_amount"": 256000.0, ""description_length"": 499, ""raw_anomaly_score"": 0.7379}",ISOLATION_FOREST_TWO_FEATURE_BASELINE,Contamination Top 1.5%,"Score=0.500 (Amt=₹256,000.00, Len=499)",0.985,,"Two-Feature Joint Feature Space (Log Amount, Description Length)",2026-08-26T10:47:43.666818+00:00
ANOM_001785,WORK,292171,MULTIVARIATE_WORK_OUTLIER,0.5,LOW,"Two-feature multivariate outlier identified by Isolation Forest baseline (Score: 0.500; Recommended: ₹64,000.00; Description Length: 226 chars).","{""recommended_amount"": 64000.0, ""description_length"": 226, ""raw_anomaly_score"": 0.6591}",ISOLATION_FOREST_TWO_FEATURE_BASELINE,Contamination Top 1.5%,"Score=0.500 (Amt=₹64,000.00, Len=226)",0.985,,"Two-Feature Joint Feature Space (Log Amount, Description Length)",2026-08-26T10:47:43.666818+00:00
ANOM_001786,WORK,292277,MULTIVARIATE_WORK_OUTLIER,0.5,LOW,"Two-feature multivariate outlier identified by Isolation Forest baseline (Score: 0.500; Recommended: ₹270,552.00; Description Length: 325 chars).","{""recommended_amount"": 270552.0, ""description_length"": 325, ""raw_anomaly_score"": 0.7003}",ISOLATION_FOREST_TWO_FEATURE_BASELINE,Contamination Top 1.5%,"Score=0.500 (Amt=₹270,552.00, Len=325)",0.985,,"Two-Feature Joint Feature Space (Log Amount, Description Length)",2026-08-26T10:47:43.666818+00:00
ANOM_001787,WORK,292278,MULTIVARIATE_WORK_OUTLIER,0.5,LOW,"Two-feature multivariate outlier identified by Isolation Forest baseline (Score: 0.500; Recommended: ₹338,190.00; Description Length: 296 chars).","{""recommended_amount"": 338190.0, ""description_length"": 296, ""raw_anomaly_score"": 0.6794}",ISOLATION_FOREST_TWO_FEATURE_BASELINE,Contamination Top 1.5%,"Score=0.500 (Amt=₹338,190.00, Len=296)",0.985,,"Two-Feature Joint Feature Space (Log Amount, Description Length)",2026-08-26T10:47:43.666818+00:00
ANOM_001788,WORK,292279,MULTIVARIATE_WORK_OUTLIER,0.5,LOW,"Two-feature multivariate outlier identified by Isolation Forest baseline (Score: 0.500; Recommended: ₹202,914.00; Description Length: 271 chars).","{""recommended_amount"": 202914.0, ""description_length"": 271, ""raw_anomaly_score"": 0.6649}",ISOLATION_FOREST_TWO_FEATURE_BASELINE,Contamination Top 1.5%,"Score=0.500 (Amt=₹202,914.00, Len=271)",0.985,,"Two-Feature Joint Feature Space (Log Amount, Description Length)",2026-08-26T10:47:43.666818+00:00
ANOM_001789,WORK,292280,MULTIVARIATE_WORK_OUTLIER,0.5,LOW,"Two-feature multivariate outlier identified by Isolation Forest baseline (Score: 0.500; Recommended: ₹304,371.00; Description Length: 337 chars).","{""recommended_amount"": 304371.0, ""description_length"": 337, ""raw_anomaly_score"": 0.7107}",ISOLATION_FOREST_TWO_FEATURE_BASELINE,Contamination Top 1.5%,"Score=0.500 (Amt=₹304,371.00, Len=337)",0.985,,"Two-Feature Joint Feature Space (Log Amount, Description Length)",2026-08-26T10:47:43.666818+00:00
ANOM_001790,WORK,292281,MULTIVARIATE_WORK_OUTLIER,0.5,LOW,"Two-feature multivariate outlier identified by Isolation Forest baseline (Score: 0.500; Recommended: ₹405,828.00; Description Length: 310 chars).","{""recommended_amount"": 405828.0, ""description_length"": 310, ""raw_anomaly_score"": 0.6837}",ISOLATION_FOREST_TWO_FEATURE_BASELINE,Contamination Top 1.5%,"Score=0.500 (Amt=₹405,828.00, Len=310)",0.985,,"Two-Feature Joint Feature Space (Log Amount, Description Length)",2026-08-26T10:47:43.666818+00:00
ANOM_001791,WORK,292282,MULTIVARIATE_WORK_OUTLIER,0.5,LOW,"Two-feature multivariate outlier identified by Isolation Forest baseline (Score: 0.500; Recommended: ₹405,828.00; Description Length: 321 chars).","{""recommended_amount"": 405828.0, ""description_length"": 321, ""raw_anomaly_score"": 0.6907}",ISOLATION_FOREST_TWO_FEATURE_BASELINE,Contamination Top 1.5%,"Score=0.500 (Amt=₹405,828.00, Len=321)",0.985,,"Two-Feature Joint Feature Space (Log Amount, Description Length)",2026-08-26T10:47:43.666818+00:00
ANOM_001792,WORK,292283,MULTIVARIATE_WORK_OUTLIER,0.5,LOW,"Two-feature multivariate outlier identified by Isolation Forest baseline (Score: 0.500; Recommended: ₹439,647.00; Description Length: 364 chars).","{""recommended_amount"": 439647.0, ""description_length"": 364, ""raw_anomaly_score"": 0.7149}",ISOLATION_FOREST_TWO_FEATURE_BASELINE,Contamination Top 1.5%,"Score=0.500 (Amt=₹439,647.00, Len=364)",0.985,,"Two-Feature Joint Feature Space (Log Amount, Description Length)",2026-08-26T10:47:43.666818+00:00
ANOM_001793,WORK,292284,MULTIVARIATE_WORK_OUTLIER,0.5,LOW,"Two-feature multivariate outlier identified by Isolation Forest baseline (Score: 0.500; Recommended: ₹270,552.00; Description Length: 251 chars).","{""recommended_amount"": 270552.0, ""description_length"": 251, ""raw_anomaly_score"": 0.6481}",ISOLATION_FOREST_TWO_FEATURE_BASELINE,Contamination Top 1.5%,"Score=0.500 (Amt=₹270,552.00, Len=251)",0.985,,"Two-Feature Joint Feature Space (Log Amount, Description Length)",2026-08-26T10:47:43.666818+00:00
ANOM_001794,WORK,292285,MULTIVARIATE_WORK_OUTLIER,0.5,LOW,"Two-feature multivariate outlier identified by Isolation Forest baseline (Score: 0.500; Recommended: ₹236,733.00; Description Length: 283 chars).","{""recommended_amount"": 236733.0, ""description_length"": 283, ""raw_anomaly_score"": 0.6769}",ISOLATION_FOREST_TWO_FEATURE_BASELINE,Contamination Top 1.5%,"Score=0.500 (Amt=₹236,733.00, Len=283)",0.985,,"Two-Feature Joint Feature Space (Log Amount, Description Length)",2026-08-26T10:47:43.666818+00:00
ANOM_001795,WORK,292286,MULTIVARIATE_WORK_OUTLIER,0.5,LOW,"Two-feature multivariate outlier identified by Isolation Forest baseline (Score: 0.500; Recommended: ₹338,190.00; Description Length: 303 chars).","{""recommended_amount"": 338190.0, ""description_length"": 303, ""raw_anomaly_score"": 0.6891}",ISOLATION_FOREST_TWO_FEATURE_BASELINE,Contamination Top 1.5%,"Score=0.500 (Amt=₹338,190.00, Len=303)",0.985,,"Two-Feature Joint Feature Space (Log Amount, Description Length)",2026-08-26T10:47:43.666818+00:00
ANOM_001796,WORK,292287,MULTIVARIATE_WORK_OUTLIER,0.5,LOW,"Two-feature multivariate outlier identified by Isolation Forest baseline (Score: 0.500; Recommended: ₹372,009.00; Description Length: 323 chars).","{""recommended_amount"": 372009.0, ""description_length"": 323, ""raw_anomaly_score"": 0.7009}",ISOLATION_FOREST_TWO_FEATURE_BASELINE,Contamination Top 1.5%,"Score=0.500 (Amt=₹372,009.00, Len=323)",0.985,,"Two-Feature Joint Feature Space (Log Amount, Description Length)",2026-08-26T10:47:43.666818+00:00
ANOM_001797,WORK,292288,MULTIVARIATE_WORK_OUTLIER,0.5,LOW,"Two-feature multivariate outlier identified by Isolation Forest baseline (Score: 0.500; Recommended: ₹236,733.00; Description Length: 308 chars).","{""recommended_amount"": 236733.0, ""description_length"": 308, ""raw_anomaly_score"": 0.6997}",ISOLATION_FOREST_TWO_FEATURE_BASELINE,Contamination Top 1.5%,"Score=0.500 (Amt=₹236,733.00, Len=308)",0.985,,"Two-Feature Joint Feature Space (Log Amount, Description Length)",2026-08-26T10:47:43.666818+00:00
ANOM_001798,WORK,292289,MULTIVARIATE_WORK_OUTLIER,0.5,LOW,"Two-feature multivariate outlier identified by Isolation Forest baseline (Score: 0.500; Recommended: ₹202,914.00; Description Length: 308 chars).","{""recommended_amount"": 202914.0, ""description_length"": 308, ""raw_anomaly_score"": 0.6943}",ISOLATION_FOREST_TWO_FEATURE_BASELINE,Contamination Top 1.5%,"Score=0.500 (Amt=₹202,914.00, Len=308)",0.985,,"Two-Feature Joint Feature Space (Log Amount, Description Length)",2026-08-26T10:47:43.666818+00:00
ANOM_001799,WORK,292290,MULTIVARIATE_WORK_OUTLIER,0.5,LOW,"Two-feature multivariate outlier identified by Isolation Forest baseline (Score: 0.500; Recommended: ₹1,151,164.00; Description Length: 282 chars).","{""recommended_amount"": 1151164.0, ""description_length"": 282, ""raw_anomaly_score"": 0.6835}",ISOLATION_FOREST_TWO_FEATURE_BASELINE,Contamination Top 1.5%,"Score=0.500 (Amt=₹1,151,164.00, Len=282)",0.985,,"Two-Feature Joint Feature Space (Log Amount, Description Length)",2026-08-26T10:47:43.666818+00:00
ANOM_001800,WORK,293037,MULTIVARIATE_WORK_OUTLIER,0.5,LOW,"Two-feature multivariate outlier identified by Isolation Forest baseline (Score: 0.500; Recommended: ₹484,000.00; Description Length: 260 chars).","{""recommended_amount"": 484000.0, ""description_length"": 260, ""raw_anomaly_score"": 0.6421}",ISOLATION_FOREST_TWO_FEATURE_BASELINE,Contamination Top 1.5%,"Score=0.500 (Amt=₹484,000.00, Len=260)",0.985,,"Two-Feature Joint Feature Space (Log Amount, Description Length)",2026-08-26T10:47:43.666818+00:00
ANOM_001801,WORK,294212,MULTIVARIATE_WORK_OUTLIER,0.5,LOW,"Two-feature multivariate outlier identified by Isolation Forest baseline (Score: 0.500; Recommended: ₹3,800,000.00; Description Length: 210 chars).","{""recommended_amount"": 3800000.0, ""description_length"": 210, ""raw_anomaly_score"": 0.6694}",ISOLATION_FOREST_TWO_FEATURE_BASELINE,Contamination Top 1.5%,"Score=0.500 (Amt=₹3,800,000.00, Len=210)",0.985,,"Two-Feature Joint Feature Space (Log Amount, Description Length)",2026-08-26T10:47:43.666818+00:00
ANOM_001802,WORK,296164,MULTIVARIATE_WORK_OUTLIER,0.5,LOW,"Two-feature multivariate outlier identified by Isolation Forest baseline (Score: 0.500; Recommended: ₹840,000.00; Description Length: 267 chars).","{""recommended_amount"": 840000.0, ""description_length"": 267, ""raw_anomaly_score"": 0.6626}",ISOLATION_FOREST_TWO_FEATURE_BASELINE,Contamination Top 1.5%,"Score=0.500 (Amt=₹840,000.00, Len=267)",0.985,,"Two-Feature Joint Feature Space (Log Amount, Description Length)",2026-08-26T10:47:43.666818+00:00
ANOM_001803,WORK,297165,MULTIVARIATE_WORK_OUTLIER,0.5,LOW,"Two-feature multivariate outlier identified by Isolation Forest baseline (Score: 0.500; Recommended: ₹3,000,000.00; Description Length: 227 chars).","{""recommended_amount"": 3000000.0, ""description_length"": 227, ""raw_anomaly_score"": 0.675}",ISOLATION_FOREST_TWO_FEATURE_BASELINE,Contamination Top 1.5%,"Score=0.500 (Amt=₹3,000,000.00, Len=227)",0.985,,"Two-Feature Joint Feature Space (Log Amount, Description Length)",2026-08-26T10:47:43.666818+00:00
ANOM_001804,WORK,301362,MULTIVARIATE_WORK_OUTLIER,0.5,LOW,"Two-feature multivariate outlier identified by Isolation Forest baseline (Score: 0.500; Recommended: ₹1,800,000.00; Description Length: 261 chars).","{""recommended_amount"": 1800000.0, ""description_length"": 261, ""raw_anomaly_score"": 0.6936}",ISOLATION_FOREST_TWO_FEATURE_BASELINE,Contamination Top 1.5%,"Score=0.500 (Amt=₹1,800,000.00, Len=261)",0.985,,"Two-Feature Joint Feature Space (Log Amount, Description Length)",2026-08-26T10:47:43.666818+00:00
