internal_mp_id,mp_name_raw,mp_name_normalized,constituency_raw,constituency_normalized,state_raw,state_normalized,house,allocated_amount,total_expenditure,unspent_amount,utilization_pct,recommended_works_count,completed_works_count,completion_rate_pct,transaction_count,successful_payments_count,pending_payments_count,average_rating,source_dataset,source_file,source_download_date,pipeline_created_at
INTERNAL_MP_001,BISHNU PADA RAY,BISHNU PADA RAY,ANDAMAN AND NICOBAR ISLANDS,ANDAMAN AND NICOBAR ISLANDS,Andaman And Nicobar Islands,ANDAMAN AND NICOBAR ISLANDS,Lok Sabha,147000000.0,15498347.0,131501653.0,10.54,27,0,0.0,9,9,0,,MP_SUMMARY,mplads_mp_summary_2026-08-26.csv,2026-08-26,2026-08-26T10:39:19.918730+00:00
INTERNAL_MP_002,GM Harish Balayogi,GM HARISH BALAYOGI,AMALAPURAM,AMALAPURAM,Andhra Pradesh,ANDHRA PRADESH,Lok Sabha,147000000.0,53533502.0,93466498.0,36.42,68,41,37.61,66,62,4,,MP_SUMMARY,mplads_mp_summary_2026-08-26.csv,2026-08-26,2026-08-26T10:39:19.918730+00:00
INTERNAL_MP_003,C.M.RAMESH,C.M.RAMESH,ANAKAPALLE,ANAKAPALLE,Andhra Pradesh,ANDHRA PRADESH,Lok Sabha,202531656.11,36002667.0,166528989.11,17.78,75,20,21.05,42,38,4,,MP_SUMMARY,mplads_mp_summary_2026-08-26.csv,2026-08-26,2026-08-26T10:39:19.918730+00:00
INTERNAL_MP_004,AMBICA G LAKSHMINARAYANA VALMIKI,AMBICA G LAKSHMINARAYANA VALMIKI,ANANTAPUR,ANANTAPUR,Andhra Pradesh,ANDHRA PRADESH,Lok Sabha,201899064.11,62202871.0,139696193.11,30.81,116,42,26.58,81,79,2,,MP_SUMMARY,mplads_mp_summary_2026-08-26.csv,2026-08-26,2026-08-26T10:39:19.918730+00:00
INTERNAL_MP_005,Gumma Thanuja Rani,GUMMA THANUJA RANI,ARAKU,ARAKU,Andhra Pradesh,ANDHRA PRADESH,Lok Sabha,149458905.11,73149314.0,76309591.11000001,48.94,104,28,21.21,90,86,4,,MP_SUMMARY,mplads_mp_summary_2026-08-26.csv,2026-08-26,2026-08-26T10:39:19.918730+00:00
INTERNAL_MP_006,Krishna Prasad Tenneti,KRISHNA PRASAD TENNETI,BAPATLA,BAPATLA,Andhra Pradesh,ANDHRA PRADESH,Lok Sabha,167796849.11,16927605.0,150869244.11,10.09,118,6,4.84,23,21,2,,MP_SUMMARY,mplads_mp_summary_2026-08-26.csv,2026-08-26,2026-08-26T10:39:19.918730+00:00
INTERNAL_MP_007,DAGGUMALLA PRASADA RAO,DAGGUMALLA PRASADA RAO,CHITTOOR,CHITTOOR,Andhra Pradesh,ANDHRA PRADESH,Lok Sabha,147000000.0,76341346.0,70658654.0,51.93,115,111,49.12,156,156,0,,MP_SUMMARY,mplads_mp_summary_2026-08-26.csv,2026-08-26,2026-08-26T10:39:19.918730+00:00
INTERNAL_MP_008,Putta Mahesh Kumar,PUTTA MAHESH KUMAR,ELURU,ELURU,Andhra Pradesh,ANDHRA PRADESH,Lok Sabha,147000000.0,42407225.0,104592775.0,28.85,60,54,47.37,68,68,0,,MP_SUMMARY,mplads_mp_summary_2026-08-26.csv,2026-08-26,2026-08-26T10:39:19.918730+00:00
INTERNAL_MP_009,Dr Chandra Sekhar Pemmasani,DR CHANDRA SEKHAR PEMMASANI,GUNTUR,GUNTUR,Andhra Pradesh,ANDHRA PRADESH,Lok Sabha,159774113.11,35191726.0,124582387.11,22.03,87,9,9.38,42,41,1,,MP_SUMMARY,mplads_mp_summary_2026-08-26.csv,2026-08-26,2026-08-26T10:39:19.918730+00:00
INTERNAL_MP_010,B K PARTHASARATHI,B K PARTHASARATHI,HINDUPUR,HINDUPUR,Andhra Pradesh,ANDHRA PRADESH,Lok Sabha,160491894.11,47797914.0,112693980.11,29.78,40,52,56.52,64,64,0,,MP_SUMMARY,mplads_mp_summary_2026-08-26.csv,2026-08-26,2026-08-26T10:39:19.918730+00:00
INTERNAL_MP_011,Y S Avinash Reddy,Y S AVINASH REDDY,KADAPA,KADAPA,Andhra Pradesh,ANDHRA PRADESH,Lok Sabha,156430260.11,40037027.0,116393233.11,25.59,243,57,19.0,86,85,1,,MP_SUMMARY,mplads_mp_summary_2026-08-26.csv,2026-08-26,2026-08-26T10:39:19.918730+00:00
INTERNAL_MP_012,TANGELLA UDAY SRINIVAS,TANGELLA UDAY SRINIVAS,KAKINADA,KAKINADA,Andhra Pradesh,ANDHRA PRADESH,Lok Sabha,199417886.76,16907864.0,182510022.76,8.48,16,6,27.27,10,10,0,,MP_SUMMARY,mplads_mp_summary_2026-08-26.csv,2026-08-26,2026-08-26T10:39:19.918730+00:00
INTERNAL_MP_013,BASTIPATI NAGARAJU PANCHALINGALA,BASTIPATI NAGARAJU PANCHALINGALA,KURNOOL,KURNOOL,Andhra Pradesh,ANDHRA PRADESH,Lok Sabha,159998515.11,44033277.0,115965238.11,27.52,65,143,68.75,145,145,0,,MP_SUMMARY,mplads_mp_summary_2026-08-26.csv,2026-08-26,2026-08-26T10:39:19.918730+00:00
INTERNAL_MP_014,Balashowry Vallabbhaneni,BALASHOWRY VALLABBHANENI,MACHILIPATNAM,MACHILIPATNAM,Andhra Pradesh,ANDHRA PRADESH,Lok Sabha,147000000.0,14363941.0,132636059.0,9.77,52,9,14.75,26,24,2,,MP_SUMMARY,mplads_mp_summary_2026-08-26.csv,2026-08-26,2026-08-26T10:39:19.918730+00:00
INTERNAL_MP_015,DR BYREDDY SHABARI,DR BYREDDY SHABARI,NANDYAL,NANDYAL,Andhra Pradesh,ANDHRA PRADESH,Lok Sabha,150675889.11,50709419.0,99966470.11,33.65,129,70,35.18,116,115,1,,MP_SUMMARY,mplads_mp_summary_2026-08-26.csv,2026-08-26,2026-08-26T10:39:19.918730+00:00
INTERNAL_MP_016,Bhupathiraju Srinivasa varma,BHUPATHIRAJU SRINIVASA VARMA,NARASAPURAM,NARASAPURAM,Andhra Pradesh,ANDHRA PRADESH,Lok Sabha,147000000.0,0.0,147000000.0,0.0,1,0,0.0,0,0,0,,MP_SUMMARY,mplads_mp_summary_2026-08-26.csv,2026-08-26,2026-08-26T10:39:19.918730+00:00
INTERNAL_MP_017,Lavu Sri Krishna Devarayalu,LAVU SRI KRISHNA DEVARAYALU,NARASARAOPET,NARASARAOPET,Andhra Pradesh,ANDHRA PRADESH,Lok Sabha,174009663.11,2402685.0,171606978.11,1.38,130,1,0.76,4,4,0,,MP_SUMMARY,mplads_mp_summary_2026-08-26.csv,2026-08-26,2026-08-26T10:39:19.918730+00:00
INTERNAL_MP_018,PRABHAKAR REDDY VEMIREDDY,PRABHAKAR REDDY VEMIREDDY,NELLORE,NELLORE,Andhra Pradesh,ANDHRA PRADESH,Lok Sabha,147000000.0,73610054.0,73389946.0,50.07,34,123,78.34,136,135,1,,MP_SUMMARY,mplads_mp_summary_2026-08-26.csv,2026-08-26,2026-08-26T10:39:19.918730+00:00
INTERNAL_MP_019,Magunta Sreenivasulu Reddy,MAGUNTA SREENIVASULU REDDY,ONGOLE,ONGOLE,Andhra Pradesh,ANDHRA PRADESH,Lok Sabha,147000000.0,9854157.0,137145843.0,6.7,18,1,5.26,9,8,1,,MP_SUMMARY,mplads_mp_summary_2026-08-26.csv,2026-08-26,2026-08-26T10:39:19.918730+00:00
INTERNAL_MP_020,Daggubati Purandeshwari,DAGGUBATI PURANDESHWARI,RAJAHMUNDRY,RAJAHMUNDRY,Andhra Pradesh,ANDHRA PRADESH,Lok Sabha,147000000.0,14394558.0,132605442.0,9.79,26,3,10.34,13,12,1,,MP_SUMMARY,mplads_mp_summary_2026-08-26.csv,2026-08-26,2026-08-26T10:39:19.918730+00:00
INTERNAL_MP_021,Midhun Reddy,MIDHUN REDDY,RAJAMPET,RAJAMPET,Andhra Pradesh,ANDHRA PRADESH,Lok Sabha,178951477.11,55016006.0,123935471.11,30.74,317,177,35.83,228,206,22,,MP_SUMMARY,mplads_mp_summary_2026-08-26.csv,2026-08-26,2026-08-26T10:39:19.918730+00:00
INTERNAL_MP_022,Kinjarapu Ram Mohan Naidu,KINJARAPU RAM MOHAN NAIDU,SRIKAKULAM,SRIKAKULAM,Andhra Pradesh,ANDHRA PRADESH,Lok Sabha,171200630.11,53576961.0,117623669.11,31.29,155,60,27.91,102,100,2,,MP_SUMMARY,mplads_mp_summary_2026-08-26.csv,2026-08-26,2026-08-26T10:39:19.918730+00:00
INTERNAL_MP_023,Maddila Gurumoorthy,MADDILA GURUMOORTHY,TIRUPATI,TIRUPATI,Andhra Pradesh,ANDHRA PRADESH,Lok Sabha,180399007.0,64414143.0,115984864.0,35.71,181,110,37.8,167,149,18,,MP_SUMMARY,mplads_mp_summary_2026-08-26.csv,2026-08-26,2026-08-26T10:39:19.918730+00:00
INTERNAL_MP_024,Sivanath Kesineni,SIVANATH KESINENI,VIJAYAWADA,VIJAYAWADA,Andhra Pradesh,ANDHRA PRADESH,Lok Sabha,147000000.0,6329561.0,140670439.0,4.31,28,1,3.45,3,3,0,,MP_SUMMARY,mplads_mp_summary_2026-08-26.csv,2026-08-26,2026-08-26T10:39:19.918730+00:00
INTERNAL_MP_025,Sribharat MathuKumli,SRIBHARAT MATHUKUMLI,VISAKHAPATNAM,VISAKHAPATNAM,Andhra Pradesh,ANDHRA PRADESH,Lok Sabha,164841922.0,10903207.0,153938715.0,6.61,40,0,0.0,15,15,0,,MP_SUMMARY,mplads_mp_summary_2026-08-26.csv,2026-08-26,2026-08-26T10:39:19.918730+00:00
INTERNAL_MP_026,Appalanaidu Kalisetti,APPALANAIDU KALISETTI,VIZIANAGARAM,VIZIANAGARAM,Andhra Pradesh,ANDHRA PRADESH,Lok Sabha,147000000.0,22325622.0,124674378.0,15.19,67,36,34.95,56,54,2,,MP_SUMMARY,mplads_mp_summary_2026-08-26.csv,2026-08-26,2026-08-26T10:39:19.918730+00:00
INTERNAL_MP_027,Shri Tapir Gao,SHRI TAPIR GAO,ARUNACHAL EAST,ARUNACHAL EAST,Arunachal Pradesh,ARUNACHAL PRADESH,Lok Sabha,147000000.0,98534470.0,48465530.0,67.03,58,106,64.63,199,195,4,,MP_SUMMARY,mplads_mp_summary_2026-08-26.csv,2026-08-26,2026-08-26T10:39:19.918730+00:00
INTERNAL_MP_028,Kiren Rijiju,KIREN RIJIJU,ARUNACHAL WEST,ARUNACHAL WEST,Arunachal Pradesh,ARUNACHAL PRADESH,Lok Sabha,147000000.0,87533016.0,59466984.0,59.55,17,114,87.02,162,155,7,,MP_SUMMARY,mplads_mp_summary_2026-08-26.csv,2026-08-26,2026-08-26T10:39:19.918730+00:00
INTERNAL_MP_029,PHANI BHUSAN CHOUDHURY,PHANI BHUSAN CHOUDHURY,BARPETA,BARPETA,Assam,ASSAM,Lok Sabha,147000000.0,41759331.0,105240669.0,28.41,84,3,3.45,102,96,6,,MP_SUMMARY,mplads_mp_summary_2026-08-26.csv,2026-08-26,2026-08-26T10:39:19.918730+00:00
INTERNAL_MP_030,Dilip Saikia,DILIP SAIKIA,Darrang-Udalguri,DARRANG-UDALGURI,Assam,ASSAM,Lok Sabha,147000000.0,25726095.0,121273905.0,17.5,225,5,2.17,148,146,2,,MP_SUMMARY,mplads_mp_summary_2026-08-26.csv,2026-08-26,2026-08-26T10:39:19.918730+00:00
INTERNAL_MP_031,RAKIBUL HUSSAIN,RAKIBUL HUSSAIN,DHUBRI,DHUBRI,Assam,ASSAM,Lok Sabha,147000000.0,46453373.0,100546627.0,31.6,152,25,14.12,138,132,6,,MP_SUMMARY,mplads_mp_summary_2026-08-26.csv,2026-08-26,2026-08-26T10:39:19.918730+00:00
INTERNAL_MP_032,Shri Sarbananda Sonowal (18LS),SHRI SARBANANDA SONOWAL (18LS),DIBRUGARH,DIBRUGARH,Assam,ASSAM,Lok Sabha,147000000.0,23630250.0,123369750.0,16.08,84,3,3.45,62,54,8,,MP_SUMMARY,mplads_mp_summary_2026-08-26.csv,2026-08-26,2026-08-26T10:39:19.918730+00:00
INTERNAL_MP_033,AMARSING TISSO,AMARSING TISSO,Diphu,DIPHU,Assam,ASSAM,Lok Sabha,147000000.0,70190709.0,76809291.0,47.75,53,41,43.62,192,172,20,,MP_SUMMARY,mplads_mp_summary_2026-08-26.csv,2026-08-26,2026-08-26T10:39:19.918730+00:00
INTERNAL_MP_034,BIJULI KALITA MEDHI,BIJULI KALITA MEDHI,GUWAHATI,GUWAHATI,Assam,ASSAM,Lok Sabha,147000000.0,71052648.0,75947352.0,48.34,145,5,3.33,165,165,0,,MP_SUMMARY,mplads_mp_summary_2026-08-26.csv,2026-08-26,2026-08-26T10:39:19.918730+00:00
INTERNAL_MP_035,GAURAV GOGOI,GAURAV GOGOI,JORHAT,JORHAT,Assam,ASSAM,Lok Sabha,147000000.0,39747670.0,107252330.0,27.04,429,33,7.14,447,442,5,,MP_SUMMARY,mplads_mp_summary_2026-08-26.csv,2026-08-26,2026-08-26T10:39:19.918730+00:00
INTERNAL_MP_036,Kripanath Mallah,KRIPANATH MALLAH,KARIMGANJ,KARIMGANJ,Assam,ASSAM,Lok Sabha,147000000.0,66488500.0,80511500.0,45.23,74,0,0.0,116,116,0,,MP_SUMMARY,mplads_mp_summary_2026-08-26.csv,2026-08-26,2026-08-26T10:39:19.918730+00:00
INTERNAL_MP_037,KAMAKHYA PRASAD TASA,KAMAKHYA PRASAD TASA,Kaziranga,KAZIRANGA,Assam,ASSAM,Lok Sabha,147000000.0,11985122.0,135014878.0,8.15,88,0,0.0,34,31,3,,MP_SUMMARY,mplads_mp_summary_2026-08-26.csv,2026-08-26,2026-08-26T10:39:19.918730+00:00
INTERNAL_MP_038,JOYANTA BASUMATARY,JOYANTA BASUMATARY,KOKRAJHAR,KOKRAJHAR,Assam,ASSAM,Lok Sabha,147000000.0,62530971.0,84469029.0,42.54,102,20,16.39,79,79,0,,MP_SUMMARY,mplads_mp_summary_2026-08-26.csv,2026-08-26,2026-08-26T10:39:19.918730+00:00
INTERNAL_MP_039,Pradan Baruah,PRADAN BARUAH,LAKHIMPUR,LAKHIMPUR,Assam,ASSAM,Lok Sabha,147000000.0,56052727.0,90947273.0,38.13,115,33,22.3,174,173,1,,MP_SUMMARY,mplads_mp_summary_2026-08-26.csv,2026-08-26,2026-08-26T10:39:19.918730+00:00
INTERNAL_MP_040,Pradyut Bordoloi,PRADYUT BORDOLOI,NOWGONG,NOWGONG,Assam,ASSAM,Lok Sabha,98000000.0,67125657.0,30874343.0,68.5,202,13,6.05,471,459,12,,MP_SUMMARY,mplads_mp_summary_2026-08-26.csv,2026-08-26,2026-08-26T10:39:19.918730+00:00
INTERNAL_MP_041,PARIMAL SUKLABAIDYA,PARIMAL SUKLABAIDYA,SILCHAR,SILCHAR,Assam,ASSAM,Lok Sabha,148300157.11,5386762.0,142913395.11,3.63,153,0,0.0,10,10,0,,MP_SUMMARY,mplads_mp_summary_2026-08-26.csv,2026-08-26,2026-08-26T10:39:19.918730+00:00
INTERNAL_MP_042,RANJIT DUTTA,RANJIT DUTTA,Sonitpur,SONITPUR,Assam,ASSAM,Lok Sabha,147000000.0,65900399.0,81099601.0,44.83,127,22,14.77,322,321,1,,MP_SUMMARY,mplads_mp_summary_2026-08-26.csv,2026-08-26,2026-08-26T10:39:19.918730+00:00
INTERNAL_MP_043,Pradeep Kumar Singh,PRADEEP KUMAR SINGH,ARARIA,ARARIA,Bihar,BIHAR,Lok Sabha,147000000.0,118278146.0,28721854.0,80.46,47,39,45.35,68,68,0,,MP_SUMMARY,mplads_mp_summary_2026-08-26.csv,2026-08-26,2026-08-26T10:39:19.918730+00:00
INTERNAL_MP_044,SUDAMA PRASAD,SUDAMA PRASAD,ARRAH,ARRAH,Bihar,BIHAR,Lok Sabha,147000000.0,57716958.0,89283042.0,39.26,153,66,30.14,86,83,3,,MP_SUMMARY,mplads_mp_summary_2026-08-26.csv,2026-08-26,2026-08-26T10:39:19.918730+00:00
INTERNAL_MP_045,ABHAY KUMAR SINHA,ABHAY KUMAR SINHA,AURANGABAD,AURANGABAD,Bihar,BIHAR,Lok Sabha,147000000.0,72972894.0,74027106.0,49.64,147,124,45.76,158,156,2,,MP_SUMMARY,mplads_mp_summary_2026-08-26.csv,2026-08-26,2026-08-26T10:39:19.918730+00:00
INTERNAL_MP_046,Giridhari Yadav,GIRIDHARI YADAV,BANKA,BANKA,Bihar,BIHAR,Lok Sabha,147000000.0,114805889.0,32194111.0,78.1,35,85,70.83,96,96,0,,MP_SUMMARY,mplads_mp_summary_2026-08-26.csv,2026-08-26,2026-08-26T10:39:19.918730+00:00
INTERNAL_MP_047,Giriraj Singh,GIRIRAJ SINGH,BEGUSARAI,BEGUSARAI,Bihar,BIHAR,Lok Sabha,147000000.0,32994877.0,114005123.0,22.45,50,17,25.37,38,37,1,,MP_SUMMARY,mplads_mp_summary_2026-08-26.csv,2026-08-26,2026-08-26T10:39:19.918730+00:00
INTERNAL_MP_048,Ajay Kumar Mandal,AJAY KUMAR MANDAL,BHAGALPUR,BHAGALPUR,Bihar,BIHAR,Lok Sabha,147000000.0,75252620.0,71747380.0,51.19,36,38,51.35,71,71,0,,MP_SUMMARY,mplads_mp_summary_2026-08-26.csv,2026-08-26,2026-08-26T10:39:19.918730+00:00
INTERNAL_MP_049,SUDHAKAR SINGH,SUDHAKAR SINGH,BUXAR,BUXAR,Bihar,BIHAR,Lok Sabha,185211956.54,123581875.0,61630081.53999999,66.72,106,98,48.04,176,175,1,,MP_SUMMARY,mplads_mp_summary_2026-08-26.csv,2026-08-26,2026-08-26T10:39:19.918730+00:00
INTERNAL_MP_050,Mr Gopal Jee Thakur,MR GOPAL JEE THAKUR,DARBHANGA,DARBHANGA,Bihar,BIHAR,Lok Sabha,147000000.0,75767756.0,71232244.0,51.54,120,59,32.96,156,156,0,,MP_SUMMARY,mplads_mp_summary_2026-08-26.csv,2026-08-26,2026-08-26T10:39:19.918730+00:00
INTERNAL_MP_051,JITAN RAM MANJHI,JITAN RAM MANJHI,GAYA,GAYA,Bihar,BIHAR,Lok Sabha,147000000.0,59449374.0,87550626.0,40.44,108,152,58.46,187,186,1,,MP_SUMMARY,mplads_mp_summary_2026-08-26.csv,2026-08-26,2026-08-26T10:39:19.918730+00:00
INTERNAL_MP_052,Alok Kumar Suman,ALOK KUMAR SUMAN,GOPALGANJ,GOPALGANJ,Bihar,BIHAR,Lok Sabha,147000000.0,50920280.0,96079720.0,34.64,112,43,27.74,56,55,1,,MP_SUMMARY,mplads_mp_summary_2026-08-26.csv,2026-08-26,2026-08-26T10:39:19.918730+00:00
INTERNAL_MP_053,CHIRAG PASWAN,CHIRAG PASWAN,HAJIPUR,HAJIPUR,Bihar,BIHAR,Lok Sabha,147000000.0,51506335.0,95493665.0,35.04,66,47,41.59,54,48,6,,MP_SUMMARY,mplads_mp_summary_2026-08-26.csv,2026-08-26,2026-08-26T10:39:19.918730+00:00
INTERNAL_MP_054,SURENDRA PRASAD YADAV,SURENDRA PRASAD YADAV,JAHANABAD,JAHANABAD,Bihar,BIHAR,Lok Sabha,155325714.0,68477331.0,86848383.0,44.09,161,141,46.69,200,197,3,,MP_SUMMARY,mplads_mp_summary_2026-08-26.csv,2026-08-26,2026-08-26T10:39:19.918730+00:00
INTERNAL_MP_055,ARUN BHARTI,ARUN BHARTI,JAMUI,JAMUI,Bihar,BIHAR,Lok Sabha,194924621.11,132119553.0,62805068.110000014,67.78,110,218,66.46,305,264,41,,MP_SUMMARY,mplads_mp_summary_2026-08-26.csv,2026-08-26,2026-08-26T10:39:19.918730+00:00
INTERNAL_MP_056,Ramprit Mandal,RAMPRIT MANDAL,JHANJHARPUR,JHANJHARPUR,Bihar,BIHAR,Lok Sabha,147000000.0,107510581.0,39489419.0,73.14,91,89,49.44,104,104,0,,MP_SUMMARY,mplads_mp_summary_2026-08-26.csv,2026-08-26,2026-08-26T10:39:19.918730+00:00
INTERNAL_MP_057,RAJA RAM SINGH,RAJA RAM SINGH,KARAKAT,KARAKAT,Bihar,BIHAR,Lok Sabha,147000000.0,71841783.0,75158217.0,48.87,212,114,34.97,191,187,4,,MP_SUMMARY,mplads_mp_summary_2026-08-26.csv,2026-08-26,2026-08-26T10:39:19.918730+00:00
INTERNAL_MP_058,TARIQ ANWAR,TARIQ ANWAR,KATIHAR,KATIHAR,Bihar,BIHAR,Lok Sabha,147000000.0,79735060.0,67264940.0,54.24,26,60,69.77,82,77,5,,MP_SUMMARY,mplads_mp_summary_2026-08-26.csv,2026-08-26,2026-08-26T10:39:19.918730+00:00
INTERNAL_MP_059,RAJESH VERMA,RAJESH VERMA,KHAGARIA,KHAGARIA,Bihar,BIHAR,Lok Sabha,147000000.0,74186362.0,72813638.0,50.47,9,67,88.16,69,69,0,,MP_SUMMARY,mplads_mp_summary_2026-08-26.csv,2026-08-26,2026-08-26T10:39:19.918730+00:00
INTERNAL_MP_060,Dr Mohammad Jawed,DR MOHAMMAD JAWED,KISHANGANJ,KISHANGANJ,Bihar,BIHAR,Lok Sabha,148669229.11,89065400.0,59603829.110000014,59.91,74,130,63.73,138,138,0,,MP_SUMMARY,mplads_mp_summary_2026-08-26.csv,2026-08-26,2026-08-26T10:39:19.918730+00:00
INTERNAL_MP_061,Dinesh Chandra Yadav,DINESH CHANDRA YADAV,MADHEPURA,MADHEPURA,Bihar,BIHAR,Lok Sabha,150070866.11,92486814.0,57584052.110000014,61.63,51,105,67.31,113,113,0,,MP_SUMMARY,mplads_mp_summary_2026-08-26.csv,2026-08-26,2026-08-26T10:39:19.918730+00:00
INTERNAL_MP_062,Ashok Kumar Yadav,ASHOK KUMAR YADAV,MADHUBANI,MADHUBANI,Bihar,BIHAR,Lok Sabha,147000000.0,70438959.0,76561041.0,47.92,108,81,42.86,132,132,0,,MP_SUMMARY,mplads_mp_summary_2026-08-26.csv,2026-08-26,2026-08-26T10:39:19.918730+00:00
INTERNAL_MP_063,Shri Janardan Singh Sigriwal,SHRI JANARDAN SINGH SIGRIWAL,MAHARAJGANJ,MAHARAJGANJ,Bihar,BIHAR,Lok Sabha,147000000.0,46417759.0,100582241.0,31.58,56,18,24.32,44,42,2,,MP_SUMMARY,mplads_mp_summary_2026-08-26.csv,2026-08-26,2026-08-26T10:39:19.918730+00:00
INTERNAL_MP_064,Rajiv Ranjan (Lalan) Singh,RAJIV RANJAN (LALAN) SINGH,MUNGER,MUNGER,Bihar,BIHAR,Lok Sabha,147000000.0,0.0,147000000.0,0.0,1,0,0.0,0,0,0,,MP_SUMMARY,mplads_mp_summary_2026-08-26.csv,2026-08-26,2026-08-26T10:39:19.918730+00:00
INTERNAL_MP_065,RAJ BHUSHAN CHOUDHARY,RAJ BHUSHAN CHOUDHARY,MUZAFFARPUR,MUZAFFARPUR,Bihar,BIHAR,Lok Sabha,147000000.0,96375137.0,50624863.0,65.56,43,77,64.17,90,90,0,,MP_SUMMARY,mplads_mp_summary_2026-08-26.csv,2026-08-26,2026-08-26T10:39:19.918730+00:00
INTERNAL_MP_066,Kaushalendra Kumar,KAUSHALENDRA KUMAR,NALANDA,NALANDA,Bihar,BIHAR,Lok Sabha,147000000.0,44517141.0,102482859.0,30.28,74,91,55.15,94,92,2,,MP_SUMMARY,mplads_mp_summary_2026-08-26.csv,2026-08-26,2026-08-26T10:39:19.918730+00:00
INTERNAL_MP_067,VIVEK THAKUR,VIVEK THAKUR,NAWADA,NAWADA,Bihar,BIHAR,Lok Sabha,147000000.0,3164487.0,143835513.0,2.15,85,1,1.16,5,4,1,,MP_SUMMARY,mplads_mp_summary_2026-08-26.csv,2026-08-26,2026-08-26T10:39:19.918730+00:00
INTERNAL_MP_068,Sanjay Jaiswal,SANJAY JAISWAL,PASCHIM CHAMPARAN,PASCHIM CHAMPARAN,Bihar,BIHAR,Lok Sabha,147000000.0,0.0,147000000.0,0.0,0,0,0.0,0,0,0,,MP_SUMMARY,mplads_mp_summary_2026-08-26.csv,2026-08-26,2026-08-26T10:39:19.918730+00:00
INTERNAL_MP_069,MISHA BHARTI,MISHA BHARTI,PATALIPUTRA,PATALIPUTRA,Bihar,BIHAR,Lok Sabha,147000000.0,0.0,147000000.0,0.0,0,0,0.0,0,0,0,,MP_SUMMARY,mplads_mp_summary_2026-08-26.csv,2026-08-26,2026-08-26T10:39:19.918730+00:00
INTERNAL_MP_070,Ravi Shankar Prasad,RAVI SHANKAR PRASAD,PATNA SAHIB,PATNA SAHIB,Bihar,BIHAR,Lok Sabha,147000000.0,56647683.0,90352317.0,38.54,24,60,71.43,66,64,2,,MP_SUMMARY,mplads_mp_summary_2026-08-26.csv,2026-08-26,2026-08-26T10:39:19.918730+00:00
INTERNAL_MP_071,RAJESH RANJAN ALIAS PAPPU YADAV,RAJESH RANJAN ALIAS PAPPU YADAV,PURNEA,PURNEA,Bihar,BIHAR,Lok Sabha,147000000.0,72622818.0,74377182.0,49.4,125,46,26.9,76,76,0,,MP_SUMMARY,mplads_mp_summary_2026-08-26.csv,2026-08-26,2026-08-26T10:39:19.918730+00:00
INTERNAL_MP_072,Radha Mohan Singh,RADHA MOHAN SINGH,PURVI CHAMPARAN,PURVI CHAMPARAN,Bihar,BIHAR,Lok Sabha,147000000.0,69803891.0,77196109.0,47.49,64,60,48.39,83,80,3,,MP_SUMMARY,mplads_mp_summary_2026-08-26.csv,2026-08-26,2026-08-26T10:39:19.918730+00:00
INTERNAL_MP_073,SHAMBHAVI,SHAMBHAVI,SAMASTIPUR,SAMASTIPUR,Bihar,BIHAR,Lok Sabha,147000000.0,24196418.0,122803582.0,16.46,111,16,12.6,32,22,10,,MP_SUMMARY,mplads_mp_summary_2026-08-26.csv,2026-08-26,2026-08-26T10:39:19.918730+00:00
INTERNAL_MP_074,Rajiv Pratap Rudy,RAJIV PRATAP RUDY,SARAN,SARAN,Bihar,BIHAR,Lok Sabha,147000000.0,0.0,147000000.0,0.0,12,0,0.0,0,0,0,,MP_SUMMARY,mplads_mp_summary_2026-08-26.csv,2026-08-26,2026-08-26T10:39:19.918730+00:00
INTERNAL_MP_075,MANOJ KUMAR,MANOJ KUMAR,SASARAM,SASARAM,Bihar,BIHAR,Lok Sabha,147000000.0,95686097.0,51313903.0,65.09,112,82,42.27,122,120,2,,MP_SUMMARY,mplads_mp_summary_2026-08-26.csv,2026-08-26,2026-08-26T10:39:19.918730+00:00
INTERNAL_MP_076,LOVELY ANAND,LOVELY ANAND,SHEOHAR,SHEOHAR,Bihar,BIHAR,Lok Sabha,147000000.0,43561211.0,103438789.0,29.63,67,24,26.37,39,36,3,,MP_SUMMARY,mplads_mp_summary_2026-08-26.csv,2026-08-26,2026-08-26T10:39:19.918730+00:00
INTERNAL_MP_077,DEVESH CHANDRA THAKUR,DEVESH CHANDRA THAKUR,SITAMARHI,SITAMARHI,Bihar,BIHAR,Lok Sabha,163809205.11,41894417.0,121914788.11,25.58,90,119,56.94,129,129,0,,MP_SUMMARY,mplads_mp_summary_2026-08-26.csv,2026-08-26,2026-08-26T10:39:19.918730+00:00
INTERNAL_MP_078,VIJAYLAKSHMI DEVI,VIJAYLAKSHMI DEVI,SIWAN,SIWAN,Bihar,BIHAR,Lok Sabha,147000000.0,134748616.0,12251384.0,91.67,87,95,52.2,142,120,22,,MP_SUMMARY,mplads_mp_summary_2026-08-26.csv,2026-08-26,2026-08-26T10:39:19.918730+00:00
INTERNAL_MP_079,Dileshwar Kamait,DILESHWAR KAMAIT,SUPAUL,SUPAUL,Bihar,BIHAR,Lok Sabha,150450930.89,89329681.0,61121249.88999999,59.37,85,46,35.11,76,71,5,,MP_SUMMARY,mplads_mp_summary_2026-08-26.csv,2026-08-26,2026-08-26T10:39:19.918730+00:00
INTERNAL_MP_080,Nityanand Rai,NITYANAND RAI,UJJARPUR,UJJARPUR,Bihar,BIHAR,Lok Sabha,147000000.0,22994739.0,124005261.0,15.64,54,40,42.55,50,48,2,,MP_SUMMARY,mplads_mp_summary_2026-08-26.csv,2026-08-26,2026-08-26T10:39:19.918730+00:00
INTERNAL_MP_081,Smt Veena Devi,SMT VEENA DEVI,VAISHALI,VAISHALI,Bihar,BIHAR,Lok Sabha,147000000.0,131108889.0,15891111.0,89.19,29,30,50.85,49,49,0,,MP_SUMMARY,mplads_mp_summary_2026-08-26.csv,2026-08-26,2026-08-26T10:39:19.918730+00:00
INTERNAL_MP_082,Sunil Kumar,SUNIL KUMAR,VALMIKI NAGAR,VALMIKI NAGAR,Bihar,BIHAR,Lok Sabha,147000000.0,63664429.0,83335571.0,43.31,183,79,30.15,87,87,0,,MP_SUMMARY,mplads_mp_summary_2026-08-26.csv,2026-08-26,2026-08-26T10:39:19.918730+00:00
INTERNAL_MP_083,MANISH TEWARI,MANISH TEWARI,CHANDIGARH,CHANDIGARH,Chandigarh,CHANDIGARH,Lok Sabha,178351443.75,31109435.0,147242008.75,17.44,81,31,27.68,129,121,8,,MP_SUMMARY,mplads_mp_summary_2026-08-26.csv,2026-08-26,2026-08-26T10:39:19.918730+00:00
INTERNAL_MP_084,MAHESH KASHYAP,MAHESH KASHYAP,BASTAR,BASTAR,Chhattisgarh,CHHATTISGARH,Lok Sabha,147000000.0,62420367.5,84579632.5,42.46,168,38,18.45,193,186,7,,MP_SUMMARY,mplads_mp_summary_2026-08-26.csv,2026-08-26,2026-08-26T10:39:19.918730+00:00
INTERNAL_MP_085,TOKHAN SAHU,TOKHAN SAHU,BILASPUR,BILASPUR,Chhattisgarh,CHHATTISGARH,Lok Sabha,147000000.0,55525385.0,91474615.0,37.77,90,41,31.3,157,151,6,,MP_SUMMARY,mplads_mp_summary_2026-08-26.csv,2026-08-26,2026-08-26T10:39:19.918730+00:00
INTERNAL_MP_086,Vijay Baghel,VIJAY BAGHEL,DURG,DURG,Chhattisgarh,CHHATTISGARH,Lok Sabha,147000000.0,57650594.0,89349406.0,39.22,144,70,32.71,246,243,3,,MP_SUMMARY,mplads_mp_summary_2026-08-26.csv,2026-08-26,2026-08-26T10:39:19.918730+00:00
INTERNAL_MP_087,KAMLESH JANGDE,KAMLESH JANGDE,JANJGIR CHAMPA,JANJGIR CHAMPA,Chhattisgarh,CHHATTISGARH,Lok Sabha,150384382.11,98097656.0,52286726.110000014,65.23,90,254,73.84,599,596,3,,MP_SUMMARY,mplads_mp_summary_2026-08-26.csv,2026-08-26,2026-08-26T10:39:19.918730+00:00
INTERNAL_MP_088,BHOJRAJ NAG,BHOJRAJ NAG,KANKER,KANKER,Chhattisgarh,CHHATTISGARH,Lok Sabha,164672734.11,35985836.0,128686898.11,21.85,44,29,39.73,104,101,3,,MP_SUMMARY,mplads_mp_summary_2026-08-26.csv,2026-08-26,2026-08-26T10:39:19.918730+00:00
INTERNAL_MP_089,Jyotsna Charandas Mahant,JYOTSNA CHARANDAS MAHANT,KORBA,KORBA,Chhattisgarh,CHHATTISGARH,Lok Sabha,155153738.11,74559859.0,80593879.11000001,48.06,174,136,43.87,431,426,5,,MP_SUMMARY,mplads_mp_summary_2026-08-26.csv,2026-08-26,2026-08-26T10:39:19.918730+00:00
INTERNAL_MP_090,ROOP KUMARI CHOUDHARY,ROOP KUMARI CHOUDHARY,MAHASAMUND,MAHASAMUND,Chhattisgarh,CHHATTISGARH,Lok Sabha,153035414.0,75772172.0,77263242.0,49.51,107,72,40.22,249,243,6,,MP_SUMMARY,mplads_mp_summary_2026-08-26.csv,2026-08-26,2026-08-26T10:39:19.918730+00:00
INTERNAL_MP_091,RADHE SHYAM RATHIYA,RADHE SHYAM RATHIYA,RAIGARH,RAIGARH,Chhattisgarh,CHHATTISGARH,Lok Sabha,159706972.09,80152296.0,79554676.09,50.19,66,72,52.17,211,209,2,,MP_SUMMARY,mplads_mp_summary_2026-08-26.csv,2026-08-26,2026-08-26T10:39:19.918730+00:00
INTERNAL_MP_092,BRIJMOHAN AGRAWAL,BRIJMOHAN AGRAWAL,RAIPUR,RAIPUR,Chhattisgarh,CHHATTISGARH,Lok Sabha,153766451.11,68756217.0,85010234.11000001,44.71,115,38,24.84,168,164,4,,MP_SUMMARY,mplads_mp_summary_2026-08-26.csv,2026-08-26,2026-08-26T10:39:19.918730+00:00
INTERNAL_MP_093,Santosh Pandey,SANTOSH PANDEY,RAJNANDGAON,RAJNANDGAON,Chhattisgarh,CHHATTISGARH,Lok Sabha,147000000.0,60639114.0,86360886.0,41.25,107,71,39.89,245,236,9,,MP_SUMMARY,mplads_mp_summary_2026-08-26.csv,2026-08-26,2026-08-26T10:39:19.918730+00:00
INTERNAL_MP_094,CHINTAMANI MAHARAJ,CHINTAMANI MAHARAJ,SARGUJA,SARGUJA,Chhattisgarh,CHHATTISGARH,Lok Sabha,147000000.0,61420121.0,85579879.0,41.78,260,69,20.97,372,364,8,,MP_SUMMARY,mplads_mp_summary_2026-08-26.csv,2026-08-26,2026-08-26T10:39:19.918730+00:00
INTERNAL_MP_095,Praveen Khandelwal,PRAVEEN KHANDELWAL,CHANDINI CHOWK,CHANDINI CHOWK,Delhi,DELHI,Lok Sabha,147470276.0,26487847.0,120982429.0,17.96,34,35,50.72,42,42,0,,MP_SUMMARY,mplads_mp_summary_2026-08-26.csv,2026-08-26,2026-08-26T10:39:19.918730+00:00
INTERNAL_MP_096,Harsh Malhotra,HARSH MALHOTRA,EAST DELHI,EAST DELHI,Delhi,DELHI,Lok Sabha,147134131.0,24390277.0,122743854.0,16.58,61,51,45.54,57,55,2,,MP_SUMMARY,mplads_mp_summary_2026-08-26.csv,2026-08-26,2026-08-26T10:39:19.918730+00:00
INTERNAL_MP_097,Bansuri Swaraj,BANSURI SWARAJ,NEW DELHI,NEW DELHI,Delhi,DELHI,Lok Sabha,154306950.0,21775293.0,132531657.0,14.11,69,41,37.27,46,44,2,,MP_SUMMARY,mplads_mp_summary_2026-08-26.csv,2026-08-26,2026-08-26T10:39:19.918730+00:00
INTERNAL_MP_098,Manoj Tiwari,MANOJ TIWARI,NORTH EAST DELHI,NORTH EAST DELHI,Delhi,DELHI,Lok Sabha,225843858.0,28650238.0,197193620.0,12.69,17,6,26.09,9,9,0,,MP_SUMMARY,mplads_mp_summary_2026-08-26.csv,2026-08-26,2026-08-26T10:39:19.918730+00:00
INTERNAL_MP_099,Yogendra Chandoliya,YOGENDRA CHANDOLIYA,NORTH WEST DELHI,NORTH WEST DELHI,Delhi,DELHI,Lok Sabha,147876307.0,10961614.0,136914693.0,7.41,48,11,18.64,14,14,0,,MP_SUMMARY,mplads_mp_summary_2026-08-26.csv,2026-08-26,2026-08-26T10:39:19.918730+00:00
INTERNAL_MP_100,Ramvir Singh Bidhuri,RAMVIR SINGH BIDHURI,SOUTH DELHI,SOUTH DELHI,Delhi,DELHI,Lok Sabha,147559100.0,28849836.0,118709264.0,19.55,82,41,33.33,48,48,0,,MP_SUMMARY,mplads_mp_summary_2026-08-26.csv,2026-08-26,2026-08-26T10:39:19.918730+00:00
INTERNAL_MP_101,Kamaljeet Sehrawat,KAMALJEET SEHRAWAT,WEST DELHI,WEST DELHI,Delhi,DELHI,Lok Sabha,147000000.0,13075365.0,133924635.0,8.89,32,31,49.21,34,33,1,,MP_SUMMARY,mplads_mp_summary_2026-08-26.csv,2026-08-26,2026-08-26T10:39:19.918730+00:00
INTERNAL_MP_102,Shripad Yesso Naik,SHRIPAD YESSO NAIK,NORTH GOA,NORTH GOA,Goa,GOA,Lok Sabha,147000000.0,15476370.0,131523630.0,10.53,110,1,0.9,25,25,0,,MP_SUMMARY,mplads_mp_summary_2026-08-26.csv,2026-08-26,2026-08-26T10:39:19.918730+00:00
INTERNAL_MP_103,CAPTAIN VIRIATO FERNANDES,CAPTAIN VIRIATO FERNANDES,SOUTH GOA,SOUTH GOA,Goa,GOA,Lok Sabha,147000000.0,48358008.0,98641992.0,32.9,86,44,33.85,78,78,0,,MP_SUMMARY,mplads_mp_summary_2026-08-26.csv,2026-08-26,2026-08-26T10:39:19.918730+00:00
INTERNAL_MP_104,Hasmukh Bhai Soma Bhai Patel,HASMUKH BHAI SOMA BHAI PATEL,AHMEDABAD EAST,AHMEDABAD EAST,Gujarat,GUJARAT,Lok Sabha,147000000.0,32021270.0,114978730.0,21.78,176,20,10.2,36,36,0,,MP_SUMMARY,mplads_mp_summary_2026-08-26.csv,2026-08-26,2026-08-26T10:39:19.918730+00:00
INTERNAL_MP_105,DINESHBHAI MAKWANA,DINESHBHAI MAKWANA,AHMEDABAD WEST,AHMEDABAD WEST,Gujarat,GUJARAT,Lok Sabha,160434965.11,25122452.0,135312513.11,15.66,205,2,0.97,4,4,0,,MP_SUMMARY,mplads_mp_summary_2026-08-26.csv,2026-08-26,2026-08-26T10:39:19.918730+00:00
INTERNAL_MP_106,BHARATBHAI MANUBHAI SUTARIYA,BHARATBHAI MANUBHAI SUTARIYA,AMRELI,AMRELI,Gujarat,GUJARAT,Lok Sabha,147000000.0,60446765.0,86553235.0,41.12,175,154,46.81,183,175,8,,MP_SUMMARY,mplads_mp_summary_2026-08-26.csv,2026-08-26,2026-08-26T10:39:19.918730+00:00
INTERNAL_MP_107,Mitesh Rameshbhai Bakabhai Patel,MITESH RAMESHBHAI BAKABHAI PATEL,ANAND,ANAND,Gujarat,GUJARAT,Lok Sabha,147000000.0,58303147.0,88696853.0,39.66,280,247,46.87,293,283,10,5.0,MP_SUMMARY,mplads_mp_summary_2026-08-26.csv,2026-08-26,2026-08-26T10:39:19.918730+00:00
INTERNAL_MP_108,GENIBEN NAGAJI THAKOR,GENIBEN NAGAJI THAKOR,BANASKANTHA,BANASKANTHA,Gujarat,GUJARAT,Lok Sabha,147000000.0,25832765.0,121167235.0,17.57,127,41,24.4,66,65,1,,MP_SUMMARY,mplads_mp_summary_2026-08-26.csv,2026-08-26,2026-08-26T10:39:19.918730+00:00
INTERNAL_MP_109,Prabhubhai Nagarbhai Vasava,PRABHUBHAI NAGARBHAI VASAVA,BARDOLI,BARDOLI,Gujarat,GUJARAT,Lok Sabha,147000000.0,27468376.0,119531624.0,18.69,253,62,19.68,84,83,1,,MP_SUMMARY,mplads_mp_summary_2026-08-26.csv,2026-08-26,2026-08-26T10:39:19.918730+00:00
INTERNAL_MP_110,Mansukhbhai Dhanjibhai Vasava,MANSUKHBHAI DHANJIBHAI VASAVA,BHARUCH,BHARUCH,Gujarat,GUJARAT,Lok Sabha,147000000.0,69778294.0,77221706.0,47.47,194,204,51.26,244,236,8,,MP_SUMMARY,mplads_mp_summary_2026-08-26.csv,2026-08-26,2026-08-26T10:39:19.918730+00:00
INTERNAL_MP_111,NIMUBEN JAYANTIBHAI BAMBHANIYA,NIMUBEN JAYANTIBHAI BAMBHANIYA,BHAVNAGAR,BHAVNAGAR,Gujarat,GUJARAT,Lok Sabha,147000000.0,25662379.0,121337621.0,17.46,34,28,45.16,34,34,0,,MP_SUMMARY,mplads_mp_summary_2026-08-26.csv,2026-08-26,2026-08-26T10:39:19.918730+00:00
INTERNAL_MP_112,JASHUBHAI BHILUBHAI RATHVA,JASHUBHAI BHILUBHAI RATHVA,CHHOTA UDAIPUR,CHHOTA UDAIPUR,Gujarat,GUJARAT,Lok Sabha,147000000.0,40624412.0,106375588.0,27.64,248,100,28.74,126,119,7,,MP_SUMMARY,mplads_mp_summary_2026-08-26.csv,2026-08-26,2026-08-26T10:39:19.918730+00:00
INTERNAL_MP_113,Jaswantsinh Sumanbhai Bhabhor,JASWANTSINH SUMANBHAI BHABHOR,DAHOD,DAHOD,Gujarat,GUJARAT,Lok Sabha,147000000.0,26203905.0,120796095.0,17.83,327,68,17.22,89,84,5,,MP_SUMMARY,mplads_mp_summary_2026-08-26.csv,2026-08-26,2026-08-26T10:39:19.918730+00:00
INTERNAL_MP_114,Shri Amit Shah,SHRI AMIT SHAH,GANDHINAGAR,GANDHINAGAR,Gujarat,GUJARAT,Lok Sabha,147000000.0,11529274.0,135470726.0,7.84,96,22,18.64,27,27,0,,MP_SUMMARY,mplads_mp_summary_2026-08-26.csv,2026-08-26,2026-08-26T10:39:19.918730+00:00
INTERNAL_MP_115,Smt Poonamben Hematbhai Maadam,SMT POONAMBEN HEMATBHAI MAADAM,JAMNAGAR,JAMNAGAR,Gujarat,GUJARAT,Lok Sabha,147000000.0,25917848.0,121082152.0,17.63,134,45,25.14,60,55,5,,MP_SUMMARY,mplads_mp_summary_2026-08-26.csv,2026-08-26,2026-08-26T10:39:19.918730+00:00
INTERNAL_MP_116,Rajeshbhai Naranbhai Chudasama,RAJESHBHAI NARANBHAI CHUDASAMA,JUNAGADH,JUNAGADH,Gujarat,GUJARAT,Lok Sabha,147000000.0,56040284.0,90959716.0,38.12,147,152,50.84,176,170,6,,MP_SUMMARY,mplads_mp_summary_2026-08-26.csv,2026-08-26,2026-08-26T10:39:19.918730+00:00
INTERNAL_MP_117,Vinod Chavda,VINOD CHAVDA,KACHCHH,KACHCHH,Gujarat,GUJARAT,Lok Sabha,147000000.0,51051603.0,95948397.0,34.73,256,98,27.68,126,119,7,,MP_SUMMARY,mplads_mp_summary_2026-08-26.csv,2026-08-26,2026-08-26T10:39:19.918730+00:00
INTERNAL_MP_118,Devusinh Jesingbhai Chauhan,DEVUSINH JESINGBHAI CHAUHAN,KHEDA,KHEDA,Gujarat,GUJARAT,Lok Sabha,147000000.0,54783374.0,92216626.0,37.27,341,247,42.01,292,291,1,,MP_SUMMARY,mplads_mp_summary_2026-08-26.csv,2026-08-26,2026-08-26T10:39:19.918730+00:00
INTERNAL_MP_119,HARIBHAI PATEL,HARIBHAI PATEL,MAHESANA,MAHESANA,Gujarat,GUJARAT,Lok Sabha,147000000.0,51281778.0,95718222.0,34.89,427,150,26.0,268,260,8,,MP_SUMMARY,mplads_mp_summary_2026-08-26.csv,2026-08-26,2026-08-26T10:39:19.918730+00:00
INTERNAL_MP_120,C R Patil,C R PATIL,NAVSARI,NAVSARI,Gujarat,GUJARAT,Lok Sabha,158532494.36,68363295.0,90169199.36,43.12,141,266,65.36,276,262,14,,MP_SUMMARY,mplads_mp_summary_2026-08-26.csv,2026-08-26,2026-08-26T10:39:19.918730+00:00
INTERNAL_MP_121,RAJPALSINH MAHENDRASINH JADAV,RAJPALSINH MAHENDRASINH JADAV,PANCHMAHAL,PANCHMAHAL,Gujarat,GUJARAT,Lok Sabha,147000000.0,28356198.0,118643802.0,19.29,372,89,19.31,132,107,25,,MP_SUMMARY,mplads_mp_summary_2026-08-26.csv,2026-08-26,2026-08-26T10:39:19.918730+00:00
INTERNAL_MP_122,Bharatsinhji Shankarji Dabhi,BHARATSINHJI SHANKARJI DABHI,PATAN,PATAN,Gujarat,GUJARAT,Lok Sabha,147000000.0,70906510.0,76093490.0,48.24,157,160,50.47,201,194,7,,MP_SUMMARY,mplads_mp_summary_2026-08-26.csv,2026-08-26,2026-08-26T10:39:19.918730+00:00
INTERNAL_MP_123,DR. MANSUKH MANDAVIYA,DR. MANSUKH MANDAVIYA,PORBANDAR,PORBANDAR,Gujarat,GUJARAT,Lok Sabha,147000000.0,34762587.0,112237413.0,23.65,238,72,23.23,86,85,1,,MP_SUMMARY,mplads_mp_summary_2026-08-26.csv,2026-08-26,2026-08-26T10:39:19.918730+00:00
INTERNAL_MP_124,PARSHOTTAMBHAI RUPALA,PARSHOTTAMBHAI RUPALA,RAJKOT,RAJKOT,Gujarat,GUJARAT,Lok Sabha,147000000.0,40230082.0,106769918.0,27.37,229,90,28.21,96,87,9,,MP_SUMMARY,mplads_mp_summary_2026-08-26.csv,2026-08-26,2026-08-26T10:39:19.918730+00:00
INTERNAL_MP_125,SHOBHANABEN MAHENDRASINH BARAIYA,SHOBHANABEN MAHENDRASINH BARAIYA,SABARKANTHA,SABARKANTHA,Gujarat,GUJARAT,Lok Sabha,147000000.0,51180570.0,95819430.0,34.82,152,122,44.53,144,134,10,,MP_SUMMARY,mplads_mp_summary_2026-08-26.csv,2026-08-26,2026-08-26T10:39:19.918730+00:00
INTERNAL_MP_126,MUKESHKUMAR CHANDRAKAANT DALAL,MUKESHKUMAR CHANDRAKAANT DALAL,SURAT,SURAT,Gujarat,GUJARAT,Lok Sabha,147000000.0,26395724.0,120604276.0,17.96,128,92,41.82,112,112,0,,MP_SUMMARY,mplads_mp_summary_2026-08-26.csv,2026-08-26,2026-08-26T10:39:19.918730+00:00
INTERNAL_MP_127,CHANDUBHAI CHHAGANBHAI SHIHORA,CHANDUBHAI CHHAGANBHAI SHIHORA,SURENDRANAGAR,SURENDRANAGAR,Gujarat,GUJARAT,Lok Sabha,147000000.0,59047027.0,87952973.0,40.17,109,100,47.85,210,208,2,,MP_SUMMARY,mplads_mp_summary_2026-08-26.csv,2026-08-26,2026-08-26T10:39:19.918730+00:00
INTERNAL_MP_128,DR. HEMANG JOSHI,DR. HEMANG JOSHI,VADODARA,VADODARA,Gujarat,GUJARAT,Lok Sabha,147000000.0,68089263.0,78910737.0,46.32,134,71,34.63,121,100,21,,MP_SUMMARY,mplads_mp_summary_2026-08-26.csv,2026-08-26,2026-08-26T10:39:19.918730+00:00
INTERNAL_MP_129,DHAVAL LAXMANBHAI PATEL,DHAVAL LAXMANBHAI PATEL,VALSAD,VALSAD,Gujarat,GUJARAT,Lok Sabha,147000000.0,36923530.0,110076470.0,25.12,176,60,25.42,69,65,4,,MP_SUMMARY,mplads_mp_summary_2026-08-26.csv,2026-08-26,2026-08-26T10:39:19.918730+00:00
INTERNAL_MP_130,VARUN CHAUDHRY,VARUN CHAUDHRY,AMBALA,AMBALA,Haryana,HARYANA,Lok Sabha,255454264.0,27537055.0,227917209.0,10.78,154,3,1.91,104,99,5,,MP_SUMMARY,mplads_mp_summary_2026-08-26.csv,2026-08-26,2026-08-26T10:39:19.918730+00:00
INTERNAL_MP_131,Shri  Dharambir Singh,SHRI DHARAMBIR SINGH,BHIWANI MAHENDRAGARH,BHIWANI MAHENDRAGARH,Haryana,HARYANA,Lok Sabha,147000000.0,61518498.0,85481502.0,41.85,107,103,49.05,177,177,0,,MP_SUMMARY,mplads_mp_summary_2026-08-26.csv,2026-08-26,2026-08-26T10:39:19.918730+00:00
INTERNAL_MP_132,Krishan Pal Gurjar,KRISHAN PAL GURJAR,FARIDABAD,FARIDABAD,Haryana,HARYANA,Lok Sabha,147000000.0,23658961.0,123341039.0,16.09,76,6,7.32,46,45,1,,MP_SUMMARY,mplads_mp_summary_2026-08-26.csv,2026-08-26,2026-08-26T10:39:19.918730+00:00
INTERNAL_MP_133,Rao Inderjit Singh,RAO INDERJIT SINGH,GURGAON,GURGAON,Haryana,HARYANA,Lok Sabha,147000000.0,22744840.0,124255160.0,15.47,34,14,29.17,28,20,8,,MP_SUMMARY,mplads_mp_summary_2026-08-26.csv,2026-08-26,2026-08-26T10:39:19.918730+00:00
INTERNAL_MP_134,JAI PARKASH,JAI PARKASH,HISAR,HISAR,Haryana,HARYANA,Lok Sabha,147000000.0,67953815.0,79046185.0,46.23,375,68,15.35,330,326,4,,MP_SUMMARY,mplads_mp_summary_2026-08-26.csv,2026-08-26,2026-08-26T10:39:19.918730+00:00
INTERNAL_MP_135,MANOHAR LAL,MANOHAR LAL,KARNAL,KARNAL,Haryana,HARYANA,Lok Sabha,147000000.0,16619897.0,130380103.0,11.31,19,1,5.0,13,13,0,,MP_SUMMARY,mplads_mp_summary_2026-08-26.csv,2026-08-26,2026-08-26T10:39:19.918730+00:00
INTERNAL_MP_136,NAVEEN JINDAL,NAVEEN JINDAL,KURUKSHETRA,KURUKSHETRA,Haryana,HARYANA,Lok Sabha,147000000.0,61160248.0,85839752.0,41.61,88,113,56.22,255,255,0,,MP_SUMMARY,mplads_mp_summary_2026-08-26.csv,2026-08-26,2026-08-26T10:39:19.918730+00:00
INTERNAL_MP_137,DEEPENDER SINGH HOODA,DEEPENDER SINGH HOODA,ROHTAK,ROHTAK,Haryana,HARYANA,Lok Sabha,147000000.0,58466003.0,88533997.0,39.77,107,70,39.55,144,142,2,,MP_SUMMARY,mplads_mp_summary_2026-08-26.csv,2026-08-26,2026-08-26T10:39:19.918730+00:00
INTERNAL_MP_138,SELJA,SELJA,SIRSA,SIRSA,Haryana,HARYANA,Lok Sabha,147000000.0,26636075.0,120363925.0,18.12,251,59,19.03,152,135,17,,MP_SUMMARY,mplads_mp_summary_2026-08-26.csv,2026-08-26,2026-08-26T10:39:19.918730+00:00
INTERNAL_MP_139,SATPAL BRAHAMCHARI,SATPAL BRAHAMCHARI,SONEPAT,SONEPAT,Haryana,HARYANA,Lok Sabha,147000000.0,33940251.0,113059749.0,23.09,212,19,8.23,200,166,34,,MP_SUMMARY,mplads_mp_summary_2026-08-26.csv,2026-08-26,2026-08-26T10:39:19.918730+00:00
INTERNAL_MP_140,Anurag Singh Thakur,ANURAG SINGH THAKUR,HAMIRPUR,HAMIRPUR,Himachal Pradesh,HIMACHAL PRADESH,Lok Sabha,149570117.11,18376823.0,131193294.11,12.29,162,45,21.74,231,224,7,,MP_SUMMARY,mplads_mp_summary_2026-08-26.csv,2026-08-26,2026-08-26T10:39:19.918730+00:00
INTERNAL_MP_141,RAJEEV BHARDWAJ,RAJEEV BHARDWAJ,KANGRA,KANGRA,Himachal Pradesh,HIMACHAL PRADESH,Lok Sabha,179388967.11,80583156.0,98805811.11,44.92,424,197,31.72,651,641,10,,MP_SUMMARY,mplads_mp_summary_2026-08-26.csv,2026-08-26,2026-08-26T10:39:19.918730+00:00
INTERNAL_MP_142,Kangana Ranaut,KANGANA RANAUT,MANDI,MANDI,Himachal Pradesh,HIMACHAL PRADESH,Lok Sabha,147000000.0,48830820.0,98169180.0,33.22,267,53,16.56,304,218,86,,MP_SUMMARY,mplads_mp_summary_2026-08-26.csv,2026-08-26,2026-08-26T10:39:19.918730+00:00
INTERNAL_MP_143,Suresh Kumar Kashyap,SURESH KUMAR KASHYAP,SHIMLA,SHIMLA,Himachal Pradesh,HIMACHAL PRADESH,Lok Sabha,153563957.11,90424211.0,63139746.110000014,58.88,446,83,15.69,591,586,5,,MP_SUMMARY,mplads_mp_summary_2026-08-26.csv,2026-08-26,2026-08-26T10:39:19.918730+00:00
INTERNAL_MP_144,MIAN ALTAF AHMAD,MIAN ALTAF AHMAD,ANANTNAG,ANANTNAG,Jammu And Kashmir,JAMMU AND KASHMIR,Lok Sabha,147000000.0,24523857.0,122476143.0,16.68,113,14,11.02,35,35,0,,MP_SUMMARY,mplads_mp_summary_2026-08-26.csv,2026-08-26,2026-08-26T10:39:19.918730+00:00
INTERNAL_MP_145,ABDUL RASHID SHEIKH,ABDUL RASHID SHEIKH,BARAMULLAH,BARAMULLAH,Jammu And Kashmir,JAMMU AND KASHMIR,Lok Sabha,147000000.0,27714021.0,119285979.0,18.85,114,44,27.85,70,67,3,,MP_SUMMARY,mplads_mp_summary_2026-08-26.csv,2026-08-26,2026-08-26T10:39:19.918730+00:00
INTERNAL_MP_146,Shri Jugal Kishore Sharma,SHRI JUGAL KISHORE SHARMA,JAMMU,JAMMU,Jammu And Kashmir,JAMMU AND KASHMIR,Lok Sabha,147000000.0,30369749.0,116630251.0,20.66,169,42,19.91,96,95,1,,MP_SUMMARY,mplads_mp_summary_2026-08-26.csv,2026-08-26,2026-08-26T10:39:19.918730+00:00
INTERNAL_MP_147,AGA SYED RUHULLAH MEHDI,AGA SYED RUHULLAH MEHDI,SRINAGAR,SRINAGAR,Jammu And Kashmir,JAMMU AND KASHMIR,Lok Sabha,147000000.0,20822671.0,126177329.0,14.17,136,62,31.31,80,65,15,,MP_SUMMARY,mplads_mp_summary_2026-08-26.csv,2026-08-26,2026-08-26T10:39:19.918730+00:00
INTERNAL_MP_148,Jitendra Singh,JITENDRA SINGH,UDHAMPUR,UDHAMPUR,Jammu And Kashmir,JAMMU AND KASHMIR,Lok Sabha,147000000.0,47977099.0,99022901.0,32.64,141,185,56.75,219,215,4,,MP_SUMMARY,mplads_mp_summary_2026-08-26.csv,2026-08-26,2026-08-26T10:39:19.918730+00:00
INTERNAL_MP_149,KALI CHARAN SINGH,KALI CHARAN SINGH,CHATRA,CHATRA,Jharkhand,JHARKHAND,Lok Sabha,147000000.0,49787316.0,97212684.0,33.87,429,75,14.88,291,265,26,,MP_SUMMARY,mplads_mp_summary_2026-08-26.csv,2026-08-26,2026-08-26T10:39:19.918730+00:00
INTERNAL_MP_150,DULU MAHATO,DULU MAHATO,DHANBAD,DHANBAD,Jharkhand,JHARKHAND,Lok Sabha,147000000.0,50288360.0,96711640.0,34.21,322,57,15.04,269,267,2,,MP_SUMMARY,mplads_mp_summary_2026-08-26.csv,2026-08-26,2026-08-26T10:39:19.918730+00:00
INTERNAL_MP_151,NALIN SOREN,NALIN SOREN,DUMKA,DUMKA,Jharkhand,JHARKHAND,Lok Sabha,147364097.11,86550781.0,60813316.110000014,58.73,319,106,24.94,289,289,0,,MP_SUMMARY,mplads_mp_summary_2026-08-26.csv,2026-08-26,2026-08-26T10:39:19.918730+00:00
INTERNAL_MP_152,Shri Chandra Prakash Choudhary,SHRI CHANDRA PRAKASH CHOUDHARY,GIRIDIH,GIRIDIH,Jharkhand,JHARKHAND,Lok Sabha,147000000.0,54889366.0,92110634.0,37.34,625,49,7.27,297,266,31,,MP_SUMMARY,mplads_mp_summary_2026-08-26.csv,2026-08-26,2026-08-26T10:39:19.918730+00:00
INTERNAL_MP_153,Nishikant Dubey,NISHIKANT DUBEY,GODDA,GODDA,Jharkhand,JHARKHAND,Lok Sabha,147000000.0,1785510.0,145214490.0,1.21,2,0,0.0,1,1,0,,MP_SUMMARY,mplads_mp_summary_2026-08-26.csv,2026-08-26,2026-08-26T10:39:19.918730+00:00
INTERNAL_MP_154,MANISH JAISWAL,MANISH JAISWAL,HAZARIBAGH,HAZARIBAGH,Jharkhand,JHARKHAND,Lok Sabha,147000000.0,0.0,147000000.0,0.0,164,0,0.0,0,0,0,,MP_SUMMARY,mplads_mp_summary_2026-08-26.csv,2026-08-26,2026-08-26T10:39:19.918730+00:00
INTERNAL_MP_155,Bidyut Baran Mahato,BIDYUT BARAN MAHATO,JAMSHEDPUR,JAMSHEDPUR,Jharkhand,JHARKHAND,Lok Sabha,147000000.0,75745972.0,71254028.0,51.53,176,2,1.12,189,189,0,,MP_SUMMARY,mplads_mp_summary_2026-08-26.csv,2026-08-26,2026-08-26T10:39:19.918730+00:00
INTERNAL_MP_156,KALI CHARAN MUNDA,KALI CHARAN MUNDA,KHUNTI,KHUNTI,Jharkhand,JHARKHAND,Lok Sabha,147000000.0,77772545.0,69227455.0,52.91,274,31,10.16,240,240,0,,MP_SUMMARY,mplads_mp_summary_2026-08-26.csv,2026-08-26,2026-08-26T10:39:19.918730+00:00
INTERNAL_MP_157,Annpurna Devi,ANNPURNA DEVI,KODARMA,KODARMA,Jharkhand,JHARKHAND,Lok Sabha,166665931.8,42079828.0,124586103.8,25.25,303,85,21.91,146,136,10,,MP_SUMMARY,mplads_mp_summary_2026-08-26.csv,2026-08-26,2026-08-26T10:39:19.918730+00:00
INTERNAL_MP_158,SUKHDEO BHAGAT,SUKHDEO BHAGAT,LOHARDAGA,LOHARDAGA,Jharkhand,JHARKHAND,Lok Sabha,171821957.11,138586757.0,33235200.11000001,80.66,204,80,28.17,358,353,5,,MP_SUMMARY,mplads_mp_summary_2026-08-26.csv,2026-08-26,2026-08-26T10:39:19.918730+00:00
INTERNAL_MP_159,Vishnu Dayal Ram,VISHNU DAYAL RAM,PALAMU,PALAMU,Jharkhand,JHARKHAND,Lok Sabha,158176083.11,83852477.0,74323606.11000001,53.01,154,117,43.17,333,332,1,,MP_SUMMARY,mplads_mp_summary_2026-08-26.csv,2026-08-26,2026-08-26T10:39:19.918730+00:00
INTERNAL_MP_160,Vijay Kumar Hansdak,VIJAY KUMAR HANSDAK,RAJMAHAL,RAJMAHAL,Jharkhand,JHARKHAND,Lok Sabha,147223957.11,28886697.0,118337260.11,19.62,468,0,0.0,302,302,0,,MP_SUMMARY,mplads_mp_summary_2026-08-26.csv,2026-08-26,2026-08-26T10:39:19.918730+00:00
INTERNAL_MP_161,Sanjay Seth,SANJAY SETH,RANCHI,RANCHI,Jharkhand,JHARKHAND,Lok Sabha,147064357.11,87528580.0,59535777.110000014,59.52,101,49,32.67,238,232,6,,MP_SUMMARY,mplads_mp_summary_2026-08-26.csv,2026-08-26,2026-08-26T10:39:19.918730+00:00
INTERNAL_MP_162,JOBA MAJHI,JOBA MAJHI,SINGHBHUM,SINGHBHUM,Jharkhand,JHARKHAND,Lok Sabha,147000000.0,59054467.0,87945533.0,40.17,118,0,0.0,127,127,0,,MP_SUMMARY,mplads_mp_summary_2026-08-26.csv,2026-08-26,2026-08-26T10:39:19.918730+00:00
INTERNAL_MP_163,Parvatagouda Chandanagouda Gaddigoudar,PARVATAGOUDA CHANDANAGOUDA GADDIGOUDAR,BAGALKOT,BAGALKOT,Karnataka,KARNATAKA,Lok Sabha,167541747.11,63865076.0,103676671.11,38.12,136,92,40.35,232,230,2,,MP_SUMMARY,mplads_mp_summary_2026-08-26.csv,2026-08-26,2026-08-26T10:39:19.918730+00:00
INTERNAL_MP_164,P C Mohan,P C MOHAN,BANGALORE CENTRAL,BANGALORE CENTRAL,Karnataka,KARNATAKA,Lok Sabha,159995711.11,10439505.0,149556206.11,6.52,17,2,10.53,21,21,0,,MP_SUMMARY,mplads_mp_summary_2026-08-26.csv,2026-08-26,2026-08-26T10:39:19.918730+00:00
INTERNAL_MP_165,SHOBHA KARANDLAJE,SHOBHA KARANDLAJE,BANGALORE NORTH,BANGALORE NORTH,Karnataka,KARNATAKA,Lok Sabha,147000000.0,61473509.0,85526491.0,41.82,88,21,19.27,104,104,0,,MP_SUMMARY,mplads_mp_summary_2026-08-26.csv,2026-08-26,2026-08-26T10:39:19.918730+00:00
INTERNAL_MP_166,DR C N MANJUNATH,DR C N MANJUNATH,BANGALORE RURAL,BANGALORE RURAL,Karnataka,KARNATAKA,Lok Sabha,147000000.0,58047695.0,88952305.0,39.49,170,64,27.35,187,178,9,,MP_SUMMARY,mplads_mp_summary_2026-08-26.csv,2026-08-26,2026-08-26T10:39:19.918730+00:00
INTERNAL_MP_167,Shri LS Tejasvi Surya,SHRI LS TEJASVI SURYA,BANGALORE SOUTH,BANGALORE SOUTH,Karnataka,KARNATAKA,Lok Sabha,147000000.0,40913804.0,106086196.0,27.83,112,25,18.25,51,49,2,,MP_SUMMARY,mplads_mp_summary_2026-08-26.csv,2026-08-26,2026-08-26T10:39:19.918730+00:00
INTERNAL_MP_168,JAGADISH SHETTAR,JAGADISH SHETTAR,BELGAUM,BELGAUM,Karnataka,KARNATAKA,Lok Sabha,147000000.0,9847651.0,137152349.0,6.7,171,1,0.58,29,21,8,,MP_SUMMARY,mplads_mp_summary_2026-08-26.csv,2026-08-26,2026-08-26T10:39:19.918730+00:00
INTERNAL_MP_169,E. TUKARAM,E. TUKARAM,BELLARY,BELLARY,Karnataka,KARNATAKA,Lok Sabha,147000000.0,14535937.0,132464063.0,9.89,89,2,2.2,25,24,1,,MP_SUMMARY,mplads_mp_summary_2026-08-26.csv,2026-08-26,2026-08-26T10:39:19.918730+00:00
INTERNAL_MP_170,SAGAR ESHWAR KHANDRE,SAGAR ESHWAR KHANDRE,BIDAR,BIDAR,Karnataka,KARNATAKA,Lok Sabha,147000000.0,15422826.0,131577174.0,10.49,173,5,2.81,50,46,4,,MP_SUMMARY,mplads_mp_summary_2026-08-26.csv,2026-08-26,2026-08-26T10:39:19.918730+00:00
INTERNAL_MP_171,Ramesh Chandappa Jigajinagi,RAMESH CHANDAPPA JIGAJINAGI,BIJAPUR,BIJAPUR,Karnataka,KARNATAKA,Lok Sabha,269500000.0,22898132.0,246601868.0,8.5,362,0,0.0,115,94,21,,MP_SUMMARY,mplads_mp_summary_2026-08-26.csv,2026-08-26,2026-08-26T10:39:19.918730+00:00
INTERNAL_MP_172,SUNIL BOSE,SUNIL BOSE,CHAMARAJANAGAR,CHAMARAJANAGAR,Karnataka,KARNATAKA,Lok Sabha,147000000.0,50427615.0,96572385.0,34.3,91,21,18.75,96,90,6,,MP_SUMMARY,mplads_mp_summary_2026-08-26.csv,2026-08-26,2026-08-26T10:39:19.918730+00:00
INTERNAL_MP_173,DR.K.SUDHAKAR,DR.K.SUDHAKAR,CHIKBALLAPUR,CHIKBALLAPUR,Karnataka,KARNATAKA,Lok Sabha,147000000.0,37428975.0,109571025.0,25.46,142,18,11.25,134,134,0,,MP_SUMMARY,mplads_mp_summary_2026-08-26.csv,2026-08-26,2026-08-26T10:39:19.918730+00:00
INTERNAL_MP_174,PRIYANKA SATISH JARKIHOLI,PRIYANKA SATISH JARKIHOLI,CHIKKODI,CHIKKODI,Karnataka,KARNATAKA,Lok Sabha,147000000.0,17833577.0,129166423.0,12.13,143,16,10.06,34,32,2,,MP_SUMMARY,mplads_mp_summary_2026-08-26.csv,2026-08-26,2026-08-26T10:39:19.918730+00:00
INTERNAL_MP_175,GOVIND MAKTHAPPA KARJOL,GOVIND MAKTHAPPA KARJOL,CHITRADURGA,CHITRADURGA,Karnataka,KARNATAKA,Lok Sabha,147000000.0,45195747.0,101804253.0,30.75,204,19,8.52,121,107,14,,MP_SUMMARY,mplads_mp_summary_2026-08-26.csv,2026-08-26,2026-08-26T10:39:19.918730+00:00
INTERNAL_MP_176,CAPTAIN BRIJESH CHOWTA,CAPTAIN BRIJESH CHOWTA,DAKSHINA KANNADA,DAKSHINA KANNADA,Karnataka,KARNATAKA,Lok Sabha,147000000.0,48429304.0,98570696.0,32.95,131,75,36.41,103,93,10,,MP_SUMMARY,mplads_mp_summary_2026-08-26.csv,2026-08-26,2026-08-26T10:39:19.918730+00:00
INTERNAL_MP_177,DR. PRABHA MALLIKARJUN,DR. PRABHA MALLIKARJUN,DAVANAGERE,DAVANAGERE,Karnataka,KARNATAKA,Lok Sabha,147000000.0,57444696.0,89555304.0,39.08,92,5,5.15,90,83,7,,MP_SUMMARY,mplads_mp_summary_2026-08-26.csv,2026-08-26,2026-08-26T10:39:19.918730+00:00
INTERNAL_MP_178,Pralhad Venkatesh Joshi,PRALHAD VENKATESH JOSHI,DHARWAD,DHARWAD,Karnataka,KARNATAKA,Lok Sabha,147000000.0,20265814.0,126734186.0,13.79,174,28,13.86,65,55,10,,MP_SUMMARY,mplads_mp_summary_2026-08-26.csv,2026-08-26,2026-08-26T10:39:19.918730+00:00
INTERNAL_MP_179,RADHAKRISHNA,RADHAKRISHNA,GULBARGA,GULBARGA,Karnataka,KARNATAKA,Lok Sabha,147000000.0,3254664.0,143745336.0,2.21,29,0,0.0,2,2,0,,MP_SUMMARY,mplads_mp_summary_2026-08-26.csv,2026-08-26,2026-08-26T10:39:19.918730+00:00
INTERNAL_MP_180,SHREYAS. M. PATEL,SHREYAS. M. PATEL,HASSAN,HASSAN,Karnataka,KARNATAKA,Lok Sabha,147000000.0,58328008.0,88671992.0,39.68,181,23,11.27,179,174,5,,MP_SUMMARY,mplads_mp_summary_2026-08-26.csv,2026-08-26,2026-08-26T10:39:19.918730+00:00
INTERNAL_MP_181,BASAVARAJ BOMMAI,BASAVARAJ BOMMAI,HAVERI,HAVERI,Karnataka,KARNATAKA,Lok Sabha,147000000.0,57936447.0,89063553.0,39.41,144,19,11.66,167,166,1,,MP_SUMMARY,mplads_mp_summary_2026-08-26.csv,2026-08-26,2026-08-26T10:39:19.918730+00:00
INTERNAL_MP_182,M. MALLESH BABU,M. MALLESH BABU,KOLAR,KOLAR,Karnataka,KARNATAKA,Lok Sabha,147065957.11,40766132.0,106299825.11,27.72,73,3,3.95,122,121,1,,MP_SUMMARY,mplads_mp_summary_2026-08-26.csv,2026-08-26,2026-08-26T10:39:19.918730+00:00
INTERNAL_MP_183,K. RAJASHEKAR BASAVARAJ HITNAL,K. RAJASHEKAR BASAVARAJ HITNAL,KOPPAL,KOPPAL,Karnataka,KARNATAKA,Lok Sabha,147000000.0,66577182.0,80422818.0,45.29,126,67,34.72,200,199,1,,MP_SUMMARY,mplads_mp_summary_2026-08-26.csv,2026-08-26,2026-08-26T10:39:19.918730+00:00
INTERNAL_MP_184,H.D. KUMARASWAMY,H.D. KUMARASWAMY,MANDYA,MANDYA,Karnataka,KARNATAKA,Lok Sabha,147000000.0,44450000.0,102550000.0,30.24,140,7,4.76,127,117,10,,MP_SUMMARY,mplads_mp_summary_2026-08-26.csv,2026-08-26,2026-08-26T10:39:19.918730+00:00
INTERNAL_MP_185,YADUVEER KRISHNADATTA CHAMARAJA WADIYAR,YADUVEER KRISHNADATTA CHAMARAJA WADIYAR,MYSORE,MYSORE,Karnataka,KARNATAKA,Lok Sabha,147000000.0,62346570.0,84653430.0,42.41,148,34,18.68,178,176,2,,MP_SUMMARY,mplads_mp_summary_2026-08-26.csv,2026-08-26,2026-08-26T10:39:19.918730+00:00
INTERNAL_MP_186,G. KUMAR NAIK,G. KUMAR NAIK,RAICHUR,RAICHUR,Karnataka,KARNATAKA,Lok Sabha,147000000.0,23521564.0,123478436.0,16.0,119,9,7.03,46,44,2,,MP_SUMMARY,mplads_mp_summary_2026-08-26.csv,2026-08-26,2026-08-26T10:39:19.918730+00:00
INTERNAL_MP_187,Shri B Y Raghavendra,SHRI B Y RAGHAVENDRA,SHIMOGA,SHIMOGA,Karnataka,KARNATAKA,Lok Sabha,147000000.0,69561261.0,77438739.0,47.32,213,49,18.7,296,295,1,,MP_SUMMARY,mplads_mp_summary_2026-08-26.csv,2026-08-26,2026-08-26T10:39:19.918730+00:00
INTERNAL_MP_188,V. SOMANNA,V. SOMANNA,TUMKUR,TUMKUR,Karnataka,KARNATAKA,Lok Sabha,147000000.0,32293790.0,114706210.0,21.97,57,4,6.56,26,17,9,,MP_SUMMARY,mplads_mp_summary_2026-08-26.csv,2026-08-26,2026-08-26T10:39:19.918730+00:00
INTERNAL_MP_189,KOTA SRINIVAS POOJARY,KOTA SRINIVAS POOJARY,UDUPI CHIKMAGALUR,UDUPI CHIKMAGALUR,Karnataka,KARNATAKA,Lok Sabha,147000000.0,39870575.0,107129425.0,27.12,269,51,15.94,110,98,12,,MP_SUMMARY,mplads_mp_summary_2026-08-26.csv,2026-08-26,2026-08-26T10:39:19.918730+00:00
INTERNAL_MP_190,VISHWESHWAR HEGDE KAGERI,VISHWESHWAR HEGDE KAGERI,UTTARA KANNADA,UTTARA KANNADA,Karnataka,KARNATAKA,Lok Sabha,147000000.0,33350000.0,113650000.0,22.69,113,30,20.98,83,79,4,,MP_SUMMARY,mplads_mp_summary_2026-08-26.csv,2026-08-26,2026-08-26T10:39:19.918730+00:00
INTERNAL_MP_191,K. C VENUGOPAL,K. C VENUGOPAL,ALAPPUZHA,ALAPPUZHA,Kerala,KERALA,Lok Sabha,147000000.0,44331588.0,102668412.0,30.16,52,37,41.57,67,67,0,,MP_SUMMARY,mplads_mp_summary_2026-08-26.csv,2026-08-26,2026-08-26T10:39:19.918730+00:00
INTERNAL_MP_192,K RADHAKRISHNAN,K RADHAKRISHNAN,ALATHUR,ALATHUR,Kerala,KERALA,Lok Sabha,147000000.0,28066021.0,118933979.0,19.09,171,15,8.06,30,30,0,,MP_SUMMARY,mplads_mp_summary_2026-08-26.csv,2026-08-26,2026-08-26T10:39:19.918730+00:00
INTERNAL_MP_193,Adv Adoor Prakash,ADV ADOOR PRAKASH,ATTINGAL,ATTINGAL,Kerala,KERALA,Lok Sabha,147000000.0,28617364.0,118382636.0,19.47,337,108,24.27,115,111,4,,MP_SUMMARY,mplads_mp_summary_2026-08-26.csv,2026-08-26,2026-08-26T10:39:19.918730+00:00
INTERNAL_MP_194,Shri Benny Behanan,SHRI BENNY BEHANAN,CHALAKUDY,CHALAKUDY,Kerala,KERALA,Lok Sabha,147000000.0,28691022.0,118308978.0,19.52,157,13,7.65,33,30,3,,MP_SUMMARY,mplads_mp_summary_2026-08-26.csv,2026-08-26,2026-08-26T10:39:19.918730+00:00
INTERNAL_MP_195,Shri Hibi Eden,SHRI HIBI EDEN,ERNAKULAM,ERNAKULAM,Kerala,KERALA,Lok Sabha,162177260.11,24928980.0,137248280.11,15.37,94,18,16.07,34,34,0,,MP_SUMMARY,mplads_mp_summary_2026-08-26.csv,2026-08-26,2026-08-26T10:39:19.918730+00:00
INTERNAL_MP_196,Adv Dean Kuriakose,ADV DEAN KURIAKOSE,IDUKKI,IDUKKI,Kerala,KERALA,Lok Sabha,147000000.0,58754261.0,88245739.0,39.97,95,95,50.0,116,112,4,,MP_SUMMARY,mplads_mp_summary_2026-08-26.csv,2026-08-26,2026-08-26T10:39:19.918730+00:00
INTERNAL_MP_197,Shri Kumbakudi Sudhakaran,SHRI KUMBAKUDI SUDHAKARAN,KANNUR,KANNUR,Kerala,KERALA,Lok Sabha,147000000.0,26785182.0,120214818.0,18.22,232,61,20.82,98,77,21,,MP_SUMMARY,mplads_mp_summary_2026-08-26.csv,2026-08-26,2026-08-26T10:39:19.918730+00:00
INTERNAL_MP_198,Shri Rajmohan Unnithan,SHRI RAJMOHAN UNNITHAN,KASARAGOD,KASARAGOD,Kerala,KERALA,Lok Sabha,156754633.11,28932795.0,127821838.11,18.46,151,56,27.05,120,111,9,,MP_SUMMARY,mplads_mp_summary_2026-08-26.csv,2026-08-26,2026-08-26T10:39:19.918730+00:00
INTERNAL_MP_199,Shri NK Premachandran,SHRI NK PREMACHANDRAN,KOLLAM,KOLLAM,Kerala,KERALA,Lok Sabha,171477994.11,64475987.0,107002007.11,37.6,150,46,23.47,105,105,0,,MP_SUMMARY,mplads_mp_summary_2026-08-26.csv,2026-08-26,2026-08-26T10:39:19.918730+00:00
INTERNAL_MP_200,ADV K FRANCIS GEORGE,ADV K FRANCIS GEORGE,KOTTAYAM,KOTTAYAM,Kerala,KERALA,Lok Sabha,188722256.11,37467974.0,151254282.11,19.85,298,53,15.1,82,78,4,,MP_SUMMARY,mplads_mp_summary_2026-08-26.csv,2026-08-26,2026-08-26T10:39:19.918730+00:00
INTERNAL_MP_201,Shri M K Raghavan,SHRI M K RAGHAVAN,KOZHIKODE,KOZHIKODE,Kerala,KERALA,Lok Sabha,147000000.0,9365325.0,137634675.0,6.37,254,14,5.22,26,24,2,,MP_SUMMARY,mplads_mp_summary_2026-08-26.csv,2026-08-26,2026-08-26T10:39:19.918730+00:00
INTERNAL_MP_202,E.T. MOHAMMED BASHEER,E.T. MOHAMMED BASHEER,MALAPPURAM,MALAPPURAM,Kerala,KERALA,Lok Sabha,163895872.11,34451493.0,129444379.11,21.02,150,40,21.05,72,68,4,,MP_SUMMARY,mplads_mp_summary_2026-08-26.csv,2026-08-26,2026-08-26T10:39:19.918730+00:00
INTERNAL_MP_203,Shri Suresh Kodikunnil,SHRI SURESH KODIKUNNIL,MAVELIKKARA,MAVELIKKARA,Kerala,KERALA,Lok Sabha,172429519.11,41963456.0,130466063.11,24.34,133,58,30.37,85,85,0,,MP_SUMMARY,mplads_mp_summary_2026-08-26.csv,2026-08-26,2026-08-26T10:39:19.918730+00:00
INTERNAL_MP_204,Vellalath Kochukrishnan Nair Sreekandan,VELLALATH KOCHUKRISHNAN NAIR SREEKANDAN,PALAKKAD,PALAKKAD,Kerala,KERALA,Lok Sabha,147000000.0,50584788.0,96415212.0,34.41,107,98,47.8,127,124,3,1.0,MP_SUMMARY,mplads_mp_summary_2026-08-26.csv,2026-08-26,2026-08-26T10:39:19.918730+00:00
INTERNAL_MP_205,Anto Antony,ANTO ANTONY,PATHANAMTHITTA,PATHANAMTHITTA,Kerala,KERALA,Lok Sabha,147000000.0,26984855.0,120015145.0,18.36,296,60,16.85,78,76,2,,MP_SUMMARY,mplads_mp_summary_2026-08-26.csv,2026-08-26,2026-08-26T10:39:19.918730+00:00
INTERNAL_MP_206,DR. M.P ABDUSSAMAD SAMADANI,DR. M.P ABDUSSAMAD SAMADANI,PONNANI,PONNANI,Kerala,KERALA,Lok Sabha,170434031.11,15076499.0,155357532.11,8.85,276,48,14.81,53,52,1,,MP_SUMMARY,mplads_mp_summary_2026-08-26.csv,2026-08-26,2026-08-26T10:39:19.918730+00:00
INTERNAL_MP_207,Dr Shashi Tharoor,DR SHASHI THAROOR,THIRUVANANTHAPURAM,THIRUVANANTHAPURAM,Kerala,KERALA,Lok Sabha,147000000.0,41754577.0,105245423.0,28.4,74,40,35.09,61,61,0,,MP_SUMMARY,mplads_mp_summary_2026-08-26.csv,2026-08-26,2026-08-26T10:39:19.918730+00:00
INTERNAL_MP_208,SURESH GOPI,SURESH GOPI,THRISSUR,THRISSUR,Kerala,KERALA,Lok Sabha,147000000.0,16001891.0,130998109.0,10.89,75,15,16.67,21,21,0,,MP_SUMMARY,mplads_mp_summary_2026-08-26.csv,2026-08-26,2026-08-26T10:39:19.918730+00:00
INTERNAL_MP_209,SHAFI PARAMBIL,SHAFI PARAMBIL,VADAKARA,VADAKARA,Kerala,KERALA,Lok Sabha,147000000.0,15909800.0,131090200.0,10.82,228,15,6.17,56,54,2,,MP_SUMMARY,mplads_mp_summary_2026-08-26.csv,2026-08-26,2026-08-26T10:39:19.918730+00:00
INTERNAL_MP_210,Priyanka Gandhi Vadra,PRIYANKA GANDHI VADRA,WAYANAD,WAYANAD,Kerala,KERALA,Lok Sabha,122500000.0,34714501.0,87785499.0,28.34,81,10,10.99,39,39,0,,MP_SUMMARY,mplads_mp_summary_2026-08-26.csv,2026-08-26,2026-08-26T10:39:19.918730+00:00
INTERNAL_MP_211,Mohamed Haneefa,MOHAMED HANEEFA,LADAKH,LADAKH,Ladakh,LADAKH,Lok Sabha,161114542.0,6009392.0,155105150.0,3.73,55,0,0.0,8,8,0,,MP_SUMMARY,mplads_mp_summary_2026-08-26.csv,2026-08-26,2026-08-26T10:39:19.918730+00:00
INTERNAL_MP_212,MUHAMMED HAMDULLAH SAYEED,MUHAMMED HAMDULLAH SAYEED,LAKSHADWEEP,LAKSHADWEEP,Lakshadweep,LAKSHADWEEP,Lok Sabha,153942460.41,39337535.0,114604925.41,25.55,26,2,7.14,20,20,0,,MP_SUMMARY,mplads_mp_summary_2026-08-26.csv,2026-08-26,2026-08-26T10:39:19.918730+00:00
INTERNAL_MP_213,BHARTI PARDHI,BHARTI PARDHI,BALAGHAT,BALAGHAT,Madhya Pradesh,MADHYA PRADESH,Lok Sabha,154398389.01,92426127.0,61972262.00999999,59.86,85,80,48.48,491,485,6,,MP_SUMMARY,mplads_mp_summary_2026-08-26.csv,2026-08-26,2026-08-26T10:39:19.918730+00:00
INTERNAL_MP_214,Durga Das Uikey,DURGA DAS UIKEY,BETUL,BETUL,Madhya Pradesh,MADHYA PRADESH,Lok Sabha,151569502.91,85636977.0,65932525.91,56.5,214,288,57.37,437,435,2,,MP_SUMMARY,mplads_mp_summary_2026-08-26.csv,2026-08-26,2026-08-26T10:39:19.918730+00:00
INTERNAL_MP_215,Smt Sandhya Ray,SMT SANDHYA RAY,BHIND,BHIND,Madhya Pradesh,MADHYA PRADESH,Lok Sabha,147000000.0,25218035.0,121781965.0,17.16,68,61,47.29,158,158,0,,MP_SUMMARY,mplads_mp_summary_2026-08-26.csv,2026-08-26,2026-08-26T10:39:19.918730+00:00
INTERNAL_MP_216,ALOK SHARMA,ALOK SHARMA,BHOPAL,BHOPAL,Madhya Pradesh,MADHYA PRADESH,Lok Sabha,147000000.0,62492243.0,84507757.0,42.51,67,22,24.72,84,83,1,,MP_SUMMARY,mplads_mp_summary_2026-08-26.csv,2026-08-26,2026-08-26T10:39:19.918730+00:00
INTERNAL_MP_217,BUNTY VIVEK SAHU,BUNTY VIVEK SAHU,CHHINDWARA,CHHINDWARA,Madhya Pradesh,MADHYA PRADESH,Lok Sabha,147000000.0,54099699.0,92900301.0,36.8,373,100,21.14,440,425,15,,MP_SUMMARY,mplads_mp_summary_2026-08-26.csv,2026-08-26,2026-08-26T10:39:19.918730+00:00
INTERNAL_MP_218,RAHUL SINGH LODHI,RAHUL SINGH LODHI,DAMOH,DAMOH,Madhya Pradesh,MADHYA PRADESH,Lok Sabha,163058785.37,72714957.0,90343828.37,44.59,126,173,57.86,342,340,2,,MP_SUMMARY,mplads_mp_summary_2026-08-26.csv,2026-08-26,2026-08-26T10:39:19.918730+00:00
INTERNAL_MP_219,Mahendra Singh Solanky,MAHENDRA SINGH SOLANKY,DEWAS,DEWAS,Madhya Pradesh,MADHYA PRADESH,Lok Sabha,147000000.0,41462417.0,105537583.0,28.21,131,10,7.09,107,105,2,,MP_SUMMARY,mplads_mp_summary_2026-08-26.csv,2026-08-26,2026-08-26T10:39:19.918730+00:00
INTERNAL_MP_220,SAVITRI THAKUR,SAVITRI THAKUR,DHAR,DHAR,Madhya Pradesh,MADHYA PRADESH,Lok Sabha,147000000.0,78825366.0,68174634.0,53.62,160,179,52.8,479,432,47,,MP_SUMMARY,mplads_mp_summary_2026-08-26.csv,2026-08-26,2026-08-26T10:39:19.918730+00:00
INTERNAL_MP_221,JYOTIRADITYA M. SCINDIA,JYOTIRADITYA M. SCINDIA,GUNA,GUNA,Madhya Pradesh,MADHYA PRADESH,Lok Sabha,147000000.0,55870850.0,91129150.0,38.01,18,45,71.43,99,97,2,,MP_SUMMARY,mplads_mp_summary_2026-08-26.csv,2026-08-26,2026-08-26T10:39:19.918730+00:00
INTERNAL_MP_222,BHARAT SINGH KUSHWAH,BHARAT SINGH KUSHWAH,GWALIOR,GWALIOR,Madhya Pradesh,MADHYA PRADESH,Lok Sabha,151455276.04,13426652.0,138028624.04,8.87,112,4,3.45,40,38,2,,MP_SUMMARY,mplads_mp_summary_2026-08-26.csv,2026-08-26,2026-08-26T10:39:19.918730+00:00
INTERNAL_MP_223,DARSHAN SINGH CHOUDHARY,DARSHAN SINGH CHOUDHARY,HOSHANGABAD,HOSHANGABAD,Madhya Pradesh,MADHYA PRADESH,Lok Sabha,147000000.0,29992552.0,117007448.0,20.4,348,49,12.34,313,296,17,,MP_SUMMARY,mplads_mp_summary_2026-08-26.csv,2026-08-26,2026-08-26T10:39:19.918730+00:00
INTERNAL_MP_224,Shankar Lalwani,SHANKAR LALWANI,INDORE,INDORE,Madhya Pradesh,MADHYA PRADESH,Lok Sabha,147000000.0,76896131.0,70103869.0,52.31,137,145,51.42,272,260,12,,MP_SUMMARY,mplads_mp_summary_2026-08-26.csv,2026-08-26,2026-08-26T10:39:19.918730+00:00
INTERNAL_MP_225,ASHISH DUBEY,ASHISH DUBEY,JABALPUR,JABALPUR,Madhya Pradesh,MADHYA PRADESH,Lok Sabha,147000000.0,23263814.0,123736186.0,15.83,328,15,4.37,138,134,4,,MP_SUMMARY,mplads_mp_summary_2026-08-26.csv,2026-08-26,2026-08-26T10:39:19.918730+00:00
INTERNAL_MP_226,Vishnu Dutt Sharma,VISHNU DUTT SHARMA,KHAJURAHO,KHAJURAHO,Madhya Pradesh,MADHYA PRADESH,Lok Sabha,147000000.0,11209947.0,135790053.0,7.63,132,3,2.22,21,13,8,,MP_SUMMARY,mplads_mp_summary_2026-08-26.csv,2026-08-26,2026-08-26T10:39:19.918730+00:00
INTERNAL_MP_227,Gyaneshwar Patil,GYANESHWAR PATIL,KHANDWA,KHANDWA,Madhya Pradesh,MADHYA PRADESH,Lok Sabha,155690684.77,86011926.0,69678758.77000001,55.25,222,164,42.49,459,458,1,,MP_SUMMARY,mplads_mp_summary_2026-08-26.csv,2026-08-26,2026-08-26T10:39:19.918730+00:00
INTERNAL_MP_228,Gajendra Singh Patel,GAJENDRA SINGH PATEL,KHARGONE,KHARGONE,Madhya Pradesh,MADHYA PRADESH,Lok Sabha,147000000.0,68043845.0,78956155.0,46.29,232,104,30.95,382,380,2,,MP_SUMMARY,mplads_mp_summary_2026-08-26.csv,2026-08-26,2026-08-26T10:39:19.918730+00:00
INTERNAL_MP_229,Faggan Singh Kulaste,FAGGAN SINGH KULASTE,MANDLA,MANDLA,Madhya Pradesh,MADHYA PRADESH,Lok Sabha,151861648.41,54608168.0,97253480.41,35.96,268,31,10.37,286,282,4,,MP_SUMMARY,mplads_mp_summary_2026-08-26.csv,2026-08-26,2026-08-26T10:39:19.918730+00:00
INTERNAL_MP_230,Shri Sudheer Gupta,SHRI SUDHEER GUPTA,MANDSOUR,MANDSOUR,Madhya Pradesh,MADHYA PRADESH,Lok Sabha,148988014.83,20845844.0,128142170.83,13.99,163,60,26.91,169,168,1,,MP_SUMMARY,mplads_mp_summary_2026-08-26.csv,2026-08-26,2026-08-26T10:39:19.918730+00:00
INTERNAL_MP_231,SHIVMANGAL SINGH TOMAR,SHIVMANGAL SINGH TOMAR,MORENA,MORENA,Madhya Pradesh,MADHYA PRADESH,Lok Sabha,147000000.0,20290158.0,126709842.0,13.8,38,28,42.42,90,90,0,,MP_SUMMARY,mplads_mp_summary_2026-08-26.csv,2026-08-26,2026-08-26T10:39:19.918730+00:00
INTERNAL_MP_232,Rodmal Nagar,RODMAL NAGAR,RAJGARH,RAJGARH,Madhya Pradesh,MADHYA PRADESH,Lok Sabha,147000000.0,92107905.0,54892095.0,62.66,301,54,15.21,265,265,0,,MP_SUMMARY,mplads_mp_summary_2026-08-26.csv,2026-08-26,2026-08-26T10:39:19.918730+00:00
INTERNAL_MP_233,ANITA NAGARSINGH CHOUHAN,ANITA NAGARSINGH CHOUHAN,RATLAM,RATLAM,Madhya Pradesh,MADHYA PRADESH,Lok Sabha,147000000.0,55091448.0,91908552.0,37.48,129,74,36.45,228,222,6,,MP_SUMMARY,mplads_mp_summary_2026-08-26.csv,2026-08-26,2026-08-26T10:39:19.918730+00:00
INTERNAL_MP_234,Janardan Mishra,JANARDAN MISHRA,REWA,REWA,Madhya Pradesh,MADHYA PRADESH,Lok Sabha,147000000.0,86935425.0,60064575.0,59.14,106,1,0.93,78,76,2,,MP_SUMMARY,mplads_mp_summary_2026-08-26.csv,2026-08-26,2026-08-26T10:39:19.918730+00:00
INTERNAL_MP_235,DR. LATA WANKHEDE,DR. LATA WANKHEDE,SAGAR,SAGAR,Madhya Pradesh,MADHYA PRADESH,Lok Sabha,147000000.0,95996591.0,51003409.0,65.3,155,81,34.32,250,244,6,,MP_SUMMARY,mplads_mp_summary_2026-08-26.csv,2026-08-26,2026-08-26T10:39:19.918730+00:00
INTERNAL_MP_236,Ganesh Singh,GANESH SINGH,SATNA,SATNA,Madhya Pradesh,MADHYA PRADESH,Lok Sabha,147000000.0,37994332.0,109005668.0,25.85,241,77,24.21,179,178,1,,MP_SUMMARY,mplads_mp_summary_2026-08-26.csv,2026-08-26,2026-08-26T10:39:19.918730+00:00
INTERNAL_MP_237,Smt Himadri Singh,SMT HIMADRI SINGH,SHAHDOL,SHAHDOL,Madhya Pradesh,MADHYA PRADESH,Lok Sabha,150724861.11,57113796.0,93611065.11,37.89,124,45,26.63,166,163,3,,MP_SUMMARY,mplads_mp_summary_2026-08-26.csv,2026-08-26,2026-08-26T10:39:19.918730+00:00
INTERNAL_MP_238,DR. RAJESH MISHRA,DR. RAJESH MISHRA,SIDHI,SIDHI,Madhya Pradesh,MADHYA PRADESH,Lok Sabha,262724510.35,184783789.0,77940721.35,70.33,169,172,50.44,654,633,21,,MP_SUMMARY,mplads_mp_summary_2026-08-26.csv,2026-08-26,2026-08-26T10:39:19.918730+00:00
INTERNAL_MP_239,Virendra Kumar,VIRENDRA KUMAR,TIKAMGARH,TIKAMGARH,Madhya Pradesh,MADHYA PRADESH,Lok Sabha,147000000.0,49501421.0,97498579.0,33.67,347,12,3.34,219,210,9,,MP_SUMMARY,mplads_mp_summary_2026-08-26.csv,2026-08-26,2026-08-26T10:39:19.918730+00:00
INTERNAL_MP_240,Shri Anil Firojiya,SHRI ANIL FIROJIYA,UJJAIN,UJJAIN,Madhya Pradesh,MADHYA PRADESH,Lok Sabha,147000000.0,77451399.0,69548601.0,52.69,96,152,61.29,290,286,4,,MP_SUMMARY,mplads_mp_summary_2026-08-26.csv,2026-08-26,2026-08-26T10:39:19.918730+00:00
INTERNAL_MP_241,SHIVRAJ SINGH CHOUHAN,SHIVRAJ SINGH CHOUHAN,VIDISHA,VIDISHA,Madhya Pradesh,MADHYA PRADESH,Lok Sabha,147000000.0,38851625.0,108148375.0,26.43,97,10,9.35,128,128,0,,MP_SUMMARY,mplads_mp_summary_2026-08-26.csv,2026-08-26,2026-08-26T10:39:19.918730+00:00
INTERNAL_MP_242,NILESH DNYANDEV LANKE,NILESH DNYANDEV LANKE,AHMEDNAGAR,AHMEDNAGAR,Maharashtra,MAHARASHTRA,Lok Sabha,147000000.0,23809461.0,123190539.0,16.2,73,12,14.12,17,17,0,,MP_SUMMARY,mplads_mp_summary_2026-08-26.csv,2026-08-26,2026-08-26T10:39:19.918730+00:00
INTERNAL_MP_243,ANUP SANJAY DHOTRE,ANUP SANJAY DHOTRE,AKOLA,AKOLA,Maharashtra,MAHARASHTRA,Lok Sabha,147000000.0,50063243.0,96936757.0,34.06,59,41,41.0,68,65,3,,MP_SUMMARY,mplads_mp_summary_2026-08-26.csv,2026-08-26,2026-08-26T10:39:19.918730+00:00
INTERNAL_MP_244,BALWANT BASWANT WANKHADE,BALWANT BASWANT WANKHADE,AMRAVATI,AMRAVATI,Maharashtra,MAHARASHTRA,Lok Sabha,198293678.0,93790658.0,104503020.0,47.3,116,51,30.54,120,105,15,,MP_SUMMARY,mplads_mp_summary_2026-08-26.csv,2026-08-26,2026-08-26T10:39:19.918730+00:00
INTERNAL_MP_245,BHUMARE SANDIPANRAO ASARAM,BHUMARE SANDIPANRAO ASARAM,AURANGABAD,AURANGABAD,Maharashtra,MAHARASHTRA,Lok Sabha,147000000.0,50596352.0,96403648.0,34.42,65,27,29.35,37,36,1,,MP_SUMMARY,mplads_mp_summary_2026-08-26.csv,2026-08-26,2026-08-26T10:39:19.918730+00:00
INTERNAL_MP_246,Smt Supriya Sadanand Sule,SMT SUPRIYA SADANAND SULE,BARAMATI,BARAMATI,Maharashtra,MAHARASHTRA,Lok Sabha,147000000.0,23046333.0,123953667.0,15.68,116,10,7.94,32,31,1,,MP_SUMMARY,mplads_mp_summary_2026-08-26.csv,2026-08-26,2026-08-26T10:39:19.918730+00:00
INTERNAL_MP_247,BAJRANG MANOHAR SONWANE,BAJRANG MANOHAR SONWANE,BEED,BEED,Maharashtra,MAHARASHTRA,Lok Sabha,165899107.19,37977152.0,127921955.19,22.89,80,20,20.0,39,37,2,,MP_SUMMARY,mplads_mp_summary_2026-08-26.csv,2026-08-26,2026-08-26T10:39:19.918730+00:00
INTERNAL_MP_248,DR. PRASHANT YADAORAO PADOLE,DR. PRASHANT YADAORAO PADOLE,BHANDARA-GONDIYA,BHANDARA-GONDIYA,Maharashtra,MAHARASHTRA,Lok Sabha,159680283.39,14261839.0,145418444.39,8.93,144,8,5.26,20,18,2,,MP_SUMMARY,mplads_mp_summary_2026-08-26.csv,2026-08-26,2026-08-26T10:39:19.918730+00:00
INTERNAL_MP_249,BALYA MAMA SURESH GOPINATH MHATRE,BALYA MAMA SURESH GOPINATH MHATRE,BHIWANDI,BHIWANDI,Maharashtra,MAHARASHTRA,Lok Sabha,147000000.0,58859568.0,88140432.0,40.04,153,11,6.71,73,70,3,,MP_SUMMARY,mplads_mp_summary_2026-08-26.csv,2026-08-26,2026-08-26T10:39:19.918730+00:00
INTERNAL_MP_250,Prataprao Jadhav,PRATAPRAO JADHAV,BULDHANA,BULDHANA,Maharashtra,MAHARASHTRA,Lok Sabha,147000000.0,1208028.0,145791972.0,0.82,68,0,0.0,2,2,0,,MP_SUMMARY,mplads_mp_summary_2026-08-26.csv,2026-08-26,2026-08-26T10:39:19.918730+00:00
INTERNAL_MP_251,DHANORKAR PRATIBHA SURESH ALIAS BALUBHAU,DHANORKAR PRATIBHA SURESH ALIAS BALUBHAU,CHANDRAPUR,CHANDRAPUR,Maharashtra,MAHARASHTRA,Lok Sabha,147000000.0,14990871.0,132009129.0,10.2,69,7,9.21,14,14,0,,MP_SUMMARY,mplads_mp_summary_2026-08-26.csv,2026-08-26,2026-08-26T10:39:19.918730+00:00
INTERNAL_MP_252,BACHHAV SHOBHA DINESH,BACHHAV SHOBHA DINESH,DHULE,DHULE,Maharashtra,MAHARASHTRA,Lok Sabha,147000000.0,13135243.0,133864757.0,8.94,79,13,14.13,14,12,2,,MP_SUMMARY,mplads_mp_summary_2026-08-26.csv,2026-08-26,2026-08-26T10:39:19.918730+00:00
INTERNAL_MP_253,BHASKAR MURLIDHAR BHAGARE,BHASKAR MURLIDHAR BHAGARE,DINDORI,DINDORI,Maharashtra,MAHARASHTRA,Lok Sabha,147000000.0,34081627.0,112918373.0,23.18,100,19,15.97,37,35,2,,MP_SUMMARY,mplads_mp_summary_2026-08-26.csv,2026-08-26,2026-08-26T10:39:19.918730+00:00
INTERNAL_MP_254,DR. KIRSAN NAMDEO,DR. KIRSAN NAMDEO,GADCHIROLI-CHIMUR,GADCHIROLI-CHIMUR,Maharashtra,MAHARASHTRA,Lok Sabha,147000000.0,22599453.0,124400547.0,15.37,148,18,10.84,26,26,0,,MP_SUMMARY,mplads_mp_summary_2026-08-26.csv,2026-08-26,2026-08-26T10:39:19.918730+00:00
INTERNAL_MP_255,Dhairyasheel Sambhajirao Mane,DHAIRYASHEEL SAMBHAJIRAO MANE,HATKANANGLE,HATKANANGLE,Maharashtra,MAHARASHTRA,Lok Sabha,147000000.0,7519206.0,139480794.0,5.12,13,4,23.53,5,5,0,,MP_SUMMARY,mplads_mp_summary_2026-08-26.csv,2026-08-26,2026-08-26T10:39:19.918730+00:00
INTERNAL_MP_256,AASHTIKAR PATIL NAGESH BAPURAO,AASHTIKAR PATIL NAGESH BAPURAO,HINGOLI,HINGOLI,Maharashtra,MAHARASHTRA,Lok Sabha,190289442.0,67522042.0,122767400.0,35.48,78,38,32.76,68,67,1,,MP_SUMMARY,mplads_mp_summary_2026-08-26.csv,2026-08-26,2026-08-26T10:39:19.918730+00:00
INTERNAL_MP_257,SMITA UDAY WAGH,SMITA UDAY WAGH,JALGAON,JALGAON,Maharashtra,MAHARASHTRA,Lok Sabha,148107373.11,14030677.0,134076696.11,9.47,1,9,90.0,9,9,0,,MP_SUMMARY,mplads_mp_summary_2026-08-26.csv,2026-08-26,2026-08-26T10:39:19.918730+00:00
INTERNAL_MP_258,KALYAN VAIJINATHRAO KALE,KALYAN VAIJINATHRAO KALE,JALNA,JALNA,Maharashtra,MAHARASHTRA,Lok Sabha,147000000.0,39751304.0,107248696.0,27.04,42,19,31.15,42,40,2,,MP_SUMMARY,mplads_mp_summary_2026-08-26.csv,2026-08-26,2026-08-26T10:39:19.918730+00:00
INTERNAL_MP_259,Shrikant Eknath Shinde,SHRIKANT EKNATH SHINDE,KALYAN,KALYAN,Maharashtra,MAHARASHTRA,Lok Sabha,147000000.0,325000.0,146675000.0,0.22,2,0,0.0,1,1,0,,MP_SUMMARY,mplads_mp_summary_2026-08-26.csv,2026-08-26,2026-08-26T10:39:19.918730+00:00
INTERNAL_MP_260,CHHATRAPATI SHAHU SHAHAJI,CHHATRAPATI SHAHU SHAHAJI,KOLHAPUR,KOLHAPUR,Maharashtra,MAHARASHTRA,Lok Sabha,147000000.0,33696592.0,113303408.0,22.92,79,22,21.78,34,34,0,,MP_SUMMARY,mplads_mp_summary_2026-08-26.csv,2026-08-26,2026-08-26T10:39:19.918730+00:00
INTERNAL_MP_261,DR KALGE SHIVAJI BANDAPPA,DR KALGE SHIVAJI BANDAPPA,LATUR,LATUR,Maharashtra,MAHARASHTRA,Lok Sabha,147000000.0,28846420.0,118153580.0,19.62,89,26,22.61,34,32,2,,MP_SUMMARY,mplads_mp_summary_2026-08-26.csv,2026-08-26,2026-08-26T10:39:19.918730+00:00
INTERNAL_MP_262,MOHITE PATIL DHAIRYASHEEL RAJSINH,MOHITE PATIL DHAIRYASHEEL RAJSINH,MADHA,MADHA,Maharashtra,MAHARASHTRA,Lok Sabha,195613601.7,8828612.0,186784989.7,4.51,218,41,15.83,41,41,0,,MP_SUMMARY,mplads_mp_summary_2026-08-26.csv,2026-08-26,2026-08-26T10:39:19.918730+00:00
INTERNAL_MP_263,Shrirang Appa Barne,SHRIRANG APPA BARNE,MAVAL,MAVAL,Maharashtra,MAHARASHTRA,Lok Sabha,147000000.0,35720911.0,111279089.0,24.3,75,32,29.91,53,53,0,,MP_SUMMARY,mplads_mp_summary_2026-08-26.csv,2026-08-26,2026-08-26T10:39:19.918730+00:00
INTERNAL_MP_264,Piyush Vedprakash Goyal,PIYUSH VEDPRAKASH GOYAL,MUMBAI NORTH,MUMBAI NORTH,Maharashtra,MAHARASHTRA,Lok Sabha,147000000.0,30848998.0,116151002.0,20.99,49,0,0.0,17,13,4,,MP_SUMMARY,mplads_mp_summary_2026-08-26.csv,2026-08-26,2026-08-26T10:39:19.918730+00:00
INTERNAL_MP_265,SANJAY DINA PATIL,SANJAY DINA PATIL,MUMBAI NORTH EAST,MUMBAI NORTH EAST,Maharashtra,MAHARASHTRA,Lok Sabha,147000000.0,5955517.0,141044483.0,4.05,40,0,0.0,3,2,1,,MP_SUMMARY,mplads_mp_summary_2026-08-26.csv,2026-08-26,2026-08-26T10:39:19.918730+00:00
INTERNAL_MP_266,RAVINDRA DATTARAM WAIKAR,RAVINDRA DATTARAM WAIKAR,MUMBAI NORTH WEST,MUMBAI NORTH WEST,Maharashtra,MAHARASHTRA,Lok Sabha,147000000.0,53799122.0,93200878.0,36.6,67,0,0.0,24,20,4,,MP_SUMMARY,mplads_mp_summary_2026-08-26.csv,2026-08-26,2026-08-26T10:39:19.918730+00:00
INTERNAL_MP_267,GAIKWAD VARSHA EKNATH,GAIKWAD VARSHA EKNATH,MUMBAI NORTH-CENTRAL,MUMBAI NORTH-CENTRAL,Maharashtra,MAHARASHTRA,Lok Sabha,147000000.0,92563767.0,54436233.0,62.97,57,0,0.0,54,51,3,,MP_SUMMARY,mplads_mp_summary_2026-08-26.csv,2026-08-26,2026-08-26T10:39:19.918730+00:00
INTERNAL_MP_268,Arvind Ganpat Sawant,ARVIND GANPAT SAWANT,MUMBAI SOUTH,MUMBAI SOUTH,Maharashtra,MAHARASHTRA,Lok Sabha,147000000.0,28859509.0,118140491.0,19.63,46,14,23.33,18,18,0,,MP_SUMMARY,mplads_mp_summary_2026-08-26.csv,2026-08-26,2026-08-26T10:39:19.918730+00:00
INTERNAL_MP_269,ANIL YESHWANT DESAI,ANIL YESHWANT DESAI,MUMBAI SOUTH CENTRAL,MUMBAI SOUTH CENTRAL,Maharashtra,MAHARASHTRA,Lok Sabha,147000000.0,7792570.0,139207430.0,5.3,34,0,0.0,4,3,1,,MP_SUMMARY,mplads_mp_summary_2026-08-26.csv,2026-08-26,2026-08-26T10:39:19.918730+00:00
INTERNAL_MP_270,Nitin Jairam Gadkari,NITIN JAIRAM GADKARI,NAGPUR,NAGPUR,Maharashtra,MAHARASHTRA,Lok Sabha,168195086.11,46558565.0,121636521.11,27.68,48,19,28.36,35,29,6,,MP_SUMMARY,mplads_mp_summary_2026-08-26.csv,2026-08-26,2026-08-26T10:39:19.918730+00:00
INTERNAL_MP_271,CHAVAN VASANTRAO BALWANTRAO,CHAVAN VASANTRAO BALWANTRAO,NANDED,NANDED,Maharashtra,MAHARASHTRA,Lok Sabha,0.0,0.0,0.0,0.0,0,0,0.0,0,0,0,,MP_SUMMARY,mplads_mp_summary_2026-08-26.csv,2026-08-26,2026-08-26T10:39:19.918730+00:00
INTERNAL_MP_272,Ravindra Vasantrao Chavan,RAVINDRA VASANTRAO CHAVAN,NANDED,NANDED,Maharashtra,MAHARASHTRA,Lok Sabha,147000000.0,39344293.0,107655707.0,26.76,115,26,18.44,48,44,4,,MP_SUMMARY,mplads_mp_summary_2026-08-26.csv,2026-08-26,2026-08-26T10:39:19.918730+00:00
INTERNAL_MP_273,ADV GOWAAL KAGADA PADAVI,ADV GOWAAL KAGADA PADAVI,NANDURBAR,NANDURBAR,Maharashtra,MAHARASHTRA,Lok Sabha,147816309.11,32041066.0,115775243.11,21.68,90,189,67.74,189,189,0,,MP_SUMMARY,mplads_mp_summary_2026-08-26.csv,2026-08-26,2026-08-26T10:39:19.918730+00:00
INTERNAL_MP_274,RAJABHAU,RAJABHAU,NASHIK,NASHIK,Maharashtra,MAHARASHTRA,Lok Sabha,152878682.11,44799862.0,108078820.11,29.3,89,21,19.09,47,42,5,,MP_SUMMARY,mplads_mp_summary_2026-08-26.csv,2026-08-26,2026-08-26T10:39:19.918730+00:00
INTERNAL_MP_275,Omprakash Bhupalsinh Alias Pawan Rajenimbalkar,OMPRAKASH BHUPALSINH ALIAS PAWAN RAJENIMBALKAR,OSMANABAD,OSMANABAD,Maharashtra,MAHARASHTRA,Lok Sabha,184758519.11,27342263.0,157416256.11,14.8,164,29,15.03,43,39,4,,MP_SUMMARY,mplads_mp_summary_2026-08-26.csv,2026-08-26,2026-08-26T10:39:19.918730+00:00
INTERNAL_MP_276,DR. HEMANT VISHNU SAVARA,DR. HEMANT VISHNU SAVARA,PALGHAR,PALGHAR,Maharashtra,MAHARASHTRA,Lok Sabha,147000000.0,8415952.0,138584048.0,5.73,84,1,1.18,11,10,1,,MP_SUMMARY,mplads_mp_summary_2026-08-26.csv,2026-08-26,2026-08-26T10:39:19.918730+00:00
INTERNAL_MP_277,Sanjay Haribhau Jadhav,SANJAY HARIBHAU JADHAV,PARBHANI,PARBHANI,Maharashtra,MAHARASHTRA,Lok Sabha,147000000.0,40999822.0,106000178.0,27.89,56,28,33.33,49,49,0,,MP_SUMMARY,mplads_mp_summary_2026-08-26.csv,2026-08-26,2026-08-26T10:39:19.918730+00:00
INTERNAL_MP_278,MURLIDHAR MOHOL,MURLIDHAR MOHOL,PUNE,PUNE,Maharashtra,MAHARASHTRA,Lok Sabha,147000000.0,18945481.0,128054519.0,12.89,87,12,12.12,19,19,0,,MP_SUMMARY,mplads_mp_summary_2026-08-26.csv,2026-08-26,2026-08-26T10:39:19.918730+00:00
INTERNAL_MP_279,Sunil Dattatray Tatkare,SUNIL DATTATRAY TATKARE,RAIGAD,RAIGAD,Maharashtra,MAHARASHTRA,Lok Sabha,147000000.0,58660128.0,88339872.0,39.9,44,18,29.03,73,71,2,,MP_SUMMARY,mplads_mp_summary_2026-08-26.csv,2026-08-26,2026-08-26T10:39:19.918730+00:00
INTERNAL_MP_280,Shyamkumar,SHYAMKUMAR,RAMTEK,RAMTEK,Maharashtra,MAHARASHTRA,Lok Sabha,147000000.0,5141086.0,141858914.0,3.5,34,1,2.86,6,5,1,,MP_SUMMARY,mplads_mp_summary_2026-08-26.csv,2026-08-26,2026-08-26T10:39:19.918730+00:00
INTERNAL_MP_281,NARAYAN TATU RANE,NARAYAN TATU RANE,RATNAGIRI-SINDHUDURG,RATNAGIRI-SINDHUDURG,Maharashtra,MAHARASHTRA,Lok Sabha,147000000.0,22993974.0,124006026.0,15.64,70,25,26.32,39,36,3,,MP_SUMMARY,mplads_mp_summary_2026-08-26.csv,2026-08-26,2026-08-26T10:39:19.918730+00:00
INTERNAL_MP_282,Smt Raksha Nikhil Khadse,SMT RAKSHA NIKHIL KHADSE,RAVER,RAVER,Maharashtra,MAHARASHTRA,Lok Sabha,153112586.11,5871973.0,147240613.11,3.84,6,3,33.33,3,3,0,,MP_SUMMARY,mplads_mp_summary_2026-08-26.csv,2026-08-26,2026-08-26T10:39:19.918730+00:00
INTERNAL_MP_283,VISHAL,VISHAL,SANGLI,SANGLI,Maharashtra,MAHARASHTRA,Lok Sabha,147000000.0,20615077.0,126384923.0,14.02,73,11,13.1,21,20,1,,MP_SUMMARY,mplads_mp_summary_2026-08-26.csv,2026-08-26,2026-08-26T10:39:19.918730+00:00
INTERNAL_MP_284,SHRIMANT CHH UDAYANRAJE PRATAPSINHAMAHARAJ BHONSLE,SHRIMANT CHH UDAYANRAJE PRATAPSINHAMAHARAJ BHONSLE,SATARA,SATARA,Maharashtra,MAHARASHTRA,Lok Sabha,147000000.0,16135149.0,130864851.0,10.98,118,16,11.94,21,20,1,,MP_SUMMARY,mplads_mp_summary_2026-08-26.csv,2026-08-26,2026-08-26T10:39:19.918730+00:00
INTERNAL_MP_285,BHAUSAHEB RAJARAM WAKCHAURE,BHAUSAHEB RAJARAM WAKCHAURE,SHIRDI,SHIRDI,Maharashtra,MAHARASHTRA,Lok Sabha,147000000.0,19420448.0,127579552.0,13.21,126,11,8.03,32,32,0,,MP_SUMMARY,mplads_mp_summary_2026-08-26.csv,2026-08-26,2026-08-26T10:39:19.918730+00:00
INTERNAL_MP_286,Amol Ramsing Kolhe,AMOL RAMSING KOLHE,SHIRUR,SHIRUR,Maharashtra,MAHARASHTRA,Lok Sabha,147000000.0,20561770.0,126438230.0,13.99,96,15,13.51,25,25,0,,MP_SUMMARY,mplads_mp_summary_2026-08-26.csv,2026-08-26,2026-08-26T10:39:19.918730+00:00
INTERNAL_MP_287,PRANITI SUSHILKUMAR SHINDE,PRANITI SUSHILKUMAR SHINDE,SOLAPUR,SOLAPUR,Maharashtra,MAHARASHTRA,Lok Sabha,147000000.0,8440395.0,138559605.0,5.74,122,2,1.61,9,9,0,,MP_SUMMARY,mplads_mp_summary_2026-08-26.csv,2026-08-26,2026-08-26T10:39:19.918730+00:00
INTERNAL_MP_288,NARESH GANPAT MHASKE,NARESH GANPAT MHASKE,THANE,THANE,Maharashtra,MAHARASHTRA,Lok Sabha,147000000.0,0.0,147000000.0,0.0,0,0,0.0,0,0,0,,MP_SUMMARY,mplads_mp_summary_2026-08-26.csv,2026-08-26,2026-08-26T10:39:19.918730+00:00
INTERNAL_MP_289,AMAR SHARADRAO KALE,AMAR SHARADRAO KALE,WARDHA,WARDHA,Maharashtra,MAHARASHTRA,Lok Sabha,147000000.0,32855968.0,114144032.0,22.35,79,29,26.85,40,38,2,,MP_SUMMARY,mplads_mp_summary_2026-08-26.csv,2026-08-26,2026-08-26T10:39:19.918730+00:00
INTERNAL_MP_290,Sanjay Uttamrao Deshmukh,SANJAY UTTAMRAO DESHMUKH,YAVATMAL-WASHIM,YAVATMAL-WASHIM,Maharashtra,MAHARASHTRA,Lok Sabha,185640423.0,24518118.0,161122305.0,13.21,101,23,18.55,42,41,1,,MP_SUMMARY,mplads_mp_summary_2026-08-26.csv,2026-08-26,2026-08-26T10:39:19.918730+00:00
INTERNAL_MP_291,ANGOMCHA BIMOL AKOIJAM,ANGOMCHA BIMOL AKOIJAM,INNER MANIPUR,INNER MANIPUR,Manipur,MANIPUR,Lok Sabha,147000000.0,93860392.0,53139608.0,63.85,29,21,42.0,67,66,1,,MP_SUMMARY,mplads_mp_summary_2026-08-26.csv,2026-08-26,2026-08-26T10:39:19.918730+00:00
INTERNAL_MP_292,ALFRED KANNGAM S ARTHUR,ALFRED KANNGAM S ARTHUR,OUTER MANIPUR,OUTER MANIPUR,Manipur,MANIPUR,Lok Sabha,147000000.0,84951963.0,62048037.0,57.79,20,15,42.86,72,70,2,,MP_SUMMARY,mplads_mp_summary_2026-08-26.csv,2026-08-26,2026-08-26T10:39:19.918730+00:00
INTERNAL_MP_293,ANDREW J. SYNGKON,ANDREW J. SYNGKON,SHILLONG,SHILLONG,Meghalaya,MEGHALAYA,Lok Sabha,98000000.0,70355000.0,27645000.0,71.79,146,96,39.67,320,318,2,,MP_SUMMARY,mplads_mp_summary_2026-08-26.csv,2026-08-26,2026-08-26T10:39:19.918730+00:00
INTERNAL_MP_294,SALENG A SANGMA,SALENG A SANGMA,TURA,TURA,Meghalaya,MEGHALAYA,Lok Sabha,147000000.0,96785000.0,50215000.0,65.84,218,119,35.31,424,420,4,,MP_SUMMARY,mplads_mp_summary_2026-08-26.csv,2026-08-26,2026-08-26T10:39:19.918730+00:00
INTERNAL_MP_295,RICHARD VANLALHMANGAIHA,RICHARD VANLALHMANGAIHA,MIZORAM,MIZORAM,Mizoram,MIZORAM,Lok Sabha,147000000.0,94866729.0,52133271.0,64.54,132,134,50.38,317,316,1,,MP_SUMMARY,mplads_mp_summary_2026-08-26.csv,2026-08-26,2026-08-26T10:39:19.918730+00:00
INTERNAL_MP_296,S SUPONGMEREN JAMIR,S SUPONGMEREN JAMIR,NAGALAND,NAGALAND,Nagaland,NAGALAND,Lok Sabha,147000000.0,138150000.0,8850000.0,93.98,18,38,67.86,81,81,0,,MP_SUMMARY,mplads_mp_summary_2026-08-26.csv,2026-08-26,2026-08-26T10:39:19.918730+00:00
INTERNAL_MP_297,ANITA SUBHADARSHINI,ANITA SUBHADARSHINI,ASKA,ASKA,Odisha,ODISHA,Lok Sabha,147000000.0,13418448.0,133581552.0,9.13,123,17,12.14,34,32,2,,MP_SUMMARY,mplads_mp_summary_2026-08-26.csv,2026-08-26,2026-08-26T10:39:19.918730+00:00
INTERNAL_MP_298,Pratap Chandra Sarangi,PRATAP CHANDRA SARANGI,BALASORE,BALASORE,Odisha,ODISHA,Lok Sabha,147064254.11,2525000.0,144539254.11,1.72,117,10,7.87,10,10,0,,MP_SUMMARY,mplads_mp_summary_2026-08-26.csv,2026-08-26,2026-08-26T10:39:19.918730+00:00
INTERNAL_MP_299,PRADEEP PUROHIT,PRADEEP PUROHIT,BARGARH,BARGARH,Odisha,ODISHA,Lok Sabha,147000000.0,30901278.0,116098722.0,21.02,241,41,14.54,112,105,7,,MP_SUMMARY,mplads_mp_summary_2026-08-26.csv,2026-08-26,2026-08-26T10:39:19.918730+00:00
INTERNAL_MP_300,DR. PRADEEP KUMAR PANIGRAHY,DR. PRADEEP KUMAR PANIGRAHY,BERHAMPUR,BERHAMPUR,Odisha,ODISHA,Lok Sabha,147000000.0,0.0,147000000.0,0.0,111,0,0.0,0,0,0,,MP_SUMMARY,mplads_mp_summary_2026-08-26.csv,2026-08-26,2026-08-26T10:39:19.918730+00:00
INTERNAL_MP_301,AVIMANYU SETHI,AVIMANYU SETHI,BHADRAK,BHADRAK,Odisha,ODISHA,Lok Sabha,147000000.0,23107575.0,123892425.0,15.72,251,27,9.71,67,65,2,,MP_SUMMARY,mplads_mp_summary_2026-08-26.csv,2026-08-26,2026-08-26T10:39:19.918730+00:00
INTERNAL_MP_302,Smt Aparajita Sarangi,SMT APARAJITA SARANGI,BHUBANESWAR,BHUBANESWAR,Odisha,ODISHA,Lok Sabha,147420861.41,30447444.0,116973417.41,20.65,230,47,16.97,212,189,23,,MP_SUMMARY,mplads_mp_summary_2026-08-26.csv,2026-08-26,2026-08-26T10:39:19.918730+00:00
INTERNAL_MP_303,Smt Sangeeta Kumari Singh Deo,SMT SANGEETA KUMARI SINGH DEO,BOLANGIR,BOLANGIR,Odisha,ODISHA,Lok Sabha,147000000.0,4193424.0,142806576.0,2.85,225,3,1.32,14,13,1,,MP_SUMMARY,mplads_mp_summary_2026-08-26.csv,2026-08-26,2026-08-26T10:39:19.918730+00:00
INTERNAL_MP_304,Shri Bhartruhari Mahtab,SHRI BHARTRUHARI MAHTAB,CUTTACK,CUTTACK,Odisha,ODISHA,Lok Sabha,147000000.0,35411567.0,111588433.0,24.09,397,86,17.81,269,268,1,,MP_SUMMARY,mplads_mp_summary_2026-08-26.csv,2026-08-26,2026-08-26T10:39:19.918730+00:00
INTERNAL_MP_305,RUDRA NARAYAN PANY,RUDRA NARAYAN PANY,DHENKANAL,DHENKANAL,Odisha,ODISHA,Lok Sabha,155013957.11,3039057.0,151974900.11,1.96,79,0,0.0,22,22,0,,MP_SUMMARY,mplads_mp_summary_2026-08-26.csv,2026-08-26,2026-08-26T10:39:19.918730+00:00
INTERNAL_MP_306,BIBHU PRASAD TARAI,BIBHU PRASAD TARAI,JAGATSINGHPUR,JAGATSINGHPUR,Odisha,ODISHA,Lok Sabha,147000000.0,16033683.0,130966317.0,10.91,324,15,4.42,74,73,1,,MP_SUMMARY,mplads_mp_summary_2026-08-26.csv,2026-08-26,2026-08-26T10:39:19.918730+00:00
INTERNAL_MP_307,RABINDRA NARAYAN BEHERA,RABINDRA NARAYAN BEHERA,JAJPUR,JAJPUR,Odisha,ODISHA,Lok Sabha,147064617.11,9146086.0,137918531.11,6.22,190,3,1.55,41,41,0,,MP_SUMMARY,mplads_mp_summary_2026-08-26.csv,2026-08-26,2026-08-26T10:39:19.918730+00:00
INTERNAL_MP_308,MALVIKA DEVI,MALVIKA DEVI,KALAHANDI,KALAHANDI,Odisha,ODISHA,Lok Sabha,147000000.0,50804998.0,96195002.0,34.56,224,96,30.0,130,130,0,,MP_SUMMARY,mplads_mp_summary_2026-08-26.csv,2026-08-26,2026-08-26T10:39:19.918730+00:00
INTERNAL_MP_309,SUKANTA KUMAR PANIGRAHI,SUKANTA KUMAR PANIGRAHI,KANDHAMAL,KANDHAMAL,Odisha,ODISHA,Lok Sabha,190712424.11,54209040.0,136503384.11,28.42,202,148,42.29,352,329,23,,MP_SUMMARY,mplads_mp_summary_2026-08-26.csv,2026-08-26,2026-08-26T10:39:19.918730+00:00
INTERNAL_MP_310,BAIJAYANT PANDA,BAIJAYANT PANDA,KENDRAPARA,KENDRAPARA,Odisha,ODISHA,Lok Sabha,147000000.0,17127535.0,129872465.0,11.65,48,8,14.29,28,27,1,,MP_SUMMARY,mplads_mp_summary_2026-08-26.csv,2026-08-26,2026-08-26T10:39:19.918730+00:00
INTERNAL_MP_311,ANANTA NAYAK,ANANTA NAYAK,KEONJHAR,KEONJHAR,Odisha,ODISHA,Lok Sabha,147000000.0,29211360.0,117788640.0,19.87,323,17,5.0,448,433,15,,MP_SUMMARY,mplads_mp_summary_2026-08-26.csv,2026-08-26,2026-08-26T10:39:19.918730+00:00
INTERNAL_MP_312,Saptagiri Sankar Ulaka,SAPTAGIRI SANKAR ULAKA,KORAPUT,KORAPUT,Odisha,ODISHA,Lok Sabha,269500000.0,67850166.0,201649834.0,25.18,416,159,27.65,235,230,5,,MP_SUMMARY,mplads_mp_summary_2026-08-26.csv,2026-08-26,2026-08-26T10:39:19.918730+00:00
INTERNAL_MP_313,NABA CHARAN MAJHI,NABA CHARAN MAJHI,MAYURBHANJ,MAYURBHANJ,Odisha,ODISHA,Lok Sabha,147563957.11,34422207.0,113141750.11,23.33,194,27,12.22,76,76,0,,MP_SUMMARY,mplads_mp_summary_2026-08-26.csv,2026-08-26,2026-08-26T10:39:19.918730+00:00
INTERNAL_MP_314,BALABHADRA MAJHI,BALABHADRA MAJHI,NABARANGPUR,NABARANGPUR,Odisha,ODISHA,Lok Sabha,147413962.11,14970212.0,132443750.11,10.16,200,20,9.09,128,105,23,,MP_SUMMARY,mplads_mp_summary_2026-08-26.csv,2026-08-26,2026-08-26T10:39:19.918730+00:00
INTERNAL_MP_315,SAMBIT PATRA,SAMBIT PATRA,PURI,PURI,Odisha,ODISHA,Lok Sabha,147000000.0,38354750.0,108645250.0,26.09,175,548,75.8,847,847,0,,MP_SUMMARY,mplads_mp_summary_2026-08-26.csv,2026-08-26,2026-08-26T10:39:19.918730+00:00
INTERNAL_MP_316,DHARMENDRA PRADHAN,DHARMENDRA PRADHAN,SAMBALPUR,SAMBALPUR,Odisha,ODISHA,Lok Sabha,147000000.0,9704141.0,137295859.0,6.6,116,2,1.69,31,21,10,,MP_SUMMARY,mplads_mp_summary_2026-08-26.csv,2026-08-26,2026-08-26T10:39:19.918730+00:00
INTERNAL_MP_317,Shri Jual Oram,SHRI JUAL ORAM,SUNDARGARH,SUNDARGARH,Odisha,ODISHA,Lok Sabha,173096756.91,65790931.0,107305825.91,38.01,111,89,44.5,270,249,21,,MP_SUMMARY,mplads_mp_summary_2026-08-26.csv,2026-08-26,2026-08-26T10:39:19.918730+00:00
INTERNAL_MP_318,Vaithilingam Ve,VAITHILINGAM VE,Puducherry,PUDUCHERRY,Puducherry,PUDUCHERRY,Lok Sabha,209368972.11,33557935.0,175811037.11,16.03,62,13,17.33,27,22,5,,MP_SUMMARY,mplads_mp_summary_2026-08-26.csv,2026-08-26,2026-08-26T10:39:19.918730+00:00
INTERNAL_MP_319,Shri Gurjeet Singh Aujla,SHRI GURJEET SINGH AUJLA,AMRITSAR,AMRITSAR,Punjab,PUNJAB,Lok Sabha,147000000.0,67439837.0,79560163.0,45.88,190,91,32.38,328,321,7,,MP_SUMMARY,mplads_mp_summary_2026-08-26.csv,2026-08-26,2026-08-26T10:39:19.918730+00:00
INTERNAL_MP_320,MALVINDER SINGH KANG,MALVINDER SINGH KANG,ANANDPUR SAHIB,ANANDPUR SAHIB,Punjab,PUNJAB,Lok Sabha,147000000.0,75589623.0,71410377.0,51.42,236,109,31.59,758,739,19,,MP_SUMMARY,mplads_mp_summary_2026-08-26.csv,2026-08-26,2026-08-26T10:39:19.918730+00:00
INTERNAL_MP_321,Smt Harsimrat Kaur Badal,SMT HARSIMRAT KAUR BADAL,BHATINDA,BHATINDA,Punjab,PUNJAB,Lok Sabha,159775982.39,84901458.0,74874524.38999999,53.14,206,144,41.14,1471,1410,61,,MP_SUMMARY,mplads_mp_summary_2026-08-26.csv,2026-08-26,2026-08-26T10:39:19.918730+00:00
INTERNAL_MP_322,SARABJEET SINGH KHALSA,SARABJEET SINGH KHALSA,FARIDKOT,FARIDKOT,Punjab,PUNJAB,Lok Sabha,150850348.15,93855473.0,56994875.150000006,62.22,389,227,36.85,703,699,4,,MP_SUMMARY,mplads_mp_summary_2026-08-26.csv,2026-08-26,2026-08-26T10:39:19.918730+00:00
INTERNAL_MP_323,Shri Amar Singh,SHRI AMAR SINGH,FATEHGARH SAHIB,FATEHGARH SAHIB,Punjab,PUNJAB,Lok Sabha,147000000.0,43153324.0,103846676.0,29.36,289,60,17.19,521,505,16,,MP_SUMMARY,mplads_mp_summary_2026-08-26.csv,2026-08-26,2026-08-26T10:39:19.918730+00:00
INTERNAL_MP_324,SHER SINGH GHUBAYA,SHER SINGH GHUBAYA,FIROZPUR,FIROZPUR,Punjab,PUNJAB,Lok Sabha,147000000.0,91425989.0,55574011.0,62.19,34,361,91.39,450,450,0,,MP_SUMMARY,mplads_mp_summary_2026-08-26.csv,2026-08-26,2026-08-26T10:39:19.918730+00:00
INTERNAL_MP_325,SUKHJINDER SINGH RANDHAWA,SUKHJINDER SINGH RANDHAWA,GURDASPUR,GURDASPUR,Punjab,PUNJAB,Lok Sabha,147000000.0,56038398.0,90961602.0,38.12,237,90,27.52,396,380,16,,MP_SUMMARY,mplads_mp_summary_2026-08-26.csv,2026-08-26,2026-08-26T10:39:19.918730+00:00
INTERNAL_MP_326,DR. RAJ KUMAR CHABBEWAL,DR. RAJ KUMAR CHABBEWAL,HOSHIARPUR,HOSHIARPUR,Punjab,PUNJAB,Lok Sabha,147000000.0,75095197.0,71904803.0,51.09,186,93,33.33,1254,1242,12,,MP_SUMMARY,mplads_mp_summary_2026-08-26.csv,2026-08-26,2026-08-26T10:39:19.918730+00:00
INTERNAL_MP_327,CHARANJIT SINGH CHANNI,CHARANJIT SINGH CHANNI,JALANDHAR,JALANDHAR,Punjab,PUNJAB,Lok Sabha,147000000.0,26022604.0,120977396.0,17.7,151,58,27.75,205,205,0,,MP_SUMMARY,mplads_mp_summary_2026-08-26.csv,2026-08-26,2026-08-26T10:39:19.918730+00:00
INTERNAL_MP_328,AMRINDER SINGH RAJA WARRING,AMRINDER SINGH RAJA WARRING,LUDHIANA,LUDHIANA,Punjab,PUNJAB,Lok Sabha,147000000.0,33972409.0,113027591.0,23.11,187,59,23.98,326,323,3,,MP_SUMMARY,mplads_mp_summary_2026-08-26.csv,2026-08-26,2026-08-26T10:39:19.918730+00:00
INTERNAL_MP_329,DR DHARAMVIRA GANDHI,DR DHARAMVIRA GANDHI,PATIALA,PATIALA,Punjab,PUNJAB,Lok Sabha,147000000.0,52578687.0,94421313.0,35.77,275,52,15.9,1184,1167,17,,MP_SUMMARY,mplads_mp_summary_2026-08-26.csv,2026-08-26,2026-08-26T10:39:19.918730+00:00
INTERNAL_MP_330,GURMEET SINGH MEET HAYER,GURMEET SINGH MEET HAYER,SANGRUR,SANGRUR,Punjab,PUNJAB,Lok Sabha,147000000.0,56281265.0,90718735.0,38.29,237,149,38.6,647,618,29,,MP_SUMMARY,mplads_mp_summary_2026-08-26.csv,2026-08-26,2026-08-26T10:39:19.918730+00:00
INTERNAL_MP_331,Bhagirath Chaudhary,BHAGIRATH CHAUDHARY,AJMER,AJMER,Rajasthan,RAJASTHAN,Lok Sabha,147000000.0,47373540.0,99626460.0,32.23,99,58,36.94,642,528,114,,MP_SUMMARY,mplads_mp_summary_2026-08-26.csv,2026-08-26,2026-08-26T10:39:19.918730+00:00
INTERNAL_MP_332,BHUPENDER YADAV,BHUPENDER YADAV,ALWAR,ALWAR,Rajasthan,RAJASTHAN,Lok Sabha,147000000.0,59285868.0,87714132.0,40.33,43,31,41.89,67,67,0,,MP_SUMMARY,mplads_mp_summary_2026-08-26.csv,2026-08-26,2026-08-26T10:39:19.918730+00:00
INTERNAL_MP_333,RAJ KUMAR ROAT,RAJ KUMAR ROAT,BANSWARA,BANSWARA,Rajasthan,RAJASTHAN,Lok Sabha,147000000.0,63286521.0,83713479.0,43.05,82,22,21.15,121,121,0,,MP_SUMMARY,mplads_mp_summary_2026-08-26.csv,2026-08-26,2026-08-26T10:39:19.918730+00:00
INTERNAL_MP_334,UMMEDA RAM BENIWAL,UMMEDA RAM BENIWAL,BARMER,BARMER,Rajasthan,RAJASTHAN,Lok Sabha,147000000.0,65781402.0,81218598.0,44.75,88,96,52.17,187,186,1,,MP_SUMMARY,mplads_mp_summary_2026-08-26.csv,2026-08-26,2026-08-26T10:39:19.918730+00:00
INTERNAL_MP_335,SANJNA JATAV,SANJNA JATAV,BHARATPUR,BHARATPUR,Rajasthan,RAJASTHAN,Lok Sabha,147000000.0,65761488.1,81238511.9,44.74,168,74,30.58,716,691,25,,MP_SUMMARY,mplads_mp_summary_2026-08-26.csv,2026-08-26,2026-08-26T10:39:19.918730+00:00
INTERNAL_MP_336,DAMODAR AGARWAL,DAMODAR AGARWAL,BHILWARA,BHILWARA,Rajasthan,RAJASTHAN,Lok Sabha,147000000.0,58990209.0,88009791.0,40.13,150,101,40.24,853,767,86,,MP_SUMMARY,mplads_mp_summary_2026-08-26.csv,2026-08-26,2026-08-26T10:39:19.918730+00:00
INTERNAL_MP_337,Shri Arjun Ram Meghwal,SHRI ARJUN RAM MEGHWAL,BIKANER,BIKANER,Rajasthan,RAJASTHAN,Lok Sabha,147000000.0,34700414.0,112299586.0,23.61,62,17,21.52,46,41,5,,MP_SUMMARY,mplads_mp_summary_2026-08-26.csv,2026-08-26,2026-08-26T10:39:19.918730+00:00
INTERNAL_MP_338,Chandra Prakash Joshi,CHANDRA PRAKASH JOSHI,CHITTORGARH,CHITTORGARH,Rajasthan,RAJASTHAN,Lok Sabha,147000000.0,4660559.0,142339441.0,3.17,186,10,5.1,41,41,0,,MP_SUMMARY,mplads_mp_summary_2026-08-26.csv,2026-08-26,2026-08-26T10:39:19.918730+00:00
INTERNAL_MP_339,Rahul Kaswan,RAHUL KASWAN,CHURU,CHURU,Rajasthan,RAJASTHAN,Lok Sabha,147000000.0,57725218.0,89274782.0,39.27,206,37,15.23,540,514,26,,MP_SUMMARY,mplads_mp_summary_2026-08-26.csv,2026-08-26,2026-08-26T10:39:19.918730+00:00
INTERNAL_MP_340,MURARI LAL MEENA,MURARI LAL MEENA,DAUSA,DAUSA,Rajasthan,RAJASTHAN,Lok Sabha,147000000.0,19705174.0,127294826.0,13.4,96,16,14.29,72,70,2,,MP_SUMMARY,mplads_mp_summary_2026-08-26.csv,2026-08-26,2026-08-26T10:39:19.918730+00:00
INTERNAL_MP_341,KULDEEP INDORA,KULDEEP INDORA,GANGANAGAR,GANGANAGAR,Rajasthan,RAJASTHAN,Lok Sabha,147000000.0,11119729.0,135880271.0,7.56,90,2,2.17,53,33,20,,MP_SUMMARY,mplads_mp_summary_2026-08-26.csv,2026-08-26,2026-08-26T10:39:19.918730+00:00
INTERNAL_MP_342,MANJU SHARMA,MANJU SHARMA,JAIPUR,JAIPUR,Rajasthan,RAJASTHAN,Lok Sabha,167082901.11,23994861.0,143088040.11,14.36,54,15,21.74,31,28,3,,MP_SUMMARY,mplads_mp_summary_2026-08-26.csv,2026-08-26,2026-08-26T10:39:19.918730+00:00
INTERNAL_MP_343,Rao Rajendra Singh,RAO RAJENDRA SINGH,JAIPUR RURAL,JAIPUR RURAL,Rajasthan,RAJASTHAN,Lok Sabha,147000000.0,14160844.0,132839156.0,9.63,94,10,9.62,35,34,1,,MP_SUMMARY,mplads_mp_summary_2026-08-26.csv,2026-08-26,2026-08-26T10:39:19.918730+00:00
INTERNAL_MP_344,LUMBARAM,LUMBARAM,JALORE,JALORE,Rajasthan,RAJASTHAN,Lok Sabha,147000000.0,61110381.0,85889619.0,41.57,105,75,41.67,609,609,0,,MP_SUMMARY,mplads_mp_summary_2026-08-26.csv,2026-08-26,2026-08-26T10:39:19.918730+00:00
INTERNAL_MP_345,Dushyant Singh,DUSHYANT SINGH,JHALAWAR-BARAN,JHALAWAR-BARAN,Rajasthan,RAJASTHAN,Lok Sabha,147000000.0,6025816.0,140974184.0,4.1,27,0,0.0,26,25,1,,MP_SUMMARY,mplads_mp_summary_2026-08-26.csv,2026-08-26,2026-08-26T10:39:19.918730+00:00
INTERNAL_MP_346,BRIJENDRA SINGH OLA,BRIJENDRA SINGH OLA,JHUNJHUNU,JHUNJHUNU,Rajasthan,RAJASTHAN,Lok Sabha,147000000.0,55610081.0,91389919.0,37.83,75,92,55.09,449,447,2,,MP_SUMMARY,mplads_mp_summary_2026-08-26.csv,2026-08-26,2026-08-26T10:39:19.918730+00:00
INTERNAL_MP_347,Gajendra Singh Shekhawat,GAJENDRA SINGH SHEKHAWAT,JODHPUR,JODHPUR,Rajasthan,RAJASTHAN,Lok Sabha,147000000.0,491827.0,146508173.0,0.33,33,0,0.0,1,1,0,,MP_SUMMARY,mplads_mp_summary_2026-08-26.csv,2026-08-26,2026-08-26T10:39:19.918730+00:00
INTERNAL_MP_348,BHAJAN LAL JATAV,BHAJAN LAL JATAV,KARAULI-DHOLPUR,KARAULI-DHOLPUR,Rajasthan,RAJASTHAN,Lok Sabha,147000000.0,7253086.0,139746914.0,4.93,41,11,21.15,139,139,0,,MP_SUMMARY,mplads_mp_summary_2026-08-26.csv,2026-08-26,2026-08-26T10:39:19.918730+00:00
INTERNAL_MP_349,Om Birla,OM BIRLA,KOTA,KOTA,Rajasthan,RAJASTHAN,Lok Sabha,163906956.6,28500390.0,135406566.6,17.39,46,15,24.59,91,90,1,,MP_SUMMARY,mplads_mp_summary_2026-08-26.csv,2026-08-26,2026-08-26T10:39:19.918730+00:00
INTERNAL_MP_350,Shri Hanuman Beniwal,SHRI HANUMAN BENIWAL,NAGAUR,NAGAUR,Rajasthan,RAJASTHAN,Lok Sabha,147000000.0,66938015.0,80061985.0,45.54,75,175,70.0,315,314,1,,MP_SUMMARY,mplads_mp_summary_2026-08-26.csv,2026-08-26,2026-08-26T10:39:19.918730+00:00
INTERNAL_MP_351,Shri PP Chaudhary,SHRI PP CHAUDHARY,PALI,PALI,Rajasthan,RAJASTHAN,Lok Sabha,147000000.0,12964180.0,134035820.0,8.82,34,8,19.05,143,142,1,,MP_SUMMARY,mplads_mp_summary_2026-08-26.csv,2026-08-26,2026-08-26T10:39:19.918730+00:00
INTERNAL_MP_352,MAHIMA KUMARI MEWAR,MAHIMA KUMARI MEWAR,RAJSAMAND,RAJSAMAND,Rajasthan,RAJASTHAN,Lok Sabha,183892143.0,48238044.0,135654099.0,26.23,109,26,19.26,272,253,19,,MP_SUMMARY,mplads_mp_summary_2026-08-26.csv,2026-08-26,2026-08-26T10:39:19.918730+00:00
INTERNAL_MP_353,AMRARAM,AMRARAM,SIKAR,SIKAR,Rajasthan,RAJASTHAN,Lok Sabha,165691544.11,38165228.0,127526316.11,23.03,122,49,28.65,313,294,19,,MP_SUMMARY,mplads_mp_summary_2026-08-26.csv,2026-08-26,2026-08-26T10:39:19.918730+00:00
INTERNAL_MP_354,HARISH CHANDRA MEENA,HARISH CHANDRA MEENA,TONK-SAWAI MADHOPUR,TONK-SAWAI MADHOPUR,Rajasthan,RAJASTHAN,Lok Sabha,147000000.0,0.0,147000000.0,0.0,0,0,0.0,0,0,0,,MP_SUMMARY,mplads_mp_summary_2026-08-26.csv,2026-08-26,2026-08-26T10:39:19.918730+00:00
INTERNAL_MP_355,MANNA LAL RAWAT,MANNA LAL RAWAT,UDAIPUR,UDAIPUR,Rajasthan,RAJASTHAN,Lok Sabha,147000000.0,35324098.0,111675902.0,24.03,176,24,12.0,177,169,8,,MP_SUMMARY,mplads_mp_summary_2026-08-26.csv,2026-08-26,2026-08-26T10:39:19.918730+00:00
INTERNAL_MP_356,Indra Hang Subba,INDRA HANG SUBBA,SIKKIM,SIKKIM,Sikkim,SIKKIM,Lok Sabha,152003923.11,98023420.0,53980503.110000014,64.49,81,38,31.93,80,80,0,,MP_SUMMARY,mplads_mp_summary_2026-08-26.csv,2026-08-26,2026-08-26T10:39:19.918730+00:00
INTERNAL_MP_357,S. Jagathrakshakan,S. JAGATHRAKSHAKAN,ARAKKONAM,ARAKKONAM,Tamil Nadu,TAMIL NADU,Lok Sabha,180589332.34,50567596.0,130021736.34,28.0,130,34,20.73,53,52,1,,MP_SUMMARY,mplads_mp_summary_2026-08-26.csv,2026-08-26,2026-08-26T10:39:19.918730+00:00
INTERNAL_MP_358,THARANIVENTHAN M S,THARANIVENTHAN M S,ARANI,ARANI,Tamil Nadu,TAMIL NADU,Lok Sabha,168337124.35,111315790.0,57021334.35,66.13,137,180,56.78,214,214,0,,MP_SUMMARY,mplads_mp_summary_2026-08-26.csv,2026-08-26,2026-08-26T10:39:19.918730+00:00
INTERNAL_MP_359,Thiru Dayanidhi Maran,THIRU DAYANIDHI MARAN,CHENNAI CENTRAL,CHENNAI CENTRAL,Tamil Nadu,TAMIL NADU,Lok Sabha,147000000.0,25568733.0,121431267.0,17.39,8,4,33.33,7,7,0,,MP_SUMMARY,mplads_mp_summary_2026-08-26.csv,2026-08-26,2026-08-26T10:39:19.918730+00:00
INTERNAL_MP_360,Kalanidhi Veeraswamy,KALANIDHI VEERASWAMY,CHENNAI NORTH,CHENNAI NORTH,Tamil Nadu,TAMIL NADU,Lok Sabha,171500000.0,83933669.0,87566331.0,48.94,60,40,40.0,57,57,0,,MP_SUMMARY,mplads_mp_summary_2026-08-26.csv,2026-08-26,2026-08-26T10:39:19.918730+00:00
INTERNAL_MP_361,T Sumathy (A) Thamizhachi Thangapandian,T SUMATHY (A) THAMIZHACHI THANGAPANDIAN,CHENNAI SOUTH,CHENNAI SOUTH,Tamil Nadu,TAMIL NADU,Lok Sabha,147000000.0,28530278.0,118469722.0,19.41,25,5,16.67,25,25,0,,MP_SUMMARY,mplads_mp_summary_2026-08-26.csv,2026-08-26,2026-08-26T10:39:19.918730+00:00
INTERNAL_MP_362,Thirumaa Valavan Thol,THIRUMAA VALAVAN THOL,CHIDAMBARAM,CHIDAMBARAM,Tamil Nadu,TAMIL NADU,Lok Sabha,147000000.0,68203692.0,78796308.0,46.4,32,45,58.44,79,78,1,,MP_SUMMARY,mplads_mp_summary_2026-08-26.csv,2026-08-26,2026-08-26T10:39:19.918730+00:00
INTERNAL_MP_363,GANAPATHY RAJKUMAR P,GANAPATHY RAJKUMAR P,COIMBATORE,COIMBATORE,Tamil Nadu,TAMIL NADU,Lok Sabha,147370490.11,42862932.0,104507558.11,29.09,62,7,10.14,44,42,2,,MP_SUMMARY,mplads_mp_summary_2026-08-26.csv,2026-08-26,2026-08-26T10:39:19.918730+00:00
INTERNAL_MP_364,M.K. VISHNUPRASAD,M.K. VISHNUPRASAD,CUDDALORE,CUDDALORE,Tamil Nadu,TAMIL NADU,Lok Sabha,147000000.0,71295556.0,75704444.0,48.5,40,74,64.91,90,90,0,,MP_SUMMARY,mplads_mp_summary_2026-08-26.csv,2026-08-26,2026-08-26T10:39:19.918730+00:00
INTERNAL_MP_365,MANI. A.,MANI. A.,DHARAMAPURI,DHARAMAPURI,Tamil Nadu,TAMIL NADU,Lok Sabha,164515071.11,67070637.0,97444434.11,40.77,315,59,15.78,127,127,0,,MP_SUMMARY,mplads_mp_summary_2026-08-26.csv,2026-08-26,2026-08-26T10:39:19.918730+00:00
INTERNAL_MP_366,SACHITHANANTHAM R,SACHITHANANTHAM R,DINDIGUL,DINDIGUL,Tamil Nadu,TAMIL NADU,Lok Sabha,147000000.0,90527072.0,56472928.0,61.58,84,50,37.31,86,84,2,,MP_SUMMARY,mplads_mp_summary_2026-08-26.csv,2026-08-26,2026-08-26T10:39:19.918730+00:00
INTERNAL_MP_367,K E PRAKASH,K E PRAKASH,ERODE,ERODE,Tamil Nadu,TAMIL NADU,Lok Sabha,147000000.0,87182728.0,59817272.0,59.31,101,141,58.26,148,147,1,,MP_SUMMARY,mplads_mp_summary_2026-08-26.csv,2026-08-26,2026-08-26T10:39:19.918730+00:00
INTERNAL_MP_368,MALAIYARASAN D,MALAIYARASAN D,KALLAKURICHI,KALLAKURICHI,Tamil Nadu,TAMIL NADU,Lok Sabha,176686299.0,121901141.0,54785158.0,68.99,191,198,50.9,204,204,0,,MP_SUMMARY,mplads_mp_summary_2026-08-26.csv,2026-08-26,2026-08-26T10:39:19.918730+00:00
INTERNAL_MP_369,Ganesan Selvam,GANESAN SELVAM,KANCHEEPURAM,KANCHEEPURAM,Tamil Nadu,TAMIL NADU,Lok Sabha,186508749.11,108395338.0,78113411.11000001,58.12,177,272,60.58,289,288,1,,MP_SUMMARY,mplads_mp_summary_2026-08-26.csv,2026-08-26,2026-08-26T10:39:19.918730+00:00
INTERNAL_MP_370,Shri vijayakumar Vasanth,SHRI VIJAYAKUMAR VASANTH,KANNIYAKUMARI,KANNIYAKUMARI,Tamil Nadu,TAMIL NADU,Lok Sabha,171500000.0,56848972.0,114651028.0,33.15,62,39,38.61,64,60,4,,MP_SUMMARY,mplads_mp_summary_2026-08-26.csv,2026-08-26,2026-08-26T10:39:19.918730+00:00
INTERNAL_MP_371,Smt S Jothimani,SMT S JOTHIMANI,KARUR,KARUR,Tamil Nadu,TAMIL NADU,Lok Sabha,147000000.0,47711966.0,99288034.0,32.46,90,86,48.86,101,100,1,,MP_SUMMARY,mplads_mp_summary_2026-08-26.csv,2026-08-26,2026-08-26T10:39:19.918730+00:00
INTERNAL_MP_372,GOPINATH K,GOPINATH K,KRISHNAGIRI,KRISHNAGIRI,Tamil Nadu,TAMIL NADU,Lok Sabha,147000000.0,40994453.0,106005547.0,27.89,77,36,31.86,56,55,1,,MP_SUMMARY,mplads_mp_summary_2026-08-26.csv,2026-08-26,2026-08-26T10:39:19.918730+00:00
INTERNAL_MP_373,S Venkatesan,S VENKATESAN,MADURAI,MADURAI,Tamil Nadu,TAMIL NADU,Lok Sabha,147000000.0,47771116.0,99228884.0,32.5,81,46,36.22,70,67,3,,MP_SUMMARY,mplads_mp_summary_2026-08-26.csv,2026-08-26,2026-08-26T10:39:19.918730+00:00
INTERNAL_MP_374,SUDHA R,SUDHA R,MAYILADUTHURAI,MAYILADUTHURAI,Tamil Nadu,TAMIL NADU,Lok Sabha,147332315.11,33193145.0,114139170.11,22.53,127,22,14.77,47,34,13,,MP_SUMMARY,mplads_mp_summary_2026-08-26.csv,2026-08-26,2026-08-26T10:39:19.918730+00:00
INTERNAL_MP_375,SELVARAJ V,SELVARAJ V,NAGAPATTINAM,NAGAPATTINAM,Tamil Nadu,TAMIL NADU,Lok Sabha,147000000.0,50673389.0,96326611.0,34.47,41,44,51.76,61,59,2,,MP_SUMMARY,mplads_mp_summary_2026-08-26.csv,2026-08-26,2026-08-26T10:39:19.918730+00:00
INTERNAL_MP_376,V S Matheswaran,V S MATHESWARAN,NAMAKKAL,NAMAKKAL,Tamil Nadu,TAMIL NADU,Lok Sabha,162539930.11,90580955.0,71958975.11000001,55.73,70,139,66.51,141,137,4,,MP_SUMMARY,mplads_mp_summary_2026-08-26.csv,2026-08-26,2026-08-26T10:39:19.918730+00:00
INTERNAL_MP_377,Andimuthu Raja,ANDIMUTHU RAJA,NILGIRIS,NILGIRIS,Tamil Nadu,TAMIL NADU,Lok Sabha,147000000.0,71485310.0,75514690.0,48.63,41,73,64.04,87,87,0,,MP_SUMMARY,mplads_mp_summary_2026-08-26.csv,2026-08-26,2026-08-26T10:39:19.918730+00:00
INTERNAL_MP_378,ARUN NEHRU,ARUN NEHRU,PERAMBALUR,PERAMBALUR,Tamil Nadu,TAMIL NADU,Lok Sabha,147000000.0,67653424.0,79346576.0,46.02,28,54,65.85,81,81,0,,MP_SUMMARY,mplads_mp_summary_2026-08-26.csv,2026-08-26,2026-08-26T10:39:19.918730+00:00
INTERNAL_MP_379,ESWARASAMY K,ESWARASAMY K,POLLACHI,POLLACHI,Tamil Nadu,TAMIL NADU,Lok Sabha,162315106.11,56246950.0,106068156.11,34.65,34,46,57.5,57,56,1,,MP_SUMMARY,mplads_mp_summary_2026-08-26.csv,2026-08-26,2026-08-26T10:39:19.918730+00:00
INTERNAL_MP_380,Kani K Navas,KANI K NAVAS,RAMANATHAPURAM,RAMANATHAPURAM,Tamil Nadu,TAMIL NADU,Lok Sabha,147000000.0,54425096.0,92574904.0,37.02,41,68,62.39,85,84,1,,MP_SUMMARY,mplads_mp_summary_2026-08-26.csv,2026-08-26,2026-08-26T10:39:19.918730+00:00
INTERNAL_MP_381,SELVAGANAPATHI T M,SELVAGANAPATHI T M,SALEM,SALEM,Tamil Nadu,TAMIL NADU,Lok Sabha,147000000.0,4244214.0,142755786.0,2.89,17,0,0.0,2,1,1,,MP_SUMMARY,mplads_mp_summary_2026-08-26.csv,2026-08-26,2026-08-26T10:39:19.918730+00:00
INTERNAL_MP_382,Shri Karti P Chidambaram,SHRI KARTI P CHIDAMBARAM,SIVAGANGA,SIVAGANGA,Tamil Nadu,TAMIL NADU,Lok Sabha,159049284.11,97237605.0,61811679.110000014,61.14,67,117,63.59,145,145,0,,MP_SUMMARY,mplads_mp_summary_2026-08-26.csv,2026-08-26,2026-08-26T10:39:19.918730+00:00
INTERNAL_MP_383,Thalikkottai Rajuthevar Baalu,THALIKKOTTAI RAJUTHEVAR BAALU,SRIPERUMBUDUR,SRIPERUMBUDUR,Tamil Nadu,TAMIL NADU,Lok Sabha,196905535.11,71998395.0,124907140.11,36.56,63,63,50.0,90,90,0,,MP_SUMMARY,mplads_mp_summary_2026-08-26.csv,2026-08-26,2026-08-26T10:39:19.918730+00:00
INTERNAL_MP_384,DR RANI SRI KUMAR,DR RANI SRI KUMAR,TENKASI,TENKASI,Tamil Nadu,TAMIL NADU,Lok Sabha,153060922.82,99919930.0,53140992.81999999,65.28,58,102,63.75,123,123,0,,MP_SUMMARY,mplads_mp_summary_2026-08-26.csv,2026-08-26,2026-08-26T10:39:19.918730+00:00
INTERNAL_MP_385,MURASOLI S,MURASOLI S,THANJAVUR,THANJAVUR,Tamil Nadu,TAMIL NADU,Lok Sabha,147000000.0,76201785.0,70798215.0,51.84,44,45,50.56,71,69,2,,MP_SUMMARY,mplads_mp_summary_2026-08-26.csv,2026-08-26,2026-08-26T10:39:19.918730+00:00
INTERNAL_MP_386,THANGA TAMILSELVAN,THANGA TAMILSELVAN,THENI,THENI,Tamil Nadu,TAMIL NADU,Lok Sabha,147000000.0,49328291.0,97671709.0,33.56,72,24,25.0,56,50,6,,MP_SUMMARY,mplads_mp_summary_2026-08-26.csv,2026-08-26,2026-08-26T10:39:19.918730+00:00
INTERNAL_MP_387,Kanimozhi Karunanidhi,KANIMOZHI KARUNANIDHI,THOOTHUKKUDI,THOOTHUKKUDI,Tamil Nadu,TAMIL NADU,Lok Sabha,147000000.0,58344698.0,88655302.0,39.69,39,12,23.53,34,33,1,,MP_SUMMARY,mplads_mp_summary_2026-08-26.csv,2026-08-26,2026-08-26T10:39:19.918730+00:00
INTERNAL_MP_388,DURAI VAIKO,DURAI VAIKO,TIRUCHIRAPPALLI,TIRUCHIRAPPALLI,Tamil Nadu,TAMIL NADU,Lok Sabha,147000000.0,64219366.0,82780634.0,43.69,33,45,57.69,56,53,3,,MP_SUMMARY,mplads_mp_summary_2026-08-26.csv,2026-08-26,2026-08-26T10:39:19.918730+00:00
INTERNAL_MP_389,ROBERT BRUCE C,ROBERT BRUCE C,TIRUNELVELI,TIRUNELVELI,Tamil Nadu,TAMIL NADU,Lok Sabha,147475440.11,55819028.0,91656412.11,37.85,51,60,54.05,73,73,0,,MP_SUMMARY,mplads_mp_summary_2026-08-26.csv,2026-08-26,2026-08-26T10:39:19.918730+00:00
INTERNAL_MP_390,K Subbarayan,K SUBBARAYAN,TIRUPPUR,TIRUPPUR,Tamil Nadu,TAMIL NADU,Lok Sabha,147000000.0,81901423.0,65098577.0,55.72,53,65,55.08,75,75,0,,MP_SUMMARY,mplads_mp_summary_2026-08-26.csv,2026-08-26,2026-08-26T10:39:19.918730+00:00
INTERNAL_MP_391,Sasikanth Senthil,SASIKANTH SENTHIL,TIRUVALLUR,TIRUVALLUR,Tamil Nadu,TAMIL NADU,Lok Sabha,171500000.0,89433784.0,82066216.0,52.15,95,87,47.8,133,129,4,,MP_SUMMARY,mplads_mp_summary_2026-08-26.csv,2026-08-26,2026-08-26T10:39:19.918730+00:00
INTERNAL_MP_392,CN Annadurai,CN ANNADURAI,TIRUVANNAMALAI,TIRUVANNAMALAI,Tamil Nadu,TAMIL NADU,Lok Sabha,148579509.11,87500808.0,61078701.110000014,58.89,23,171,88.14,180,180,0,,MP_SUMMARY,mplads_mp_summary_2026-08-26.csv,2026-08-26,2026-08-26T10:39:19.918730+00:00
INTERNAL_MP_393,D M Kathir Anand,D M KATHIR ANAND,VELLORE,VELLORE,Tamil Nadu,TAMIL NADU,Lok Sabha,160196941.11,33728871.0,126468070.11,21.05,67,15,18.29,38,38,0,,MP_SUMMARY,mplads_mp_summary_2026-08-26.csv,2026-08-26,2026-08-26T10:39:19.918730+00:00
INTERNAL_MP_394,D Ravikumar,D RAVIKUMAR,VILUPPURAM,VILUPPURAM,Tamil Nadu,TAMIL NADU,Lok Sabha,197598306.11,104427486.0,93170820.11,52.85,66,222,77.08,229,225,4,,MP_SUMMARY,mplads_mp_summary_2026-08-26.csv,2026-08-26,2026-08-26T10:39:19.918730+00:00
INTERNAL_MP_395,Manickam Tagore B,MANICKAM TAGORE B,VIRUDHUNAGAR,VIRUDHUNAGAR,Tamil Nadu,TAMIL NADU,Lok Sabha,147000000.0,90165437.0,56834563.0,61.34,19,69,78.41,93,92,1,,MP_SUMMARY,mplads_mp_summary_2026-08-26.csv,2026-08-26,2026-08-26T10:39:19.918730+00:00
INTERNAL_MP_396,GODAM NAGESH,GODAM NAGESH,ADILABAD,ADILABAD,Telangana,TELANGANA,Lok Sabha,147000000.0,35717086.0,111282914.0,24.3,277,80,22.41,142,142,0,,MP_SUMMARY,mplads_mp_summary_2026-08-26.csv,2026-08-26,2026-08-26T10:39:19.918730+00:00
INTERNAL_MP_397,CHAMALA KIRAN KUMAR REDDY,CHAMALA KIRAN KUMAR REDDY,BHONGIR,BHONGIR,Telangana,TELANGANA,Lok Sabha,147000000.0,62689273.0,84310727.0,42.65,71,417,85.45,434,433,1,,MP_SUMMARY,mplads_mp_summary_2026-08-26.csv,2026-08-26,2026-08-26T10:39:19.918730+00:00
INTERNAL_MP_398,KONDA VISHWESHWAR REDDY,KONDA VISHWESHWAR REDDY,CHELVELLA,CHELVELLA,Telangana,TELANGANA,Lok Sabha,186441916.11,57214092.0,129227824.11,30.69,339,180,34.68,214,212,2,,MP_SUMMARY,mplads_mp_summary_2026-08-26.csv,2026-08-26,2026-08-26T10:39:19.918730+00:00
INTERNAL_MP_399,Asaduddin Owaisi,ASADUDDIN OWAISI,HYDERABAD,HYDERABAD,Telangana,TELANGANA,Lok Sabha,147000000.0,11172317.0,135827683.0,7.6,17,1,5.56,7,7,0,,MP_SUMMARY,mplads_mp_summary_2026-08-26.csv,2026-08-26,2026-08-26T10:39:19.918730+00:00
INTERNAL_MP_400,Sanjay Kumar Bandi,SANJAY KUMAR BANDI,KARIMNAGAR,KARIMNAGAR,Telangana,TELANGANA,Lok Sabha,172775317.11,65470195.0,107305122.11,37.89,468,171,26.76,306,303,3,,MP_SUMMARY,mplads_mp_summary_2026-08-26.csv,2026-08-26,2026-08-26T10:39:19.918730+00:00
INTERNAL_MP_401,RAMASAHAYAM RAGHURAM REDDY,RAMASAHAYAM RAGHURAM REDDY,KHAMMAM,KHAMMAM,Telangana,TELANGANA,Lok Sabha,147000000.0,20924125.0,126075875.0,14.23,194,18,8.49,45,40,5,,MP_SUMMARY,mplads_mp_summary_2026-08-26.csv,2026-08-26,2026-08-26T10:39:19.918730+00:00
INTERNAL_MP_402,BALRAM NAIK PORIKA,BALRAM NAIK PORIKA,MAHABUBABAD,MAHABUBABAD,Telangana,TELANGANA,Lok Sabha,147000000.0,72320239.0,74679761.0,49.2,121,238,66.3,292,292,0,,MP_SUMMARY,mplads_mp_summary_2026-08-26.csv,2026-08-26,2026-08-26T10:39:19.918730+00:00
INTERNAL_MP_403,ARUNA. D. K,ARUNA. D. K,MAHABUBNAGAR,MAHABUBNAGAR,Telangana,TELANGANA,Lok Sabha,147000000.0,44232038.0,102767962.0,30.09,195,127,39.44,153,152,1,,MP_SUMMARY,mplads_mp_summary_2026-08-26.csv,2026-08-26,2026-08-26T10:39:19.918730+00:00
INTERNAL_MP_404,EATALA RAJENDER,EATALA RAJENDER,MALKAJGIRI,MALKAJGIRI,Telangana,TELANGANA,Lok Sabha,327477390.86,34708670.0,292768720.86,10.6,268,29,9.76,59,52,7,,MP_SUMMARY,mplads_mp_summary_2026-08-26.csv,2026-08-26,2026-08-26T10:39:19.918730+00:00
INTERNAL_MP_405,MADHAVANENI RAGHUNANDAN RAO,MADHAVANENI RAGHUNANDAN RAO,MEDAK,MEDAK,Telangana,TELANGANA,Lok Sabha,147000000.0,30484168.0,116515832.0,20.74,141,41,22.53,49,49,0,,MP_SUMMARY,mplads_mp_summary_2026-08-26.csv,2026-08-26,2026-08-26T10:39:19.918730+00:00
INTERNAL_MP_406,DR.MALLU RAVI,DR.MALLU RAVI,NAGARKURNOOL,NAGARKURNOOL,Telangana,TELANGANA,Lok Sabha,147000000.0,47000729.0,99999271.0,31.97,84,143,63.0,156,155,1,,MP_SUMMARY,mplads_mp_summary_2026-08-26.csv,2026-08-26,2026-08-26T10:39:19.918730+00:00
INTERNAL_MP_407,KUNDURU RAGHUVEER,KUNDURU RAGHUVEER,NALGONDA,NALGONDA,Telangana,TELANGANA,Lok Sabha,162952022.0,7766945.0,155185077.0,4.77,23,6,20.69,9,9,0,,MP_SUMMARY,mplads_mp_summary_2026-08-26.csv,2026-08-26,2026-08-26T10:39:19.918730+00:00
INTERNAL_MP_408,Arvind Dharmapuri,ARVIND DHARMAPURI,NIZAMABAD,NIZAMABAD,Telangana,TELANGANA,Lok Sabha,281396355.11,158096817.0,123299538.11,56.18,440,476,51.97,526,525,1,,MP_SUMMARY,mplads_mp_summary_2026-08-26.csv,2026-08-26,2026-08-26T10:39:19.918730+00:00
INTERNAL_MP_409,VAMSI KRISHNA GADDAM,VAMSI KRISHNA GADDAM,PEDDAPALLE,PEDDAPALLE,Telangana,TELANGANA,Lok Sabha,148451721.11,16373473.0,132078248.11,11.03,62,9,12.68,22,22,0,,MP_SUMMARY,mplads_mp_summary_2026-08-26.csv,2026-08-26,2026-08-26T10:39:19.918730+00:00
INTERNAL_MP_410,Kishan Reddy Gangapuram,KISHAN REDDY GANGAPURAM,SECUNDERABAD,SECUNDERABAD,Telangana,TELANGANA,Lok Sabha,147000000.0,4754322.0,142245678.0,3.23,38,0,0.0,5,5,0,,MP_SUMMARY,mplads_mp_summary_2026-08-26.csv,2026-08-26,2026-08-26T10:39:19.918730+00:00
INTERNAL_MP_411,KADIYAM KAVYA,KADIYAM KAVYA,WARANGEL,WARANGEL,Telangana,TELANGANA,Lok Sabha,147000000.0,27189421.0,119810579.0,18.5,161,53,24.77,73,73,0,,MP_SUMMARY,mplads_mp_summary_2026-08-26.csv,2026-08-26,2026-08-26T10:39:19.918730+00:00
INTERNAL_MP_412,SURESH KUMAR SHETKAR,SURESH KUMAR SHETKAR,ZAHIRABAD,ZAHIRABAD,Telangana,TELANGANA,Lok Sabha,147000000.0,28174768.0,118825232.0,19.17,291,64,18.03,120,120,0,,MP_SUMMARY,mplads_mp_summary_2026-08-26.csv,2026-08-26,2026-08-26T10:39:19.918730+00:00
INTERNAL_MP_413,Kalaben Mohanbhai Delkar,KALABEN MOHANBHAI DELKAR,DADRA & NAGAR HAVELI,DADRA & NAGAR HAVELI,The Dadra And Nagar Haveli And Daman And Diu,THE DADRA AND NAGAR HAVELI AND DAMAN AND DIU,Lok Sabha,147000000.0,0.0,147000000.0,0.0,2,0,0.0,0,0,0,,MP_SUMMARY,mplads_mp_summary_2026-08-26.csv,2026-08-26,2026-08-26T10:39:19.918730+00:00
INTERNAL_MP_414,PATEL UMESHBHAI BABUBHAI,PATEL UMESHBHAI BABUBHAI,DAMAN and DIU,DAMAN AND DIU,The Dadra And Nagar Haveli And Daman And Diu,THE DADRA AND NAGAR HAVELI AND DAMAN AND DIU,Lok Sabha,245063957.0,0.0,245063957.0,0.0,61,0,0.0,0,0,0,,MP_SUMMARY,mplads_mp_summary_2026-08-26.csv,2026-08-26,2026-08-26T10:39:19.918730+00:00
INTERNAL_MP_415,KRITI DEVI DEBBARMAN,KRITI DEVI DEBBARMAN,TRIPURA EAST,TRIPURA EAST,Tripura,TRIPURA,Lok Sabha,147000000.0,32934783.0,114065217.0,22.4,29,13,30.95,24,24,0,,MP_SUMMARY,mplads_mp_summary_2026-08-26.csv,2026-08-26,2026-08-26T10:39:19.918730+00:00
INTERNAL_MP_416,BIPLAB KUMAR DEB,BIPLAB KUMAR DEB,TRIPURA WEST,TRIPURA WEST,Tripura,TRIPURA,Lok Sabha,147000000.0,51962677.0,95037323.0,35.35,24,7,22.58,26,26,0,,MP_SUMMARY,mplads_mp_summary_2026-08-26.csv,2026-08-26,2026-08-26T10:39:19.918730+00:00
INTERNAL_MP_417,Prof SP Singh Baghel,PROF SP SINGH BAGHEL,AGRA,AGRA,Uttar Pradesh,UTTAR PRADESH,Lok Sabha,147000000.0,90115338.0,56884662.0,61.3,55,55,50.0,127,127,0,,MP_SUMMARY,mplads_mp_summary_2026-08-26.csv,2026-08-26,2026-08-26T10:39:19.918730+00:00
INTERNAL_MP_418,Devendra Alias Bhole Singh,DEVENDRA ALIAS BHOLE SINGH,AKBARPUR,AKBARPUR,Uttar Pradesh,UTTAR PRADESH,Lok Sabha,147000000.0,62000186.0,84999814.0,42.18,86,62,41.89,98,98,0,,MP_SUMMARY,mplads_mp_summary_2026-08-26.csv,2026-08-26,2026-08-26T10:39:19.918730+00:00
INTERNAL_MP_419,Shri Satish Kumar Gautam,SHRI SATISH KUMAR GAUTAM,ALIGARH,ALIGARH,Uttar Pradesh,UTTAR PRADESH,Lok Sabha,147000000.0,87713538.0,59286462.0,59.67,55,21,27.63,127,127,0,,MP_SUMMARY,mplads_mp_summary_2026-08-26.csv,2026-08-26,2026-08-26T10:39:19.918730+00:00
INTERNAL_MP_420,UJJWAL RAMAN SINGH,UJJWAL RAMAN SINGH,ALLAHABAD,ALLAHABAD,Uttar Pradesh,UTTAR PRADESH,Lok Sabha,147000000.0,64290040.0,82709960.0,43.73,28,3,9.68,66,59,7,,MP_SUMMARY,mplads_mp_summary_2026-08-26.csv,2026-08-26,2026-08-26T10:39:19.918730+00:00
INTERNAL_MP_421,LALJI VERMA,LALJI VERMA,AMBEDKAR NAGAR,AMBEDKAR NAGAR,Uttar Pradesh,UTTAR PRADESH,Lok Sabha,147000000.0,86165424.0,60834576.0,58.62,202,61,23.19,287,280,7,,MP_SUMMARY,mplads_mp_summary_2026-08-26.csv,2026-08-26,2026-08-26T10:39:19.918730+00:00
INTERNAL_MP_422,KISHORI LAL,KISHORI LAL,AMETHI,AMETHI,Uttar Pradesh,UTTAR PRADESH,Lok Sabha,171500000.0,82481354.0,89018646.0,48.09,31,19,38.0,75,70,5,,MP_SUMMARY,mplads_mp_summary_2026-08-26.csv,2026-08-26,2026-08-26T10:39:19.918730+00:00
INTERNAL_MP_423,KANWAR SINGH TANWAR,KANWAR SINGH TANWAR,AMROHA,AMROHA,Uttar Pradesh,UTTAR PRADESH,Lok Sabha,147000000.0,78135018.0,68864982.0,53.15,46,59,56.19,81,81,0,,MP_SUMMARY,mplads_mp_summary_2026-08-26.csv,2026-08-26,2026-08-26T10:39:19.918730+00:00
INTERNAL_MP_424,NEERAJ MAURYA,NEERAJ MAURYA,AONLA,AONLA,Uttar Pradesh,UTTAR PRADESH,Lok Sabha,147000000.0,97488644.0,49511356.0,66.32,19,17,47.22,101,101,0,,MP_SUMMARY,mplads_mp_summary_2026-08-26.csv,2026-08-26,2026-08-26T10:39:19.918730+00:00
INTERNAL_MP_425,DHARMENDRA YADAV,DHARMENDRA YADAV,AZAMGARH,AZAMGARH,Uttar Pradesh,UTTAR PRADESH,Lok Sabha,147000000.0,61248647.0,85751353.0,41.67,52,16,23.53,53,43,10,,MP_SUMMARY,mplads_mp_summary_2026-08-26.csv,2026-08-26,2026-08-26T10:39:19.918730+00:00
INTERNAL_MP_426,ADITYA YADAV,ADITYA YADAV,BADAUN,BADAUN,Uttar Pradesh,UTTAR PRADESH,Lok Sabha,147000000.0,85488147.0,61511853.0,58.16,64,41,39.05,186,162,24,,MP_SUMMARY,mplads_mp_summary_2026-08-26.csv,2026-08-26,2026-08-26T10:39:19.918730+00:00
INTERNAL_MP_427,DR RAJKUMAR SANGWAN,DR RAJKUMAR SANGWAN,BAGHPAT,BAGHPAT,Uttar Pradesh,UTTAR PRADESH,Lok Sabha,147000000.0,36662976.0,110337024.0,24.94,103,16,13.45,78,66,12,,MP_SUMMARY,mplads_mp_summary_2026-08-26.csv,2026-08-26,2026-08-26T10:39:19.918730+00:00
INTERNAL_MP_428,ANAND KUMAR,ANAND KUMAR,BAHRAICH,BAHRAICH,Uttar Pradesh,UTTAR PRADESH,Lok Sabha,147000000.0,66987751.0,80012249.0,45.57,79,32,28.83,102,102,0,,MP_SUMMARY,mplads_mp_summary_2026-08-26.csv,2026-08-26,2026-08-26T10:39:19.918730+00:00
INTERNAL_MP_429,SANATAN PANDEY,SANATAN PANDEY,BALLIA,BALLIA,Uttar Pradesh,UTTAR PRADESH,Lok Sabha,180420041.4,74595388.0,105824653.4,41.35,293,62,17.46,231,229,2,,MP_SUMMARY,mplads_mp_summary_2026-08-26.csv,2026-08-26,2026-08-26T10:39:19.918730+00:00
INTERNAL_MP_430,KRISHNA DEVI SHIVSHANKER PATEL,KRISHNA DEVI SHIVSHANKER PATEL,BANDA,BANDA,Uttar Pradesh,UTTAR PRADESH,Lok Sabha,147000000.0,74835215.67,72164784.33,50.91,240,202,45.7,329,328,1,,MP_SUMMARY,mplads_mp_summary_2026-08-26.csv,2026-08-26,2026-08-26T10:39:19.918730+00:00
INTERNAL_MP_431,Kamlesh Paswan,KAMLESH PASWAN,BANSGAON,BANSGAON,Uttar Pradesh,UTTAR PRADESH,Lok Sabha,147000000.0,35635253.0,111364747.0,24.24,124,0,0.0,76,70,6,,MP_SUMMARY,mplads_mp_summary_2026-08-26.csv,2026-08-26,2026-08-26T10:39:19.918730+00:00
INTERNAL_MP_432,TANUJ PUNIA,TANUJ PUNIA,BARABANKI,BARABANKI,Uttar Pradesh,UTTAR PRADESH,Lok Sabha,148198170.11,83397272.0,64800898.110000014,56.27,20,13,39.39,30,30,0,,MP_SUMMARY,mplads_mp_summary_2026-08-26.csv,2026-08-26,2026-08-26T10:39:19.918730+00:00
INTERNAL_MP_433,CHHATRA PAL SINGH GANGWAR,CHHATRA PAL SINGH GANGWAR,BAREILLY,BAREILLY,Uttar Pradesh,UTTAR PRADESH,Lok Sabha,147000000.0,95712065.0,51287935.0,65.11,44,142,76.34,290,290,0,,MP_SUMMARY,mplads_mp_summary_2026-08-26.csv,2026-08-26,2026-08-26T10:39:19.918730+00:00
INTERNAL_MP_434,RAM PRASAD CHAUDHARY,RAM PRASAD CHAUDHARY,BASTI,BASTI,Uttar Pradesh,UTTAR PRADESH,Lok Sabha,204176957.11,148429426.0,55747531.110000014,72.7,146,37,20.22,239,238,1,1.0,MP_SUMMARY,mplads_mp_summary_2026-08-26.csv,2026-08-26,2026-08-26T10:39:19.918730+00:00
INTERNAL_MP_435,VINOD KUMAR BIND,VINOD KUMAR BIND,BHADOHI,BHADOHI,Uttar Pradesh,UTTAR PRADESH,Lok Sabha,147000000.0,75517267.0,71482733.0,51.37,137,407,74.82,525,418,107,,MP_SUMMARY,mplads_mp_summary_2026-08-26.csv,2026-08-26,2026-08-26T10:39:19.918730+00:00
INTERNAL_MP_436,CHANDAN CHAUHAN,CHANDAN CHAUHAN,BIJNOR,BIJNOR,Uttar Pradesh,UTTAR PRADESH,Lok Sabha,147000000.0,80796698.0,66203302.0,54.96,102,14,12.07,209,188,21,,MP_SUMMARY,mplads_mp_summary_2026-08-26.csv,2026-08-26,2026-08-26T10:39:19.918730+00:00
INTERNAL_MP_437,Bhola Singh,BHOLA SINGH,BULANDSHAHR,BULANDSHAHR,Uttar Pradesh,UTTAR PRADESH,Lok Sabha,147000000.0,101017522.0,45982478.0,68.72,148,142,48.97,250,200,50,,MP_SUMMARY,mplads_mp_summary_2026-08-26.csv,2026-08-26,2026-08-26T10:39:19.918730+00:00
INTERNAL_MP_438,VIRENDRA SINGH,VIRENDRA SINGH,CHANDAULI,CHANDAULI,Uttar Pradesh,UTTAR PRADESH,Lok Sabha,147000000.0,86345853.0,60654147.0,58.74,22,13,37.14,49,45,4,,MP_SUMMARY,mplads_mp_summary_2026-08-26.csv,2026-08-26,2026-08-26T10:39:19.918730+00:00
INTERNAL_MP_439,SHASHANK MANI,SHASHANK MANI,DEORIA,DEORIA,Uttar Pradesh,UTTAR PRADESH,Lok Sabha,147000000.0,80936917.0,66063083.0,55.06,81,45,35.71,142,133,9,,MP_SUMMARY,mplads_mp_summary_2026-08-26.csv,2026-08-26,2026-08-26T10:39:19.918730+00:00
INTERNAL_MP_440,ANAND BHADAURIYA,ANAND BHADAURIYA,DHAURAHRA,DHAURAHRA,Uttar Pradesh,UTTAR PRADESH,Lok Sabha,147000000.0,76758938.0,70241062.0,52.22,45,132,74.58,360,359,1,,MP_SUMMARY,mplads_mp_summary_2026-08-26.csv,2026-08-26,2026-08-26T10:39:19.918730+00:00
INTERNAL_MP_441,Jagdambika Pal,JAGDAMBIKA PAL,DOMARIYAGANJ,DOMARIYAGANJ,Uttar Pradesh,UTTAR PRADESH,Lok Sabha,160643957.11,38873088.0,121770869.11,24.2,75,0,0.0,50,45,5,,MP_SUMMARY,mplads_mp_summary_2026-08-26.csv,2026-08-26,2026-08-26T10:39:19.918730+00:00
INTERNAL_MP_442,DEVESH SHAKYA,DEVESH SHAKYA,ETAH,ETAH,Uttar Pradesh,UTTAR PRADESH,Lok Sabha,147000000.0,81351075.0,65648925.0,55.34,106,220,67.48,581,581,0,,MP_SUMMARY,mplads_mp_summary_2026-08-26.csv,2026-08-26,2026-08-26T10:39:19.918730+00:00
INTERNAL_MP_443,JITENDRA KUMAR DOHARE,JITENDRA KUMAR DOHARE,ETAWAH,ETAWAH,Uttar Pradesh,UTTAR PRADESH,Lok Sabha,188747306.26,119571988.0,69175318.25999999,63.35,322,192,37.35,518,518,0,,MP_SUMMARY,mplads_mp_summary_2026-08-26.csv,2026-08-26,2026-08-26T10:39:19.918730+00:00
INTERNAL_MP_444,AWADHESH PRASAD,AWADHESH PRASAD,FAIZABAD,FAIZABAD,Uttar Pradesh,UTTAR PRADESH,Lok Sabha,147000000.0,92097873.0,54902127.0,62.65,106,97,47.78,288,242,46,,MP_SUMMARY,mplads_mp_summary_2026-08-26.csv,2026-08-26,2026-08-26T10:39:19.918730+00:00
INTERNAL_MP_445,Mukesh Rajput,MUKESH RAJPUT,FARRUKHABAD,FARRUKHABAD,Uttar Pradesh,UTTAR PRADESH,Lok Sabha,147000000.0,108417412.0,38582588.0,73.75,49,246,83.39,367,367,0,,MP_SUMMARY,mplads_mp_summary_2026-08-26.csv,2026-08-26,2026-08-26T10:39:19.918730+00:00
INTERNAL_MP_446,NARESH CHANDRA UTTAM PATEL,NARESH CHANDRA UTTAM PATEL,FATEHPUR,FATEHPUR,Uttar Pradesh,UTTAR PRADESH,Lok Sabha,147000000.0,28783210.0,118216790.0,19.58,74,10,11.9,49,43,6,,MP_SUMMARY,mplads_mp_summary_2026-08-26.csv,2026-08-26,2026-08-26T10:39:19.918730+00:00
INTERNAL_MP_447,Rajkumar Chahar,RAJKUMAR CHAHAR,FATEHPUR SIKRI,FATEHPUR SIKRI,Uttar Pradesh,UTTAR PRADESH,Lok Sabha,147000000.0,96369831.0,50630169.0,65.56,5,45,90.0,92,92,0,,MP_SUMMARY,mplads_mp_summary_2026-08-26.csv,2026-08-26,2026-08-26T10:39:19.918730+00:00
INTERNAL_MP_448,AKSHAYA YADAV,AKSHAYA YADAV,FIROZABAD,FIROZABAD,Uttar Pradesh,UTTAR PRADESH,Lok Sabha,147000000.0,95931875.0,51068125.0,65.26,6,37,86.05,83,83,0,,MP_SUMMARY,mplads_mp_summary_2026-08-26.csv,2026-08-26,2026-08-26T10:39:19.918730+00:00
INTERNAL_MP_449,Mahesh Sharma,MAHESH SHARMA,GAUTAM BUDDHA NAGAR,GAUTAM BUDDHA NAGAR,Uttar Pradesh,UTTAR PRADESH,Lok Sabha,148816284.11,83408358.0,65407926.110000014,56.05,103,68,39.77,130,126,4,,MP_SUMMARY,mplads_mp_summary_2026-08-26.csv,2026-08-26,2026-08-26T10:39:19.918730+00:00
INTERNAL_MP_450,ATUL GARG,ATUL GARG,GHAZIABAD,GHAZIABAD,Uttar Pradesh,UTTAR PRADESH,Lok Sabha,155336470.0,42043789.0,113292681.0,27.07,41,36,46.75,49,40,9,,MP_SUMMARY,mplads_mp_summary_2026-08-26.csv,2026-08-26,2026-08-26T10:39:19.918730+00:00
INTERNAL_MP_451,AFZAL ANSARI,AFZAL ANSARI,GHAZIPUR,GHAZIPUR,Uttar Pradesh,UTTAR PRADESH,Lok Sabha,220500000.0,106722563.0,113777437.0,48.4,396,35,8.12,285,283,2,,MP_SUMMARY,mplads_mp_summary_2026-08-26.csv,2026-08-26,2026-08-26T10:39:19.918730+00:00
INTERNAL_MP_452,RAJEEV RAI,RAJEEV RAI,GHOSI,GHOSI,Uttar Pradesh,UTTAR PRADESH,Lok Sabha,147000000.0,66462043.0,80537957.0,45.21,119,108,47.58,311,300,11,,MP_SUMMARY,mplads_mp_summary_2026-08-26.csv,2026-08-26,2026-08-26T10:39:19.918730+00:00
INTERNAL_MP_453,Kirti Vardhan Singh,KIRTI VARDHAN SINGH,GONDA,GONDA,Uttar Pradesh,UTTAR PRADESH,Lok Sabha,147000000.0,71075338.0,75924662.0,48.35,118,35,22.88,180,176,4,,MP_SUMMARY,mplads_mp_summary_2026-08-26.csv,2026-08-26,2026-08-26T10:39:19.918730+00:00
INTERNAL_MP_454,Ravindra Shyamnarayan Alias Ravi Kishan Shukla,RAVINDRA SHYAMNARAYAN ALIAS RAVI KISHAN SHUKLA,GORAKHPUR,GORAKHPUR,Uttar Pradesh,UTTAR PRADESH,Lok Sabha,147000000.0,12572509.0,134427491.0,8.55,9,0,0.0,10,10,0,,MP_SUMMARY,mplads_mp_summary_2026-08-26.csv,2026-08-26,2026-08-26T10:39:19.918730+00:00
INTERNAL_MP_455,AJENDRA SINGH LODHI,AJENDRA SINGH LODHI,HAMIRPUR,HAMIRPUR,Uttar Pradesh,UTTAR PRADESH,Lok Sabha,147000000.0,48355823.0,98644177.0,32.9,172,19,9.95,104,85,19,,MP_SUMMARY,mplads_mp_summary_2026-08-26.csv,2026-08-26,2026-08-26T10:39:19.918730+00:00
INTERNAL_MP_456,Jai Prakash,JAI PRAKASH,HARDOI,HARDOI,Uttar Pradesh,UTTAR PRADESH,Lok Sabha,147000000.0,85755277.0,61244723.0,58.34,21,3,12.5,47,47,0,,MP_SUMMARY,mplads_mp_summary_2026-08-26.csv,2026-08-26,2026-08-26T10:39:19.918730+00:00
INTERNAL_MP_457,ANOOP PRADHAN BALMIKI,ANOOP PRADHAN BALMIKI,HATHRAS,HATHRAS,Uttar Pradesh,UTTAR PRADESH,Lok Sabha,147000000.0,97915147.0,49084853.0,66.61,37,69,65.09,141,141,0,,MP_SUMMARY,mplads_mp_summary_2026-08-26.csv,2026-08-26,2026-08-26T10:39:19.918730+00:00
INTERNAL_MP_458,NARAYAN DAS AHIRWAR,NARAYAN DAS AHIRWAR,JALAUN,JALAUN,Uttar Pradesh,UTTAR PRADESH,Lok Sabha,147000000.0,51218010.8,95781989.2,34.84,331,36,9.81,292,284,8,1.0,MP_SUMMARY,mplads_mp_summary_2026-08-26.csv,2026-08-26,2026-08-26T10:39:19.918730+00:00
INTERNAL_MP_459,BABU SINGH KUSHWAHA,BABU SINGH KUSHWAHA,JAUNPUR,JAUNPUR,Uttar Pradesh,UTTAR PRADESH,Lok Sabha,147000000.0,46048017.0,100951983.0,31.33,164,522,76.09,650,529,121,,MP_SUMMARY,mplads_mp_summary_2026-08-26.csv,2026-08-26,2026-08-26T10:39:19.918730+00:00
INTERNAL_MP_460,Anurag Sharma,ANURAG SHARMA,JHANSI,JHANSI,Uttar Pradesh,UTTAR PRADESH,Lok Sabha,147000000.0,67201462.0,79798538.0,45.72,83,79,48.77,242,235,7,,MP_SUMMARY,mplads_mp_summary_2026-08-26.csv,2026-08-26,2026-08-26T10:39:19.918730+00:00
INTERNAL_MP_461,IQRA CHOUDHARY,IQRA CHOUDHARY,KAIRANA,KAIRANA,Uttar Pradesh,UTTAR PRADESH,Lok Sabha,147000000.0,50723960.0,96276040.0,34.51,42,45,51.72,62,55,7,,MP_SUMMARY,mplads_mp_summary_2026-08-26.csv,2026-08-26,2026-08-26T10:39:19.918730+00:00
INTERNAL_MP_462,KARAN BHUSHAN SINGH,KARAN BHUSHAN SINGH,KAISERGANJ,KAISERGANJ,Uttar Pradesh,UTTAR PRADESH,Lok Sabha,147000000.0,95454825.0,51545175.0,64.94,75,33,30.56,145,143,2,,MP_SUMMARY,mplads_mp_summary_2026-08-26.csv,2026-08-26,2026-08-26T10:39:19.918730+00:00
INTERNAL_MP_463,AKHILESH YADAV,AKHILESH YADAV,KANNAUJ,KANNAUJ,Uttar Pradesh,UTTAR PRADESH,Lok Sabha,147000000.0,31559060.0,115440940.0,21.47,200,39,16.32,91,82,9,,MP_SUMMARY,mplads_mp_summary_2026-08-26.csv,2026-08-26,2026-08-26T10:39:19.918730+00:00
INTERNAL_MP_464,RAMESH AWASTHI,RAMESH AWASTHI,KANPUR,KANPUR,Uttar Pradesh,UTTAR PRADESH,Lok Sabha,147000000.0,75758324.0,71241676.0,51.54,66,48,42.11,98,77,21,,MP_SUMMARY,mplads_mp_summary_2026-08-26.csv,2026-08-26,2026-08-26T10:39:19.918730+00:00
INTERNAL_MP_465,PUSHPENDRA SAROJ,PUSHPENDRA SAROJ,KAUSHAMBI,KAUSHAMBI,Uttar Pradesh,UTTAR PRADESH,Lok Sabha,147000000.0,56198890.0,90801110.0,38.23,141,607,81.15,907,833,74,,MP_SUMMARY,mplads_mp_summary_2026-08-26.csv,2026-08-26,2026-08-26T10:39:19.918730+00:00
INTERNAL_MP_466,UTKARSH VERMA MADHUR,UTKARSH VERMA MADHUR,KHERI,KHERI,Uttar Pradesh,UTTAR PRADESH,Lok Sabha,147000000.0,74909150.0,72090850.0,50.96,13,347,96.39,699,697,2,,MP_SUMMARY,mplads_mp_summary_2026-08-26.csv,2026-08-26,2026-08-26T10:39:19.918730+00:00
INTERNAL_MP_467,Vijay Kumar Dubey,VIJAY KUMAR DUBEY,KUSHI NAGAR,KUSHI NAGAR,Uttar Pradesh,UTTAR PRADESH,Lok Sabha,148900000.0,80256423.0,68643577.0,53.9,90,132,59.46,324,322,2,,MP_SUMMARY,mplads_mp_summary_2026-08-26.csv,2026-08-26,2026-08-26T10:39:19.918730+00:00
INTERNAL_MP_468,DAROGA PRASAD SAROJ,DAROGA PRASAD SAROJ,LALGANJ,LALGANJ,Uttar Pradesh,UTTAR PRADESH,Lok Sabha,147000000.0,82499872.0,64500128.0,56.12,236,58,19.73,282,185,97,,MP_SUMMARY,mplads_mp_summary_2026-08-26.csv,2026-08-26,2026-08-26T10:39:19.918730+00:00
INTERNAL_MP_469,Rajnath Singh,RAJNATH SINGH,LUCKNOW,LUCKNOW,Uttar Pradesh,UTTAR PRADESH,Lok Sabha,154808797.11,74407887.0,80400910.11000001,48.06,71,31,30.39,74,71,3,,MP_SUMMARY,mplads_mp_summary_2026-08-26.csv,2026-08-26,2026-08-26T10:39:19.918730+00:00
INTERNAL_MP_470,PRIYA SAROJ,PRIYA SAROJ,MACHHLISHAHR,MACHHLISHAHR,Uttar Pradesh,UTTAR PRADESH,Lok Sabha,147000000.0,69805592.0,77194408.0,47.49,670,725,51.97,1048,1047,1,,MP_SUMMARY,mplads_mp_summary_2026-08-26.csv,2026-08-26,2026-08-26T10:39:19.918730+00:00
INTERNAL_MP_471,Pankaj Chowdhary,PANKAJ CHOWDHARY,MAHARAJGANJ,MAHARAJGANJ,Uttar Pradesh,UTTAR PRADESH,Lok Sabha,147000000.0,95676373.0,51323627.0,65.09,30,31,50.82,94,94,0,,MP_SUMMARY,mplads_mp_summary_2026-08-26.csv,2026-08-26,2026-08-26T10:39:19.918730+00:00
INTERNAL_MP_472,Smt Dimple Yadav,SMT DIMPLE YADAV,MAINPURI,MAINPURI,Uttar Pradesh,UTTAR PRADESH,Lok Sabha,192042469.11,71677973.0,120364496.11,37.32,111,53,32.32,148,125,23,,MP_SUMMARY,mplads_mp_summary_2026-08-26.csv,2026-08-26,2026-08-26T10:39:19.918730+00:00
INTERNAL_MP_473,Smt Hema Malini,SMT HEMA MALINI,MATHURA,MATHURA,Uttar Pradesh,UTTAR PRADESH,Lok Sabha,147000000.0,40721168.0,106278832.0,27.7,55,33,37.5,82,81,1,,MP_SUMMARY,mplads_mp_summary_2026-08-26.csv,2026-08-26,2026-08-26T10:39:19.918730+00:00
INTERNAL_MP_474,ARUN GOVIL,ARUN GOVIL,MEERUT,MEERUT,Uttar Pradesh,UTTAR PRADESH,Lok Sabha,147000000.0,66737649.0,80262351.0,45.4,196,36,15.52,172,169,3,,MP_SUMMARY,mplads_mp_summary_2026-08-26.csv,2026-08-26,2026-08-26T10:39:19.918730+00:00
INTERNAL_MP_475,Smt Anupriya Patel,SMT ANUPRIYA PATEL,MIRZAPUR,MIRZAPUR,Uttar Pradesh,UTTAR PRADESH,Lok Sabha,147000000.0,51732584.0,95267416.0,35.19,10,0,0.0,10,6,4,,MP_SUMMARY,mplads_mp_summary_2026-08-26.csv,2026-08-26,2026-08-26T10:39:19.918730+00:00
INTERNAL_MP_476,Ashok Kumar Rawat,ASHOK KUMAR RAWAT,MISRIKH,MISRIKH,Uttar Pradesh,UTTAR PRADESH,Lok Sabha,147000000.0,121139986.0,25860014.0,82.41,3,2,40.0,32,24,8,,MP_SUMMARY,mplads_mp_summary_2026-08-26.csv,2026-08-26,2026-08-26T10:39:19.918730+00:00
INTERNAL_MP_477,R.K. CHAUDHARY,R.K. CHAUDHARY,MOHANLALGANJ,MOHANLALGANJ,Uttar Pradesh,UTTAR PRADESH,Lok Sabha,147000000.0,34622708.0,112377292.0,23.55,79,14,15.05,83,81,2,,MP_SUMMARY,mplads_mp_summary_2026-08-26.csv,2026-08-26,2026-08-26T10:39:19.918730+00:00
INTERNAL_MP_478,RUCHI VIRA,RUCHI VIRA,MORADABAD,MORADABAD,Uttar Pradesh,UTTAR PRADESH,Lok Sabha,147000000.0,52167110.0,94832890.0,35.49,108,165,60.44,559,559,0,,MP_SUMMARY,mplads_mp_summary_2026-08-26.csv,2026-08-26,2026-08-26T10:39:19.918730+00:00
INTERNAL_MP_479,HARENDRA SINGH MALIK,HARENDRA SINGH MALIK,MUZAFFARNAGAR,MUZAFFARNAGAR,Uttar Pradesh,UTTAR PRADESH,Lok Sabha,147000000.0,45077485.0,101922515.0,30.66,183,32,14.88,140,121,19,,MP_SUMMARY,mplads_mp_summary_2026-08-26.csv,2026-08-26,2026-08-26T10:39:19.918730+00:00
INTERNAL_MP_480,CHANDRA SHEKHAR,CHANDRA SHEKHAR,NAGINA,NAGINA,Uttar Pradesh,UTTAR PRADESH,Lok Sabha,147000000.0,87033825.0,59966175.0,59.21,227,286,55.75,893,784,109,,MP_SUMMARY,mplads_mp_summary_2026-08-26.csv,2026-08-26,2026-08-26T10:39:19.918730+00:00
INTERNAL_MP_481,PRAVEEN PATEL,PRAVEEN PATEL,PHULPUR,PHULPUR,Uttar Pradesh,UTTAR PRADESH,Lok Sabha,151559884.09,94736988.0,56822896.09,62.51,10,14,58.33,36,35,1,,MP_SUMMARY,mplads_mp_summary_2026-08-26.csv,2026-08-26,2026-08-26T10:39:19.918730+00:00
INTERNAL_MP_482,JITIN PRASADA,JITIN PRASADA,PILIBHIT,PILIBHIT,Uttar Pradesh,UTTAR PRADESH,Lok Sabha,147000000.0,41842816.0,105157184.0,28.46,37,22,37.29,106,104,2,,MP_SUMMARY,mplads_mp_summary_2026-08-26.csv,2026-08-26,2026-08-26T10:39:19.918730+00:00
INTERNAL_MP_483,DR. S P SINGH,DR. S P SINGH,PRATAPGARH,PRATAPGARH,Uttar Pradesh,UTTAR PRADESH,Lok Sabha,147000000.0,42783929.0,104216071.0,29.1,533,106,16.59,128,107,21,,MP_SUMMARY,mplads_mp_summary_2026-08-26.csv,2026-08-26,2026-08-26T10:39:19.918730+00:00
INTERNAL_MP_484,RAHUL GANDHI,RAHUL GANDHI,RAE BARELI,RAE BARELI,Uttar Pradesh,UTTAR PRADESH,Lok Sabha,147000000.0,26686627.0,120313373.0,18.15,118,74,38.54,150,122,28,,MP_SUMMARY,mplads_mp_summary_2026-08-26.csv,2026-08-26,2026-08-26T10:39:19.918730+00:00
INTERNAL_MP_485,MOHIBBULLAH,MOHIBBULLAH,RAMPUR,RAMPUR,Uttar Pradesh,UTTAR PRADESH,Lok Sabha,147000000.0,74744421.0,72255579.0,50.85,161,219,57.63,344,300,44,,MP_SUMMARY,mplads_mp_summary_2026-08-26.csv,2026-08-26,2026-08-26T10:39:19.918730+00:00
INTERNAL_MP_486,CHHOTELAL,CHHOTELAL,ROBERTSGANJ,ROBERTSGANJ,Uttar Pradesh,UTTAR PRADESH,Lok Sabha,147000000.0,90952339.0,56047661.0,61.87,174,261,60.0,728,724,4,,MP_SUMMARY,mplads_mp_summary_2026-08-26.csv,2026-08-26,2026-08-26T10:39:19.918730+00:00
INTERNAL_MP_487,IMRAN MASOOD,IMRAN MASOOD,SAHARANPUR,SAHARANPUR,Uttar Pradesh,UTTAR PRADESH,Lok Sabha,147000000.0,61171580.0,85828420.0,41.61,51,51,50.0,73,70,3,,MP_SUMMARY,mplads_mp_summary_2026-08-26.csv,2026-08-26,2026-08-26T10:39:19.918730+00:00
INTERNAL_MP_488,RAMASHANKAR RAJBHAR,RAMASHANKAR RAJBHAR,SALEMPUR,SALEMPUR,Uttar Pradesh,UTTAR PRADESH,Lok Sabha,160056927.07,61281620.0,98775307.07,38.29,231,84,26.67,263,240,23,,MP_SUMMARY,mplads_mp_summary_2026-08-26.csv,2026-08-26,2026-08-26T10:39:19.918730+00:00
INTERNAL_MP_489,ZIA UR REHMAN,ZIA UR REHMAN,SAMBHAL,SAMBHAL,Uttar Pradesh,UTTAR PRADESH,Lok Sabha,147000000.0,53111753.0,93888247.0,36.13,325,0,0.0,332,265,67,,MP_SUMMARY,mplads_mp_summary_2026-08-26.csv,2026-08-26,2026-08-26T10:39:19.918730+00:00
INTERNAL_MP_490,LAXMIKANT PAPPU NISHAD,LAXMIKANT PAPPU NISHAD,SANT KABIR NAGAR,SANT KABIR NAGAR,Uttar Pradesh,UTTAR PRADESH,Lok Sabha,147000000.0,23806477.0,123193523.0,16.19,503,2,0.4,33,8,25,,MP_SUMMARY,mplads_mp_summary_2026-08-26.csv,2026-08-26,2026-08-26T10:39:19.918730+00:00
INTERNAL_MP_491,Shri Arun Kumar Sagar,SHRI ARUN KUMAR SAGAR,SHAHJAHANPUR,SHAHJAHANPUR,Uttar Pradesh,UTTAR PRADESH,Lok Sabha,147000000.0,130143000.0,16857000.0,88.53,3,4,57.14,44,44,0,,MP_SUMMARY,mplads_mp_summary_2026-08-26.csv,2026-08-26,2026-08-26T10:39:19.918730+00:00
INTERNAL_MP_492,Ram Shiromani,RAM SHIROMANI,SHRAWASTI,SHRAWASTI,Uttar Pradesh,UTTAR PRADESH,Lok Sabha,151746878.11,16300060.0,135446818.11,10.74,1356,0,0.0,58,3,55,,MP_SUMMARY,mplads_mp_summary_2026-08-26.csv,2026-08-26,2026-08-26T10:39:19.918730+00:00
INTERNAL_MP_493,RAKESH RATHOR,RAKESH RATHOR,SITAPUR,SITAPUR,Uttar Pradesh,UTTAR PRADESH,Lok Sabha,147000000.0,91524162.0,55475838.0,62.26,50,21,29.58,105,104,1,,MP_SUMMARY,mplads_mp_summary_2026-08-26.csv,2026-08-26,2026-08-26T10:39:19.918730+00:00
INTERNAL_MP_494,RAMBHUAL NISHAD,RAMBHUAL NISHAD,SULTANPUR,SULTANPUR,Uttar Pradesh,UTTAR PRADESH,Lok Sabha,151231957.11,87473694.0,63758263.110000014,57.84,46,6,11.54,26,24,2,,MP_SUMMARY,mplads_mp_summary_2026-08-26.csv,2026-08-26,2026-08-26T10:39:19.918730+00:00
INTERNAL_MP_495,Swami Sachchidanandhari Sakshi ji Maharaj,SWAMI SACHCHIDANANDHARI SAKSHI JI MAHARAJ,UNNAO,UNNAO,Uttar Pradesh,UTTAR PRADESH,Lok Sabha,147000000.0,68421377.0,78578623.0,46.55,77,12,13.48,69,62,7,,MP_SUMMARY,mplads_mp_summary_2026-08-26.csv,2026-08-26,2026-08-26T10:39:19.918730+00:00
INTERNAL_MP_496,Shri Narendra Modi,SHRI NARENDRA MODI,VARANASI,VARANASI,Uttar Pradesh,UTTAR PRADESH,Lok Sabha,162070276.11,88819703.0,73250573.11000001,54.8,25,191,88.43,191,155,36,,MP_SUMMARY,mplads_mp_summary_2026-08-26.csv,2026-08-26,2026-08-26T10:39:19.918730+00:00
INTERNAL_MP_497,Ajay Tamta,AJAY TAMTA,ALMORA,ALMORA,Uttarakhand,UTTARAKHAND,Lok Sabha,147000000.0,4019091.0,142980909.0,2.73,139,3,2.11,86,60,26,,MP_SUMMARY,mplads_mp_summary_2026-08-26.csv,2026-08-26,2026-08-26T10:39:19.918730+00:00
INTERNAL_MP_498,ANIL BALUNI,ANIL BALUNI,GARHWAL,GARHWAL,Uttarakhand,UTTARAKHAND,Lok Sabha,147000000.0,2739441.0,144260559.0,1.86,11,1,8.33,8,8,0,,MP_SUMMARY,mplads_mp_summary_2026-08-26.csv,2026-08-26,2026-08-26T10:39:19.918730+00:00
INTERNAL_MP_499,TRIVENDRA SINGH RAWAT,TRIVENDRA SINGH RAWAT,HARDWAR,HARDWAR,Uttarakhand,UTTARAKHAND,Lok Sabha,147000000.0,9309458.0,137690542.0,6.33,41,3,6.82,16,16,0,,MP_SUMMARY,mplads_mp_summary_2026-08-26.csv,2026-08-26,2026-08-26T10:39:19.918730+00:00
INTERNAL_MP_500,Ajay Bhatt,AJAY BHATT,NAINITAL UDHAM SINGH NAG.,NAINITAL UDHAM SINGH NAG.,Uttarakhand,UTTARAKHAND,Lok Sabha,147000000.0,50127226.0,96872774.0,34.1,376,85,18.44,888,821,67,,MP_SUMMARY,mplads_mp_summary_2026-08-26.csv,2026-08-26,2026-08-26T10:39:19.918730+00:00
INTERNAL_MP_501,Mala Rajya Laxmi Shah,MALA RAJYA LAXMI SHAH,TEHRI GARHWAL,TEHRI GARHWAL,Uttarakhand,UTTARAKHAND,Lok Sabha,147000000.0,57285791.0,89714209.0,38.97,155,84,35.15,371,352,19,,MP_SUMMARY,mplads_mp_summary_2026-08-26.csv,2026-08-26,2026-08-26T10:39:19.918730+00:00
INTERNAL_MP_502,MANOJ TIGGA,MANOJ TIGGA,ALIPURDUARS,ALIPURDUARS,West Bengal,WEST BENGAL,Lok Sabha,147000000.0,11379773.0,135620227.0,7.74,90,0,0.0,17,17,0,,MP_SUMMARY,mplads_mp_summary_2026-08-26.csv,2026-08-26,2026-08-26T10:39:19.918730+00:00
INTERNAL_MP_503,BAG MITALI,BAG MITALI,ARAMBAG,ARAMBAG,West Bengal,WEST BENGAL,Lok Sabha,147000000.0,53162451.0,93837549.0,36.16,97,87,47.28,100,96,4,,MP_SUMMARY,mplads_mp_summary_2026-08-26.csv,2026-08-26,2026-08-26T10:39:19.918730+00:00
INTERNAL_MP_504,Shatrughan Sinha,SHATRUGHAN SINHA,ASANSOL,ASANSOL,West Bengal,WEST BENGAL,Lok Sabha,147000000.0,66966504.0,80033496.0,45.56,22,5,18.52,20,20,0,,MP_SUMMARY,mplads_mp_summary_2026-08-26.csv,2026-08-26,2026-08-26T10:39:19.918730+00:00
INTERNAL_MP_505,PATHAN YUSUF,PATHAN YUSUF,BAHARAMPUR,BAHARAMPUR,West Bengal,WEST BENGAL,Lok Sabha,147000000.0,7860897.0,139139103.0,5.35,144,1,0.69,6,4,2,,MP_SUMMARY,mplads_mp_summary_2026-08-26.csv,2026-08-26,2026-08-26T10:39:19.918730+00:00
INTERNAL_MP_506,Dr Sukanta Majumdar,DR SUKANTA MAJUMDAR,BALURGHAT,BALURGHAT,West Bengal,WEST BENGAL,Lok Sabha,157085364.9,21003612.0,136081752.9,13.37,153,33,17.74,41,41,0,,MP_SUMMARY,mplads_mp_summary_2026-08-26.csv,2026-08-26,2026-08-26T10:39:19.918730+00:00
INTERNAL_MP_507,Shri Shantanu Thakur,SHRI SHANTANU THAKUR,BANGAON,BANGAON,West Bengal,WEST BENGAL,Lok Sabha,147000000.0,5993836.0,141006164.0,4.08,50,8,13.79,8,8,0,,MP_SUMMARY,mplads_mp_summary_2026-08-26.csv,2026-08-26,2026-08-26T10:39:19.918730+00:00
INTERNAL_MP_508,ARUP CHAKRABORTY,ARUP CHAKRABORTY,BANKURA,BANKURA,West Bengal,WEST BENGAL,Lok Sabha,147000000.0,55795450.0,91204550.0,37.96,30,40,57.14,42,42,0,,MP_SUMMARY,mplads_mp_summary_2026-08-26.csv,2026-08-26,2026-08-26T10:39:19.918730+00:00
INTERNAL_MP_509,Kakoli Ghosh Dastidar,KAKOLI GHOSH DASTIDAR,BARASAT,BARASAT,West Bengal,WEST BENGAL,Lok Sabha,147000000.0,61929956.0,85070044.0,42.13,107,76,41.53,100,100,0,,MP_SUMMARY,mplads_mp_summary_2026-08-26.csv,2026-08-26,2026-08-26T10:39:19.918730+00:00
INTERNAL_MP_510,DR. SHARMILA SARKAR,DR. SHARMILA SARKAR,BARDHAMAN PURBA,BARDHAMAN PURBA,West Bengal,WEST BENGAL,Lok Sabha,147000000.0,21224009.0,125775991.0,14.44,94,17,15.32,33,25,8,,MP_SUMMARY,mplads_mp_summary_2026-08-26.csv,2026-08-26,2026-08-26T10:39:19.918730+00:00
INTERNAL_MP_511,AZAD KIRTI JHA,AZAD KIRTI JHA,BARDHAMAN-DURGAPUR,BARDHAMAN-DURGAPUR,West Bengal,WEST BENGAL,Lok Sabha,179658399.98,33156887.0,146501512.98,18.46,106,6,5.36,30,29,1,,MP_SUMMARY,mplads_mp_summary_2026-08-26.csv,2026-08-26,2026-08-26T10:39:19.918730+00:00
INTERNAL_MP_512,PARTHA BHOWMICK,PARTHA BHOWMICK,BARRACKPUR,BARRACKPUR,West Bengal,WEST BENGAL,Lok Sabha,147000000.0,31114929.0,115885071.0,21.17,28,4,12.5,11,11,0,,MP_SUMMARY,mplads_mp_summary_2026-08-26.csv,2026-08-26,2026-08-26T10:39:19.918730+00:00
INTERNAL_MP_513,SK NURUL ISLAM,SK NURUL ISLAM,BASIRHAT,BASIRHAT,West Bengal,WEST BENGAL,Lok Sabha,49000000.0,30740105.0,18259895.0,62.73,26,6,18.75,21,21,0,,MP_SUMMARY,mplads_mp_summary_2026-08-26.csv,2026-08-26,2026-08-26T10:39:19.918730+00:00
INTERNAL_MP_514,Smt Satabdi Roy (Banerjee),SMT SATABDI ROY (BANERJEE),BIRBHUM,BIRBHUM,West Bengal,WEST BENGAL,Lok Sabha,147000000.0,48307379.6,98692620.4,32.86,35,62,63.92,67,67,0,,MP_SUMMARY,mplads_mp_summary_2026-08-26.csv,2026-08-26,2026-08-26T10:39:19.918730+00:00
INTERNAL_MP_515,Saumitra khan,SAUMITRA KHAN,BISHNUPUR,BISHNUPUR,West Bengal,WEST BENGAL,Lok Sabha,147000000.0,55661990.0,91338010.0,37.87,34,48,58.54,50,49,1,,MP_SUMMARY,mplads_mp_summary_2026-08-26.csv,2026-08-26,2026-08-26T10:39:19.918730+00:00
INTERNAL_MP_516,Asit Kumar Mal,ASIT KUMAR MAL,BOLPUR,BOLPUR,West Bengal,WEST BENGAL,Lok Sabha,275694456.74,167302248.0,108392208.74,60.68,68,134,66.34,156,153,3,,MP_SUMMARY,mplads_mp_summary_2026-08-26.csv,2026-08-26,2026-08-26T10:39:19.918730+00:00
INTERNAL_MP_517,JAGADISH CHANDRA BARMA BASUNIA,JAGADISH CHANDRA BARMA BASUNIA,COOCHBEHAR,COOCHBEHAR,West Bengal,WEST BENGAL,Lok Sabha,168604641.11,36689865.0,131914776.11,21.76,96,1,1.03,41,41,0,,MP_SUMMARY,mplads_mp_summary_2026-08-26.csv,2026-08-26,2026-08-26T10:39:19.918730+00:00
INTERNAL_MP_518,Raju Bista,RAJU BISTA,DARJEELING,DARJEELING,West Bengal,WEST BENGAL,Lok Sabha,147000000.0,43617451.0,103382549.0,29.67,96,73,43.2,92,92,0,,MP_SUMMARY,mplads_mp_summary_2026-08-26.csv,2026-08-26,2026-08-26T10:39:19.918730+00:00
INTERNAL_MP_519,Shri Abhishek Banerjee,SHRI ABHISHEK BANERJEE,DIAMOND HARBOUR,DIAMOND HARBOUR,West Bengal,WEST BENGAL,Lok Sabha,147000000.0,71510891.0,75489109.0,48.65,120,200,62.5,262,260,2,,MP_SUMMARY,mplads_mp_summary_2026-08-26.csv,2026-08-26,2026-08-26T10:39:19.918730+00:00
INTERNAL_MP_520,Prof Sougata Ray,PROF SOUGATA RAY,DUM DUM,DUM DUM,West Bengal,WEST BENGAL,Lok Sabha,147000000.0,14046615.0,132953385.0,9.56,40,12,23.08,17,17,0,,MP_SUMMARY,mplads_mp_summary_2026-08-26.csv,2026-08-26,2026-08-26T10:39:19.918730+00:00
INTERNAL_MP_521,Shri Deepak (Dev) Adhikari,SHRI DEEPAK (DEV) ADHIKARI,GHATAL,GHATAL,West Bengal,WEST BENGAL,Lok Sabha,200747364.0,87788715.0,112958649.0,43.73,40,165,80.49,176,176,0,,MP_SUMMARY,mplads_mp_summary_2026-08-26.csv,2026-08-26,2026-08-26T10:39:19.918730+00:00
INTERNAL_MP_522,RACHNA BANERJEE,RACHNA BANERJEE,HOOGHLY,HOOGHLY,West Bengal,WEST BENGAL,Lok Sabha,147000000.0,34234471.0,112765529.0,23.29,68,36,34.62,54,54,0,,MP_SUMMARY,mplads_mp_summary_2026-08-26.csv,2026-08-26,2026-08-26T10:39:19.918730+00:00
INTERNAL_MP_523,Prasun Banerjee,PRASUN BANERJEE,HOWRAH,HOWRAH,West Bengal,WEST BENGAL,Lok Sabha,147000000.0,69024743.0,77975257.0,46.96,78,136,63.55,157,146,11,,MP_SUMMARY,mplads_mp_summary_2026-08-26.csv,2026-08-26,2026-08-26T10:39:19.918730+00:00
INTERNAL_MP_524,SAYANI GHOSH,SAYANI GHOSH,JADAVPUR,JADAVPUR,West Bengal,WEST BENGAL,Lok Sabha,147000000.0,49785004.0,97214996.0,33.87,102,113,52.56,129,127,2,,MP_SUMMARY,mplads_mp_summary_2026-08-26.csv,2026-08-26,2026-08-26T10:39:19.918730+00:00
INTERNAL_MP_525,Dr Jayanta Kumar Roy,DR JAYANTA KUMAR ROY,JALPAIGURI,JALPAIGURI,West Bengal,WEST BENGAL,Lok Sabha,147000000.0,12082736.0,134917264.0,8.22,16,2,11.11,5,5,0,,MP_SUMMARY,mplads_mp_summary_2026-08-26.csv,2026-08-26,2026-08-26T10:39:19.918730+00:00
INTERNAL_MP_526,Khalilur Rahaman,KHALILUR RAHAMAN,JANGIPUR,JANGIPUR,West Bengal,WEST BENGAL,Lok Sabha,147000000.0,23028217.0,123971783.0,15.67,76,31,28.97,44,33,11,,MP_SUMMARY,mplads_mp_summary_2026-08-26.csv,2026-08-26,2026-08-26T10:39:19.918730+00:00
INTERNAL_MP_527,KALIPADA SAREN,KALIPADA SAREN,JHARGRAM,JHARGRAM,West Bengal,WEST BENGAL,Lok Sabha,147000000.0,71784126.0,75215874.0,48.83,23,40,63.49,49,48,1,,MP_SUMMARY,mplads_mp_summary_2026-08-26.csv,2026-08-26,2026-08-26T10:39:19.918730+00:00
INTERNAL_MP_528,Pratima Mondal,PRATIMA MONDAL,JOYNAGAR,JOYNAGAR,West Bengal,WEST BENGAL,Lok Sabha,147000000.0,74379705.0,72620295.0,50.6,54,169,75.78,185,185,0,,MP_SUMMARY,mplads_mp_summary_2026-08-26.csv,2026-08-26,2026-08-26T10:39:19.918730+00:00
INTERNAL_MP_529,ADHIKARI SOUMENDU,ADHIKARI SOUMENDU,KANTHI,KANTHI,West Bengal,WEST BENGAL,Lok Sabha,147000000.0,38304241.0,108695759.0,26.06,41,29,41.43,31,31,0,,MP_SUMMARY,mplads_mp_summary_2026-08-26.csv,2026-08-26,2026-08-26T10:39:19.918730+00:00
INTERNAL_MP_530,Mala Roy,MALA ROY,KOLKATA DAKSHIN,KOLKATA DAKSHIN,West Bengal,WEST BENGAL,Lok Sabha,147000000.0,61582788.0,85417212.0,41.89,43,32,42.67,65,63,2,,MP_SUMMARY,mplads_mp_summary_2026-08-26.csv,2026-08-26,2026-08-26T10:39:19.918730+00:00
INTERNAL_MP_531,Sudip Bandyopadhyay,SUDIP BANDYOPADHYAY,KOLKATA UTTAR,KOLKATA UTTAR,West Bengal,WEST BENGAL,Lok Sabha,147000000.0,46311063.0,100688937.0,31.5,29,9,23.68,31,31,0,,MP_SUMMARY,mplads_mp_summary_2026-08-26.csv,2026-08-26,2026-08-26T10:39:19.918730+00:00
INTERNAL_MP_532,Ms Mahua Moitra,MS MAHUA MOITRA,KRISHNANAGAR,KRISHNANAGAR,West Bengal,WEST BENGAL,Lok Sabha,159865046.0,57382120.0,102482926.0,35.89,34,21,38.18,49,48,1,,MP_SUMMARY,mplads_mp_summary_2026-08-26.csv,2026-08-26,2026-08-26T10:39:19.918730+00:00
INTERNAL_MP_533,ISHA KHAN CHOUDHURY,ISHA KHAN CHOUDHURY,MALDAHA DAKSHIN,MALDAHA DAKSHIN,West Bengal,WEST BENGAL,Lok Sabha,147000000.0,8567025.0,138432975.0,5.83,99,25,20.16,25,25,0,,MP_SUMMARY,mplads_mp_summary_2026-08-26.csv,2026-08-26,2026-08-26T10:39:19.918730+00:00
INTERNAL_MP_534,Khagen Murmu,KHAGEN MURMU,MALDAHA UTTAR,MALDAHA UTTAR,West Bengal,WEST BENGAL,Lok Sabha,147000000.0,6003169.0,140996831.0,4.08,31,7,18.42,7,7,0,,MP_SUMMARY,mplads_mp_summary_2026-08-26.csv,2026-08-26,2026-08-26T10:39:19.918730+00:00
INTERNAL_MP_535,BAPI HALDAR,BAPI HALDAR,MATHURAPUR,MATHURAPUR,West Bengal,WEST BENGAL,Lok Sabha,147000000.0,38508401.0,108491599.0,26.2,78,85,52.15,100,100,0,,MP_SUMMARY,mplads_mp_summary_2026-08-26.csv,2026-08-26,2026-08-26T10:39:19.918730+00:00
INTERNAL_MP_536,JUNE MALIAH,JUNE MALIAH,MEDINIPUR,MEDINIPUR,West Bengal,WEST BENGAL,Lok Sabha,147000000.0,36949288.0,110050712.0,25.14,24,7,22.58,27,25,2,,MP_SUMMARY,mplads_mp_summary_2026-08-26.csv,2026-08-26,2026-08-26T10:39:19.918730+00:00
INTERNAL_MP_537,Abu Taher Khan,ABU TAHER KHAN,MURSHIDABAD,MURSHIDABAD,West Bengal,WEST BENGAL,Lok Sabha,147000000.0,36162113.0,110837887.0,24.6,156,172,52.44,181,176,5,,MP_SUMMARY,mplads_mp_summary_2026-08-26.csv,2026-08-26,2026-08-26T10:39:19.918730+00:00
INTERNAL_MP_538,Shri Jyotirmay Singh Mahato,SHRI JYOTIRMAY SINGH MAHATO,PURULIA,PURULIA,West Bengal,WEST BENGAL,Lok Sabha,147000000.0,11711831.0,135288169.0,7.97,92,15,14.02,31,31,0,,MP_SUMMARY,mplads_mp_summary_2026-08-26.csv,2026-08-26,2026-08-26T10:39:19.918730+00:00
INTERNAL_MP_539,KARTICK CHANDRA PAUL,KARTICK CHANDRA PAUL,RAIGANJ,RAIGANJ,West Bengal,WEST BENGAL,Lok Sabha,202677986.56,28148611.0,174529375.56,13.89,302,99,24.69,102,102,0,,MP_SUMMARY,mplads_mp_summary_2026-08-26.csv,2026-08-26,2026-08-26T10:39:19.918730+00:00
INTERNAL_MP_540,Jagannath Sarkar,JAGANNATH SARKAR,RANAGHAT,RANAGHAT,West Bengal,WEST BENGAL,Lok Sabha,147000000.0,41712525.0,105287475.0,28.38,152,70,31.53,86,83,3,,MP_SUMMARY,mplads_mp_summary_2026-08-26.csv,2026-08-26,2026-08-26T10:39:19.918730+00:00
INTERNAL_MP_541,Kalyan Banerjee,KALYAN BANERJEE,SREERAMPUR,SREERAMPUR,West Bengal,WEST BENGAL,Lok Sabha,147000000.0,76719145.0,70280855.0,52.19,37,83,69.17,110,110,0,,MP_SUMMARY,mplads_mp_summary_2026-08-26.csv,2026-08-26,2026-08-26T10:39:19.918730+00:00
INTERNAL_MP_542,ABHIJIT GANGOPADHYAY,ABHIJIT GANGOPADHYAY,TAMLUK,TAMLUK,West Bengal,WEST BENGAL,Lok Sabha,147000000.0,40622867.78,106377132.22,27.63,191,74,27.92,125,122,3,,MP_SUMMARY,mplads_mp_summary_2026-08-26.csv,2026-08-26,2026-08-26T10:39:19.918730+00:00
INTERNAL_MP_543,Smt Sajda Ahmed,SMT SAJDA AHMED,ULUBERIA,ULUBERIA,West Bengal,WEST BENGAL,Lok Sabha,147000000.0,47212277.0,99787723.0,32.12,88,91,50.84,111,109,2,,MP_SUMMARY,mplads_mp_summary_2026-08-26.csv,2026-08-26,2026-08-26T10:39:19.918730+00:00
