internal_mp_id,mp_name_normalized,constituency_normalized,state_normalized,house,allocated_amount,total_expenditure,unspent_amount,utilization_pct,utilization_percentile,utilization_robust_zscore,recommended_works_count,completed_works_count,pending_works_count,completion_rate_pct,completion_rate_percentile,completion_rate_robust_zscore,transaction_count,successful_payments_count,pending_payments_count,successful_payment_rate_pct,pending_payment_rate_pct,pending_payment_rate_robust_zscore,average_transaction_amount,distinct_vendor_count,vendor_hhi,vendor_hhi_percentile,vendor_hhi_robust_zscore,top_vendor_share_pct,feature_generated_at
INTERNAL_MP_001,BISHNU PADA RAY,ANDAMAN AND NICOBAR ISLANDS,ANDAMAN AND NICOBAR ISLANDS,Lok Sabha,147000000.0,15498347.0,131501653.0,10.54,0.15469613259668508,-0.9707966157929663,27,0,27,0.0,0.03959484346224678,-1.1268516656191072,9,9,0,100.0,0.0,-0.6745,1722038.5555555555,8,1526.2,0.6187845303867403,0.41823766136703344,23.58,2026-08-26T10:44:17.312957+00:00
INTERNAL_MP_002,GM HARISH BALAYOGI,AMALAPURAM,ANDHRA PRADESH,Lok Sabha,147000000.0,53533502.0,93466498.0,36.42,0.576427255985267,0.18753516921035193,68,41,27,37.61,0.6611418047882136,0.46761376492771833,66,62,4,93.93939393939394,6.0606060606060606,1.6692171717171718,811113.6666666666,27,828.13,0.40331491712707185,-0.22158869411604845,21.64,2026-08-26T10:44:17.312957+00:00
INTERNAL_MP_003,C.M.RAMESH,ANAKAPALLE,ANDHRA PRADESH,Lok Sabha,202531656.11,36002667.0,166528989.11,17.78,0.26519337016574585,-0.6467501658925016,75,20,55,21.05,0.4171270718232044,-0.23444280326838451,42,38,4,90.47619047619048,9.523809523809524,3.008484126984127,857206.3571428572,11,1741.93,0.6574585635359116,0.6159681750237803,28.61,2026-08-26T10:44:17.312957+00:00
INTERNAL_MP_004,AMBICA G LAKSHMINARAYANA VALMIKI,ANANTAPUR,ANDHRA PRADESH,Lok Sabha,201899064.11,62202871.0,139696193.11,30.81,0.4861878453038674,-0.06355607166556064,116,42,74,26.58,0.5009208103130756,0.0,81,79,2,97.53086419753086,2.4691358024691357,0.2803477366255144,767936.6790123457,24,1754.4,0.6611418047882136,0.6273977374643294,37.05,2026-08-26T10:44:17.312957+00:00
INTERNAL_MP_005,GUMMA THANUJA RANI,ARAKU,ANDHRA PRADESH,Lok Sabha,149458905.11,73149314.0,76309591.11000001,48.94,0.785451197053407,0.7479027869940281,104,28,76,21.21,0.425414364640884,-0.227659648020113,90,86,4,95.55555555555556,4.444444444444445,1.0442259259259261,812770.1555555556,30,938.14,0.4530386740331492,-0.12075740589754051,19.51,2026-08-26T10:44:17.312957+00:00
INTERNAL_MP_006,KRISHNA PRASAD TENNETI,BAPATLA,ANDHRA PRADESH,Lok Sabha,167796849.11,16927605.0,150869244.11,10.09,0.14548802946593,-0.9909376244193763,118,6,112,4.84,0.13996316758747698,-0.9216612193588936,23,21,2,91.30434782608695,8.695652173913043,2.6882246376811594,735982.8260869565,17,867.28,0.425414364640884,-0.1857051841282784,17.27,2026-08-26T10:44:17.312957+00:00
INTERNAL_MP_007,DAGGUMALLA PRASADA RAO,CHITTOOR,ANDHRA PRADESH,Lok Sabha,147000000.0,76341346.0,70658654.0,51.93,0.8232044198895028,0.8817285998672862,115,111,4,49.12,0.7937384898710865,0.9555769956002511,156,156,0,100.0,0.0,-0.6745,489367.60256410256,57,385.75,0.20626151012891344,-0.6270586085065906,9.08,2026-08-26T10:44:17.312957+00:00
INTERNAL_MP_008,PUTTA MAHESH KUMAR,ELURU,ANDHRA PRADESH,Lok Sabha,147000000.0,42407225.0,104592775.0,28.85,0.4567219152854512,-0.15128135368281337,60,54,6,47.37,0.7697974217311234,0.8813862350722814,68,68,0,100.0,0.0,-0.6745,623635.6617647059,13,2522.05,0.7605893186003683,1.330998668297323,44.33,2026-08-26T10:44:17.312957+00:00
INTERNAL_MP_009,DR CHANDRA SEKHAR PEMMASANI,GUNTUR,ANDHRA PRADESH,Lok Sabha,159774113.11,35191726.0,124582387.11,22.03,0.3406998158379374,-0.4565295288652952,87,9,78,9.38,0.20257826887661143,-0.7291891891891888,42,41,1,97.61904761904762,2.380952380952381,0.24624603174603174,837898.2380952381,30,736.52,0.3701657458563536,-0.30555519092267974,14.04,2026-08-26T10:44:17.312957+00:00
INTERNAL_MP_010,B K PARTHASARATHI,HINDUPUR,ANDHRA PRADESH,Lok Sabha,160491894.11,47797914.0,112693980.11,29.78,0.4696132596685083,-0.10965660252156587,40,52,-12,56.52,0.8637200736648251,1.2692979258328094,64,64,0,100.0,0.0,-0.6745,746842.40625,24,1000.17,0.4732965009208103,-0.06390289441500216,22.94,2026-08-26T10:44:17.312957+00:00
INTERNAL_MP_011,Y S AVINASH REDDY,KADAPA,ANDHRA PRADESH,Lok Sabha,156430260.11,40037027.0,116393233.11,25.59,0.4014732965009208,-0.29719177173191763,243,57,186,19.0,0.3830570902394107,-0.3213519798868635,86,85,1,98.83720930232558,1.1627906976744187,-0.2248333333333333,465546.82558139536,52,336.0,0.17679558011049723,-0.6726577048512026,8.23,2026-08-26T10:44:17.312957+00:00
INTERNAL_MP_012,TANGELLA UDAY SRINIVAS,KAKINADA,ANDHRA PRADESH,Lok Sabha,199417886.76,16907864.0,182510022.76,8.48,0.11602209944751381,-1.0629976775049768,16,6,10,27.27,0.5156537753222836,0.02925235700817101,10,10,0,100.0,0.0,-0.6745,1690786.4,9,2009.04,0.7108655616942909,0.8607917855686912,35.24,2026-08-26T10:44:17.312957+00:00
INTERNAL_MP_013,BASTIPATI NAGARAJU PANCHALINGALA,KURNOOL,ANDHRA PRADESH,Lok Sabha,159998515.11,44033277.0,115965238.11,27.52,0.425414364640884,-0.21080922362309218,65,143,-78,68.75,0.9465930018416207,1.787785355122564,145,145,0,100.0,0.0,-0.6745,303677.7724137931,8,1770.45,0.6629834254143646,0.642108601712189,26.79,2026-08-26T10:44:17.312957+00:00
INTERNAL_MP_014,BALASHOWRY VALLABBHANENI,MACHILIPATNAM,ANDHRA PRADESH,Lok Sabha,147000000.0,14363941.0,132636059.0,9.77,0.13996316758747698,-1.0052601194426012,52,9,43,14.75,0.289134438305709,-0.5015295411690759,26,24,2,92.3076923076923,7.6923076923076925,2.3002179487179486,552459.2692307692,12,1207.79,0.5359116022099447,0.1263942791140099,17.27,2026-08-26T10:44:17.312957+00:00
INTERNAL_MP_015,DR BYREDDY SHABARI,NANDYAL,ANDHRA PRADESH,Lok Sabha,150675889.11,50709419.0,99966470.11,33.65,0.5211786372007366,0.0635560716655608,129,70,59,35.18,0.6335174953959485,0.3645945945945946,116,115,1,99.13793103448276,0.8620689655172413,-0.34112643678160925,437150.1637931034,33,596.58,0.30570902394106814,-0.43381926212800653,16.63,2026-08-26T10:44:17.312957+00:00
INTERNAL_MP_016,BHUPATHIRAJU SRINIVASA VARMA,NARASAPURAM,ANDHRA PRADESH,Lok Sabha,147000000.0,0.0,147000000.0,0.0,0.011970534069981584,-1.442543795620438,1,0,1,0.0,0.03959484346224678,-1.1268516656191072,0,0,0,100.0,0.0,-0.6745,0.0,0,0.0,0.011970534069981584,-0.9806234610680797,0.0,2026-08-26T10:44:17.312957+00:00
INTERNAL_MP_017,LAVU SRI KRISHNA DEVARAYALU,NARASARAOPET,ANDHRA PRADESH,Lok Sabha,174009663.11,2402685.0,171606978.11,1.38,0.03130755064456722,-1.3807780358327806,130,1,129,0.76,0.0847145488029466,-1.0946316781898173,4,4,0,100.0,0.0,-0.6745,600671.25,4,4863.9,0.9005524861878453,3.4774558295964115,66.59,2026-08-26T10:44:17.312957+00:00
INTERNAL_MP_018,PRABHAKAR REDDY VEMIREDDY,NELLORE,ANDHRA PRADESH,Lok Sabha,147000000.0,73610054.0,73389946.0,50.07,0.7955801104972375,0.7984790975447913,34,123,-89,78.34,0.9742173112338858,2.1943507228158388,136,135,1,99.26470588235294,0.7352941176470588,-0.3901519607843137,541250.3970588235,77,186.09,0.07918968692449356,-0.8100599266204647,4.07,2026-08-26T10:44:17.312957+00:00
INTERNAL_MP_019,MAGUNTA SREENIVASULU REDDY,ONGOLE,ANDHRA PRADESH,Lok Sabha,147000000.0,9854157.0,137145843.0,6.7,0.09668508287292818,-1.1426665560716656,18,1,17,5.26,0.15193370165745856,-0.9038554368321808,9,8,1,88.88888888888889,11.11111111111111,3.6223148148148145,1094906.3333333333,7,1885.78,0.6942909760589319,0.7478160144041308,26.68,2026-08-26T10:44:17.312957+00:00
INTERNAL_MP_020,DAGGUBATI PURANDESHWARI,RAJAHMUNDRY,ANDHRA PRADESH,Lok Sabha,147000000.0,14394558.0,132605442.0,9.79,0.141804788213628,-1.0043649635036498,26,3,23,10.34,0.22283609576427257,-0.6884902576995597,13,12,1,92.3076923076923,7.6923076923076925,2.3002179487179486,1107273.6923076923,6,2946.64,0.7845303867403315,1.720162895773882,48.89,2026-08-26T10:44:17.312957+00:00
INTERNAL_MP_021,MIDHUN REDDY,RAJAMPET,ANDHRA PRADESH,Lok Sabha,178951477.11,55016006.0,123935471.11,30.74,0.48250460405156537,-0.06668911745189113,317,177,140,35.83,0.6390423572744015,0.39215116279069756,228,206,22,90.35087719298247,9.649122807017543,3.056944444444444,241298.27192982455,87,201.88,0.0847145488029466,-0.7955873692077727,6.4,2026-08-26T10:44:17.312957+00:00
INTERNAL_MP_022,KINJARAPU RAM MOHAN NAIDU,SRIKAKULAM,ANDHRA PRADESH,Lok Sabha,171200630.11,53576961.0,117623669.11,31.29,0.4880294659300184,-0.042072329130723195,155,60,95,27.91,0.5340699815837937,0.056384978001257136,102,100,2,98.0392156862745,1.9607843137254901,0.0837614379084967,525264.3235294118,31,929.67,0.44751381215469616,-0.12852070933550766,22.98,2026-08-26T10:44:17.312957+00:00
INTERNAL_MP_023,MADDILA GURUMOORTHY,TIRUPATI,ANDHRA PRADESH,Lok Sabha,180399007.0,64414143.0,115984864.0,35.71,0.565377532228361,0.15575713337757155,181,110,71,37.8,0.6629834254143646,0.4756687617850407,167,149,18,89.22155688622755,10.778443113772456,3.4936676646706593,385713.43113772455,64,411.97,0.22283609576427257,-0.6030262807446664,13.8,2026-08-26T10:44:17.312957+00:00
INTERNAL_MP_024,SIVANATH KESINENI,VIJAYAWADA,ANDHRA PRADESH,Lok Sabha,147000000.0,6329561.0,140670439.0,4.31,0.06629834254143646,-1.249637690776377,28,1,27,3.45,0.1279926335174954,-0.9805898805782524,3,3,0,100.0,0.0,-0.6745,2109853.6666666665,3,3862.38,0.85451197053407,2.559497900529963,51.98,2026-08-26T10:44:17.312957+00:00
INTERNAL_MP_025,SRIBHARAT MATHUKUMLI,VISAKHAPATNAM,ANDHRA PRADESH,Lok Sabha,164841922.0,10903207.0,153938715.0,6.61,0.09392265193370165,-1.1466947577969475,40,0,40,0.0,0.03959484346224678,-1.1268516656191072,15,15,0,100.0,0.0,-0.6745,726880.4666666667,8,1810.32,0.6777163904235728,0.6786520383204238,29.33,2026-08-26T10:44:17.312957+00:00
INTERNAL_MP_026,APPALANAIDU KALISETTI,VIZIANAGARAM,ANDHRA PRADESH,Lok Sabha,147000000.0,22325622.0,124674378.0,15.19,0.21178637200736647,-0.7626728599867287,67,36,31,34.95,0.6243093922651933,0.3548438089252044,56,54,2,96.42857142857143,3.571428571428571,0.7066190476190475,398671.8214285714,24,702.23,0.35359116022099446,-0.33698419622231285,12.44,2026-08-26T10:44:17.312957+00:00
INTERNAL_MP_027,SHRI TAPIR GAO,ARUNACHAL EAST,ARUNACHAL PRADESH,Lok Sabha,147000000.0,98534470.0,48465530.0,67.03,0.9686924493554327,1.557571333775714,58,106,-48,64.63,0.9226519337016574,1.613119107479572,199,195,4,97.98994974874373,2.0100502512562812,0.10281323283082071,495148.0904522613,112,297.9,0.14548802946593,-0.7075788218507949,10.85,2026-08-26T10:44:17.312957+00:00
INTERNAL_MP_028,KIREN RIJIJU,ARUNACHAL WEST,ARUNACHAL PRADESH,Lok Sabha,147000000.0,87533016.0,59466984.0,59.55,0.8987108655616943,1.2227830126078305,17,114,-97,87.02,0.9871086556169429,2.562336895034569,162,155,7,95.67901234567901,4.320987654320987,0.99648353909465,540327.2592592592,91,234.16,0.11049723756906077,-0.7660006590569371,6.06,2026-08-26T10:44:17.312957+00:00
INTERNAL_MP_029,PHANI BHUSAN CHOUDHURY,BARPETA,ASSAM,Lok Sabha,147000000.0,41759331.0,105240669.0,28.41,0.45119705340699817,-0.17097478433974772,84,3,81,3.45,0.1279926335174954,-0.9805898805782524,102,96,6,94.11764705882352,5.88235294117647,1.6002843137254898,409405.20588235295,61,257.32,0.1270718232044199,-0.744773019431988,5.75,2026-08-26T10:44:17.312957+00:00
INTERNAL_MP_030,DILIP SAIKIA,DARRANG-UDALGURI,ASSAM,Lok Sabha,147000000.0,25726095.0,121273905.0,17.5,0.2578268876611418,-0.6592823490378236,225,5,220,2.17,0.11141804788213629,-1.0348551225644245,148,146,2,98.64864864864865,1.3513513513513513,-0.15191441441441444,173824.9662162162,37,588.13,0.2983425414364641,-0.44156423427096075,15.44,2026-08-26T10:44:17.312957+00:00
INTERNAL_MP_031,RAKIBUL HUSSAIN,DHUBRI,ASSAM,Lok Sabha,147000000.0,46453373.0,100546627.0,31.6,0.4953959484346225,-0.028197412076973922,152,25,127,14.12,0.27900552486187846,-0.528238214959145,138,132,6,95.65217391304348,4.3478260869565215,1.0068623188405796,336618.64492753625,84,229.56,0.10313075506445672,-0.7702168569099064,9.69,2026-08-26T10:44:17.312957+00:00
INTERNAL_MP_032,SHRI SARBANANDA SONOWAL (18LS),DIBRUGARH,ASSAM,Lok Sabha,147000000.0,23630250.0,123369750.0,16.08,0.23572744014732966,-0.7228384207033843,84,3,81,3.45,0.1279926335174954,-0.9805898805782524,62,54,8,87.09677419354838,12.903225806451612,4.3153494623655915,381133.06451612903,25,612.15,0.3241252302025783,-0.4195483489604566,12.07,2026-08-26T10:44:17.312957+00:00
INTERNAL_MP_033,AMARSING TISSO,DIPHU,ASSAM,Lok Sabha,147000000.0,70190709.0,76809291.0,47.75,0.7587476979742173,0.6946410086264103,53,41,12,43.62,0.7403314917127072,0.7224060339409175,192,172,20,89.58333333333334,10.416666666666668,3.3537638888888894,365576.609375,52,1008.4,0.47513812154696133,-0.05635956651718994,24.79,2026-08-26T10:44:17.312957+00:00
INTERNAL_MP_034,BIJULI KALITA MEDHI,GUWAHATI,ASSAM,Lok Sabha,147000000.0,71052648.0,75947352.0,48.34,0.7697974217311234,0.7210481088254815,145,5,140,3.33,0.12154696132596685,-0.985677247014456,165,165,0,100.0,0.0,-0.6745,430622.10909090907,96,189.15,0.08103130755064457,-0.8072552384834897,3.94,2026-08-26T10:44:17.312957+00:00
INTERNAL_MP_035,GAURAV GOGOI,JORHAT,ASSAM,Lok Sabha,147000000.0,39747670.0,107252330.0,27.04,0.4171270718232044,-0.2322929661579296,429,33,396,7.14,0.1721915285451197,-0.8241533626649903,447,442,5,98.88143176733782,1.1185682326621924,-0.24193475018642802,88920.96196868009,90,205.24,0.08839779005524862,-0.7925077116456041,4.68,2026-08-26T10:44:17.312957+00:00
INTERNAL_MP_036,KRIPANATH MALLAH,KARIMGANJ,ASSAM,Lok Sabha,147000000.0,66488500.0,80511500.0,45.23,0.7219152854511971,0.5818513603185137,74,0,74,0.0,0.03959484346224678,-1.1268516656191072,116,116,0,100.0,0.0,-0.6745,573176.724137931,13,2213.5,0.7311233885819521,1.0481926144856635,30.32,2026-08-26T10:44:17.312957+00:00
INTERNAL_MP_037,KAMAKHYA PRASAD TASA,KAZIRANGA,ASSAM,Lok Sabha,147000000.0,11985122.0,135014878.0,8.15,0.11233885819521179,-1.0777677504976777,88,0,88,0.0,0.03959484346224678,-1.1268516656191072,34,31,3,91.17647058823529,8.823529411764707,2.7376764705882355,352503.5882352941,19,940.07,0.4548802946593002,-0.1189884359287947,22.8,2026-08-26T10:44:17.312957+00:00
INTERNAL_MP_038,JOYANTA BASUMATARY,KOKRAJHAR,ASSAM,Lok Sabha,147000000.0,62530971.0,84469029.0,42.54,0.6924493554327809,0.46145288652952904,102,20,82,16.39,0.3314917127071823,-0.43200219987429267,79,79,0,100.0,0.0,-0.6745,791531.2784810127,37,355.75,0.1860036832412523,-0.6545555510259546,7.32,2026-08-26T10:44:17.312957+00:00
INTERNAL_MP_039,PRADAN BARUAH,LAKHIMPUR,ASSAM,Lok Sabha,147000000.0,56052727.0,90947273.0,38.13,0.6169429097605893,0.2640710019907103,115,33,82,22.3,0.43646408839779005,-0.1814494028912632,174,173,1,99.42528735632183,0.5747126436781609,-0.4522509578544061,322142.1091954023,41,599.77,0.31307550644567217,-0.43089542057344754,17.65,2026-08-26T10:44:17.312957+00:00
INTERNAL_MP_040,PRADYUT BORDOLOI,NOWGONG,ASSAM,Lok Sabha,98000000.0,67125657.0,30874343.0,68.5,0.9723756906077348,1.6233652952886535,202,13,189,6.05,0.15837937384898712,-0.87036360779384,471,459,12,97.45222929936305,2.547770700636943,0.31075690021231434,142517.31847133758,61,567.0,0.29097605893186,-0.46093124745209946,12.52,2026-08-26T10:44:17.312957+00:00
INTERNAL_MP_041,PARIMAL SUKLABAIDYA,SILCHAR,ASSAM,Lok Sabha,148300157.11,5386762.0,142913395.11,3.63,0.053406998158379376,-1.28007299270073,153,0,153,0.0,0.03959484346224678,-1.1268516656191072,10,10,0,100.0,0.0,-0.6745,538676.2,10,1173.65,0.5267034990791897,0.09510275852697377,17.85,2026-08-26T10:44:17.312957+00:00
INTERNAL_MP_042,RANJIT DUTTA,SONITPUR,ASSAM,Lok Sabha,147000000.0,65900399.0,81099601.0,44.83,0.716390423572744,0.5639482415394826,127,22,105,14.77,0.2918968692449355,-0.5006816467630419,322,321,1,99.68944099378882,0.3105590062111801,-0.5544026915113872,204659.62422360247,64,742.73,0.3738489871086556,-0.2998633238211714,22.6,2026-08-26T10:44:17.312957+00:00
INTERNAL_MP_043,PRADEEP KUMAR SINGH,ARARIA,BIHAR,Lok Sabha,147000000.0,118278146.0,28721854.0,80.46,0.988950276243094,2.1586685467816857,47,39,8,45.35,0.7495395948434622,0.7957489000628535,68,68,0,100.0,0.0,-0.6745,1739384.5,4,6679.61,0.9502762430939227,5.141671612990894,79.52,2026-08-26T10:44:17.312957+00:00
INTERNAL_MP_044,SUDAMA PRASAD,ARRAH,BIHAR,Lok Sabha,147000000.0,57716958.0,89283042.0,39.26,0.6316758747697975,0.3146473125414732,153,66,87,30.14,0.5616942909760589,0.15092520427404155,86,83,3,96.51162790697676,3.488372093023256,0.6745,671127.4186046511,7,2997.5,0.7882136279926335,1.7667793789917103,47.65,2026-08-26T10:44:17.312957+00:00
INTERNAL_MP_045,ABHAY KUMAR SINHA,AURANGABAD,BIHAR,Lok Sabha,147000000.0,72972894.0,74027106.0,49.64,0.7937384898710865,0.7792332448573328,147,124,23,45.76,0.7550644567219152,0.8131307353865491,158,156,2,98.73417721518987,1.2658227848101267,-0.18498945147679322,461853.7594936709,11,1969.42,0.7053406998158379,0.8244774901481178,27.36,2026-08-26T10:44:17.312957+00:00
INTERNAL_MP_046,GIRIDHARI YADAV,BANKA,BIHAR,Lok Sabha,147000000.0,114805889.0,32194111.0,78.1,0.9871086556169429,2.0530401459854017,35,85,-50,70.83,0.9539594843462247,1.8759663733500938,96,96,0,100.0,0.0,-0.6745,1195894.6770833333,9,3058.3,0.7974217311233885,1.8225065158309552,46.31,2026-08-26T10:44:17.312957+00:00
INTERNAL_MP_047,GIRIRAJ SINGH,BEGUSARAI,BIHAR,Lok Sabha,147000000.0,32994877.0,114005123.0,22.45,0.3462246777163904,-0.4377312541473125,50,17,33,25.37,0.48987108655616945,-0.051297611565053296,38,37,1,97.36842105263158,2.631578947368421,0.34316666666666656,868286.2368421053,7,2112.74,0.7219152854511971,0.955839550210626,29.99,2026-08-26T10:44:17.312957+00:00
INTERNAL_MP_048,AJAY KUMAR MANDAL,BHAGALPUR,BIHAR,Lok Sabha,147000000.0,75252620.0,71747380.0,51.19,0.8103130755064457,0.8486078301260785,36,38,-2,51.35,0.8268876611418048,1.0501172218730357,71,71,0,100.0,0.0,-0.6745,1059896.0563380283,7,3652.88,0.8416206261510129,2.367477585269737,56.35,2026-08-26T10:44:17.312957+00:00
INTERNAL_MP_049,SUDHAKAR SINGH,BUXAR,BIHAR,Lok Sabha,185211956.54,123581875.0,61630081.53999999,66.72,0.9668508287292817,1.5436964167219647,106,98,8,48.04,0.7808471454880295,0.9097906976744183,176,175,1,99.43181818181817,0.5681818181818182,-0.45477651515151507,702169.7443181818,11,1918.01,0.6961325966850829,0.7773568963174342,34.11,2026-08-26T10:44:17.312957+00:00
INTERNAL_MP_050,MR GOPAL JEE THAKUR,DARBHANGA,BIHAR,Lok Sabha,147000000.0,75767756.0,71232244.0,51.54,0.8186003683241252,0.8642730590577309,120,59,61,32.96,0.6022099447513812,0.2704783155248272,156,156,0,100.0,0.0,-0.6745,485690.74358974356,6,8993.76,0.9871086556169429,7.262739930697104,94.79,2026-08-26T10:44:17.312957+00:00
INTERNAL_MP_051,JITAN RAM MANJHI,GAYA,BIHAR,Lok Sabha,147000000.0,59449374.0,87550626.0,40.44,0.6593001841620626,0.3674615129396152,108,152,-44,58.46,0.8895027624309392,1.3515436832181016,187,186,1,99.46524064171123,0.53475935828877,-0.46770142602495546,317911.0909090909,7,1629.5,0.6408839779005525,0.5129188001087103,21.94,2026-08-26T10:44:17.312957+00:00
INTERNAL_MP_052,ALOK KUMAR SUMAN,GOPALGANJ,BIHAR,Lok Sabha,147000000.0,50920280.0,96079720.0,34.64,0.5451197053406999,0.1078662906436631,112,43,69,27.74,0.5285451197053407,0.04917787554996857,56,55,1,98.21428571428571,1.7857142857142856,0.016059523809523763,909290.7142857143,15,2573.94,0.7661141804788214,1.3785592132083162,39.08,2026-08-26T10:44:17.312957+00:00
INTERNAL_MP_053,CHIRAG PASWAN,HAJIPUR,BIHAR,Lok Sabha,147000000.0,51506335.0,95493665.0,35.04,0.5561694290976059,0.12576940942269424,66,47,19,41.59,0.7071823204419889,0.6363447517284727,54,48,6,88.88888888888889,11.11111111111111,3.6223148148148145,953821.0185185185,28,738.87,0.3720073664825046,-0.3034012637586629,19.09,2026-08-26T10:44:17.312957+00:00
INTERNAL_MP_054,SURENDRA PRASAD YADAV,JAHANABAD,BIHAR,Lok Sabha,155325714.0,68477331.0,86848383.0,44.09,0.7071823204419889,0.530827471798275,161,141,20,46.69,0.7569060773480663,0.8525578252671274,200,197,3,98.5,1.5,-0.09442999999999999,342386.655,8,1572.89,0.6261510128913443,0.4610320695746704,22.61,2026-08-26T10:44:17.312957+00:00
INTERNAL_MP_055,ARUN BHARTI,JAMUI,BIHAR,Lok Sabha,194924621.11,132119553.0,62805068.110000014,67.78,0.9705340699815838,1.5911396814863974,110,218,-108,66.46,0.9355432780847146,1.6907014456316776,305,264,41,86.55737704918033,13.442622950819672,4.523941530054644,433178.86229508196,15,1690.17,0.6519337016574586,0.5685267835303709,29.35,2026-08-26T10:44:17.312957+00:00
INTERNAL_MP_056,RAMPRIT MANDAL,JHANJHARPUR,BIHAR,Lok Sabha,147000000.0,107510581.0,39489419.0,73.14,0.9834254143646409,1.8310414731254154,91,89,2,49.44,0.7974217311233885,0.9691433060967942,104,104,0,100.0,0.0,-0.6745,1033755.5865384615,16,1397.89,0.5893186003683242,0.3006332382117135,26.9,2026-08-26T10:44:17.312957+00:00
INTERNAL_MP_057,RAJA RAM SINGH,KARAKAT,BIHAR,Lok Sabha,147000000.0,71841783.0,75158217.0,48.87,0.7826887661141805,0.7447697412076976,212,114,98,34.97,0.6261510128913443,0.3556917033312382,191,187,4,97.90575916230367,2.094240837696335,0.13537085514834207,376134.9895287958,13,1180.2,0.5303867403314917,0.10110625764370151,19.68,2026-08-26T10:44:17.312957+00:00
INTERNAL_MP_058,TARIQ ANWAR,KATIHAR,BIHAR,Lok Sabha,147000000.0,79735060.0,67264940.0,54.24,0.8471454880294659,0.9851191108161915,26,60,-34,69.77,0.9502762430939227,1.831027969830295,82,77,5,93.90243902439023,6.097560975609756,1.683508130081301,972378.7804878049,3,5087.37,0.9134438305709024,3.6822805544231545,66.56,2026-08-26T10:44:17.312957+00:00
INTERNAL_MP_059,RAJESH VERMA,KHAGARIA,BIHAR,Lok Sabha,147000000.0,74186362.0,72813638.0,50.47,0.7992633517495396,0.8163822163238225,9,67,-58,88.16,0.990791896869245,2.6106668761785037,69,69,0,100.0,0.0,-0.6745,1075164.6666666667,19,770.68,0.3830570902394107,-0.27424533904063064,15.87,2026-08-26T10:44:17.312957+00:00
INTERNAL_MP_060,DR MOHAMMAD JAWED,KISHANGANJ,BIHAR,Lok Sabha,148669229.11,89065400.0,59603829.110000014,59.91,0.9042357274401474,1.2388958195089583,74,130,-56,63.73,0.9134438305709024,1.5749638592080448,138,138,0,100.0,0.0,-0.6745,645401.4492753623,2,5684.97,0.9281767955801105,4.230019649408886,68.51,2026-08-26T10:44:17.312957+00:00
INTERNAL_MP_061,DINESH CHANDRA YADAV,MADHEPURA,BIHAR,Lok Sabha,150070866.11,92486814.0,57584052.110000014,61.63,0.9152854511970534,1.315879230258793,51,105,-54,67.31,0.9392265193370166,1.7267369578881204,113,113,0,100.0,0.0,-0.6745,818467.3805309734,8,4786.86,0.8968692449355433,3.4068436812066847,61.04,2026-08-26T10:44:17.312957+00:00
INTERNAL_MP_062,ASHOK KUMAR YADAV,MADHUBANI,BIHAR,Lok Sabha,147000000.0,70438959.0,76561041.0,47.92,0.7605893186003683,0.7022498341074987,108,81,27,42.86,0.7338858195211786,0.6901860465116277,132,132,0,100.0,0.0,-0.6745,533628.4772727273,7,3208.44,0.8103130755064457,1.9601195474928659,44.98,2026-08-26T10:44:17.312957+00:00
INTERNAL_MP_063,SHRI JANARDAN SINGH SIGRIWAL,MAHARAJGANJ,BIHAR,Lok Sabha,147000000.0,46417759.0,100582241.0,31.58,0.49355432780847147,-0.02909256801592562,56,18,38,24.32,0.4714548802946593,-0.09581206788183522,44,42,2,95.45454545454545,4.545454545454546,1.083287878787879,1054949.0681818181,27,936.35,0.45119705340699817,-0.12239805680119586,25.85,2026-08-26T10:44:17.312957+00:00
INTERNAL_MP_064,RAJIV RANJAN (LALAN) SINGH,MUNGER,BIHAR,Lok Sabha,147000000.0,0.0,147000000.0,0.0,0.011970534069981584,-1.442543795620438,1,0,1,0.0,0.03959484346224678,-1.1268516656191072,0,0,0,100.0,0.0,-0.6745,0.0,0,0.0,0.011970534069981584,-0.9806234610680797,0.0,2026-08-26T10:44:17.312957+00:00
INTERNAL_MP_065,RAJ BHUSHAN CHOUDHARY,MUZAFFARPUR,BIHAR,Lok Sabha,147000000.0,96375137.0,50624863.0,65.56,0.9567219152854513,1.4917773722627743,43,77,-34,64.17,0.9208103130755064,1.5936175361407916,90,90,0,100.0,0.0,-0.6745,1070834.8555555556,10,1244.63,0.5506445672191529,0.1601605245277891,20.37,2026-08-26T10:44:17.312957+00:00
INTERNAL_MP_066,KAUSHALENDRA KUMAR,NALANDA,BIHAR,Lok Sabha,147000000.0,44517141.0,102482859.0,30.28,0.47697974217311234,-0.08727770404777686,74,91,-17,55.15,0.856353591160221,1.2112171590194845,94,92,2,97.87234042553192,2.127659574468085,0.14829432624113476,473586.60638297873,9,1699.13,0.6556169429097606,0.5767392036961543,28.3,2026-08-26T10:44:17.312957+00:00
INTERNAL_MP_067,VIVEK THAKUR,NAWADA,BIHAR,Lok Sabha,147000000.0,3164487.0,143835513.0,2.15,0.03867403314917127,-1.3463145321831456,85,1,84,1.16,0.09576427255985268,-1.0776737900691384,5,4,1,80.0,20.0,7.059766666666666,632897.4,3,4462.33,0.8821362799263351,3.109390922679711,52.56,2026-08-26T10:44:17.312957+00:00
INTERNAL_MP_068,SANJAY JAISWAL,PASCHIM CHAMPARAN,BIHAR,Lok Sabha,147000000.0,0.0,147000000.0,0.0,0.011970534069981584,-1.442543795620438,0,0,0,0.0,0.03959484346224678,-1.1268516656191072,0,0,0,100.0,0.0,-0.6745,0.0,0,0.0,0.011970534069981584,-0.9806234610680797,0.0,2026-08-26T10:44:17.312957+00:00
INTERNAL_MP_069,MISHA BHARTI,PATALIPUTRA,BIHAR,Lok Sabha,147000000.0,0.0,147000000.0,0.0,0.011970534069981584,-1.442543795620438,0,0,0,0.0,0.03959484346224678,-1.1268516656191072,0,0,0,100.0,0.0,-0.6745,0.0,0,0.0,0.011970534069981584,-0.9806234610680797,0.0,2026-08-26T10:44:17.312957+00:00
INTERNAL_MP_070,RAVI SHANKAR PRASAD,PATNA SAHIB,BIHAR,Lok Sabha,147000000.0,56647683.0,90352317.0,38.54,0.6243093922651933,0.28242169873921713,24,60,-36,71.43,0.9567219152854513,1.9014032055311123,66,64,2,96.96969696969697,3.0303030303030303,0.49735858585858583,858298.2272727273,6,3005.98,0.7900552486187845,1.7745518480771842,45.95,2026-08-26T10:44:17.312957+00:00
INTERNAL_MP_071,RAJESH RANJAN ALIAS PAPPU YADAV,PURNEA,BIHAR,Lok Sabha,147000000.0,72622818.0,74377182.0,49.4,0.7900552486187845,0.7684913735899139,125,46,79,26.9,0.5101289134438306,0.013566310496543063,76,76,0,100.0,0.0,-0.6745,955563.3947368421,7,3232.67,0.8139963167587477,1.982327911401005,50.33,2026-08-26T10:44:17.312957+00:00
INTERNAL_MP_072,RADHA MOHAN SINGH,PURVI CHAMPARAN,BIHAR,Lok Sabha,147000000.0,69803891.0,77196109.0,47.49,0.7559852670349908,0.6830039814200402,64,60,4,48.39,0.7826887661141805,0.9246288497800124,83,80,3,96.3855421686747,3.614457831325301,0.7232590361445781,841010.734939759,17,1074.56,0.5046040515653776,0.004280357385514194,18.92,2026-08-26T10:44:17.312957+00:00
INTERNAL_MP_073,SHAMBHAVI,SAMASTIPUR,BIHAR,Lok Sabha,147000000.0,24196418.0,122803582.0,16.46,0.2430939226519337,-0.7058304578633046,111,16,95,12.6,0.26151012891344383,-0.5926781898177245,32,22,10,68.75,31.25,11.410291666666666,756138.0625,19,876.02,0.427255985267035,-0.177694408207637,18.33,2026-08-26T10:44:17.312957+00:00
INTERNAL_MP_074,RAJIV PRATAP RUDY,SARAN,BIHAR,Lok Sabha,147000000.0,0.0,147000000.0,0.0,0.011970534069981584,-1.442543795620438,12,0,12,0.0,0.03959484346224678,-1.1268516656191072,0,0,0,100.0,0.0,-0.6745,0.0,0,0.0,0.011970534069981584,-0.9806234610680797,0.0,2026-08-26T10:44:17.312957+00:00
INTERNAL_MP_075,MANOJ KUMAR,SASARAM,BIHAR,Lok Sabha,147000000.0,95686097.0,51313903.0,65.09,0.9438305709023941,1.4707412076974125,112,82,30,42.27,0.7219152854511971,0.6651731615336267,122,120,2,98.36065573770492,1.639344262295082,-0.04054371584699451,784312.2704918033,10,1799.77,0.6721915285451197,0.6689822802011142,32.12,2026-08-26T10:44:17.312957+00:00
INTERNAL_MP_076,LOVELY ANAND,SHEOHAR,BIHAR,Lok Sabha,147000000.0,43561211.0,103438789.0,29.63,0.46593001841620624,-0.11637027206370265,67,24,43,26.37,0.4990791896869245,-0.008902891263356263,39,36,3,92.3076923076923,7.6923076923076925,2.3002179487179486,1116954.1282051282,12,1275.73,0.5561694290976059,0.18866568827286306,21.81,2026-08-26T10:44:17.312957+00:00
INTERNAL_MP_077,DEVESH CHANDRA THAKUR,SITAMARHI,BIHAR,Lok Sabha,163809205.11,41894417.0,121914788.11,25.58,0.3996316758747698,-0.2976393497013935,90,119,-29,56.94,0.8692449355432781,1.2871037083595218,129,129,0,100.0,0.0,-0.6745,324762.92248062015,13,3716.96,0.8434622467771639,2.4262110544910986,57.29,2026-08-26T10:44:17.312957+00:00
INTERNAL_MP_078,VIJAYLAKSHMI DEVI,SIWAN,BIHAR,Lok Sabha,147000000.0,134748616.0,12251384.0,91.67,0.998158379373849,2.660403450564035,87,95,-8,52.2,0.8434622467771639,1.0861527341294783,142,120,22,84.50704225352112,15.492957746478872,5.316833333333332,948933.9154929577,10,7127.36,0.9631675874769797,5.552063480092403,84.16,2026-08-26T10:44:17.312957+00:00
INTERNAL_MP_079,DILESHWAR KAMAIT,SUPAUL,BIHAR,Lok Sabha,150450930.89,89329681.0,61121249.88999999,59.37,0.8950276243093923,1.2147266091572664,85,46,39,35.11,0.6298342541436464,0.36162696417347573,76,71,5,93.42105263157895,6.578947368421052,1.8696666666666661,1175390.5394736843,14,2016.97,0.712707182320442,0.8680601440413097,29.9,2026-08-26T10:44:17.312957+00:00
INTERNAL_MP_080,NITYANAND RAI,UJJARPUR,BIHAR,Lok Sabha,147000000.0,22994739.0,124005261.0,15.64,0.22007366482504603,-0.7425318513603185,54,40,14,42.55,0.7292817679558011,0.6770436832181016,50,48,2,96.0,4.0,0.8723533333333333,459894.78,6,3867.74,0.856353591160221,2.564410687593422,59.36,2026-08-26T10:44:17.312957+00:00
INTERNAL_MP_081,SMT VEENA DEVI,VAISHALI,BIHAR,Lok Sabha,147000000.0,131108889.0,15891111.0,89.19,0.996316758747698,2.5494041141340418,29,30,-1,50.85,0.8213627992633518,1.028919861722187,49,49,0,100.0,0.0,-0.6745,2675691.612244898,5,3405.15,0.8324125230202578,2.1404169995923357,43.89,2026-08-26T10:44:17.312957+00:00
INTERNAL_MP_082,SUNIL KUMAR,VALMIKI NAGAR,BIHAR,Lok Sabha,147000000.0,63664429.0,83335571.0,43.31,0.6998158379373849,0.4959163901791643,183,79,104,30.15,0.56353591160221,0.15134915147705844,87,87,0,100.0,0.0,-0.6745,731775.0459770114,7,1651.31,0.6427255985267035,0.5329090773202879,24.31,2026-08-26T10:44:17.312957+00:00
INTERNAL_MP_083,MANISH TEWARI,CHANDIGARH,CHANDIGARH,Lok Sabha,178351443.75,31109435.0,147242008.75,17.44,0.2541436464088398,-0.6619678168546781,81,31,50,27.68,0.5257826887661142,0.0466341923318668,129,121,8,93.7984496124031,6.2015503875969,1.7237222222222226,241158.4108527132,59,557.01,0.285451197053407,-0.47008772931104775,12.32,2026-08-26T10:44:17.312957+00:00
INTERNAL_MP_084,MAHESH KASHYAP,BASTAR,CHHATTISGARH,Lok Sabha,147000000.0,62420367.5,84579632.5,42.46,0.6887661141804788,0.4578722627737229,168,38,130,18.45,0.3664825046040516,-0.3446690760527969,193,186,7,96.37305699481865,3.6269430051813467,0.7280872193436959,323421.5932642487,117,133.79,0.049723756906077346,-0.8579962630792227,3.61,2026-08-26T10:44:17.312957+00:00
INTERNAL_MP_085,TOKHAN SAHU,BILASPUR,CHHATTISGARH,Lok Sabha,147000000.0,55525385.0,91474615.0,37.77,0.5948434622467772,0.24795819508958228,90,41,49,31.3,0.580110497237569,0.2001030798240101,157,151,6,96.17834394904459,3.821656050955414,0.8033853503184714,353664.872611465,94,182.45,0.0718232044198895,-0.8133962223128143,5.71,2026-08-26T10:44:17.312957+00:00
INTERNAL_MP_086,VIJAY BAGHEL,DURG,CHHATTISGARH,Lok Sabha,147000000.0,57650594.0,89349406.0,39.22,0.6298342541436464,0.31285700066357014,144,70,74,32.71,0.5985267034990792,0.25987963544940296,246,243,3,98.78048780487805,1.2195121951219512,-0.20289837398373983,234352.0081300813,86,236.04,0.11233885819521179,-0.7642775173257237,8.46,2026-08-26T10:44:17.312957+00:00
INTERNAL_MP_087,KAMLESH JANGDE,JANJGIR CHAMPA,CHHATTISGARH,Lok Sabha,150384382.11,98097656.0,52286726.110000014,65.23,0.9484346224677717,1.4770072992700736,90,254,-164,73.84,0.9594843462246777,2.003574481458202,599,596,3,99.4991652754591,0.5008347245409015,-0.4808205342237062,163769.04173622705,75,464.24,0.24861878453038674,-0.5551174412284278,15.72,2026-08-26T10:44:17.312957+00:00
INTERNAL_MP_088,BHOJRAJ NAG,KANKER,CHHATTISGARH,Lok Sabha,164672734.11,35985836.0,128686898.11,21.85,0.3370165745856354,-0.4645859323158592,44,29,15,39.73,0.6832412523020258,0.557490571967316,104,101,3,97.11538461538461,2.8846153846153846,0.4410192307692307,346017.6538461539,45,597.71,0.31123388581952116,-0.4327835439597772,18.06,2026-08-26T10:44:17.312957+00:00
INTERNAL_MP_089,JYOTSNA CHARANDAS MAHANT,KORBA,CHHATTISGARH,Lok Sabha,155153738.11,74559859.0,80593879.11000001,48.06,0.7633517495395948,0.7085159256801596,174,136,38,43.87,0.7421731123388582,0.7330047140163417,431,426,5,98.83990719257541,1.160092807424594,-0.2258766434648105,172992.71229698375,212,83.52,0.029465930018416207,-0.9040719730941704,2.82,2026-08-26T10:44:17.312957+00:00
INTERNAL_MP_090,ROOP KUMARI CHOUDHARY,MAHASAMUND,CHHATTISGARH,Lok Sabha,153035414.0,75772172.0,77263242.0,49.51,0.7918968692449355,0.7734147312541475,107,72,35,40.22,0.6924493554327809,0.5782639849151475,249,243,6,97.59036144578313,2.4096385542168677,0.257339357429719,304305.9116465863,125,112.61,0.04419889502762431,-0.8774091044978937,2.81,2026-08-26T10:44:17.312957+00:00
INTERNAL_MP_091,RADHE SHYAM RATHIYA,RAIGARH,CHHATTISGARH,Lok Sabha,159706972.09,80152296.0,79554676.09,50.19,0.7974217311233885,0.8038500331785005,66,72,-6,52.17,0.8406998158379374,1.0848808925204272,211,209,2,99.0521327014218,0.9478672985781991,-0.30794707740916266,379868.70142180094,101,182.74,0.07550644567219153,-0.813130418535127,4.61,2026-08-26T10:44:17.312957+00:00
INTERNAL_MP_092,BRIJMOHAN AGRAWAL,RAIPUR,CHHATTISGARH,Lok Sabha,153766451.11,68756217.0,85010234.11000001,44.71,0.7108655616942909,0.5585773059057734,115,38,77,24.84,0.48250460405156537,-0.07376681332495277,168,164,4,97.61904761904762,2.380952380952381,0.24624603174603174,409263.1964285714,77,204.91,0.0865561694290976,-0.792810178013317,5.09,2026-08-26T10:44:17.312957+00:00
INTERNAL_MP_093,SANTOSH PANDEY,RAJNANDGAON,CHHATTISGARH,Lok Sabha,147000000.0,60639114.0,86360886.0,41.25,0.6648250460405156,0.40371532846715347,107,71,36,39.89,0.6869244935543278,0.5642737272155876,245,236,9,96.3265306122449,3.6734693877551026,0.7460795918367349,247506.58775510205,123,158.77,0.06629834254143646,-0.835100475608099,6.18,2026-08-26T10:44:17.312957+00:00
INTERNAL_MP_094,CHINTAMANI MAHARAJ,SARGUJA,CHHATTISGARH,Lok Sabha,147000000.0,61420121.0,85579879.0,41.78,0.6758747697974218,0.4274369608493699,260,69,191,20.97,0.4125230202578269,-0.23783438089252035,372,364,8,97.84946236559139,2.1505376344086025,0.15714157706093201,165107.85215053763,67,852.26,0.4180478821362799,-0.19947198668297328,24.4,2026-08-26T10:44:17.312957+00:00
INTERNAL_MP_095,PRAVEEN KHANDELWAL,CHANDINI CHOWK,DELHI,Lok Sabha,147470276.0,26487847.0,120982429.0,17.96,0.26979742173112337,-0.6386937624419375,34,35,-1,50.72,0.8139963167587477,1.0234085480829664,42,42,0,100.0,0.0,-0.6745,630663.0238095238,14,1219.85,0.5414364640883977,0.13744805000679422,22.9,2026-08-26T10:44:17.312957+00:00
INTERNAL_MP_096,HARSH MALHOTRA,EAST DELHI,DELHI,Lok Sabha,147134131.0,24390277.0,122743854.0,16.58,0.24493554327808473,-0.7004595222295953,61,51,10,45.54,0.7513812154696132,0.8038038969201758,57,55,2,96.49122807017544,3.508771929824561,0.6823888888888888,427899.5964912281,8,2635.36,0.7697974217311234,1.4348546201929608,44.38,2026-08-26T10:44:17.312957+00:00
INTERNAL_MP_097,BANSURI SWARAJ,NEW DELHI,DELHI,Lok Sabha,154306950.0,21775293.0,132531657.0,14.11,0.2007366482504604,-0.8110112806901129,69,41,28,37.27,0.6519337016574586,0.4531995600251415,46,44,2,95.65217391304348,4.3478260869565215,1.0068623188405796,473375.9347826087,22,1027.77,0.48250460405156537,-0.03860570729718722,22.07,2026-08-26T10:44:17.312957+00:00
INTERNAL_MP_098,MANOJ TIWARI,NORTH EAST DELHI,DELHI,Lok Sabha,225843858.0,28650238.0,197193620.0,12.69,0.17863720073664824,-0.8745673523556736,17,6,11,26.09,0.4953959484346225,-0.02077341294783148,9,9,0,100.0,0.0,-0.6745,3183359.777777778,7,6267.89,0.9429097605893186,4.764303573855143,78.53,2026-08-26T10:44:17.312957+00:00
INTERNAL_MP_099,YOGENDRA CHANDOLIYA,NORTH WEST DELHI,DELHI,Lok Sabha,147876307.0,10961614.0,136914693.0,7.41,0.09944751381215469,-1.1108885202388852,48,11,37,18.64,0.3729281767955801,-0.33661407919547437,14,14,0,100.0,0.0,-0.6745,782972.4285714285,8,1946.65,0.6998158379373849,0.8036073107759204,34.04,2026-08-26T10:44:17.312957+00:00
INTERNAL_MP_100,RAMVIR SINGH BIDHURI,SOUTH DELHI,DELHI,Lok Sabha,147559100.0,28849836.0,118709264.0,19.55,0.3001841620626151,-0.5675288652952887,82,41,41,33.33,0.6077348066298343,0.286164362036455,48,48,0,100.0,0.0,-0.6745,601038.25,15,1171.42,0.5248618784530387,0.09305881913303435,25.14,2026-08-26T10:44:17.312957+00:00
INTERNAL_MP_101,KAMALJEET SEHRAWAT,WEST DELHI,DELHI,Lok Sabha,147000000.0,13075365.0,133924635.0,8.89,0.1270718232044199,-1.04464698075647,32,31,1,49.21,0.7955801104972375,0.9593925204274041,34,33,1,97.05882352941177,2.941176470588235,0.462892156862745,384569.5588235294,10,1402.51,0.5911602209944752,0.30486776735969545,26.45,2026-08-26T10:44:17.312957+00:00
INTERNAL_MP_102,SHRIPAD YESSO NAIK,NORTH GOA,GOA,Lok Sabha,147000000.0,15476370.0,131523630.0,10.53,0.15285451197053407,-0.971244193762442,110,1,109,0.9,0.0865561694290976,-1.0886964173475797,25,25,0,100.0,0.0,-0.6745,619054.8,5,4114.19,0.8710865561694291,2.7902980703899973,58.96,2026-08-26T10:44:17.312957+00:00
INTERNAL_MP_103,CAPTAIN VIRIATO FERNANDES,SOUTH GOA,GOA,Lok Sabha,147000000.0,48358008.0,98641992.0,32.9,0.511049723756906,0.02998772395487732,86,44,42,33.85,0.6132596685082873,0.30820961659333757,78,78,0,100.0,0.0,-0.6745,619974.4615384615,14,2863.15,0.7826887661141805,1.643638904742492,36.26,2026-08-26T10:44:17.312957+00:00
INTERNAL_MP_104,HASMUKH BHAI SOMA BHAI PATEL,AHMEDABAD EAST,GUJARAT,Lok Sabha,147000000.0,32021270.0,114978730.0,21.78,0.3351749539594843,-0.4677189781021897,176,20,156,10.2,0.22099447513812154,-0.6944255185417973,36,36,0,100.0,0.0,-0.6745,889479.7222222222,28,1210.95,0.5395948434622467,0.12929062372604966,24.16,2026-08-26T10:44:17.312957+00:00
INTERNAL_MP_105,DINESHBHAI MAKWANA,AHMEDABAD WEST,GUJARAT,Lok Sabha,160434965.11,25122452.0,135312513.11,15.66,0.22283609576427257,-0.7416366954213669,205,2,203,0.97,0.09023941068139964,-1.085728786926461,4,4,0,100.0,0.0,-0.6745,6280613.0,3,5339.8,0.9171270718232044,3.9136489944285904,63.69,2026-08-26T10:44:17.312957+00:00
INTERNAL_MP_106,BHARATBHAI MANUBHAI SUTARIYA,AMRELI,GUJARAT,Lok Sabha,147000000.0,60446765.0,86553235.0,41.12,0.6629834254143646,0.3978968148639683,175,154,21,46.81,0.7605893186003683,0.8576451917033311,183,175,8,95.62841530054644,4.371584699453552,1.0160500910746812,330310.1912568306,159,77.43,0.02578268876611418,-0.9096538524256012,2.14,2026-08-26T10:44:17.312957+00:00
INTERNAL_MP_107,MITESH RAMESHBHAI BAKABHAI PATEL,ANAND,GUJARAT,Lok Sabha,147000000.0,58303147.0,88696853.0,39.66,0.6390423572744015,0.3325504313205043,280,247,33,46.87,0.7624309392265194,0.8601888749214328,293,283,10,96.58703071672356,3.4129692832764507,0.6453407281001138,198986.84982935153,152,351.78,0.18047882136279927,-0.6581943130860172,16.9,2026-08-26T10:44:17.312957+00:00
INTERNAL_MP_108,GENIBEN NAGAJI THAKOR,BANASKANTHA,GUJARAT,Lok Sabha,147000000.0,25832765.0,121167235.0,17.57,0.2596685082872928,-0.656149303251493,127,41,86,24.4,0.4732965009208103,-0.09242049025769952,66,65,1,98.48484848484848,1.5151515151515151,-0.08857070707070706,391405.5303030303,58,254.42,0.12338858195211787,-0.7474310572088598,9.68,2026-08-26T10:44:17.312957+00:00
INTERNAL_MP_109,PRABHUBHAI NAGARBHAI VASAVA,BARDOLI,GUJARAT,Lok Sabha,147000000.0,27468376.0,119531624.0,18.69,0.285451197053407,-0.6060205706702056,253,62,191,19.68,0.39594843462246776,-0.2925235700817095,84,83,1,98.80952380952381,1.1904761904761905,-0.21412698412698414,327004.4761904762,45,632.36,0.3296500920810313,-0.4010245753499117,21.27,2026-08-26T10:44:17.312957+00:00
INTERNAL_MP_110,MANSUKHBHAI DHANJIBHAI VASAVA,BHARUCH,GUJARAT,Lok Sabha,147000000.0,69778294.0,77221706.0,47.47,0.7532228360957642,0.6821088254810885,194,204,-10,51.26,0.8250460405156538,1.046301697045883,244,236,8,96.72131147540983,3.278688524590164,0.593412568306011,285976.61475409835,163,110.16,0.040515653775322284,-0.8796546881369751,4.49,2026-08-26T10:44:17.312957+00:00
INTERNAL_MP_111,NIMUBEN JAYANTIBHAI BAMBHANIYA,BHAVNAGAR,GUJARAT,Lok Sabha,147000000.0,25662379.0,121337621.0,17.46,0.2559852670349908,-0.6610726609157265,34,28,6,45.16,0.7476979742173112,0.7876939032055309,34,34,0,100.0,0.0,-0.6745,754775.8529411765,25,1848.39,0.6906077348066298,0.7135456583774968,38.97,2026-08-26T10:44:17.312957+00:00
INTERNAL_MP_112,JASHUBHAI BHILUBHAI RATHVA,CHHOTA UDAIPUR,GUJARAT,Lok Sabha,147000000.0,40624412.0,106375588.0,27.64,0.429097605893186,-0.20543828798938274,248,100,148,28.74,0.5451197053406999,0.09157259585166559,126,119,7,94.44444444444444,5.555555555555555,1.4739074074074072,322415.9682539682,93,701.74,0.35174953959484345,-0.3374333129501291,24.62,2026-08-26T10:44:17.312957+00:00
INTERNAL_MP_113,JASWANTSINH SUMANBHAI BHABHOR,DAHOD,GUJARAT,Lok Sabha,147000000.0,26203905.0,120796095.0,17.83,0.26703499079189685,-0.6445122760451228,327,68,259,17.22,0.3462246777163904,-0.3968145820238842,89,84,5,94.3820224719101,5.617977528089887,1.4980468164794005,294425.8988764045,55,293.14,0.13812154696132597,-0.7119416700638674,7.85,2026-08-26T10:44:17.312957+00:00
INTERNAL_MP_114,SHRI AMIT SHAH,GANDHINAGAR,GUJARAT,Lok Sabha,147000000.0,11529274.0,135470726.0,7.84,0.10865561694290976,-1.0916426675514266,96,22,74,18.64,0.3729281767955801,-0.33661407919547437,27,27,0,100.0,0.0,-0.6745,427010.14814814815,9,2985.09,0.7863720073664825,1.7554048104362003,43.21,2026-08-26T10:44:17.312957+00:00
INTERNAL_MP_115,SMT POONAMBEN HEMATBHAI MAADAM,JAMNAGAR,GUJARAT,Lok Sabha,147000000.0,25917848.0,121082152.0,17.63,0.26151012891344383,-0.6534638354346384,134,45,89,25.14,0.4880294659300184,-0.061048397234443635,60,55,5,91.66666666666666,8.333333333333332,2.548111111111111,431964.13333333336,56,206.84,0.09023941068139964,-0.7910412080445712,3.86,2026-08-26T10:44:17.312957+00:00
INTERNAL_MP_116,RAJESHBHAI NARANBHAI CHUDASAMA,JUNAGADH,GUJARAT,Lok Sabha,147000000.0,56040284.0,90959716.0,38.12,0.6132596685082873,0.2636234240212343,147,152,-5,50.84,0.8186003683241252,1.0284959145191703,176,170,6,96.5909090909091,3.4090909090909087,0.643840909090909,318410.70454545453,158,77.65,0.027624309392265192,-0.9094522081804592,2.59,2026-08-26T10:44:17.312957+00:00
INTERNAL_MP_117,VINOD CHAVDA,KACHCHH,GUJARAT,Lok Sabha,147000000.0,51051603.0,95948397.0,34.73,0.5488029465930019,0.11189449236894496,256,98,158,27.68,0.5257826887661142,0.0466341923318668,126,119,7,94.44444444444444,5.555555555555555,1.4739074074074072,405171.45238095237,106,147.52,0.058931860036832415,-0.8454118290528605,7.03,2026-08-26T10:44:17.312957+00:00
INTERNAL_MP_118,DEVUSINH JESINGBHAI CHAUHAN,KHEDA,GUJARAT,Lok Sabha,147000000.0,54783374.0,92216626.0,37.27,0.585635359116022,0.2255792966157933,341,247,94,42.01,0.7182320441988951,0.6541505342551852,292,291,1,99.65753424657534,0.3424657534246575,-0.5420639269406392,187614.29452054793,142,106.84,0.03867403314917127,-0.882697683109118,2.83,2026-08-26T10:44:17.312957+00:00
INTERNAL_MP_119,HARIBHAI PATEL,MAHESANA,GUJARAT,Lok Sabha,147000000.0,51281778.0,95718222.0,34.89,0.5543278084714549,0.11905573988055759,427,150,277,26.0,0.49355432780847147,-0.024588937774984207,268,260,8,97.01492537313433,2.9850746268656714,0.47986815920398,191349.91791044775,194,104.76,0.03683241252302026,-0.8846041377904605,5.44,2026-08-26T10:44:17.312957+00:00
INTERNAL_MP_120,C R PATIL,NAVSARI,GUJARAT,Lok Sabha,158532494.36,68363295.0,90169199.36,43.12,0.6979742173112339,0.4874124087591242,141,266,-125,65.36,0.9281767955801105,1.644067253299811,276,262,14,94.92753623188406,5.072463768115942,1.2870893719806764,247693.09782608695,138,250.2,0.11786372007366483,-0.7512989604565836,10.56,2026-08-26T10:44:17.312957+00:00
INTERNAL_MP_121,RAJPALSINH MAHENDRASINH JADAV,PANCHMAHAL,GUJARAT,Lok Sabha,147000000.0,28356198.0,118643802.0,19.29,0.292817679558011,-0.579165892501659,372,89,283,19.31,0.39410681399631675,-0.3082096165933374,132,107,25,81.06060606060606,18.939393939393938,6.64961616161616,214819.68181818182,107,152.13,0.06077348066298342,-0.8411864655523847,5.98,2026-08-26T10:44:17.312957+00:00
INTERNAL_MP_122,BHARATSINHJI SHANKARJI DABHI,PATAN,GUJARAT,Lok Sabha,147000000.0,70906510.0,76093490.0,48.24,0.7679558011049724,0.7165723291307237,157,160,-3,50.47,0.8103130755064457,1.0128098680075421,201,194,7,96.51741293532339,3.482587064676617,0.6722628524046436,352768.7064676617,130,482.52,0.2559852670349908,-0.5383626375866286,19.72,2026-08-26T10:44:17.312957+00:00
INTERNAL_MP_123,DR. MANSUKH MANDAVIYA,PORBANDAR,GUJARAT,Lok Sabha,147000000.0,34762587.0,112237413.0,23.65,0.3701657458563536,-0.384021897810219,238,72,166,23.23,0.4530386740331492,-0.142022313010685,86,85,1,98.83720930232558,1.1627906976744187,-0.2248333333333333,404216.12790697673,68,520.25,0.26887661141804786,-0.5037806495447752,17.26,2026-08-26T10:44:17.312957+00:00
INTERNAL_MP_124,PARSHOTTAMBHAI RUPALA,RAJKOT,GUJARAT,Lok Sabha,147000000.0,40230082.0,106769918.0,27.37,0.42357274401473294,-0.2175228931652288,229,90,139,28.21,0.5395948434622467,0.06910339409176627,96,87,9,90.625,9.375,2.9509375,419063.3541666667,67,182.62,0.07366482504604052,-0.8132404063052044,4.23,2026-08-26T10:44:17.312957+00:00
INTERNAL_MP_125,SHOBHANABEN MAHENDRASINH BARAIYA,SABARKANTHA,GUJARAT,Lok Sabha,147000000.0,51180570.0,95819430.0,34.82,0.5506445672191529,0.11592269409422712,152,122,30,44.53,0.7458563535911602,0.7609852294154619,144,134,10,93.05555555555556,6.944444444444445,2.0110092592592594,355420.625,121,102.83,0.034990791896869246,-0.8863731077592063,2.93,2026-08-26T10:44:17.312957+00:00
INTERNAL_MP_126,MUKESHKUMAR CHANDRAKAANT DALAL,SURAT,GUJARAT,Lok Sabha,147000000.0,26395724.0,120604276.0,17.96,0.26979742173112337,-0.6386937624419375,128,92,36,41.82,0.7108655616942909,0.646095537397863,112,112,0,100.0,0.0,-0.6745,235676.10714285713,28,902.37,0.44014732965009207,-0.15354292702812888,14.01,2026-08-26T10:44:17.312957+00:00
INTERNAL_MP_127,CHANDUBHAI CHHAGANBHAI SHIHORA,SURENDRANAGAR,GUJARAT,Lok Sabha,147000000.0,59047027.0,87952973.0,40.17,0.6546961325966851,0.3553769077637694,109,100,9,47.85,0.7790055248618785,0.9017357008170961,210,208,2,99.04761904761905,0.9523809523809524,-0.30620158730158725,281176.31904761906,147,111.11,0.0423572744014733,-0.8787839516238619,5.07,2026-08-26T10:44:17.312957+00:00
INTERNAL_MP_128,DR. HEMANG JOSHI,VADODARA,GUJARAT,Lok Sabha,147000000.0,68089263.0,78910737.0,46.32,0.7421731123388582,0.6306373589913739,134,71,63,34.63,0.6187845303867403,0.34127749842866134,121,100,21,82.64462809917356,17.355371900826448,6.037053719008266,562721.1818181818,64,333.38,0.1731123388581952,-0.6750591044978937,8.25,2026-08-26T10:44:17.312957+00:00
INTERNAL_MP_129,DHAVAL LAXMANBHAI PATEL,VALSAD,GUJARAT,Lok Sabha,147000000.0,36923530.0,110076470.0,25.12,0.3885819521178637,-0.3182279362972792,176,60,116,25.42,0.49171270718232046,-0.049177875549968414,69,65,4,94.20289855072464,5.797101449275362,1.567316425120773,535123.6231884058,27,2262.87,0.7366482504604052,1.0934434162250302,44.28,2026-08-26T10:44:17.312957+00:00
INTERNAL_MP_130,VARUN CHAUDHRY,AMBALA,HARYANA,Lok Sabha,255454264.0,27537055.0,227917209.0,10.78,0.16022099447513813,-0.9600547445255475,154,3,151,1.91,0.10681399631675875,-1.0458777498428657,104,99,5,95.1923076923077,4.807692307692308,1.1846987179487183,264779.375,46,376.13,0.19889502762430938,-0.6358759614078,7.29,2026-08-26T10:44:17.312957+00:00
INTERNAL_MP_131,SHRI DHARAMBIR SINGH,BHIWANI MAHENDRAGARH,HARYANA,Lok Sabha,147000000.0,61518498.0,85481502.0,41.85,0.6795580110497238,0.43057000663570033,107,103,4,49.05,0.7918968692449355,0.9526093651791323,177,177,0,100.0,0.0,-0.6745,347562.13559322036,61,1606.72,0.6335174953959485,0.49203945508900654,36.96,2026-08-26T10:44:17.312957+00:00
INTERNAL_MP_132,KRISHAN PAL GURJAR,FARIDABAD,HARYANA,Lok Sabha,147000000.0,23658961.0,123341039.0,16.09,0.23756906077348067,-0.7223908427339084,76,6,70,7.32,0.17679558011049723,-0.8165223130106849,46,45,1,97.82608695652173,2.1739130434782608,0.16618115942028983,514325.23913043475,16,1777.44,0.6648250460405156,0.6485153893192008,35.52,2026-08-26T10:44:17.312957+00:00
INTERNAL_MP_133,RAO INDERJIT SINGH,GURGAON,HARYANA,Lok Sabha,147000000.0,22744840.0,124255160.0,15.47,0.21731123388581952,-0.7501406768414068,34,14,20,29.17,0.5524861878453039,0.10980232558139547,28,20,8,71.42857142857143,28.57142857142857,10.374452380952379,812315.7142857143,24,548.64,0.283609576427256,-0.47775937627395026,9.22,2026-08-26T10:44:17.312957+00:00
INTERNAL_MP_134,JAI PARKASH,HISAR,HARYANA,Lok Sabha,147000000.0,67953815.0,79046185.0,46.23,0.7384898710865562,0.6266091572660917,375,68,307,15.35,0.31307550644567217,-0.47609270898805767,330,326,4,98.7878787878788,1.2121212121212122,-0.20575656565656564,205920.65151515152,71,720.5,0.36279926335174956,-0.32023855822802016,18.9,2026-08-26T10:44:17.312957+00:00
INTERNAL_MP_135,MANOHAR LAL,KARNAL,HARYANA,Lok Sabha,147000000.0,16619897.0,130380103.0,11.31,0.1712707182320442,-0.9363331121433311,19,1,18,5.0,0.1427255985267035,-0.914878064110622,13,13,0,100.0,0.0,-0.6745,1278453.6153846155,10,2374.51,0.7476979742173112,1.1957687049870906,36.91,2026-08-26T10:44:17.312957+00:00
INTERNAL_MP_136,NAVEEN JINDAL,KURUKSHETRA,HARYANA,Lok Sabha,147000000.0,61160248.0,85839752.0,41.61,0.6712707182320442,0.41982813536828156,88,113,-25,56.22,0.861878453038674,1.2565795097423003,255,255,0,100.0,0.0,-0.6745,239844.10980392157,115,172.93,0.06813996316758748,-0.8221219187389589,4.59,2026-08-26T10:44:17.312957+00:00
INTERNAL_MP_137,DEEPENDER SINGH HOODA,ROHTAK,HARYANA,Lok Sabha,147000000.0,58466003.0,88533997.0,39.77,0.6445672191528545,0.33747378898473823,107,70,37,39.55,0.6795580110497238,0.5498595223130106,144,142,2,98.61111111111111,1.3888888888888888,-0.13739814814814816,406013.90972222225,81,331.12,0.1694290976058932,-0.6771305408343525,12.83,2026-08-26T10:44:17.312957+00:00
INTERNAL_MP_138,SELJA,SIRSA,HARYANA,Lok Sabha,147000000.0,26636075.0,120363925.0,18.12,0.27255985267034993,-0.6315325149303251,251,59,192,19.03,0.3848987108655617,-0.32008013827781245,152,135,17,88.81578947368422,11.18421052631579,3.650583333333333,175237.3355263158,36,984.74,0.4696132596685083,-0.07804548851746168,23.65,2026-08-26T10:44:17.312957+00:00
INTERNAL_MP_139,SATPAL BRAHAMCHARI,SONEPAT,HARYANA,Lok Sabha,147000000.0,33940251.0,113059749.0,23.09,0.3572744014732965,-0.40908626410086263,212,19,193,8.23,0.18968692449355432,-0.7779431175361404,200,166,34,83.0,17.0,5.899626666666666,169701.255,89,256.03,0.1252302025782689,-0.7459553879603208,8.11,2026-08-26T10:44:17.312957+00:00
INTERNAL_MP_140,ANURAG SINGH THAKUR,HAMIRPUR,HIMACHAL PRADESH,Lok Sabha,149570117.11,18376823.0,131193294.11,12.29,0.17679558011049723,-0.8924704711347048,162,45,117,21.74,0.4300184162062615,-0.20519044626021365,231,224,7,96.96969696969697,3.0303030303030303,0.49735858585858583,79553.34632034632,109,229.31,0.10128913443830571,-0.7704459980975675,8.43,2026-08-26T10:44:17.312957+00:00
INTERNAL_MP_141,RAJEEV BHARDWAJ,KANGRA,HIMACHAL PRADESH,Lok Sabha,179388967.11,80583156.0,98805811.11,44.92,0.7182320441988951,0.5679764432647648,424,197,227,31.72,0.5874769797421732,0.2179088623507228,651,641,10,98.46390168970814,1.5360983102918586,-0.08047030209933437,123783.64976958526,163,253.03,0.12154696132596685,-0.7487050822122571,9.41,2026-08-26T10:44:17.312957+00:00
INTERNAL_MP_142,KANGANA RANAUT,MANDI,HIMACHAL PRADESH,Lok Sabha,147000000.0,48830820.0,98169180.0,33.22,0.5174953959484346,0.044310218978102285,267,53,214,16.56,0.3333333333333333,-0.42479509742300425,304,218,86,71.71052631578947,28.289473684210524,10.265416666666665,160627.69736842104,174,293.53,0.141804788213628,-0.7115842098111157,13.31,2026-08-26T10:44:17.312957+00:00
INTERNAL_MP_143,SURESH KUMAR KASHYAP,SHIMLA,HIMACHAL PRADESH,Lok Sabha,153563957.11,90424211.0,63139746.110000014,58.88,0.8858195211786372,1.1927952886529534,446,83,363,15.69,0.31675874769797424,-0.46167850408548067,591,586,5,99.15397631133672,0.8460236886632826,-0.3473313592780598,153002.04906937396,183,207.02,0.09208103130755065,-0.7908762263894551,5.7,2026-08-26T10:44:17.312957+00:00
INTERNAL_MP_144,MIAN ALTAF AHMAD,ANANTNAG,JAMMU AND KASHMIR,Lok Sabha,147000000.0,24523857.0,122476143.0,16.68,0.24677716390423574,-0.6959837425348374,113,14,99,11.02,0.23204419889502761,-0.6596618478944059,35,35,0,100.0,0.0,-0.6745,700681.6285714286,27,1105.06,0.5101289134438306,0.032235582280200965,28.11,2026-08-26T10:44:17.312957+00:00
INTERNAL_MP_145,ABDUL RASHID SHEIKH,BARAMULLAH,JAMMU AND KASHMIR,Lok Sabha,147000000.0,27714021.0,119285979.0,18.85,0.287292817679558,-0.5988593231585931,114,44,70,27.85,0.5322283609576427,0.05384129478315537,70,67,3,95.71428571428572,4.285714285714286,0.9828428571428571,395914.5857142857,38,664.89,0.3443830570902394,-0.37120872401141464,12.89,2026-08-26T10:44:17.312957+00:00
INTERNAL_MP_146,SHRI JUGAL KISHORE SHARMA,JAMMU,JAMMU AND KASHMIR,Lok Sabha,147000000.0,30369749.0,116630251.0,20.66,0.31675874769797424,-0.5178477106834771,169,42,127,19.91,0.3996316758747698,-0.2827727844123191,96,95,1,98.95833333333334,1.0416666666666665,-0.27167361111111116,316351.5520833333,62,333.99,0.17495395948434622,-0.6745,8.8,2026-08-26T10:44:17.312957+00:00
INTERNAL_MP_147,AGA SYED RUHULLAH MEHDI,SRINAGAR,JAMMU AND KASHMIR,Lok Sabha,147000000.0,20822671.0,126177329.0,14.17,0.20257826887661143,-0.8083258128732581,136,62,74,31.31,0.58195211786372,0.200527027027027,80,65,15,81.25,18.75,6.576375,260283.3875,50,419.38,0.2265193370165746,-0.5962345359423835,12.86,2026-08-26T10:44:17.312957+00:00
INTERNAL_MP_148,JITENDRA SINGH,UDHAMPUR,JAMMU AND KASHMIR,Lok Sabha,147000000.0,47977099.0,99022901.0,32.64,0.5064456721915286,0.018350696748507138,141,185,-44,56.75,0.8655616942909761,1.2790487115021998,219,215,4,98.17351598173516,1.82648401826484,0.03182572298325719,219073.5114155251,123,449.27,0.24125230202578268,-0.5688384155455904,16.36,2026-08-26T10:44:17.312957+00:00
INTERNAL_MP_149,KALI CHARAN SINGH,CHATRA,JHARKHAND,Lok Sabha,147000000.0,49787316.0,97212684.0,33.87,0.5257826887661142,0.07340278699402791,429,75,354,14.88,0.2974217311233886,-0.49601822752985525,291,265,26,91.06529209621993,8.934707903780069,2.78067067583047,171090.43298969071,7,3814.14,0.848987108655617,2.5152828169588255,53.15,2026-08-26T10:44:17.312957+00:00
INTERNAL_MP_150,DULU MAHATO,DHANBAD,JHARKHAND,Lok Sabha,147000000.0,50288360.0,96711640.0,34.21,0.5322283609576427,0.08862043795620457,322,57,265,15.04,0.3020257826887661,-0.48923507228158375,269,267,2,99.25650557620817,0.7434944237918215,-0.3869807930607187,186945.57620817845,4,6167.17,0.9410681399631676,4.671987172170131,76.7,2026-08-26T10:44:17.312957+00:00
INTERNAL_MP_151,NALIN SOREN,DUMKA,JHARKHAND,Lok Sabha,147364097.11,86550781.0,60813316.110000014,58.73,0.8821362799263351,1.1860816191108166,319,106,213,24.94,0.4843462246777164,-0.06952734129478301,289,289,0,100.0,0.0,-0.6745,299483.67128027685,11,1069.51,0.4990791896869245,-0.0003482946052453779,16.87,2026-08-26T10:44:17.312957+00:00
INTERNAL_MP_152,SHRI CHANDRA PRAKASH CHOUDHARY,GIRIDIH,JHARKHAND,Lok Sabha,147000000.0,54889366.0,92110634.0,37.34,0.5893186003683242,0.22871234240212376,625,49,576,7.27,0.17495395948434622,-0.8186420490257698,297,266,31,89.56228956228956,10.437710437710438,3.3619017957351294,184812.68013468012,6,2457.31,0.7532228360957642,1.2716602663405352,29.7,2026-08-26T10:44:17.312957+00:00
INTERNAL_MP_153,NISHIKANT DUBEY,GODDA,JHARKHAND,Lok Sabha,147000000.0,1785510.0,145214490.0,1.21,0.029465930018416207,-1.3883868613138688,2,0,2,0.0,0.03959484346224678,-1.1268516656191072,1,1,0,100.0,0.0,-0.6745,1785510.0,1,10000.0,0.996316758747698,8.1850240453866,100.0,2026-08-26T10:44:17.312957+00:00
INTERNAL_MP_154,MANISH JAISWAL,HAZARIBAGH,JHARKHAND,Lok Sabha,147000000.0,0.0,147000000.0,0.0,0.011970534069981584,-1.442543795620438,164,0,164,0.0,0.03959484346224678,-1.1268516656191072,0,0,0,100.0,0.0,-0.6745,0.0,0,0.0,0.011970534069981584,-0.9806234610680797,0.0,2026-08-26T10:44:17.312957+00:00
INTERNAL_MP_155,BIDYUT BARAN MAHATO,JAMSHEDPUR,JHARKHAND,Lok Sabha,147000000.0,75745972.0,71254028.0,51.53,0.8158379373848987,0.8638254810882552,176,2,174,1.12,0.09392265193370165,-1.0793695788812063,189,189,0,100.0,0.0,-0.6745,400772.3386243386,4,4195.35,0.8747697974217311,2.8646864655523845,48.51,2026-08-26T10:44:17.312957+00:00
INTERNAL_MP_156,KALI CHARAN MUNDA,KHUNTI,JHARKHAND,Lok Sabha,147000000.0,77772545.0,69227455.0,52.91,0.8360957642725598,0.9255912408759126,274,31,243,10.16,0.21915285451197053,-0.6961213073538652,240,240,0,100.0,0.0,-0.6745,324052.2708333333,8,2497.36,0.7587476979742173,1.3083686846038862,38.75,2026-08-26T10:44:17.312957+00:00
INTERNAL_MP_157,ANNPURNA DEVI,KODARMA,JHARKHAND,Lok Sabha,166665931.8,42079828.0,124586103.8,25.25,0.39410681399631675,-0.31240942269409416,303,85,218,21.91,0.43462246777163904,-0.19798334380892507,146,136,10,93.15068493150685,6.8493150684931505,1.9742214611872142,288218.0,5,4273.48,0.8766114180478821,2.936297669520314,54.21,2026-08-26T10:44:17.312957+00:00
INTERNAL_MP_158,SUKHDEO BHAGAT,LOHARDAGA,JHARKHAND,Lok Sabha,171821957.11,138586757.0,33235200.11000001,80.66,0.990791896869245,2.1676201061712015,204,80,124,28.17,0.5377532228360957,0.06740760527969844,358,353,5,98.60335195530726,1.3966480446927374,-0.1343975791433892,387113.8463687151,9,2493.5,0.7550644567219152,1.3048307446663947,40.31,2026-08-26T10:44:17.312957+00:00
INTERNAL_MP_159,VISHNU DAYAL RAM,PALAMU,JHARKHAND,Lok Sabha,158176083.11,83852477.0,74323606.11000001,53.01,0.8379373848987108,0.9300670205706705,154,117,37,43.17,0.7366482504604052,0.703328409805154,333,332,1,99.69969969969969,0.3003003003003003,-0.5583698698698699,251809.24024024024,3,5716.49,0.9300184162062615,4.258909770349231,72.44,2026-08-26T10:44:17.312957+00:00
INTERNAL_MP_160,VIJAY KUMAR HANSDAK,RAJMAHAL,JHARKHAND,Lok Sabha,147223957.11,28886697.0,118337260.11,19.62,0.30478821362799263,-0.5643958195089581,468,0,468,0.0,0.03959484346224678,-1.1268516656191072,302,302,0,100.0,0.0,-0.6745,95651.31456953642,6,3373.96,0.8287292817679558,2.111829345019703,49.5,2026-08-26T10:44:17.312957+00:00
INTERNAL_MP_161,SANJAY SETH,RANCHI,JHARKHAND,Lok Sabha,147064357.11,87528580.0,59535777.110000014,59.52,0.8968692449355433,1.2214402786994034,101,49,52,32.67,0.5966850828729282,0.25818384663733507,238,232,6,97.47899159663865,2.5210084033613445,0.30040756302521004,367767.14285714284,3,6854.43,0.9558011049723757,5.301905462698736,81.76,2026-08-26T10:44:17.312957+00:00
INTERNAL_MP_162,JOBA MAJHI,SINGHBHUM,JHARKHAND,Lok Sabha,147000000.0,59054467.0,87945533.0,40.17,0.6546961325966851,0.3553769077637694,118,0,118,0.0,0.03959484346224678,-1.1268516656191072,127,127,0,100.0,0.0,-0.6745,464995.8031496063,3,3911.8,0.858195211786372,2.6047945305068616,52.05,2026-08-26T10:44:17.312957+00:00
INTERNAL_MP_163,PARVATAGOUDA CHANDANAGOUDA GADDIGOUDAR,BAGALKOT,KARNATAKA,Lok Sabha,167541747.11,63865076.0,103676671.11,38.12,0.6132596685082873,0.2636234240212343,136,92,44,40.35,0.6961325966850829,0.5837752985543683,232,230,2,99.13793103448276,0.8620689655172413,-0.34112643678160925,275280.5,96,212.57,0.09760589318600368,-0.7857892920233728,9.2,2026-08-26T10:44:17.312957+00:00
INTERNAL_MP_164,P C MOHAN,BANGALORE CENTRAL,KARNATAKA,Lok Sabha,159995711.11,10439505.0,149556206.11,6.52,0.09023941068139964,-1.1507229595222297,17,2,15,10.53,0.2265193370165746,-0.6804352608422374,21,21,0,100.0,0.0,-0.6745,497119.28571428574,5,4471.88,0.8858195211786372,3.1181441160483754,48.85,2026-08-26T10:44:17.312957+00:00
INTERNAL_MP_165,SHOBHA KARANDLAJE,BANGALORE NORTH,KARNATAKA,Lok Sabha,147000000.0,61473509.0,85526491.0,41.82,0.6777163904235728,0.42922727272727296,88,21,67,19.27,0.39226519337016574,-0.3099054054054053,104,104,0,100.0,0.0,-0.6745,591091.4326923077,28,613.49,0.3278084714548803,-0.4183201521945917,13.0,2026-08-26T10:44:17.312957+00:00
INTERNAL_MP_166,DR C N MANJUNATH,BANGALORE RURAL,KARNATAKA,Lok Sabha,147000000.0,58047695.0,88952305.0,39.49,0.6372007366482505,0.32494160583941634,170,64,106,27.35,0.5174953959484346,0.032643934632306845,187,178,9,95.18716577540107,4.81283422459893,1.186687165775401,310415.48128342244,40,2444.48,0.7513812154696132,1.2599007405897538,48.11,2026-08-26T10:44:17.312957+00:00
INTERNAL_MP_167,SHRI LS TEJASVI SURYA,BANGALORE SOUTH,KARNATAKA,Lok Sabha,147000000.0,40913804.0,106086196.0,27.83,0.43646408839779005,-0.19693430656934305,112,25,87,18.25,0.3572744014732965,-0.35314802011313623,51,49,2,96.07843137254902,3.9215686274509802,0.8420228758169933,802231.4509803922,20,1220.8,0.5432780847145487,0.13831878651990742,26.64,2026-08-26T10:44:17.312957+00:00
INTERNAL_MP_168,JAGADISH SHETTAR,BELGAUM,KARNATAKA,Lok Sabha,147000000.0,9847651.0,137152349.0,6.7,0.09668508287292818,-1.1426665560716656,171,1,170,0.58,0.08103130755064457,-1.1022627278441228,29,21,8,72.41379310344827,27.586206896551722,9.993454022988505,339574.1724137931,19,596.64,0.30755064456721914,-0.4337642682429678,10.15,2026-08-26T10:44:17.312957+00:00
INTERNAL_MP_169,E. TUKARAM,BELLARY,KARNATAKA,Lok Sabha,147000000.0,14535937.0,132464063.0,9.89,0.143646408839779,-0.9998891838088919,89,2,87,2.2,0.1141804788213628,-1.0335832809553736,25,24,1,96.0,4.0,0.8723533333333333,581437.48,5,4689.22,0.8931860036832413,3.3173502989536616,66.11,2026-08-26T10:44:17.312957+00:00
INTERNAL_MP_170,SAGAR ESHWAR KHANDRE,BIDAR,KARNATAKA,Lok Sabha,147000000.0,15422826.0,131577174.0,10.49,0.15101289134438306,-0.973034505640345,173,5,168,2.81,0.11786372007366483,-1.0077225015713387,50,46,4,92.0,8.0,2.4192066666666667,308456.52,32,448.26,0.23941068139963168,-0.5697641459437424,12.16,2026-08-26T10:44:17.312957+00:00
INTERNAL_MP_171,RAMESH CHANDAPPA JIGAJINAGI,BIJAPUR,KARNATAKA,Lok Sabha,269500000.0,22898132.0,246601868.0,8.5,0.11786372007366483,-1.0621025215660254,362,0,362,0.0,0.03959484346224678,-1.1268516656191072,115,94,21,81.73913043478261,18.26086956521739,6.3872217391304345,199114.19130434783,39,429.44,0.23388581952117865,-0.58701389455089,10.24,2026-08-26T10:44:17.312957+00:00
INTERNAL_MP_172,SUNIL BOSE,CHAMARAJANAGAR,KARNATAKA,Lok Sabha,147000000.0,50427615.0,96572385.0,34.3,0.5340699815837937,0.09264863968148643,91,21,70,18.75,0.38029465930018413,-0.3319506599622877,96,90,6,93.75,6.25,1.7424583333333334,525287.65625,6,3112.68,0.8066298342541437,1.8723493069710555,34.85,2026-08-26T10:44:17.312957+00:00
INTERNAL_MP_173,DR.K.SUDHAKAR,CHIKBALLAPUR,KARNATAKA,Lok Sabha,147000000.0,37428975.0,109571025.0,25.46,0.39594843462246776,-0.30301028533510277,142,18,124,11.25,0.23572744014732966,-0.6499110622250155,134,134,0,100.0,0.0,-0.6745,279320.7089552239,26,2356.25,0.7440147329650092,1.179032232640304,33.92,2026-08-26T10:44:17.312957+00:00
INTERNAL_MP_174,PRIYANKA SATISH JARKIHOLI,CHIKKODI,KARNATAKA,Lok Sabha,147000000.0,17833577.0,129166423.0,12.13,0.17495395948434622,-0.8996317186463171,143,16,127,10.06,0.2154696132596685,-0.7003607793840348,34,32,2,94.11764705882352,5.88235294117647,1.6002843137254898,524516.9705882353,16,1619.47,0.6390423572744015,0.5037256556597363,30.06,2026-08-26T10:44:17.312957+00:00
INTERNAL_MP_175,GOVIND MAKTHAPPA KARJOL,CHITRADURGA,KARNATAKA,Lok Sabha,147000000.0,45195747.0,101804253.0,30.75,0.4843462246777164,-0.06624153948241528,204,19,185,8.52,0.19521178637200737,-0.7656486486486485,121,107,14,88.42975206611571,11.570247933884298,3.7998691460055096,373518.5702479339,37,1980.3,0.7071823204419889,0.8344497146351404,42.87,2026-08-26T10:44:17.312957+00:00
INTERNAL_MP_176,CAPTAIN BRIJESH CHOWTA,DAKSHINA KANNADA,KARNATAKA,Lok Sabha,147000000.0,48429304.0,98570696.0,32.95,0.5138121546961326,0.032225613802256414,131,75,56,36.41,0.6427255985267035,0.4167401005656818,103,93,10,90.29126213592234,9.70873786407767,3.0799983818770227,470187.41747572814,61,280.8,0.13443830570902393,-0.7232520790868324,6.81,2026-08-26T10:44:17.312957+00:00
INTERNAL_MP_177,DR. PRABHA MALLIKARJUN,DAVANAGERE,KARNATAKA,Lok Sabha,147000000.0,57444696.0,89555304.0,39.08,0.6279926335174953,0.30659090909090925,92,5,87,5.15,0.14732965009208104,-0.9085188560653675,90,83,7,92.22222222222223,7.777777777777778,2.33327037037037,638274.4,3,9573.79,0.990791896869245,7.794374983013997,97.83,2026-08-26T10:44:17.312957+00:00
INTERNAL_MP_178,PRALHAD VENKATESH JOSHI,DHARWAD,KARNATAKA,Lok Sabha,147000000.0,20265814.0,126734186.0,13.79,0.18968692449355432,-0.8253337757133378,174,28,146,13.86,0.27440147329650094,-0.5392608422375863,65,55,10,84.61538461538461,15.384615384615385,5.274935897435897,311781.75384615385,35,376.14,0.2007366482504604,-0.6358667957602935,7.81,2026-08-26T10:44:17.312957+00:00
INTERNAL_MP_179,RADHAKRISHNA,GULBARGA,KARNATAKA,Lok Sabha,147000000.0,3254664.0,143745336.0,2.21,0.040515653775322284,-1.3436290643662907,29,0,29,0.0,0.03959484346224678,-1.1268516656191072,2,2,0,100.0,0.0,-0.6745,1627332.0,2,5732.03,0.9318600368324125,4.273153186574262,69.13,2026-08-26T10:44:17.312957+00:00
INTERNAL_MP_180,SHREYAS. M. PATEL,HASSAN,KARNATAKA,Lok Sabha,147000000.0,58328008.0,88671992.0,39.68,0.6408839779005525,0.33344558725945606,181,23,158,11.27,0.23756906077348067,-0.6490631678189815,179,174,5,97.20670391061452,2.793296089385475,0.4057048417132216,325854.7932960894,52,1613.95,0.6353591160220995,0.4986662182361733,37.2,2026-08-26T10:44:17.312957+00:00
INTERNAL_MP_181,BASAVARAJ BOMMAI,HAVERI,KARNATAKA,Lok Sabha,147000000.0,57936447.0,89063553.0,39.41,0.6353591160220995,0.32136098208360986,144,19,125,11.66,0.24125230202578268,-0.6325292269013196,167,166,1,99.40119760479041,0.5988023952095809,-0.44293512974051896,346924.8323353293,17,3939.58,0.861878453038674,2.630256699279793,55.62,2026-08-26T10:44:17.312957+00:00
INTERNAL_MP_182,M. MALLESH BABU,KOLAR,KARNATAKA,Lok Sabha,147065957.11,40766132.0,106299825.11,27.72,0.43462246777163904,-0.2018576642335766,73,3,70,3.95,0.13259668508287292,-0.9593925204274039,122,121,1,99.18032786885246,0.819672131147541,-0.3575218579234972,334148.62295081967,39,852.78,0.4198895027624309,-0.19899537301263767,19.99,2026-08-26T10:44:17.312957+00:00
INTERNAL_MP_183,K. RAJASHEKAR BASAVARAJ HITNAL,KOPPAL,KARNATAKA,Lok Sabha,147000000.0,66577182.0,80422818.0,45.29,0.7237569060773481,0.5845368281353686,126,67,59,34.72,0.6224677716390423,0.34509302325581387,200,199,1,99.5,0.5,-0.4811433333333333,332885.91,46,1064.94,0.49355432780847147,-0.004536995515695108,29.4,2026-08-26T10:44:17.312957+00:00
INTERNAL_MP_184,H.D. KUMARASWAMY,MANDYA,KARNATAKA,Lok Sabha,147000000.0,44450000.0,102550000.0,30.24,0.47513812154696133,-0.0890680159256801,140,7,133,4.76,0.13812154696132597,-0.9250527969830293,127,117,10,92.1259842519685,7.874015748031496,2.37048687664042,350000.0,3,6956.33,0.9613259668508287,5.395303410789508,82.28,2026-08-26T10:44:17.312957+00:00
INTERNAL_MP_185,YADUVEER KRISHNADATTA CHAMARAJA WADIYAR,MYSORE,KARNATAKA,Lok Sabha,147000000.0,62346570.0,84653430.0,42.41,0.6869244935543278,0.45563437292634384,148,34,114,18.68,0.3756906077348066,-0.33491829038340654,178,176,2,98.87640449438202,1.1235955056179776,-0.23999063670411983,350261.62921348313,7,4683.98,0.8913443830570903,3.312547499660279,63.82,2026-08-26T10:44:17.312957+00:00
INTERNAL_MP_186,G. KUMAR NAIK,RAICHUR,KARNATAKA,Lok Sabha,147000000.0,23521564.0,123478436.0,16.0,0.23204419889502761,-0.7264190444591905,119,9,110,7.03,0.16758747697974216,-0.828816781898177,46,44,2,95.65217391304348,4.3478260869565215,1.0068623188405796,511338.347826087,16,1967.6,0.7034990791896869,0.822809342301943,33.48,2026-08-26T10:44:17.312957+00:00
INTERNAL_MP_187,SHRI B Y RAGHAVENDRA,SHIMOGA,KARNATAKA,Lok Sabha,147000000.0,69561261.0,77438739.0,47.32,0.7513812154696132,0.6753951559389518,213,49,164,18.7,0.3775322283609576,-0.3340703959773726,296,295,1,99.66216216216216,0.33783783783783783,-0.5438536036036037,235004.26013513515,11,3061.16,0.7992633517495396,1.8251278910178008,44.83,2026-08-26T10:44:17.312957+00:00
INTERNAL_MP_188,V. SOMANNA,TUMKUR,KARNATAKA,Lok Sabha,147000000.0,32293790.0,114706210.0,21.97,0.3388581952117864,-0.45921499668214993,57,4,53,6.56,0.16206261510128914,-0.8487423004399747,26,17,9,65.38461538461539,34.61538461538461,12.711730769230767,1242068.8461538462,7,3742.92,0.8453038674033149,2.450005075417855,52.56,2026-08-26T10:44:17.312957+00:00
INTERNAL_MP_189,KOTA SRINIVAS POOJARY,UDUPI CHIKMAGALUR,KARNATAKA,Lok Sabha,147000000.0,39870575.0,107129425.0,27.12,0.42173112338858193,-0.22871234240212326,269,51,218,15.94,0.3241252302025783,-0.4510798240100564,110,98,12,89.0909090909091,10.909090909090908,3.544190909090909,362459.7727272727,70,296.78,0.143646408839779,-0.7086053743715178,9.69,2026-08-26T10:44:17.312957+00:00
INTERNAL_MP_190,VISHWESHWAR HEGDE KAGERI,UTTARA KANNADA,KARNATAKA,Lok Sabha,147000000.0,33350000.0,113650000.0,22.69,0.34990791896869244,-0.4269893828798937,113,30,83,20.98,0.4143646408839779,-0.2374104336895033,83,79,4,95.18072289156626,4.819277108433735,1.189178714859438,401807.2289156627,2,8859.34,0.9834254143646409,7.139535296915341,93.93,2026-08-26T10:44:17.312957+00:00
INTERNAL_MP_191,K. C VENUGOPAL,ALAPPUZHA,KERALA,Lok Sabha,147000000.0,44331588.0,102668412.0,30.16,0.4732965009208103,-0.09264863968148628,52,37,15,41.57,0.7053406998158379,0.6354968573224387,67,67,0,100.0,0.0,-0.6745,661665.4925373135,25,1335.79,0.576427255985267,0.24371456719662982,26.41,2026-08-26T10:44:17.312957+00:00
INTERNAL_MP_192,K RADHAKRISHNAN,ALATHUR,KERALA,Lok Sabha,147000000.0,28066021.0,118933979.0,19.09,0.289134438305709,-0.5881174518911746,171,15,156,8.06,0.1860036832412523,-0.7851502199874288,30,30,0,100.0,0.0,-0.6745,935534.0333333333,25,760.16,0.3812154696132597,-0.28388760021742093,16.17,2026-08-26T10:44:17.312957+00:00
INTERNAL_MP_193,ADV ADOOR PRAKASH,ATTINGAL,KERALA,Lok Sabha,147000000.0,28617364.0,118382636.0,19.47,0.2965009208103131,-0.5711094890510948,337,108,229,24.27,0.4696132596685083,-0.09793180389692009,115,111,4,96.52173913043478,3.4782608695652173,0.6705898550724637,248846.64347826087,3,9362.62,0.988950276243094,7.600824004620193,96.73,2026-08-26T10:44:17.312957+00:00
INTERNAL_MP_194,SHRI BENNY BEHANAN,CHALAKUDY,KERALA,Lok Sabha,147000000.0,28691022.0,118308978.0,19.52,0.2983425414364641,-0.5688715992037159,157,13,144,7.65,0.17863720073664824,-0.8025320553111248,33,30,3,90.9090909090909,9.090909090909092,2.8410757575757577,869424.9090909091,18,1065.02,0.4953959484346225,-0.004463670335643538,17.65,2026-08-26T10:44:17.312957+00:00
INTERNAL_MP_195,SHRI HIBI EDEN,ERNAKULAM,KERALA,Lok Sabha,162177260.11,24928980.0,137248280.11,15.37,0.214548802946593,-0.7546164565361647,94,18,76,16.07,0.3278084714548803,-0.4455685103708358,34,34,0,100.0,0.0,-0.6745,733205.2941176471,18,3355.84,0.8250460405156538,2.0952211917380077,55.07,2026-08-26T10:44:17.312957+00:00
INTERNAL_MP_196,ADV DEAN KURIAKOSE,IDUKKI,KERALA,Lok Sabha,147000000.0,58754261.0,88245739.0,39.97,0.6482504604051565,0.34642534837425365,95,95,0,50.0,0.8020257826887661,0.9928843494657447,116,112,4,96.55172413793103,3.4482758620689653,0.6589942528735631,506502.25,34,1456.15,0.6022099447513812,0.3540323005843185,26.53,2026-08-26T10:44:17.312957+00:00
INTERNAL_MP_197,SHRI KUMBAKUDI SUDHAKARAN,KANNUR,KERALA,Lok Sabha,147000000.0,26785182.0,120214818.0,18.22,0.27624309392265195,-0.6270567352355674,232,61,171,20.82,0.4106813996316759,-0.24419358893777485,98,77,21,78.57142857142857,21.428571428571427,7.612214285714285,273318.1836734694,26,958.92,0.4622467771639042,-0.10171119037912771,22.62,2026-08-26T10:44:17.312957+00:00
INTERNAL_MP_198,SHRI RAJMOHAN UNNITHAN,KASARAGOD,KERALA,Lok Sabha,156754633.11,28932795.0,127821838.11,18.46,0.28084714548802947,-0.6163148639681485,151,56,95,27.05,0.5138121546961326,0.019925518541797707,120,111,9,92.5,7.5,2.2258500000000003,241106.625,20,2003.17,0.7090239410681399,0.8554115504824024,30.6,2026-08-26T10:44:17.312957+00:00
INTERNAL_MP_199,SHRI NK PREMACHANDRAN,KOLLAM,KERALA,Lok Sabha,171477994.11,64475987.0,107002007.11,37.6,0.5930018416206262,0.24034936960849396,150,46,104,23.47,0.4567219152854512,-0.13184758013827774,105,105,0,100.0,0.0,-0.6745,614057.0190476191,53,436.68,0.23572744014732966,-0.5803779657562168,10.6,2026-08-26T10:44:17.312957+00:00
INTERNAL_MP_200,ADV K FRANCIS GEORGE,KOTTAYAM,KERALA,Lok Sabha,188722256.11,37467974.0,151254282.11,19.85,0.30939226519337015,-0.5541015262110152,298,53,245,15.1,0.30570902394106814,-0.4866913890634819,82,78,4,95.1219512195122,4.878048780487805,1.2119065040650405,456926.51219512196,51,403.09,0.21915285451197053,-0.6111653757303982,11.77,2026-08-26T10:44:17.312957+00:00
INTERNAL_MP_201,SHRI M K RAGHAVAN,KOZHIKODE,KERALA,Lok Sabha,147000000.0,9365325.0,137634675.0,6.37,0.08839779005524862,-1.1574366290643663,254,14,240,5.22,0.14917127071823205,-0.9055512256442486,26,24,2,92.3076923076923,7.6923076923076925,2.3002179487179486,360204.8076923077,17,882.48,0.430939226519337,-0.17177339991846724,18.03,2026-08-26T10:44:17.312957+00:00
INTERNAL_MP_202,E.T. MOHAMMED BASHEER,MALAPPURAM,KERALA,Lok Sabha,163895872.11,34451493.0,129444379.11,21.02,0.32320441988950277,-0.501734903782349,150,40,110,21.05,0.4171270718232044,-0.23444280326838451,72,68,4,94.44444444444444,5.555555555555555,1.4739074074074072,478492.9583333333,47,1368.03,0.583793738489871,0.2732646147574397,33.27,2026-08-26T10:44:17.312957+00:00
INTERNAL_MP_203,SHRI SURESH KODIKUNNIL,MAVELIKKARA,KERALA,Lok Sabha,172429519.11,41963456.0,130466063.11,24.34,0.3830570902394107,-0.3531390179163901,133,58,75,30.37,0.565377532228361,0.16067598994343188,85,85,0,100.0,0.0,-0.6745,493687.71764705883,28,807.8,0.39410681399631675,-0.24022245549667084,14.91,2026-08-26T10:44:17.312957+00:00
INTERNAL_MP_204,VELLALATH KOCHUKRISHNAN NAIR SREEKANDAN,PALAKKAD,KERALA,Lok Sabha,147000000.0,50584788.0,96415212.0,34.41,0.5359116022099447,0.09757199734571997,107,98,9,47.8,0.7762430939226519,0.8996159648020111,127,124,3,97.63779527559055,2.3622047244094486,0.23899606299212592,398305.41732283466,32,1585.3,0.6298342541436464,0.4724066381301805,31.2,2026-08-26T10:44:17.312957+00:00
INTERNAL_MP_205,ANTO ANTONY,PATHANAMTHITTA,KERALA,Lok Sabha,147000000.0,26984855.0,120015145.0,18.36,0.27808471454880296,-0.6207906436629064,296,60,236,16.85,0.3406998158379374,-0.412500628535512,78,76,2,97.43589743589743,2.564102564102564,0.31707264957264947,345959.6794871795,20,2244.85,0.7329650092081031,1.0769269194183988,42.47,2026-08-26T10:44:17.312957+00:00
INTERNAL_MP_206,DR. M.P ABDUSSAMAD SAMADANI,PONNANI,KERALA,Lok Sabha,170434031.11,15076499.0,155357532.11,8.85,0.12338858195211787,-1.0464372926343728,276,48,228,14.81,0.2946593001841621,-0.498985857950974,53,52,1,98.11320754716981,1.8867924528301887,0.055147798742138376,284462.24528301886,23,592.33,0.3020257826887661,-0.4377146623182498,9.38,2026-08-26T10:44:17.312957+00:00
INTERNAL_MP_207,DR SHASHI THAROOR,THIRUVANANTHAPURAM,KERALA,Lok Sabha,147000000.0,41754577.0,105245423.0,28.4,0.44935543278084716,-0.17142236230922356,74,40,34,35.09,0.6279926335174953,0.36077906976744195,61,61,0,100.0,0.0,-0.6745,684501.262295082,38,588.05,0.2965009208103131,-0.44163755945101246,16.52,2026-08-26T10:44:17.312957+00:00
INTERNAL_MP_208,SURESH GOPI,THRISSUR,KERALA,Lok Sabha,147000000.0,16001891.0,130998109.0,10.89,0.16390423572744015,-0.9551313868613139,75,15,60,16.67,0.3379373848987109,-0.4201316781898175,21,21,0,100.0,0.0,-0.6745,761994.8095238095,14,1167.37,0.5230202578268877,0.08934673189292003,20.62,2026-08-26T10:44:17.312957+00:00
INTERNAL_MP_209,SHAFI PARAMBIL,VADAKARA,KERALA,Lok Sabha,147000000.0,15909800.0,131090200.0,10.82,0.16206261510128914,-0.9582644326476444,228,15,213,6.17,0.16022099447513813,-0.8652762413576364,56,54,2,96.42857142857143,3.571428571428571,0.7066190476190475,284103.5714285714,13,1922.61,0.6979742173112339,0.7815730941704033,26.71,2026-08-26T10:44:17.312957+00:00
INTERNAL_MP_210,PRIYANKA GANDHI VADRA,WAYANAD,KERALA,Lok Sabha,122500000.0,34714501.0,87785499.0,28.34,0.44567219152854515,-0.1741078301260782,81,10,71,10.99,0.2302025782688766,-0.6609336895034568,39,39,0,100.0,0.0,-0.6745,890115.4102564103,22,1789.9,0.6685082872928176,0.6599357861122435,35.64,2026-08-26T10:44:17.312957+00:00
INTERNAL_MP_211,MOHAMED HANEEFA,LADAKH,LADAKH,Lok Sabha,161114542.0,6009392.0,155105150.0,3.73,0.055248618784530384,-1.2755972130059723,55,0,55,0.0,0.03959484346224678,-1.1268516656191072,8,8,0,100.0,0.0,-0.6745,751174.0,6,2079.3,0.7182320441988951,0.925189624949042,34.51,2026-08-26T10:44:17.312957+00:00
INTERNAL_MP_212,MUHAMMED HAMDULLAH SAYEED,LAKSHADWEEP,LAKSHADWEEP,Lok Sabha,153942460.41,39337535.0,114604925.41,25.55,0.39779005524861877,-0.2989820836098207,26,2,24,7.14,0.1721915285451197,-0.8241533626649903,20,20,0,100.0,0.0,-0.6745,1966876.75,18,6895.13,0.9576427255985267,5.339209648050006,82.78,2026-08-26T10:44:17.312957+00:00
INTERNAL_MP_213,BHARTI PARDHI,BALAGHAT,MADHYA PRADESH,Lok Sabha,154398389.01,92426127.0,61972262.00999999,59.86,0.9023941068139963,1.2366579296615796,85,80,5,48.48,0.7845303867403315,0.9284443746071651,491,485,6,98.77800407331976,1.2219959266802443,-0.20193788187372713,188240.58452138494,41,2496.64,0.7569060773480663,1.3077087579834212,43.28,2026-08-26T10:44:17.312957+00:00
INTERNAL_MP_214,DURGA DAS UIKEY,BETUL,MADHYA PRADESH,Lok Sabha,151569502.91,85636977.0,65932525.91,56.5,0.8692449355432781,1.0862717319177178,214,288,-74,57.37,0.8747697974217311,1.3053334380892518,437,435,2,99.54233409610984,0.4576659038901602,-0.49751449275362314,195965.6224256293,73,3338.72,0.8213627992633518,2.0795296032069572,48.82,2026-08-26T10:44:17.312957+00:00
INTERNAL_MP_215,SMT SANDHYA RAY,BHIND,MADHYA PRADESH,Lok Sabha,147000000.0,25218035.0,121781965.0,17.16,0.24861878453038674,-0.6745,68,61,7,47.29,0.7679558011049724,0.8779946574481456,158,158,0,100.0,0.0,-0.6745,159607.81645569621,2,5512.14,0.9226519337016574,4.0716097635548305,66.0,2026-08-26T10:44:17.312957+00:00
INTERNAL_MP_216,ALOK SHARMA,BHOPAL,MADHYA PRADESH,Lok Sabha,147000000.0,62492243.0,84507757.0,42.51,0.6906077348066298,0.4601101526211017,67,22,45,24.72,0.47882136279926335,-0.07885417976115645,84,83,1,98.80952380952381,1.1904761904761905,-0.21412698412698414,743955.2738095238,41,359.5,0.18968692449355432,-0.6511184332110341,7.97,2026-08-26T10:44:17.312957+00:00
INTERNAL_MP_217,BUNTY VIVEK SAHU,CHHINDWARA,MADHYA PRADESH,Lok Sabha,147000000.0,54099699.0,92900301.0,36.8,0.58195211786372,0.20454313205043137,373,100,273,21.14,0.4198895027624309,-0.23062727844123176,440,425,15,96.5909090909091,3.4090909090909087,0.643840909090909,122953.86136363636,273,85.88,0.03130755064456722,-0.9019088802826472,2.77,2026-08-26T10:44:17.312957+00:00
INTERNAL_MP_218,RAHUL SINGH LODHI,DAMOH,MADHYA PRADESH,Lok Sabha,163058785.37,72714957.0,90343828.37,44.59,0.7090239410681399,0.5532063702720641,126,173,-47,57.86,0.8821362799263351,1.3261068510370833,342,340,2,99.41520467836257,0.5847953216374269,-0.44835185185185183,212616.83333333334,40,1523.13,0.6169429097605893,0.41542380758255193,29.38,2026-08-26T10:44:17.312957+00:00
INTERNAL_MP_219,MAHENDRA SINGH SOLANKY,DEWAS,MADHYA PRADESH,Lok Sabha,147000000.0,41462417.0,105537583.0,28.21,0.4438305709023941,-0.1799263437292633,131,10,121,7.09,0.1694290976058932,-0.8262730986800751,107,105,2,98.13084112149532,1.8691588785046727,0.04832866043613698,387499.2242990654,28,828.81,0.40515653775322286,-0.22096543008560957,16.49,2026-08-26T10:44:17.312957+00:00
INTERNAL_MP_220,SAVITRI THAKUR,DHAR,MADHYA PRADESH,Lok Sabha,147000000.0,78825366.0,68174634.0,53.62,0.8434622467771639,0.957369276708693,160,179,-19,52.8,0.848987108655617,1.1115895663104962,479,432,47,90.18789144050105,9.812108559498958,3.1199732080723734,164562.35073068892,64,1556.45,0.6243093922651933,0.4459637450740589,38.23,2026-08-26T10:44:17.312957+00:00
INTERNAL_MP_221,JYOTIRADITYA M. SCINDIA,GUNA,MADHYA PRADESH,Lok Sabha,147000000.0,55870850.0,91129150.0,38.01,0.6086556169429097,0.25870006635700077,18,45,-27,71.43,0.9567219152854513,1.9014032055311123,99,97,2,97.97979797979798,2.0202020202020203,0.1067390572390573,564352.0202020202,50,370.59,0.19705340699815838,-0.6409537301263759,10.47,2026-08-26T10:44:17.312957+00:00
INTERNAL_MP_222,BHARAT SINGH KUSHWAH,GWALIOR,MADHYA PRADESH,Lok Sabha,151455276.04,13426652.0,138028624.04,8.87,0.1252302025782689,-1.0455421366954216,112,4,108,3.45,0.1279926335174954,-0.9805898805782524,40,38,2,95.0,5.0,1.2590666666666668,335666.3,31,539.96,0.281767955801105,-0.4857151583095529,10.31,2026-08-26T10:44:17.312957+00:00
INTERNAL_MP_223,DARSHAN SINGH CHOUDHARY,HOSHANGABAD,MADHYA PRADESH,Lok Sabha,147000000.0,29992552.0,117007448.0,20.4,0.31307550644567217,-0.5294847378898474,348,49,299,12.34,0.2559852670349908,-0.6037008170961657,313,296,17,94.56869009584665,5.431309904153355,1.425859957401491,95822.84984025559,156,352.67,0.18232044198895028,-0.6573785704579427,16.48,2026-08-26T10:44:17.312957+00:00
INTERNAL_MP_224,SHANKAR LALWANI,INDORE,MADHYA PRADESH,Lok Sabha,147000000.0,76896131.0,70103869.0,52.31,0.8305709023941068,0.8987365627073661,137,145,-8,51.42,0.8287292817679558,1.0530848522941545,272,260,12,95.58823529411765,4.411764705882353,1.0315882352941177,282706.36397058825,24,3598.29,0.8379373848987108,2.317442315532001,56.63,2026-08-26T10:44:17.312957+00:00
INTERNAL_MP_225,ASHISH DUBEY,JABALPUR,MADHYA PRADESH,Lok Sabha,147000000.0,23263814.0,123736186.0,15.83,0.2302025782688766,-0.7340278699402787,328,15,313,4.37,0.13443830570902393,-0.941586737900691,138,134,4,97.10144927536231,2.898550724637681,0.44640821256038643,168578.36231884058,26,1838.69,0.6869244935543278,0.7046549802962357,37.23,2026-08-26T10:44:17.312957+00:00
INTERNAL_MP_226,VISHNU DUTT SHARMA,KHAJURAHO,MADHYA PRADESH,Lok Sabha,147000000.0,11209947.0,135790053.0,7.63,0.10497237569060773,-1.101041804910418,132,3,129,2.22,0.11602209944751381,-1.0327353865493398,21,13,8,61.904761904761905,38.095238095238095,14.057436507936506,533807.0,16,1040.87,0.4861878453038674,-0.026598709063731674,21.61,2026-08-26T10:44:17.312957+00:00
INTERNAL_MP_227,GYANESHWAR PATIL,KHANDWA,MADHYA PRADESH,Lok Sabha,155690684.77,86011926.0,69678758.77000001,55.25,0.85451197053407,1.0303244857332452,222,164,58,42.49,0.7274401473296501,0.6745,459,458,1,99.78213507625271,0.2178649237472767,-0.590248729121278,187389.81699346405,82,2155.64,0.7274401473296501,0.9951601780133167,40.37,2026-08-26T10:44:17.312957+00:00
INTERNAL_MP_228,GAJENDRA SINGH PATEL,KHARGONE,MADHYA PRADESH,Lok Sabha,147000000.0,68043845.0,78956155.0,46.29,0.7403314917127072,0.6292946250829464,232,104,128,30.95,0.5755064456721916,0.18526492771841607,382,380,2,99.47643979057592,0.5235602094240838,-0.47203228621291454,178125.24869109946,24,1067.66,0.4972375690607735,-0.0020439393939394104,24.36,2026-08-26T10:44:17.312957+00:00
INTERNAL_MP_229,FAGGAN SINGH KULASTE,MANDLA,MADHYA PRADESH,Lok Sabha,151861648.41,54608168.0,97253480.41,35.96,0.570902394106814,0.16694658261446604,268,31,237,10.37,0.22467771639042358,-0.6872184160905089,286,282,4,98.6013986013986,1.3986013986013985,-0.13364219114219117,190937.65034965036,160,120.72,0.04788213627992634,-0.869975764370159,4.4,2026-08-26T10:44:17.312957+00:00
INTERNAL_MP_230,SHRI SUDHEER GUPTA,MANDSOUR,MADHYA PRADESH,Lok Sabha,148988014.83,20845844.0,128142170.83,13.99,0.19613259668508287,-0.8163822163238221,163,60,103,26.91,0.5119705340699816,0.013990257699560102,169,168,1,99.40828402366864,0.591715976331361,-0.44567554240631163,123348.18934911242,26,1131.94,0.5211786372007366,0.05687284277755125,23.75,2026-08-26T10:44:17.312957+00:00
INTERNAL_MP_231,SHIVMANGAL SINGH TOMAR,MORENA,MADHYA PRADESH,Lok Sabha,147000000.0,20290158.0,126709842.0,13.8,0.19152854511970535,-0.824886197743862,38,28,10,42.42,0.7255985267034991,0.6715323695788812,90,90,0,100.0,0.0,-0.6745,225446.2,26,698.68,0.34990791896869244,-0.3402380010871043,20.43,2026-08-26T10:44:17.312957+00:00
INTERNAL_MP_232,RODMAL NAGAR,RAJGARH,MADHYA PRADESH,Lok Sabha,147000000.0,92107905.0,54892095.0,62.66,0.9281767955801105,1.361979761114798,301,54,247,15.21,0.30755064456721914,-0.48202796983029517,265,265,0,100.0,0.0,-0.6745,347577.0,11,3991.16,0.8674033149171271,2.677533109118086,51.2,2026-08-26T10:44:17.312957+00:00
INTERNAL_MP_233,ANITA NAGARSINGH CHOUHAN,RATLAM,MADHYA PRADESH,Lok Sabha,147000000.0,55091448.0,91908552.0,37.48,0.5911602209944752,0.2349784339747844,129,74,55,36.45,0.6445672191528545,0.41843588937774995,228,222,6,97.36842105263158,2.631578947368421,0.34316666666666656,241629.15789473685,73,456.56,0.2430939226519337,-0.562156658513385,11.43,2026-08-26T10:44:17.312957+00:00
INTERNAL_MP_234,JANARDAN MISHRA,REWA,MADHYA PRADESH,Lok Sabha,147000000.0,86935425.0,60064575.0,59.14,0.8895027624309392,1.2044323158593235,106,1,105,0.93,0.08839779005524862,-1.087424575738529,78,76,2,97.43589743589743,2.564102564102564,0.31707264957264947,1114556.7307692308,35,1785.96,0.6666666666666666,0.6563245209947002,26.47,2026-08-26T10:44:17.312957+00:00
INTERNAL_MP_235,DR. LATA WANKHEDE,SAGAR,MADHYA PRADESH,Lok Sabha,147000000.0,95996591.0,51003409.0,65.3,0.9539594843462247,1.4801403450564037,155,81,74,34.32,0.6151012891344383,0.32813513513513515,250,244,6,97.6,2.4,0.25361199999999995,383986.364,98,589.42,0.3001841620626151,-0.4403818657426281,16.52,2026-08-26T10:44:17.312957+00:00
INTERNAL_MP_236,GANESH SINGH,SATNA,MADHYA PRADESH,Lok Sabha,147000000.0,37994332.0,109005668.0,25.85,0.40331491712707185,-0.2855547445255473,241,77,164,24.21,0.4677716390423573,-0.10047548711502187,179,178,1,99.4413407821229,0.5586592178770949,-0.45845903165735563,212258.83798882682,33,1297.77,0.565377532228361,0.20886677537708914,31.35,2026-08-26T10:44:17.312957+00:00
INTERNAL_MP_237,SMT HIMADRI SINGH,SHAHDOL,MADHYA PRADESH,Lok Sabha,150724861.11,57113796.0,93611065.11,37.89,0.6031307550644567,0.2533291307232915,124,45,79,26.63,0.5027624309392266,0.002119736015084882,166,163,3,98.19277108433735,1.8072289156626504,0.024379518072289094,344059.0120481928,47,506.23,0.26703499079189685,-0.5166308873488246,17.13,2026-08-26T10:44:17.312957+00:00
INTERNAL_MP_238,DR. RAJESH MISHRA,SIDHI,MADHYA PRADESH,Lok Sabha,262724510.35,184783789.0,77940721.35,70.33,0.9779005524861878,1.705272063702721,169,172,-3,50.44,0.8084714548802947,1.0115380263984912,654,633,21,96.78899082568807,3.211009174311927,0.5672400611620796,282544.01987767586,82,1662.85,0.6464088397790055,0.5434862345427365,32.58,2026-08-26T10:44:17.312957+00:00
INTERNAL_MP_239,VIRENDRA KUMAR,TIKAMGARH,MADHYA PRADESH,Lok Sabha,147000000.0,49501421.0,97498579.0,33.67,0.5230202578268877,0.06445122760451251,347,12,335,3.34,0.12338858195211787,-0.985253299811439,219,210,9,95.8904109589041,4.10958904109589,0.9147328767123286,226033.88584474885,175,176.04,0.06998158379373849,-0.8192714023644516,7.13,2026-08-26T10:44:17.312957+00:00
INTERNAL_MP_240,SHRI ANIL FIROJIYA,UJJAIN,MADHYA PRADESH,Lok Sabha,147000000.0,77451399.0,69548601.0,52.69,0.8324125230202578,0.9157445255474456,96,152,-56,61.29,0.9005524861878453,1.4715207416719043,290,286,4,98.62068965517241,1.3793103448275863,-0.14110229885057468,267073.78965517244,90,358.12,0.1878453038674033,-0.6523832925669248,13.39,2026-08-26T10:44:17.312957+00:00
INTERNAL_MP_241,SHIVRAJ SINGH CHOUHAN,VIDISHA,MADHYA PRADESH,Lok Sabha,147000000.0,38851625.0,108148375.0,26.43,0.4125230202578269,-0.25959522229595217,97,10,87,9.35,0.2007366482504604,-0.7304610307982398,128,128,0,100.0,0.0,-0.6745,303528.3203125,68,246.95,0.1141804788213628,-0.7542777958961815,8.03,2026-08-26T10:44:17.312957+00:00
INTERNAL_MP_242,NILESH DNYANDEV LANKE,AHMEDNAGAR,MAHARASHTRA,Lok Sabha,147000000.0,23809461.0,123190539.0,16.2,0.24125230202578268,-0.7174674850696748,73,12,61,14.12,0.27900552486187846,-0.528238214959145,17,17,0,100.0,0.0,-0.6745,1400556.5294117648,12,1177.39,0.5285451197053407,0.0985307106943878,20.06,2026-08-26T10:44:17.312957+00:00
INTERNAL_MP_243,ANUP SANJAY DHOTRE,AKOLA,MAHARASHTRA,Lok Sabha,147000000.0,50063243.0,96936757.0,34.06,0.5285451197053407,0.08190676841406794,59,41,18,41.0,0.6979742173112339,0.6113318667504712,68,65,3,95.58823529411765,4.411764705882353,1.0315882352941177,736224.1617647059,41,343.55,0.17863720073664824,-0.6657376409838294,9.38,2026-08-26T10:44:17.312957+00:00
INTERNAL_MP_244,BALWANT BASWANT WANKHADE,AMRAVATI,MAHARASHTRA,Lok Sabha,198293678.0,93790658.0,104503020.0,47.3,0.7495395948434622,0.6745000000000001,116,51,65,30.54,0.569060773480663,0.1678830923947203,120,105,15,87.5,12.5,4.159416666666667,781588.8166666667,59,262.81,0.13075506445672191,-0.7397410789509444,6.5,2026-08-26T10:44:17.312957+00:00
INTERNAL_MP_245,BHUMARE SANDIPANRAO ASARAM,AURANGABAD,MAHARASHTRA,Lok Sabha,147000000.0,50596352.0,96403648.0,34.42,0.5377532228360957,0.09801957531519599,65,27,38,29.35,0.5543278084714549,0.11743337523570092,37,36,1,97.2972972972973,2.7027027027027026,0.37067117117117115,1367468.972972973,20,956.89,0.4604051565377532,-0.10357181682293799,16.63,2026-08-26T10:44:17.312957+00:00
INTERNAL_MP_246,SMT SUPRIYA SADANAND SULE,BARAMATI,MAHARASHTRA,Lok Sabha,147000000.0,23046333.0,123953667.0,15.68,0.2265193370165746,-0.7407415394824154,116,10,106,7.94,0.18232044198895028,-0.7902375864236326,32,31,1,96.875,3.125,0.5339791666666667,720197.90625,25,462.94,0.24677716390423574,-0.5563089754042668,6.51,2026-08-26T10:44:17.312957+00:00
INTERNAL_MP_247,BAJRANG MANOHAR SONWANE,BEED,MAHARASHTRA,Lok Sabha,165899107.19,37977152.0,127921955.19,22.89,0.35174953959484345,-0.41803782349037816,80,20,60,20.0,0.4014732965009208,-0.27895725958516643,39,37,2,94.87179487179486,5.128205128205128,1.308645299145299,973773.1282051282,19,917.46,0.4438305709023941,-0.13971196494088875,18.12,2026-08-26T10:44:17.312957+00:00
INTERNAL_MP_248,DR. PRASHANT YADAORAO PADOLE,BHANDARA-GONDIYA,MAHARASHTRA,Lok Sabha,159680283.39,14261839.0,145418444.39,8.93,0.1289134438305709,-1.0428566688785668,144,8,136,5.26,0.15193370165745856,-0.9038554368321808,20,18,2,90.0,10.0,3.1926333333333337,713091.95,19,557.14,0.287292817679558,-0.4699685758934638,8.39,2026-08-26T10:44:17.312957+00:00
INTERNAL_MP_249,BALYA MAMA SURESH GOPINATH MHATRE,BHIWANDI,MAHARASHTRA,Lok Sabha,147000000.0,58859568.0,88140432.0,40.04,0.6500920810313076,0.3495583941605841,153,11,142,6.71,0.16390423572744015,-0.84238309239472,73,70,3,95.8904109589041,4.10958904109589,0.9147328767123286,806295.4520547945,34,709.53,0.35543278084714547,-0.33029327354260096,16.81,2026-08-26T10:44:17.312957+00:00
INTERNAL_MP_250,PRATAPRAO JADHAV,BULDHANA,MAHARASHTRA,Lok Sabha,147000000.0,1208028.0,145791972.0,0.82,0.027624309392265192,-1.4058424021234242,68,0,68,0.0,0.03959484346224678,-1.1268516656191072,2,2,0,100.0,0.0,-0.6745,604014.0,1,10000.0,0.996316758747698,8.1850240453866,100.0,2026-08-26T10:44:17.312957+00:00
INTERNAL_MP_251,DHANORKAR PRATIBHA SURESH ALIAS BALUBHAU,CHANDRAPUR,MAHARASHTRA,Lok Sabha,147000000.0,14990871.0,132009129.0,10.2,0.14917127071823205,-0.9860142667551428,69,7,62,9.21,0.19889502762430938,-0.7363962916404774,14,14,0,100.0,0.0,-0.6745,1070776.5,12,1040.64,0.4843462246777164,-0.026809518956379938,16.42,2026-08-26T10:44:17.312957+00:00
INTERNAL_MP_252,BACHHAV SHOBHA DINESH,DHULE,MAHARASHTRA,Lok Sabha,147000000.0,13135243.0,133864757.0,8.94,0.13075506445672191,-1.042409090909091,79,13,66,14.13,0.281767955801105,-0.5278142677561279,14,12,2,85.71428571428571,14.285714285714285,4.84997619047619,938231.6428571428,9,1361.37,0.58195211786372,0.26716029351814086,22.84,2026-08-26T10:44:17.312957+00:00
INTERNAL_MP_253,BHASKAR MURLIDHAR BHAGARE,DINDORI,MAHARASHTRA,Lok Sabha,147000000.0,34081627.0,112918373.0,23.18,0.36095764272559855,-0.40505806237558056,100,19,81,15.97,0.3259668508287293,-0.44980798240100545,37,35,2,94.5945945945946,5.405405405405405,1.4158423423423423,921125.0540540541,23,814.71,0.39779005524861877,-0.23388899306971056,16.94,2026-08-26T10:44:17.312957+00:00
INTERNAL_MP_254,DR. KIRSAN NAMDEO,GADCHIROLI-CHIMUR,MAHARASHTRA,Lok Sabha,147000000.0,22599453.0,124400547.0,15.37,0.214548802946593,-0.7546164565361647,148,18,130,10.84,0.2283609576427256,-0.6672928975487112,26,26,0,100.0,0.0,-0.6745,869209.7307692308,18,1044.51,0.4880294659300184,-0.02326241337138208,25.74,2026-08-26T10:44:17.312957+00:00
INTERNAL_MP_255,DHAIRYASHEEL SAMBHAJIRAO MANE,HATKANANGLE,MAHARASHTRA,Lok Sabha,147000000.0,7519206.0,139480794.0,5.12,0.07366482504604052,-1.2133838752488388,13,4,9,23.53,0.4604051565377532,-0.12930389692017583,5,5,0,100.0,0.0,-0.6745,1503841.2,5,2578.6,0.7679558011049724,1.3828304049463238,41.05,2026-08-26T10:44:17.312957+00:00
INTERNAL_MP_256,AASHTIKAR PATIL NAGESH BAPURAO,HINGOLI,MAHARASHTRA,Lok Sabha,190289442.0,67522042.0,122767400.0,35.48,0.5616942909760589,0.14546284007962842,78,38,40,32.76,0.6003683241252302,0.26199937146448765,68,67,1,98.52941176470588,1.4705882352941175,-0.10580392156862749,992971.2058823529,25,1296.14,0.56353591160221,0.20737277483353714,30.6,2026-08-26T10:44:17.312957+00:00
INTERNAL_MP_257,SMITA UDAY WAGH,JALGAON,MAHARASHTRA,Lok Sabha,148107373.11,14030677.0,134076696.11,9.47,0.13443830570902393,-1.0186874585268748,1,9,-8,90.0,0.9953959484346224,2.688673161533626,9,9,0,100.0,0.0,-0.6745,1558964.111111111,8,1807.23,0.6758747697974218,0.6758198532409293,28.5,2026-08-26T10:44:17.312957+00:00
INTERNAL_MP_258,KALYAN VAIJINATHRAO KALE,JALNA,MAHARASHTRA,Lok Sabha,147000000.0,39751304.0,107248696.0,27.04,0.4171270718232044,-0.2322929661579296,42,19,23,31.15,0.578268876611418,0.19374387177875546,42,40,2,95.23809523809523,4.761904761904762,1.1669920634920634,946459.619047619,31,402.27,0.21731123388581952,-0.6119169588259274,7.54,2026-08-26T10:44:17.312957+00:00
INTERNAL_MP_259,SHRIKANT EKNATH SHINDE,KALYAN,MAHARASHTRA,Lok Sabha,147000000.0,325000.0,146675000.0,0.22,0.02394106813996317,-1.432697080291971,2,0,2,0.0,0.03959484346224678,-1.1268516656191072,1,1,0,100.0,0.0,-0.6745,325000.0,1,10000.0,0.996316758747698,8.1850240453866,100.0,2026-08-26T10:44:17.312957+00:00
INTERNAL_MP_260,CHHATRAPATI SHAHU SHAHAJI,KOLHAPUR,MAHARASHTRA,Lok Sabha,147000000.0,33696592.0,113303408.0,22.92,0.35359116022099446,-0.4166950895819508,79,22,57,21.78,0.43278084714548803,-0.20349465744814563,34,34,0,100.0,0.0,-0.6745,991076.2352941176,26,465.09,0.2504604051565378,-0.5543383611903792,8.86,2026-08-26T10:44:17.312957+00:00
INTERNAL_MP_261,DR KALGE SHIVAJI BANDAPPA,LATUR,MAHARASHTRA,Lok Sabha,147000000.0,28846420.0,118153580.0,19.62,0.30478821362799263,-0.5643958195089581,89,26,63,22.61,0.44567219152854515,-0.16830703959773718,34,32,2,94.11764705882352,5.88235294117647,1.6002843137254898,848424.1176470588,30,405.75,0.22099447513812154,-0.6087273134936811,6.9,2026-08-26T10:44:17.312957+00:00
INTERNAL_MP_262,MOHITE PATIL DHAIRYASHEEL RAJSINH,MADHA,MAHARASHTRA,Lok Sabha,195613601.7,8828612.0,186784989.7,4.51,0.06813996316758748,-1.2406861313868613,218,41,177,15.83,0.32044198895027626,-0.45574324324324306,41,41,0,100.0,0.0,-0.6745,215332.0,2,8643.66,0.9797421731123389,6.941850611496125,92.68,2026-08-26T10:44:17.312957+00:00
INTERNAL_MP_263,SHRIRANG APPA BARNE,MAVAL,MAHARASHTRA,Lok Sabha,147000000.0,35720911.0,111279089.0,24.3,0.38029465930018413,-0.3549293297942932,75,32,43,29.91,0.5580110497237569,0.14117441860465121,53,53,0,100.0,0.0,-0.6745,673979.4528301887,19,1328.71,0.572744014732965,0.23722528876205998,25.11,2026-08-26T10:44:17.312957+00:00
INTERNAL_MP_264,PIYUSH VEDPRAKASH GOYAL,MUMBAI NORTH,MAHARASHTRA,Lok Sabha,147000000.0,30848998.0,116151002.0,20.99,0.32044198895027626,-0.5030776376907764,49,0,49,0.0,0.03959484346224678,-1.1268516656191072,17,13,4,76.47058823529412,23.52941176470588,8.42463725490196,1814646.9411764706,16,662.95,0.3388581952117864,-0.3729868596276668,9.63,2026-08-26T10:44:17.312957+00:00
INTERNAL_MP_265,SANJAY DINA PATIL,MUMBAI NORTH EAST,MAHARASHTRA,Lok Sabha,147000000.0,5955517.0,141044483.0,4.05,0.058931860036832415,-1.2612747179827473,40,0,40,0.0,0.03959484346224678,-1.1268516656191072,3,2,1,66.66666666666666,33.33333333333333,12.215944444444442,1985172.3333333333,2,6133.77,0.9392265193370166,4.641373909498572,73.81,2026-08-26T10:44:17.312957+00:00
INTERNAL_MP_266,RAVINDRA DATTARAM WAIKAR,MUMBAI NORTH WEST,MAHARASHTRA,Lok Sabha,147000000.0,53799122.0,93200878.0,36.6,0.580110497237569,0.19559157266091598,67,0,67,0.0,0.03959484346224678,-1.1268516656191072,24,20,4,83.33333333333334,16.666666666666664,5.770722222222221,2241630.0833333335,17,840.64,0.4106813996316759,-0.21012246908547363,14.79,2026-08-26T10:44:17.312957+00:00
INTERNAL_MP_267,GAIKWAD VARSHA EKNATH,MUMBAI NORTH-CENTRAL,MAHARASHTRA,Lok Sabha,147000000.0,92563767.0,54436233.0,62.97,0.9318600368324125,1.375854678168547,57,0,57,0.0,0.03959484346224678,-1.1268516656191072,54,51,3,94.44444444444444,5.555555555555555,1.4739074074074072,1714143.8333333333,33,756.95,0.37937384898710863,-0.2868297730669928,20.07,2026-08-26T10:44:17.312957+00:00
INTERNAL_MP_268,ARVIND GANPAT SAWANT,MUMBAI SOUTH,MAHARASHTRA,Lok Sabha,147000000.0,28859509.0,118140491.0,19.63,0.30755064456721914,-0.5639482415394824,46,14,32,23.33,0.4548802946593002,-0.13778284098051535,18,18,0,100.0,0.0,-0.6745,1603306.0555555555,7,1799.89,0.6740331491712708,0.6690922679711916,27.13,2026-08-26T10:44:17.312957+00:00
INTERNAL_MP_269,ANIL YESHWANT DESAI,MUMBAI SOUTH CENTRAL,MAHARASHTRA,Lok Sabha,147000000.0,7792570.0,139207430.0,5.3,0.07550644567219153,-1.2053274717982747,34,0,34,0.0,0.03959484346224678,-1.1268516656191072,4,3,1,75.0,25.0,8.993333333333332,1948142.5,3,3521.13,0.8342541436464088,2.246720179372197,43.6,2026-08-26T10:44:17.312957+00:00
INTERNAL_MP_270,NITIN JAIRAM GADKARI,NAGPUR,MAHARASHTRA,Lok Sabha,168195086.11,46558565.0,121636521.11,27.68,0.430939226519337,-0.2036479761114797,48,19,29,28.36,0.5414364640883977,0.07546260213702077,35,29,6,82.85714285714286,17.142857142857142,5.954871428571428,1330244.7142857143,24,1059.51,0.49171270718232046,-0.009513942111700058,27.14,2026-08-26T10:44:17.312957+00:00
INTERNAL_MP_271,CHAVAN VASANTRAO BALWANTRAO,NANDED,MAHARASHTRA,Lok Sabha,0.0,0.0,0.0,0.0,0.011970534069981584,-1.442543795620438,0,0,0,0.0,0.03959484346224678,-1.1268516656191072,0,0,0,100.0,0.0,-0.6745,0.0,0,0.0,0.011970534069981584,-0.9806234610680797,0.0,2026-08-26T10:44:17.312957+00:00
INTERNAL_MP_272,RAVINDRA VASANTRAO CHAVAN,NANDED,MAHARASHTRA,Lok Sabha,147000000.0,39344293.0,107655707.0,26.76,0.4143646408839779,-0.24482514930325133,115,26,89,18.44,0.36372007366482506,-0.34509302325581376,48,44,4,91.66666666666666,8.333333333333332,2.548111111111111,819672.7708333334,40,428.42,0.23204419889502761,-0.5879487905965484,13.88,2026-08-26T10:44:17.312957+00:00
INTERNAL_MP_273,ADV GOWAAL KAGADA PADAVI,NANDURBAR,MAHARASHTRA,Lok Sabha,147816309.11,32041066.0,115775243.11,21.68,0.3314917127071823,-0.47219475779694753,90,189,-99,67.74,0.9429097605893186,1.74496668761785,189,189,0,100.0,0.0,-0.6745,169529.44973544974,3,4316.5,0.8784530386740331,2.9757282850930826,57.67,2026-08-26T10:44:17.312957+00:00
INTERNAL_MP_274,RAJABHAU,NASHIK,MAHARASHTRA,Lok Sabha,152878682.11,44799862.0,108078820.11,29.3,0.4622467771639042,-0.13114034505640332,89,21,68,19.09,0.3885819521178637,-0.31753645505971073,47,42,5,89.36170212765957,10.638297872340425,3.4394716312056737,953188.5531914893,36,361.96,0.19152854511970535,-0.6488636839244463,8.9,2026-08-26T10:44:17.312957+00:00
INTERNAL_MP_275,OMPRAKASH BHUPALSINH ALIAS PAWAN RAJENIMBALKAR,OSMANABAD,MAHARASHTRA,Lok Sabha,184758519.11,27342263.0,157416256.11,14.8,0.20994475138121546,-0.780128400796284,164,29,135,15.03,0.3001841620626151,-0.4896590194846007,43,39,4,90.69767441860465,9.30232558139535,2.9228333333333336,635866.5813953489,34,381.29,0.20257826887661143,-0.6311464872944694,6.92,2026-08-26T10:44:17.312957+00:00
INTERNAL_MP_276,DR. HEMANT VISHNU SAVARA,PALGHAR,MAHARASHTRA,Lok Sabha,147000000.0,8415952.0,138584048.0,5.73,0.07918968692449356,-1.186081619110816,84,1,83,1.18,0.09760589318600368,-1.0768258956631045,11,10,1,90.9090909090909,9.090909090909092,2.8410757575757577,765086.5454545454,8,1279.92,0.5580110497237569,0.1925060945780676,17.51,2026-08-26T10:44:17.312957+00:00
INTERNAL_MP_277,SANJAY HARIBHAU JADHAV,PARBHANI,MAHARASHTRA,Lok Sabha,147000000.0,40999822.0,106000178.0,27.89,0.43922651933701656,-0.19424883875248825,56,28,28,33.33,0.6077348066298343,0.286164362036455,49,49,0,100.0,0.0,-0.6745,836731.0612244898,32,531.39,0.27440147329650094,-0.4935701182225846,14.63,2026-08-26T10:44:17.312957+00:00
INTERNAL_MP_278,MURLIDHAR MOHOL,PUNE,MAHARASHTRA,Lok Sabha,147000000.0,18945481.0,128054519.0,12.89,0.18047882136279927,-0.865615792966158,87,12,75,12.12,0.2504604051565378,-0.613027655562539,19,19,0,100.0,0.0,-0.6745,997130.5789473684,8,1413.64,0.5930018416206262,0.3150691330343796,15.83,2026-08-26T10:44:17.312957+00:00
INTERNAL_MP_279,SUNIL DATTATRAY TATKARE,RAIGAD,MAHARASHTRA,Lok Sabha,147000000.0,58660128.0,88339872.0,39.9,0.6464088397790055,0.3432923025879232,44,18,26,29.03,0.5506445672191529,0.10386706473915785,73,71,2,97.26027397260275,2.73972602739726,0.38498858447488576,803563.3972602739,26,602.15,0.3149171270718232,-0.42871399646691133,11.01,2026-08-26T10:44:17.312957+00:00
INTERNAL_MP_280,SHYAMKUMAR,RAMTEK,MAHARASHTRA,Lok Sabha,147000000.0,5141086.0,141858914.0,3.5,0.05156537753222836,-1.2858915063039151,34,1,33,2.86,0.11970534069981584,-1.0056027655562536,6,5,1,83.33333333333334,16.666666666666664,5.770722222222221,856847.6666666666,6,1826.13,0.6850828729281768,0.6931429270281287,23.11,2026-08-26T10:44:17.312957+00:00
INTERNAL_MP_281,NARAYAN TATU RANE,RATNAGIRI-SINDHUDURG,MAHARASHTRA,Lok Sabha,147000000.0,22993974.0,124006026.0,15.64,0.22007366482504603,-0.7425318513603185,70,25,45,26.32,0.4972375690607735,-0.011022627278441145,39,36,3,92.3076923076923,7.6923076923076925,2.3002179487179486,589589.0769230769,25,593.09,0.30386740331491713,-0.4370180731077592,13.18,2026-08-26T10:44:17.312957+00:00
INTERNAL_MP_282,SMT RAKSHA NIKHIL KHADSE,RAVER,MAHARASHTRA,Lok Sabha,153112586.11,5871973.0,147240613.11,3.84,0.0570902394106814,-1.2706738553417387,6,3,3,33.33,0.6077348066298343,0.286164362036455,3,3,0,100.0,0.0,-0.6745,1957324.3333333333,3,3948.97,0.8655616942909761,2.638863242288354,50.66,2026-08-26T10:44:17.312957+00:00
INTERNAL_MP_283,VISHAL,SANGLI,MAHARASHTRA,Lok Sabha,147000000.0,20615077.0,126384923.0,14.02,0.19889502762430938,-0.8150394824153949,73,11,62,13.1,0.26519337016574585,-0.571480829666876,21,20,1,95.23809523809523,4.761904761904762,1.1669920634920634,981670.3333333334,18,611.84,0.32044198895027626,-0.4198324840331567,9.68,2026-08-26T10:44:17.312957+00:00
INTERNAL_MP_284,SHRIMANT CHH UDAYANRAJE PRATAPSINHAMAHARAJ BHONSLE,SATARA,MAHARASHTRA,Lok Sabha,147000000.0,16135149.0,130864851.0,10.98,0.16758747697974216,-0.9511031851360319,118,16,102,11.94,0.24493554327808473,-0.6206587052168446,21,20,1,95.23809523809523,4.761904761904762,1.1669920634920634,768340.4285714285,21,537.06,0.27808471454880296,-0.4883731960864248,9.23,2026-08-26T10:44:17.312957+00:00
INTERNAL_MP_285,BHAUSAHEB RAJARAM WAKCHAURE,SHIRDI,MAHARASHTRA,Lok Sabha,147000000.0,19420448.0,127579552.0,13.21,0.1832412523020258,-0.851293297942933,126,11,115,8.03,0.1841620626151013,-0.7864220615964799,32,32,0,100.0,0.0,-0.6745,606889.0,21,638.65,0.3333333333333333,-0.3952593830683518,12.67,2026-08-26T10:44:17.312957+00:00
INTERNAL_MP_286,AMOL RAMSING KOLHE,SHIRUR,MAHARASHTRA,Lok Sabha,147000000.0,20561770.0,126438230.0,13.99,0.19613259668508287,-0.8163822163238221,96,15,81,13.51,0.27071823204419887,-0.5540989943431802,25,25,0,100.0,0.0,-0.6745,822470.8,14,885.1,0.43278084714548803,-0.1693720002717761,14.59,2026-08-26T10:44:17.312957+00:00
INTERNAL_MP_287,PRANITI SUSHILKUMAR SHINDE,SOLAPUR,MAHARASHTRA,Lok Sabha,147000000.0,8440395.0,138559605.0,5.74,0.08103130755064457,-1.1856340411413404,122,2,120,1.61,0.10313075506445672,-1.058596165933375,9,9,0,100.0,0.0,-0.6745,937821.6666666666,8,1420.74,0.5948434622467772,0.32157674276396236,23.62,2026-08-26T10:44:17.312957+00:00
INTERNAL_MP_288,NARESH GANPAT MHASKE,THANE,MAHARASHTRA,Lok Sabha,147000000.0,0.0,147000000.0,0.0,0.011970534069981584,-1.442543795620438,0,0,0,0.0,0.03959484346224678,-1.1268516656191072,0,0,0,100.0,0.0,-0.6745,0.0,0,0.0,0.011970534069981584,-0.9806234610680797,0.0,2026-08-26T10:44:17.312957+00:00
INTERNAL_MP_289,AMAR SHARADRAO KALE,WARDHA,MAHARASHTRA,Lok Sabha,147000000.0,32855968.0,114144032.0,22.35,0.3425414364640884,-0.4422070338420702,79,29,50,26.85,0.5082872928176796,0.011446574481458333,40,38,2,95.0,5.0,1.2590666666666668,821399.2,15,934.82,0.44935543278084716,-0.1238004008696834,17.08,2026-08-26T10:44:17.312957+00:00
INTERNAL_MP_290,SANJAY UTTAMRAO DESHMUKH,YAVATMAL-WASHIM,MAHARASHTRA,Lok Sabha,185640423.0,24518118.0,161122305.0,13.21,0.1832412523020258,-0.851293297942933,101,23,78,18.55,0.3701657458563536,-0.3404296040226271,42,41,1,97.61904761904762,2.380952380952381,0.24624603174603174,583764.7142857143,24,663.32,0.3406998158379374,-0.37264773066992796,16.06,2026-08-26T10:44:17.312957+00:00
INTERNAL_MP_291,ANGOMCHA BIMOL AKOIJAM,INNER MANIPUR,MANIPUR,Lok Sabha,147000000.0,93860392.0,53139608.0,63.85,0.9355432780847146,1.415241539482416,29,21,8,42.0,0.716390423572744,0.6537265870521684,67,66,1,98.50746268656717,1.4925373134328357,-0.09731592039801,1400901.3731343283,3,7639.66,0.9668508287292817,6.021619601848076,86.91,2026-08-26T10:44:17.312957+00:00
INTERNAL_MP_292,ALFRED KANNGAM S ARTHUR,OUTER MANIPUR,MANIPUR,Lok Sabha,147000000.0,84951963.0,62048037.0,57.79,0.8710865561694291,1.144009289980093,20,15,5,42.86,0.7338858195211786,0.6901860465116277,72,70,2,97.22222222222221,2.7777777777777777,0.39970370370370367,1179888.375,8,3356.17,0.8268876611418048,2.0955236581057206,49.44,2026-08-26T10:44:17.312957+00:00
INTERNAL_MP_293,ANDREW J. SYNGKON,SHILLONG,MEGHALAYA,Lok Sabha,98000000.0,70355000.0,27645000.0,71.79,0.9797421731123389,1.7706184472461852,146,96,50,39.67,0.6813996316758748,0.5549468887492143,320,318,2,99.375,0.625,-0.43280416666666666,219859.375,214,71.63,0.02394106813996317,-0.9149699279793451,3.41,2026-08-26T10:44:17.312957+00:00
INTERNAL_MP_294,SALENG A SANGMA,TURA,MEGHALAYA,Lok Sabha,147000000.0,96785000.0,50215000.0,65.84,0.9594843462246777,1.5043095554080963,218,119,99,35.31,0.6353591160220995,0.3701059082338153,424,420,4,99.05660377358491,0.9433962264150944,-0.3096761006289308,228266.50943396226,161,827.61,0.4014732965009208,-0.22206530778638406,27.38,2026-08-26T10:44:17.312957+00:00
INTERNAL_MP_295,RICHARD VANLALHMANGAIHA,MIZORAM,MIZORAM,Lok Sabha,147000000.0,94866729.0,52133271.0,64.54,0.9392265193370166,1.4461244193762448,132,134,-2,50.38,0.8066298342541437,1.0089943431803896,317,316,1,99.6845425867508,0.31545741324921134,-0.5525084121976866,299264.12933753943,147,113.64,0.04604051565377532,-0.8764650428047288,2.89,2026-08-26T10:44:17.312957+00:00
INTERNAL_MP_296,S SUPONGMEREN JAMIR,NAGALAND,NAGALAND,Lok Sabha,147000000.0,138150000.0,8850000.0,93.98,1.0,2.7637939615129405,18,38,-20,67.86,0.9447513812154696,1.7500540540540537,81,81,0,100.0,0.0,-0.6745,1705555.5555555555,50,717.96,0.3572744014732965,-0.3225666326946596,13.68,2026-08-26T10:44:17.312957+00:00
INTERNAL_MP_297,ANITA SUBHADARSHINI,ASKA,ODISHA,Lok Sabha,147000000.0,13418448.0,133581552.0,9.13,0.13259668508287292,-1.033905109489051,123,17,106,12.14,0.2523020257826888,-0.6121797611565051,34,32,2,94.11764705882352,5.88235294117647,1.6002843137254898,394660.23529411765,25,789.14,0.3848987108655617,-0.25732555374371524,20.58,2026-08-26T10:44:17.312957+00:00
INTERNAL_MP_298,PRATAP CHANDRA SARANGI,BALASORE,ODISHA,Lok Sabha,147064254.11,2525000.0,144539254.11,1.72,0.03314917127071823,-1.3655603848706042,117,10,107,7.87,0.18047882136279927,-0.7932052168447514,10,10,0,100.0,0.0,-0.6745,252500.0,3,3608.47,0.8397790055248618,2.326772944693572,40.59,2026-08-26T10:44:17.312957+00:00
INTERNAL_MP_299,PRADEEP PUROHIT,BARGARH,ODISHA,Lok Sabha,147000000.0,30901278.0,116098722.0,21.02,0.32320441988950277,-0.501734903782349,241,41,200,14.54,0.287292817679558,-0.5104324324324323,112,105,7,93.75,6.25,1.7424583333333334,275904.26785714284,50,310.71,0.15285451197053407,-0.6958376273950264,8.2,2026-08-26T10:44:17.312957+00:00
INTERNAL_MP_300,DR. PRADEEP KUMAR PANIGRAHY,BERHAMPUR,ODISHA,Lok Sabha,147000000.0,0.0,147000000.0,0.0,0.011970534069981584,-1.442543795620438,111,0,111,0.0,0.03959484346224678,-1.1268516656191072,0,0,0,100.0,0.0,-0.6745,0.0,0,0.0,0.011970534069981584,-0.9806234610680797,0.0,2026-08-26T10:44:17.312957+00:00
INTERNAL_MP_301,AVIMANYU SETHI,BHADRAK,ODISHA,Lok Sabha,147000000.0,23107575.0,123892425.0,15.72,0.2283609576427256,-0.7389512276045123,251,27,224,9.71,0.20810313075506445,-0.7151989314896289,67,65,2,97.01492537313433,2.9850746268656714,0.47986815920398,344889.17910447763,51,281.52,0.13627992633517497,-0.7225921524663677,8.66,2026-08-26T10:44:17.312957+00:00
INTERNAL_MP_302,SMT APARAJITA SARANGI,BHUBANESWAR,ODISHA,Lok Sabha,147420861.41,30447444.0,116973417.41,20.65,0.3149171270718232,-0.5182952886529529,230,47,183,16.97,0.3425414364640884,-0.4074132620993085,212,189,23,89.15094339622641,10.849056603773585,3.5209748427672958,143620.01886792452,38,633.0,0.3314917127071823,-0.4004379739094986,12.81,2026-08-26T10:44:17.312957+00:00
INTERNAL_MP_303,SMT SANGEETA KUMARI SINGH DEO,BOLANGIR,ODISHA,Lok Sabha,147000000.0,4193424.0,142806576.0,2.85,0.04419889502762431,-1.3149840743198409,225,3,222,1.32,0.09944751381215469,-1.070890634820867,14,13,1,92.85714285714286,7.142857142857142,2.087738095238095,299530.28571428574,14,756.29,0.3775322283609576,-0.28743470580241887,11.92,2026-08-26T10:44:17.312957+00:00
INTERNAL_MP_304,SHRI BHARTRUHARI MAHTAB,CUTTACK,ODISHA,Lok Sabha,147000000.0,35411567.0,111588433.0,24.09,0.3738489871086556,-0.36432846715328465,397,86,311,17.81,0.35359116022099446,-0.37180169704588295,269,268,1,99.62825278810409,0.37174721189591076,-0.5307403965303594,131641.51301115242,60,307.07,0.14732965009208104,-0.699173923087376,8.04,2026-08-26T10:44:17.312957+00:00
INTERNAL_MP_305,RUDRA NARAYAN PANY,DHENKANAL,ODISHA,Lok Sabha,155013957.11,3039057.0,151974900.11,1.96,0.03683241252302026,-1.3548185136031852,79,0,79,0.0,0.03959484346224678,-1.1268516656191072,22,22,0,100.0,0.0,-0.6745,138138.95454545456,14,1474.21,0.6077348066298343,0.3705854599809756,21.27,2026-08-26T10:44:17.312957+00:00
INTERNAL_MP_306,BIBHU PRASAD TARAI,JAGATSINGHPUR,ODISHA,Lok Sabha,147000000.0,16033683.0,130966317.0,10.91,0.16574585635359115,-0.9542362309223623,324,15,309,4.42,0.13627992633517497,-0.9394670018856062,74,73,1,98.64864864864865,1.3513513513513513,-0.15191441441441444,216671.3918918919,33,1509.76,0.6151012891344383,0.40316933686642187,32.93,2026-08-26T10:44:17.312957+00:00
INTERNAL_MP_307,RABINDRA NARAYAN BEHERA,JAJPUR,ODISHA,Lok Sabha,147064617.11,9146086.0,137918531.11,6.22,0.0847145488029466,-1.164150298606503,190,3,187,1.55,0.10128913443830571,-1.0611398491514765,41,41,0,100.0,0.0,-0.6745,223075.26829268291,26,538.37,0.27992633517495397,-0.48717249626307924,8.75,2026-08-26T10:44:17.312957+00:00
INTERNAL_MP_308,MALVIKA DEVI,KALAHANDI,ODISHA,Lok Sabha,147000000.0,50804998.0,96195002.0,34.56,0.5432780847145487,0.10428566688785693,224,96,128,30.0,0.5598526703499079,0.14498994343180394,130,130,0,100.0,0.0,-0.6745,390807.6769230769,33,1360.76,0.580110497237569,0.2666011890202472,27.56,2026-08-26T10:44:17.312957+00:00
INTERNAL_MP_309,SUKANTA KUMAR PANIGRAHI,KANDHAMAL,ODISHA,Lok Sabha,190712424.11,54209040.0,136503384.11,28.42,0.4530386740331492,-0.17052720637027188,202,148,54,42.29,0.7237569060773481,0.6660210559396605,352,329,23,93.4659090909091,6.534090909090909,1.8523200757575755,154002.95454545456,43,1491.27,0.6114180478821363,0.3862220546269872,34.95,2026-08-26T10:44:17.312957+00:00
INTERNAL_MP_310,BAIJAYANT PANDA,KENDRAPARA,ODISHA,Lok Sabha,147000000.0,17127535.0,129872465.0,11.65,0.1731123388581952,-0.9211154611811547,48,8,40,14.29,0.2845303867403315,-0.5210311125078566,28,27,1,96.42857142857143,3.571428571428571,0.7066190476190475,611697.6785714285,20,610.06,0.31860036832412525,-0.4214639692893057,12.95,2026-08-26T10:44:17.312957+00:00
INTERNAL_MP_311,ANANTA NAYAK,KEONJHAR,ODISHA,Lok Sabha,147000000.0,29211360.0,117788640.0,19.87,0.31123388581952116,-0.5532063702720637,323,17,306,5.0,0.1427255985267035,-0.914878064110622,448,433,15,96.65178571428571,3.3482142857142856,0.6202991071428571,65203.92857142857,89,391.44,0.21178637200736647,-0.6218433550754178,14.15,2026-08-26T10:44:17.312957+00:00
INTERNAL_MP_312,SAPTAGIRI SANKAR ULAKA,KORAPUT,ODISHA,Lok Sabha,269500000.0,67850166.0,201649834.0,25.18,0.39226519337016574,-0.3155424684804246,416,159,257,27.65,0.5230202578268877,0.045362350722815845,235,230,5,97.87234042553192,2.127659574468085,0.14829432624113476,288724.11063829786,65,474.29,0.2541436464088398,-0.5459059654844409,15.94,2026-08-26T10:44:17.312957+00:00
INTERNAL_MP_313,NABA CHARAN MAJHI,MAYURBHANJ,ODISHA,Lok Sabha,147563957.11,34422207.0,113141750.11,23.33,0.36464088397790057,-0.39834439283344397,194,27,167,12.22,0.2541436464088398,-0.6087881835323693,76,76,0,100.0,0.0,-0.6745,452923.7763157895,42,612.04,0.32228360957642727,-0.4196491710830277,17.41,2026-08-26T10:44:17.312957+00:00
INTERNAL_MP_314,BALABHADRA MAJHI,NABARANGPUR,ODISHA,Lok Sabha,147413962.11,14970212.0,132443750.11,10.16,0.14732965009208104,-0.9878045786330458,200,20,180,9.09,0.19705340699815838,-0.741483658076681,128,105,23,82.03125,17.96875,6.274255208333333,116954.78125,57,584.17,0.2946593001841621,-0.44519383068351687,16.7,2026-08-26T10:44:17.312957+00:00
INTERNAL_MP_315,SAMBIT PATRA,PURI,ODISHA,Lok Sabha,147000000.0,38354750.0,108645250.0,26.09,0.40699815837937386,-0.27481287325812864,175,548,-373,75.8,0.9668508287292817,2.086668133249528,847,847,0,100.0,0.0,-0.6745,45283.05785123967,46,960.65,0.46593001841620624,-0.10012553336051104,27.42,2026-08-26T10:44:17.312957+00:00
INTERNAL_MP_316,DHARMENDRA PRADHAN,SAMBALPUR,ODISHA,Lok Sabha,147000000.0,9704141.0,137295859.0,6.6,0.09208103130755065,-1.1471423357664232,116,2,114,1.69,0.10497237569060773,-1.0552045883092391,31,21,10,67.74193548387096,32.25806451612903,11.800123655913978,313036.8064516129,12,3859.17,0.852670349907919,2.5565557276803905,59.28,2026-08-26T10:44:17.312957+00:00
INTERNAL_MP_317,SHRI JUAL ORAM,SUNDARGARH,ODISHA,Lok Sabha,173096756.91,65790931.0,107305825.91,38.01,0.6086556169429097,0.25870006635700077,111,89,22,44.5,0.7440147329650092,0.759713387806411,270,249,21,92.22222222222223,7.777777777777778,2.33327037037037,243670.11481481482,65,1236.47,0.5488029465930019,0.152681356162522,32.32,2026-08-26T10:44:17.312957+00:00
INTERNAL_MP_318,VAITHILINGAM VE,PUDUCHERRY,PUDUCHERRY,Lok Sabha,209368972.11,33557935.0,175811037.11,16.03,0.23388581952117865,-0.725076310550763,62,13,49,17.33,0.34806629834254144,-0.39215116279069756,27,22,5,81.48148148148148,18.51851851851852,6.486858024691358,1242886.4814814816,21,801.56,0.3885819521178637,-0.2459418195406986,16.96,2026-08-26T10:44:17.312957+00:00
INTERNAL_MP_319,SHRI GURJEET SINGH AUJLA,AMRITSAR,PUNJAB,Lok Sabha,147000000.0,67439837.0,79560163.0,45.88,0.7348066298342542,0.6109439283344397,190,91,99,32.38,0.5948434622467772,0.24588937774984299,328,321,7,97.86585365853658,2.1341463414634148,0.15080284552845533,205609.25914634147,123,1119.29,0.5174953959484346,0.045278298681886,26.02,2026-08-26T10:44:17.312957+00:00
INTERNAL_MP_320,MALVINDER SINGH KANG,ANANDPUR SAHIB,PUNJAB,Lok Sabha,147000000.0,75589623.0,71410377.0,51.42,0.8139963167587477,0.8589021234240216,236,109,127,31.59,0.585635359116022,0.2123975487115022,758,739,19,97.4934036939314,2.5065963060686016,0.29483421284080913,99722.45778364116,296,330.07,0.16758747697974216,-0.6780929338225302,15.18,2026-08-26T10:44:17.312957+00:00
INTERNAL_MP_321,SMT HARSIMRAT KAUR BADAL,BHATINDA,PUNJAB,Lok Sabha,159775982.39,84901458.0,74874524.38999999,53.14,0.8397790055248618,0.9358855341738557,206,144,62,41.14,0.6998158379373849,0.617267127592709,1471,1410,61,95.85316111488783,4.146838885112169,0.9291378880580107,57716.83072739633,430,86.55,0.03314917127071823,-0.9012947818997147,3.11,2026-08-26T10:44:17.312957+00:00
INTERNAL_MP_322,SARABJEET SINGH KHALSA,FARIDKOT,PUNJAB,Lok Sabha,150850348.15,93855473.0,56994875.150000006,62.22,0.9208103130755064,1.3422863304578636,389,227,162,36.85,0.6464088397790055,0.4353937774984287,703,699,4,99.43100995732574,0.5689900426742532,-0.4544639639639639,133507.07396870555,176,668.02,0.34806629834254144,-0.36833987634189436,19.49,2026-08-26T10:44:17.312957+00:00
INTERNAL_MP_323,SHRI AMAR SINGH,FATEHGARH SAHIB,PUNJAB,Lok Sabha,147000000.0,43153324.0,103846676.0,29.36,0.46408839779005523,-0.12845487723954868,289,60,229,17.19,0.3443830570902394,-0.398086423632935,521,505,16,96.92898272552783,3.071017274472169,0.5131033269353806,82827.87715930902,224,154.78,0.06261510128913444,-0.8387575689631743,4.63,2026-08-26T10:44:17.312957+00:00
INTERNAL_MP_324,SHER SINGH GHUBAYA,FIROZPUR,PUNJAB,Lok Sabha,147000000.0,91425989.0,55574011.0,62.19,0.9189686924493554,1.3409435965494363,34,361,-327,91.39,0.998158379373849,2.747601822752985,450,450,0,100.0,0.0,-0.6745,203168.86444444445,48,1795.16,0.6703499079189686,0.6647569167006386,30.02,2026-08-26T10:44:17.312957+00:00
INTERNAL_MP_325,SUKHJINDER SINGH RANDHAWA,GURDASPUR,PUNJAB,Lok Sabha,147000000.0,56038398.0,90961602.0,38.12,0.6132596685082873,0.2636234240212343,237,90,147,27.52,0.5193370165745856,0.03985103708359527,396,380,16,95.95959595959596,4.040404040404041,0.8879781144781145,141511.10606060605,173,233.45,0.10865561694290976,-0.7666514200298954,7.39,2026-08-26T10:44:17.312957+00:00
INTERNAL_MP_326,DR. RAJ KUMAR CHABBEWAL,HOSHIARPUR,PUNJAB,Lok Sabha,147000000.0,75095197.0,71904803.0,51.09,0.8084714548802947,0.844132050431321,186,93,93,33.33,0.6077348066298343,0.286164362036455,1254,1242,12,99.04306220095694,0.9569377990430622,-0.30443939393939395,59884.52711323764,411,134.92,0.05156537753222836,-0.8569605449109934,6.1,2026-08-26T10:44:17.312957+00:00
INTERNAL_MP_327,CHARANJIT SINGH CHANNI,JALANDHAR,PUNJAB,Lok Sabha,147000000.0,26022604.0,120977396.0,17.7,0.26335174953959484,-0.6503307896483079,151,58,93,27.75,0.5303867403314917,0.0496018227529856,205,205,0,100.0,0.0,-0.6745,126939.53170731707,76,503.41,0.26519337016574585,-0.5192155999456447,12.17,2026-08-26T10:44:17.312957+00:00
INTERNAL_MP_328,AMRINDER SINGH RAJA WARRING,LUDHIANA,PUNJAB,Lok Sabha,147000000.0,33972409.0,113027591.0,23.11,0.35911602209944754,-0.40819110816191106,187,59,128,23.98,0.46593001841620624,-0.1102262727844122,326,323,3,99.079754601227,0.9202453987730062,-0.3186288343558282,104209.84355828221,119,385.57,0.20441988950276244,-0.6272235901617068,13.51,2026-08-26T10:44:17.312957+00:00
INTERNAL_MP_329,DR DHARAMVIRA GANDHI,PATIALA,PUNJAB,Lok Sabha,147000000.0,52578687.0,94421313.0,35.77,0.567219152854512,0.15844260119442632,275,52,223,15.9,0.32228360957642727,-0.45277561282212425,1184,1167,17,98.5641891891892,1.435810810810811,-0.11925281531531524,44407.67483108108,498,146.58,0.0570902394106814,-0.8462733999184671,7.1,2026-08-26T10:44:17.312957+00:00
INTERNAL_MP_330,GURMEET SINGH MEET HAYER,SANGRUR,PUNJAB,Lok Sabha,147000000.0,56281265.0,90718735.0,38.29,0.6215469613259669,0.27123224950232266,237,149,88,38.6,0.6703499079189686,0.5095845380263985,647,618,29,95.5177743431221,4.482225656877898,1.0588364245234416,86988.04482225658,177,488.87,0.2596685082872928,-0.5325424514200299,16.47,2026-08-26T10:44:17.312957+00:00
INTERNAL_MP_331,BHAGIRATH CHAUDHARY,AJMER,RAJASTHAN,Lok Sabha,147000000.0,47373540.0,99626460.0,32.23,0.5009208103130756,0.0,99,58,41,36.94,0.6482504604051565,0.43920930232558125,642,528,114,82.2429906542056,17.75700934579439,6.192372274143301,73790.56074766355,446,332.17,0.1712707182320442,-0.6761681478461747,10.8,2026-08-26T10:44:17.312957+00:00
INTERNAL_MP_332,BHUPENDER YADAV,ALWAR,RAJASTHAN,Lok Sabha,147000000.0,59285868.0,87714132.0,40.33,0.6574585635359116,0.3625381552753817,43,31,12,41.89,0.7136279926335175,0.6490631678189817,67,67,0,100.0,0.0,-0.6745,884863.7014925373,46,318.71,0.15653775322283608,-0.6885051093898628,6.79,2026-08-26T10:44:17.312957+00:00
INTERNAL_MP_333,RAJ KUMAR ROAT,BANSWARA,RAJASTHAN,Lok Sabha,147000000.0,63286521.0,83713479.0,43.05,0.6961325966850829,0.4842793629727937,82,22,60,21.15,0.42265193370165743,-0.23020333123821488,121,121,0,100.0,0.0,-0.6745,523029.0991735537,62,231.91,0.10681399631675875,-0.7680629297458894,4.39,2026-08-26T10:44:17.312957+00:00
INTERNAL_MP_334,UMMEDA RAM BENIWAL,BARMER,RAJASTHAN,Lok Sabha,147000000.0,65781402.0,81218598.0,44.75,0.714548802946593,0.5603676177836764,88,96,-8,52.17,0.8406998158379374,1.0848808925204272,187,186,1,99.46524064171123,0.53475935828877,-0.46770142602495546,351772.20320855617,71,735.01,0.3683241252302026,-0.3069392036961544,19.22,2026-08-26T10:44:17.312957+00:00
INTERNAL_MP_335,SANJNA JATAV,BHARATPUR,RAJASTHAN,Lok Sabha,147000000.0,65761488.1,81238511.9,44.74,0.712707182320442,0.5599200398142007,168,74,94,30.58,0.572744014732965,0.16957888120678813,716,691,25,96.50837988826815,3.4916201117318435,0.675756052141527,91845.65377094972,476,750.24,0.3756906077348066,-0.29297992254382393,25.09,2026-08-26T10:44:17.312957+00:00
INTERNAL_MP_336,DAMODAR AGARWAL,BHILWARA,RAJASTHAN,Lok Sabha,147000000.0,58990209.0,88009791.0,40.13,0.6519337016574586,0.3535865958858663,150,101,49,40.24,0.6942909760589319,0.5791118793211817,853,767,86,89.91793669402111,10.082063305978899,3.2243683079327865,69156.1652989449,678,211.14,0.09576427255985268,-0.7870999796167958,11.24,2026-08-26T10:44:17.312957+00:00
INTERNAL_MP_337,SHRI ARJUN RAM MEGHWAL,BIKANER,RAJASTHAN,Lok Sabha,147000000.0,34700414.0,112299586.0,23.61,0.3683241252302026,-0.3858122096881221,62,17,45,21.52,0.427255985267035,-0.21451728472658696,46,41,5,89.13043478260869,10.869565217391305,3.5289057971014497,754356.8260869565,33,395.03,0.2136279926335175,-0.6185528876206007,7.2,2026-08-26T10:44:17.312957+00:00
INTERNAL_MP_338,CHANDRA PRAKASH JOSHI,CHITTORGARH,RAJASTHAN,Lok Sabha,147000000.0,4660559.0,142339441.0,3.17,0.04788213627992634,-1.3006615792966159,186,10,176,5.1,0.14548802946593,-0.9106385920804522,41,41,0,100.0,0.0,-0.6745,113672.17073170732,31,1208.25,0.5377532228360957,0.12681589889930686,21.11,2026-08-26T10:44:17.312957+00:00
INTERNAL_MP_339,RAHUL KASWAN,CHURU,RAJASTHAN,Lok Sabha,147000000.0,57725218.0,89274782.0,39.27,0.6335174953959485,0.31509489051094924,206,37,169,15.23,0.30939226519337015,-0.4811800754242612,540,514,26,95.18518518518519,4.814814814814815,1.187453086419753,106898.55185185185,388,197.73,0.08287292817679558,-0.7993911129229514,5.09,2026-08-26T10:44:17.312957+00:00
INTERNAL_MP_340,MURARI LAL MEENA,DAUSA,RAJASTHAN,Lok Sabha,147000000.0,19705174.0,127294826.0,13.4,0.1878453038674033,-0.8427893165228932,96,16,80,14.29,0.2845303867403315,-0.5210311125078566,72,70,2,97.22222222222221,2.7777777777777777,0.39970370370370367,273682.97222222225,46,605.49,0.31675874769797424,-0.4256526701997554,12.96,2026-08-26T10:44:17.312957+00:00
INTERNAL_MP_341,KULDEEP INDORA,GANGANAGAR,RAJASTHAN,Lok Sabha,147000000.0,11119729.0,135880271.0,7.56,0.10128913443830571,-1.1041748506967486,90,2,88,2.17,0.11141804788213629,-1.0348551225644245,53,33,20,62.264150943396224,37.735849056603776,13.918455974842768,209806.20754716982,38,854.54,0.42173112338858193,-0.19738221905150166,16.97,2026-08-26T10:44:17.312957+00:00
INTERNAL_MP_342,MANJU SHARMA,JAIPUR,RAJASTHAN,Lok Sabha,167082901.11,23994861.0,143088040.11,14.36,0.20626151012891344,-0.7998218314532184,54,15,39,21.74,0.4300184162062615,-0.20519044626021365,31,28,3,90.32258064516128,9.67741935483871,3.067887096774194,774027.7741935484,19,836.87,0.4088397790055249,-0.21357791819540703,15.34,2026-08-26T10:44:17.312957+00:00
INTERNAL_MP_343,RAO RAJENDRA SINGH,JAIPUR RURAL,RAJASTHAN,Lok Sabha,147000000.0,14160844.0,132839156.0,9.63,0.13812154696132597,-1.011526211015262,94,10,84,9.62,0.20441988950276244,-0.7190144563167817,35,34,1,97.14285714285714,2.857142857142857,0.43039523809523816,404595.54285714286,26,969.45,0.4677716390423573,-0.09205976355483085,17.65,2026-08-26T10:44:17.312957+00:00
INTERNAL_MP_344,LUMBARAM,JALORE,RAJASTHAN,Lok Sabha,147000000.0,61110381.0,85889619.0,41.57,0.6685082872928176,0.41803782349037844,105,75,30,41.67,0.7090239410681399,0.6397363293526084,609,609,0,100.0,0.0,-0.6745,100345.45320197045,335,312.2,0.15469613259668508,-0.6944719459165647,11.78,2026-08-26T10:44:17.312957+00:00
INTERNAL_MP_345,DUSHYANT SINGH,JHALAWAR-BARAN,RAJASTHAN,Lok Sabha,147000000.0,6025816.0,140974184.0,4.1,0.06445672191528545,-1.2590368281353683,27,0,27,0.0,0.03959484346224678,-1.1268516656191072,26,25,1,96.15384615384616,3.8461538461538463,0.8128589743589744,231762.15384615384,21,2722.0,0.7716390423572744,1.5142657901888839,38.41,2026-08-26T10:44:17.312957+00:00
INTERNAL_MP_346,BRIJENDRA SINGH OLA,JHUNJHUNU,RAJASTHAN,Lok Sabha,147000000.0,55610081.0,91389919.0,37.83,0.5966850828729282,0.25064366290643675,75,92,-17,55.09,0.85451197053407,1.2086734758013826,449,447,2,99.55456570155901,0.4454342984409799,-0.5022446176688938,123853.18708240535,317,251.99,0.11970534069981584,-0.7496583095529284,9.38,2026-08-26T10:44:17.312957+00:00
INTERNAL_MP_347,GAJENDRA SINGH SHEKHAWAT,JODHPUR,RAJASTHAN,Lok Sabha,147000000.0,491827.0,146508173.0,0.33,0.02578268876611418,-1.4277737226277374,33,0,33,0.0,0.03959484346224678,-1.1268516656191072,1,1,0,100.0,0.0,-0.6745,491827.0,1,10000.0,0.996316758747698,8.1850240453866,100.0,2026-08-26T10:44:17.312957+00:00
INTERNAL_MP_348,BHAJAN LAL JATAV,KARAULI-DHOLPUR,RAJASTHAN,Lok Sabha,147000000.0,7253086.0,139746914.0,4.93,0.0718232044198895,-1.2218878566688787,41,11,30,21.15,0.42265193370165743,-0.23020333123821488,139,139,0,100.0,0.0,-0.6745,52180.474820143885,108,1530.5,0.6206261510128913,0.42217888979480894,25.63,2026-08-26T10:44:17.312957+00:00
INTERNAL_MP_349,OM BIRLA,KOTA,RAJASTHAN,Lok Sabha,163906956.6,28500390.0,135406566.6,17.39,0.2513812154696133,-0.664205706702057,46,15,31,24.59,0.47513812154696133,-0.08436549340037704,91,90,1,98.9010989010989,1.098901098901099,-0.249540293040293,313191.0989010989,60,466.35,0.2523020257826888,-0.5531834896045658,12.14,2026-08-26T10:44:17.312957+00:00
INTERNAL_MP_350,SHRI HANUMAN BENIWAL,NAGAUR,RAJASTHAN,Lok Sabha,147000000.0,66938015.0,80061985.0,45.54,0.7274401473296501,0.5957262773722629,75,175,-100,70.0,0.9521178637200737,1.8407787554996853,315,314,1,99.68253968253968,0.31746031746031744,-0.5517338624338625,212501.6349206349,101,218.38,0.09944751381215469,-0.7804640508221226,6.27,2026-08-26T10:44:17.312957+00:00
INTERNAL_MP_351,SHRI PP CHAUDHARY,PALI,RAJASTHAN,Lok Sabha,147000000.0,12964180.0,134035820.0,8.82,0.12154696132596685,-1.0477800265428003,34,8,26,19.05,0.3867403314917127,-0.31923224387177856,143,142,1,99.3006993006993,0.6993006993006993,-0.4040710955710956,90658.6013986014,113,530.59,0.27255985267034993,-0.49430337002310093,8.48,2026-08-26T10:44:17.312957+00:00
INTERNAL_MP_352,MAHIMA KUMARI MEWAR,RAJSAMAND,RAJASTHAN,Lok Sabha,183892143.0,48238044.0,135654099.0,26.23,0.4106813996316759,-0.26854678168546775,109,26,83,19.26,0.39042357274401474,-0.3103293526084222,272,253,19,93.01470588235294,6.985294117647059,2.0268063725490193,177345.75,166,369.54,0.19337016574585636,-0.6419161231145536,8.62,2026-08-26T10:44:17.312957+00:00
INTERNAL_MP_353,AMRARAM,SIKAR,RAJASTHAN,Lok Sabha,165691544.11,38165228.0,127526316.11,23.03,0.35543278084714547,-0.4117717319177172,122,49,73,28.65,0.5432780847145487,0.08775707102451288,313,294,19,93.9297124600639,6.070287539936102,1.6729611288604898,121933.6357827476,219,231.55,0.10497237569060773,-0.7683928930561218,8.26,2026-08-26T10:44:17.312957+00:00
INTERNAL_MP_354,HARISH CHANDRA MEENA,TONK-SAWAI MADHOPUR,RAJASTHAN,Lok Sabha,147000000.0,0.0,147000000.0,0.0,0.011970534069981584,-1.442543795620438,0,0,0,0.0,0.03959484346224678,-1.1268516656191072,0,0,0,100.0,0.0,-0.6745,0.0,0,0.0,0.011970534069981584,-0.9806234610680797,0.0,2026-08-26T10:44:17.312957+00:00
INTERNAL_MP_355,MANNA LAL RAWAT,UDAIPUR,RAJASTHAN,Lok Sabha,147000000.0,35324098.0,111675902.0,24.03,0.3720073664825046,-0.36701393497013923,176,24,152,12.0,0.24677716390423574,-0.6181150219987427,177,169,8,95.48022598870057,4.519774011299435,1.0733568738229755,199571.17514124294,55,658.73,0.3370165745856354,-0.3768547628753907,18.01,2026-08-26T10:44:17.312957+00:00
INTERNAL_MP_356,INDRA HANG SUBBA,SIKKIM,SIKKIM,Lok Sabha,152003923.11,98023420.0,53980503.110000014,64.49,0.9373848987108656,1.4438865295288654,81,38,43,31.93,0.5911602209944752,0.2268117536140792,80,80,0,100.0,0.0,-0.6745,1225292.75,41,810.34,0.39594843462246776,-0.2378943810300313,18.21,2026-08-26T10:44:17.312957+00:00
INTERNAL_MP_357,S. JAGATHRAKSHAKAN,ARAKKONAM,TAMIL NADU,Lok Sabha,180589332.34,50567596.0,130021736.34,28.0,0.4419889502762431,-0.1893254810882547,130,34,96,20.73,0.4088397790055249,-0.24800911376492757,53,52,1,98.11320754716981,1.8867924528301887,0.055147798742138376,954105.5849056604,42,323.92,0.16022099447513813,-0.6837298070389998,6.7,2026-08-26T10:44:17.312957+00:00
INTERNAL_MP_358,THARANIVENTHAN M S,ARANI,TAMIL NADU,Lok Sabha,168337124.35,111315790.0,57021334.35,66.13,0.9613259668508287,1.5172893165228933,137,180,-43,56.78,0.8674033149171271,1.2803205531112505,214,214,0,100.0,0.0,-0.6745,520167.2429906542,77,308.24,0.15101289134438306,-0.6981015423291207,9.2,2026-08-26T10:44:17.312957+00:00
INTERNAL_MP_359,THIRU DAYANIDHI MARAN,CHENNAI CENTRAL,TAMIL NADU,Lok Sabha,147000000.0,25568733.0,121431267.0,17.39,0.2513812154696133,-0.664205706702057,8,4,4,33.33,0.6077348066298343,0.286164362036455,7,7,0,100.0,0.0,-0.6745,3652676.1428571427,3,6307.86,0.9447513812154696,4.800938666938442,76.97,2026-08-26T10:44:17.312957+00:00
INTERNAL_MP_360,KALANIDHI VEERASWAMY,CHENNAI NORTH,TAMIL NADU,Lok Sabha,171500000.0,83933669.0,87566331.0,48.94,0.785451197053407,0.7479027869940281,60,40,20,40.0,0.6896869244935543,0.5689371464487742,57,57,0,100.0,0.0,-0.6745,1472520.50877193,18,843.19,0.4143646408839779,-0.20778522897132765,11.91,2026-08-26T10:44:17.312957+00:00
INTERNAL_MP_361,T SUMATHY (A) THAMIZHACHI THANGAPANDIAN,CHENNAI SOUTH,TAMIL NADU,Lok Sabha,147000000.0,28530278.0,118469722.0,19.41,0.2946593001841621,-0.5737949568679495,25,5,20,16.67,0.3379373848987109,-0.4201316781898175,25,25,0,100.0,0.0,-0.6745,1141211.12,8,2125.02,0.7237569060773481,0.9670949653485525,36.73,2026-08-26T10:44:17.312957+00:00
INTERNAL_MP_362,THIRUMAA VALAVAN THOL,CHIDAMBARAM,TAMIL NADU,Lok Sabha,147000000.0,68203692.0,78796308.0,46.4,0.7440147329650092,0.6342179827471801,32,45,-13,58.44,0.8876611418047882,1.3506957888120676,79,78,1,98.73417721518987,1.2658227848101267,-0.18498945147679322,863337.8734177215,35,456.93,0.24493554327808473,-0.5618175295556461,7.33,2026-08-26T10:44:17.312957+00:00
INTERNAL_MP_363,GANAPATHY RAJKUMAR P,COIMBATORE,TAMIL NADU,Lok Sabha,147370490.11,42862932.0,104507558.11,29.09,0.4585635359116022,-0.14053948241539474,62,7,55,10.14,0.21731123388581952,-0.6969692017598992,44,42,2,95.45454545454545,4.545454545454546,1.083287878787879,974157.5454545454,18,846.62,0.4162062615101289,-0.20464141187661372,16.41,2026-08-26T10:44:17.312957+00:00
INTERNAL_MP_364,M.K. VISHNUPRASAD,CUDDALORE,TAMIL NADU,Lok Sabha,147000000.0,71295556.0,75704444.0,48.5,0.7753222836095764,0.7282093563370938,40,74,-34,64.91,0.9244935543278084,1.6249896291640473,90,90,0,100.0,0.0,-0.6745,792172.8444444444,48,326.39,0.16390423572744015,-0.6814658921049055,8.13,2026-08-26T10:44:17.312957+00:00
INTERNAL_MP_365,MANI. A.,DHARAMAPURI,TAMIL NADU,Lok Sabha,164515071.11,67070637.0,97444434.11,40.77,0.6611418047882136,0.3822315859323162,315,59,256,15.78,0.31860036832412525,-0.4578629792583279,127,127,0,100.0,0.0,-0.6745,528115.2519685039,16,1395.72,0.5874769797421732,0.2986442927028128,20.5,2026-08-26T10:44:17.312957+00:00
INTERNAL_MP_366,SACHITHANANTHAM R,DINDIGUL,TAMIL NADU,Lok Sabha,147000000.0,90527072.0,56472928.0,61.58,0.9134438305709024,1.3136413404114138,84,50,34,37.31,0.6556169429097606,0.45489534883720933,86,84,2,97.67441860465115,2.3255813953488373,0.22483333333333338,1052640.3720930233,48,329.49,0.16574585635359115,-0.6786245413779045,9.92,2026-08-26T10:44:17.312957+00:00
INTERNAL_MP_367,K E PRAKASH,ERODE,TAMIL NADU,Lok Sabha,147000000.0,87182728.0,59817272.0,59.31,0.8931860036832413,1.212041141340412,101,141,-40,58.26,0.8839779005524862,1.3430647391577621,148,147,1,99.32432432432432,0.6756756756756757,-0.41320720720720716,589072.4864864865,30,2387.8,0.7495395948434622,1.2079498505231687,45.53,2026-08-26T10:44:17.312957+00:00
INTERNAL_MP_368,MALAIYARASAN D,KALLAKURICHI,TAMIL NADU,Lok Sabha,176686299.0,121901141.0,54785158.0,68.99,0.9760589318600368,1.6452966157929665,191,198,-7,50.9,0.8232044198895028,1.031039597737272,204,204,0,100.0,0.0,-0.6745,597554.6127450981,10,2789.35,0.7771639042357275,1.575996426144856,40.88,2026-08-26T10:44:17.312957+00:00
INTERNAL_MP_369,GANESAN SELVAM,KANCHEEPURAM,TAMIL NADU,Lok Sabha,186508749.11,108395338.0,78113411.11000001,58.12,0.8747697974217311,1.1587793629727938,177,272,-95,60.58,0.8987108655616943,1.4414204902576992,289,288,1,99.65397923875432,0.34602076124567477,-0.5406891580161476,375070.37370242213,43,908.12,0.4419889502762431,-0.14827267971191743,24.44,2026-08-26T10:44:17.312957+00:00
INTERNAL_MP_370,SHRI VIJAYAKUMAR VASANTH,KANNIYAKUMARI,TAMIL NADU,Lok Sabha,171500000.0,56848972.0,114651028.0,33.15,0.5156537753222836,0.04117717319177181,62,39,23,38.61,0.6721915285451197,0.5100084852294154,64,60,4,93.75,6.25,1.7424583333333334,888265.1875,27,1318.11,0.570902394106814,0.2275097024052179,31.65,2026-08-26T10:44:17.312957+00:00
INTERNAL_MP_371,SMT S JOTHIMANI,KARUR,TAMIL NADU,Lok Sabha,147000000.0,47711966.0,99288034.0,32.46,0.5027624309392266,0.010294293297943114,90,86,4,48.86,0.7882136279926335,0.94455436832181,101,100,1,99.00990099009901,0.9900990099009901,-0.2916155115511551,472395.702970297,28,959.31,0.46408839779005523,-0.101353730126376,22.28,2026-08-26T10:44:17.312957+00:00
INTERNAL_MP_372,GOPINATH K,KRISHNAGIRI,TAMIL NADU,Lok Sabha,147000000.0,40994453.0,106005547.0,27.89,0.43922651933701656,-0.19424883875248825,77,36,41,31.86,0.5893186003683242,0.22384412319296038,56,55,1,98.21428571428571,1.7857142857142856,0.016059523809523763,732043.8035714285,14,2054.22,0.714548802946593,0.9022021810028533,40.58,2026-08-26T10:44:17.312957+00:00
INTERNAL_MP_373,S VENKATESAN,MADURAI,TAMIL NADU,Lok Sabha,147000000.0,47771116.0,99228884.0,32.5,0.5046040515653776,0.012084605175846194,81,46,35,36.22,0.6408839779005525,0.4086851037083594,70,67,3,95.71428571428572,4.285714285714286,0.9828428571428571,682444.5142857142,35,482.67,0.2578268876611418,-0.5382251528740318,11.08,2026-08-26T10:44:17.312957+00:00
INTERNAL_MP_374,SUDHA R,MAYILADUTHURAI,TAMIL NADU,Lok Sabha,147332315.11,33193145.0,114139170.11,22.53,0.34806629834254144,-0.43415063039150625,127,22,105,14.77,0.2918968692449355,-0.5006816467630419,47,34,13,72.3404255319149,27.659574468085108,10.02182624113475,706237.1276595745,18,1438.95,0.6003683241252302,0.33826738687321634,33.44,2026-08-26T10:44:17.312957+00:00
INTERNAL_MP_375,SELVARAJ V,NAGAPATTINAM,TAMIL NADU,Lok Sabha,147000000.0,50673389.0,96326611.0,34.47,0.5395948434622467,0.10025746516257476,41,44,-3,51.76,0.8324125230202578,1.0674990571967313,61,59,2,96.72131147540983,3.278688524590164,0.593412568306011,830711.2950819673,33,793.18,0.3867403314917127,-0.2536226321511076,17.66,2026-08-26T10:44:17.312957+00:00
INTERNAL_MP_376,V S MATHESWARAN,NAMAKKAL,TAMIL NADU,Lok Sabha,162539930.11,90580955.0,71958975.11000001,55.73,0.860036832412523,1.0518082282680825,70,139,-69,66.51,0.9373848987108656,1.6928211816467629,141,137,4,97.16312056737588,2.8368794326241136,0.4225591016548464,642418.1205673759,31,1617.78,0.6372007366482505,0.5021766612311453,37.13,2026-08-26T10:44:17.312957+00:00
INTERNAL_MP_377,ANDIMUTHU RAJA,NILGIRIS,TAMIL NADU,Lok Sabha,147000000.0,71485310.0,75514690.0,48.63,0.7771639042357275,0.7340278699402791,41,73,-32,64.04,0.9189686924493554,1.5881062225015712,87,87,0,100.0,0.0,-0.6745,821670.2298850574,61,266.7,0.13259668508287292,-0.7361756420709334,7.69,2026-08-26T10:44:17.312957+00:00
INTERNAL_MP_378,ARUN NEHRU,PERAMBALUR,TAMIL NADU,Lok Sabha,147000000.0,67653424.0,79346576.0,46.02,0.7366482504604052,0.6172100199071007,28,54,-26,65.85,0.9300184162062615,1.6648406662476425,81,81,0,100.0,0.0,-0.6745,835227.4567901235,43,396.04,0.2154696132596685,-0.6176271572224488,6.95,2026-08-26T10:44:17.312957+00:00
INTERNAL_MP_379,ESWARASAMY K,POLLACHI,TAMIL NADU,Lok Sabha,162315106.11,56246950.0,106068156.11,34.65,0.5469613259668509,0.10831386861313878,34,46,-12,57.5,0.8766114180478821,1.3108447517284725,57,56,1,98.24561403508771,1.7543859649122806,0.00394444444444441,986788.5964912281,33,442.47,0.23756906077348067,-0.5750710558499796,9.77,2026-08-26T10:44:17.312957+00:00
INTERNAL_MP_380,KANI K NAVAS,RAMANATHAPURAM,TAMIL NADU,Lok Sabha,147000000.0,54425096.0,92574904.0,37.02,0.583793738489871,0.2143898473788988,41,68,-27,62.39,0.9023941068139963,1.518154934003771,85,84,1,98.82352941176471,1.1764705882352942,-0.21954313725490193,640295.2470588235,31,950.69,0.4567219152854512,-0.10925451827693983,25.01,2026-08-26T10:44:17.312957+00:00
INTERNAL_MP_381,SELVAGANAPATHI T M,SALEM,TAMIL NADU,Lok Sabha,147000000.0,4244214.0,142755786.0,2.89,0.04604051565377532,-1.3131937624419379,17,0,17,0.0,0.03959484346224678,-1.1268516656191072,2,1,1,50.0,50.0,18.661166666666666,2122107.0,2,5026.37,0.9097605893186004,3.6263701046337813,53.63,2026-08-26T10:44:17.312957+00:00
INTERNAL_MP_382,SHRI KARTI P CHIDAMBARAM,SIVAGANGA,TAMIL NADU,Lok Sabha,159049284.11,97237605.0,61811679.110000014,61.14,0.9079189686924494,1.2939479097544795,67,117,-50,63.59,0.9116022099447514,1.5690285983658077,145,145,0,100.0,0.0,-0.6745,670604.1724137932,86,319.28,0.15837937384898712,-0.6879826674819949,10.28,2026-08-26T10:44:17.312957+00:00
INTERNAL_MP_383,THALIKKOTTAI RAJUTHEVAR BAALU,SRIPERUMBUDUR,TAMIL NADU,Lok Sabha,196905535.11,71998395.0,124907140.11,36.56,0.578268876611418,0.19380126078301288,63,63,0,50.0,0.8020257826887661,0.9928843494657447,90,90,0,100.0,0.0,-0.6745,799982.1666666666,27,732.42,0.3664825046040516,-0.3093131064003262,17.21,2026-08-26T10:44:17.312957+00:00
INTERNAL_MP_384,DR RANI SRI KUMAR,TENKASI,TAMIL NADU,Lok Sabha,153060922.82,99919930.0,53140992.81999999,65.28,0.9521178637200737,1.4792451891174523,58,102,-44,63.75,0.9152854511970534,1.5758117536140788,123,123,0,100.0,0.0,-0.6745,812357.1544715447,16,1109.93,0.5156537753222836,0.0366992526158445,19.91,2026-08-26T10:44:17.312957+00:00
INTERNAL_MP_385,MURASOLI S,THANJAVUR,TAMIL NADU,Lok Sabha,147000000.0,76201785.0,70798215.0,51.84,0.8213627992633518,0.8777003981420044,44,45,-1,50.56,0.8121546961325967,1.016625392834695,71,69,2,97.1830985915493,2.8169014084507045,0.41483333333333344,1073264.5774647887,47,574.86,0.292817679558011,-0.4537270485120261,17.81,2026-08-26T10:44:17.312957+00:00
INTERNAL_MP_386,THANGA TAMILSELVAN,THENI,TAMIL NADU,Lok Sabha,147000000.0,49328291.0,97671709.0,33.56,0.5193370165745856,0.05952786994027895,72,24,48,25.0,0.4861878453038674,-0.06698365807668125,56,50,6,89.28571428571429,10.714285714285714,3.468857142857143,880862.3392857143,34,370.05,0.19521178637200737,-0.6414486750917245,6.28,2026-08-26T10:44:17.312957+00:00
INTERNAL_MP_387,KANIMOZHI KARUNANIDHI,THOOTHUKKUDI,TAMIL NADU,Lok Sabha,147000000.0,58344698.0,88655302.0,39.69,0.6427255985267035,0.33389316522893175,39,12,27,23.53,0.4604051565377532,-0.12930389692017583,34,33,1,97.05882352941177,2.941176470588235,0.462892156862745,1716020.5294117648,24,530.41,0.27071823204419887,-0.49446835167821723,9.84,2026-08-26T10:44:17.312957+00:00
INTERNAL_MP_388,DURAI VAIKO,TIRUCHIRAPPALLI,TAMIL NADU,Lok Sabha,147000000.0,64219366.0,82780634.0,43.69,0.7016574585635359,0.5129243530192437,33,45,-12,57.69,0.8802946593001841,1.318899748585795,56,53,3,94.64285714285714,5.357142857142857,1.3971785714285714,1146774.392857143,41,412.08,0.22467771639042358,-0.6029254586220955,10.94,2026-08-26T10:44:17.312957+00:00
INTERNAL_MP_389,ROBERT BRUCE C,TIRUNELVELI,TAMIL NADU,Lok Sabha,147475440.11,55819028.0,91656412.11,37.85,0.5985267034990792,0.2515388188453885,51,60,-9,54.05,0.850828729281768,1.1645829666876175,73,73,0,100.0,0.0,-0.6745,764644.2191780822,30,644.59,0.3351749539594843,-0.3898149884495176,15.81,2026-08-26T10:44:17.312957+00:00
INTERNAL_MP_390,K SUBBARAYAN,TIRUPPUR,TAMIL NADU,Lok Sabha,147000000.0,81901423.0,65098577.0,55.72,0.858195211786372,1.0513606502986068,53,65,-12,55.08,0.852670349907919,1.2082495285983654,75,75,0,100.0,0.0,-0.6745,1092018.9733333334,40,420.02,0.2283609576427256,-0.5956479345019704,8.28,2026-08-26T10:44:17.312957+00:00
INTERNAL_MP_391,SASIKANTH SENTHIL,TIRUVALLUR,TAMIL NADU,Lok Sabha,171500000.0,89433784.0,82066216.0,52.15,0.8250460405156538,0.8915753151957534,95,87,8,47.8,0.7762430939226519,0.8996159648020111,133,129,4,96.99248120300751,3.007518796992481,0.48854761904761895,672434.4661654135,50,666.93,0.3462246777163904,-0.3693389319200979,20.87,2026-08-26T10:44:17.312957+00:00
INTERNAL_MP_392,CN ANNADURAI,TIRUVANNAMALAI,TAMIL NADU,Lok Sabha,148579509.11,87500808.0,61078701.110000014,58.89,0.8876611418047882,1.193242866622429,23,171,-148,88.14,0.988950276243094,2.6098189817724697,180,180,0,100.0,0.0,-0.6745,486115.6,60,1813.15,0.6795580110497238,0.6812459165647505,40.86,2026-08-26T10:44:17.312957+00:00
INTERNAL_MP_393,D M KATHIR ANAND,VELLORE,TAMIL NADU,Lok Sabha,160196941.11,33728871.0,126468070.11,21.05,0.3259668508287293,-0.5003921698739217,67,15,52,18.29,0.35911602209944754,-0.3514522313010684,38,38,0,100.0,0.0,-0.6745,887601.8684210526,19,719.09,0.36095764272559855,-0.32153091452643023,13.04,2026-08-26T10:44:17.312957+00:00
INTERNAL_MP_394,D RAVIKUMAR,VILUPPURAM,TAMIL NADU,Lok Sabha,197598306.11,104427486.0,93170820.11,52.85,0.8342541436464088,0.9229057730590581,66,222,-156,77.08,0.9723756906077348,2.1409333752357003,229,225,4,98.2532751091703,1.7467248908296942,0.0009818049490538047,456015.22270742356,43,386.19,0.20810313075506445,-0.6266553200163065,8.28,2026-08-26T10:44:17.312957+00:00
INTERNAL_MP_395,MANICKAM TAGORE B,VIRUDHUNAGAR,TAMIL NADU,Lok Sabha,147000000.0,90165437.0,56834563.0,61.34,0.9116022099447514,1.3028994691439952,19,69,-50,78.41,0.9760589318600368,2.197318353236957,93,92,1,98.9247311827957,1.0752688172043012,-0.258679211469534,969520.8279569893,51,325.87,0.16206261510128914,-0.6819425057752412,7.54,2026-08-26T10:44:17.312957+00:00
INTERNAL_MP_396,GODAM NAGESH,ADILABAD,TELANGANA,Lok Sabha,147000000.0,35717086.0,111282914.0,24.3,0.38029465930018413,-0.3549293297942932,277,80,197,22.41,0.43830570902394106,-0.17678598365807655,142,142,0,100.0,0.0,-0.6745,251528.77464788733,48,532.92,0.27624309392265195,-0.4921677741540971,12.31,2026-08-26T10:44:17.312957+00:00
INTERNAL_MP_397,CHAMALA KIRAN KUMAR REDDY,BHONGIR,TELANGANA,Lok Sabha,147000000.0,62689273.0,84310727.0,42.65,0.6942909760589319,0.4663762441937626,71,417,-346,85.45,0.9834254143646409,2.4957771841609047,434,433,1,99.76958525345621,0.2304147465437788,-0.5853955453149001,144445.32949308757,32,1376.78,0.585635359116022,0.2812845563255875,30.84,2026-08-26T10:44:17.312957+00:00
INTERNAL_MP_398,KONDA VISHWESHWAR REDDY,CHELVELLA,TELANGANA,Lok Sabha,186441916.11,57214092.0,129227824.11,30.69,0.48066298342541436,-0.06892700729926989,339,180,159,34.68,0.6206261510128913,0.34339723444374604,214,212,2,99.06542056074767,0.9345794392523363,-0.3130856697819315,267355.57009345794,73,386.48,0.20994475138121546,-0.6263895162386194,10.15,2026-08-26T10:44:17.312957+00:00
INTERNAL_MP_399,ASADUDDIN OWAISI,HYDERABAD,TELANGANA,Lok Sabha,147000000.0,11172317.0,135827683.0,7.6,0.10313075506445672,-1.1023845388188453,17,1,16,5.56,0.15653775322283608,-0.8911370207416717,7,7,0,100.0,0.0,-0.6745,1596045.2857142857,4,8471.41,0.9742173112338858,6.783972333197443,91.87,2026-08-26T10:44:17.312957+00:00
INTERNAL_MP_400,SANJAY KUMAR BANDI,KARIMNAGAR,TELANGANA,Lok Sabha,172775317.11,65470195.0,107305122.11,37.89,0.6031307550644567,0.2533291307232915,468,171,297,26.76,0.5064456721915286,0.0076310496543056045,306,303,3,99.01960784313727,0.9803921568627451,-0.29536928104575166,213954.88562091504,59,1106.48,0.5138121546961326,0.033537104226117595,28.27,2026-08-26T10:44:17.312957+00:00
INTERNAL_MP_401,RAMASAHAYAM RAGHURAM REDDY,KHAMMAM,TELANGANA,Lok Sabha,147000000.0,20924125.0,126075875.0,14.23,0.20441988950276244,-0.8056403450564035,194,18,176,8.49,0.19337016574585636,-0.7669204902576992,45,40,5,88.88888888888889,11.11111111111111,3.6223148148148145,464980.55555555556,27,612.58,0.3259668508287293,-0.419154226117679,13.58,2026-08-26T10:44:17.312957+00:00
INTERNAL_MP_402,BALRAM NAIK PORIKA,MAHABUBABAD,TELANGANA,Lok Sabha,147000000.0,72320239.0,74679761.0,49.2,0.7882136279926335,0.7595398142003985,121,238,-117,66.3,0.9318600368324125,1.6839182903834062,292,292,0,100.0,0.0,-0.6745,247672.051369863,31,726.1,0.36464088397790057,-0.3151057956244055,13.83,2026-08-26T10:44:17.312957+00:00
INTERNAL_MP_403,ARUNA. D. K,MAHABUBNAGAR,TELANGANA,Lok Sabha,147000000.0,44232038.0,102767962.0,30.09,0.4714548802946593,-0.09578168546781675,195,127,68,39.44,0.6777163904235728,0.5451961030798238,153,152,1,99.34640522875817,0.6535947712418301,-0.42174618736383446,289098.2875816993,21,3562.14,0.8360957642725598,2.284308499796168,58.57,2026-08-26T10:44:17.312957+00:00
INTERNAL_MP_404,EATALA RAJENDER,MALKAJGIRI,TELANGANA,Lok Sabha,327477390.86,34708670.0,292768720.86,10.6,0.15653775322283608,-0.9681111479761114,268,29,239,9.76,0.20994475138121546,-0.7130791954745442,59,52,7,88.13559322033898,11.864406779661017,3.913624293785311,588282.5423728813,25,718.26,0.35911602209944754,-0.322291663269466,13.21,2026-08-26T10:44:17.312957+00:00
INTERNAL_MP_405,MADHAVANENI RAGHUNANDAN RAO,MEDAK,TELANGANA,Lok Sabha,147000000.0,30484168.0,116515832.0,20.74,0.31860036832412525,-0.5142670869276709,141,41,100,22.53,0.44014732965009207,-0.17169861722187288,49,49,0,100.0,0.0,-0.6745,622125.8775510204,29,502.22,0.26335174953959484,-0.5203063119989129,9.52,2026-08-26T10:44:17.312957+00:00
INTERNAL_MP_406,DR.MALLU RAVI,NAGARKURNOOL,TELANGANA,Lok Sabha,147000000.0,47000729.0,99999271.0,31.97,0.4972375690607735,-0.011637027206370186,84,143,-59,63.0,0.9060773480662984,1.544015713387806,156,155,1,99.35897435897436,0.641025641025641,-0.42660683760683765,301286.7243589744,21,1235.24,0.5469613259668509,0.15155398151922805,18.21,2026-08-26T10:44:17.312957+00:00
INTERNAL_MP_407,KUNDURU RAGHUVEER,NALGONDA,TELANGANA,Lok Sabha,162952022.0,7766945.0,155185077.0,4.77,0.06998158379373849,-1.2290491041804912,23,6,17,20.69,0.40699815837937386,-0.2497049025769954,9,9,0,100.0,0.0,-0.6745,862993.8888888889,5,3212.95,0.8121546961325967,1.964253254518276,49.83,2026-08-26T10:44:17.312957+00:00
INTERNAL_MP_408,ARVIND DHARMAPURI,NIZAMABAD,TELANGANA,Lok Sabha,281396355.11,158096817.0,123299538.11,56.18,0.8655616942909761,1.0719492368944927,440,476,-36,51.97,0.8351749539594844,1.0764019484600877,526,525,1,99.80988593155894,0.19011406844106463,-0.6009803548795944,300564.29087452474,187,157.63,0.06445672191528545,-0.8361453594238347,6.98,2026-08-26T10:44:17.312957+00:00
INTERNAL_MP_409,VAMSI KRISHNA GADDAM,PEDDAPALLE,TELANGANA,Lok Sabha,148451721.11,16373473.0,132078248.11,11.03,0.1694290976058932,-0.9488652952886529,62,9,53,12.68,0.26335174953959484,-0.5892866121935887,22,22,0,100.0,0.0,-0.6745,744248.7727272727,13,2261.09,0.7348066298342542,1.0918119309688816,34.71,2026-08-26T10:44:17.312957+00:00
INTERNAL_MP_410,KISHAN REDDY GANGAPURAM,SECUNDERABAD,TELANGANA,Lok Sabha,147000000.0,4754322.0,142245678.0,3.23,0.049723756906077346,-1.2979761114797612,38,0,38,0.0,0.03959484346224678,-1.1268516656191072,5,5,0,100.0,0.0,-0.6745,950864.4,2,8458.89,0.9723756906077348,6.772496942519362,91.59,2026-08-26T10:44:17.312957+00:00
INTERNAL_MP_411,KADIYAM KAVYA,WARANGEL,TELANGANA,Lok Sabha,147000000.0,27189421.0,119810579.0,18.5,0.283609576427256,-0.6145245520902456,161,53,108,24.77,0.48066298342541436,-0.07673444374607158,73,73,0,100.0,0.0,-0.6745,372457.8219178082,46,353.35,0.1841620626151013,-0.6567553064275037,7.35,2026-08-26T10:44:17.312957+00:00
INTERNAL_MP_412,SURESH KUMAR SHETKAR,ZAHIRABAD,TELANGANA,Lok Sabha,147000000.0,28174768.0,118825232.0,19.17,0.29097605893186,-0.5845368281353682,291,64,227,18.03,0.35543278084714547,-0.3624748585795095,120,120,0,100.0,0.0,-0.6745,234789.73333333334,23,1431.41,0.5966850828729282,0.3313564886533496,28.98,2026-08-26T10:44:17.312957+00:00
INTERNAL_MP_413,KALABEN MOHANBHAI DELKAR,DADRA & NAGAR HAVELI,THE DADRA AND NAGAR HAVELI AND DAMAN AND DIU,Lok Sabha,147000000.0,0.0,147000000.0,0.0,0.011970534069981584,-1.442543795620438,2,0,2,0.0,0.03959484346224678,-1.1268516656191072,0,0,0,100.0,0.0,-0.6745,0.0,0,0.0,0.011970534069981584,-0.9806234610680797,0.0,2026-08-26T10:44:17.312957+00:00
INTERNAL_MP_414,PATEL UMESHBHAI BABUBHAI,DAMAN AND DIU,THE DADRA AND NAGAR HAVELI AND DAMAN AND DIU,Lok Sabha,245063957.0,0.0,245063957.0,0.0,0.011970534069981584,-1.442543795620438,61,0,61,0.0,0.03959484346224678,-1.1268516656191072,0,0,0,100.0,0.0,-0.6745,0.0,0,0.0,0.011970534069981584,-0.9806234610680797,0.0,2026-08-26T10:44:17.312957+00:00
INTERNAL_MP_415,KRITI DEVI DEBBARMAN,TRIPURA EAST,TRIPURA,Lok Sabha,147000000.0,32934783.0,114065217.0,22.4,0.3443830570902394,-0.43996914399469145,29,13,16,30.95,0.5755064456721916,0.18526492771841607,24,24,0,100.0,0.0,-0.6745,1372282.625,5,2822.3,0.7808471454880295,1.6061972346786249,39.47,2026-08-26T10:44:17.312957+00:00
INTERNAL_MP_416,BIPLAB KUMAR DEB,TRIPURA WEST,TRIPURA,Lok Sabha,147000000.0,51962677.0,95037323.0,35.35,0.5598526703499079,0.13964432647644348,24,7,17,22.58,0.4429097605893186,-0.16957888120678813,26,26,0,100.0,0.0,-0.6745,1998564.5,17,1334.85,0.574585635359116,0.242852996331023,21.79,2026-08-26T10:44:17.312957+00:00
INTERNAL_MP_417,PROF SP SINGH BAGHEL,AGRA,UTTAR PRADESH,Lok Sabha,147000000.0,90115338.0,56884662.0,61.3,0.9097605893186004,1.3011091572660918,55,55,0,50.0,0.8020257826887661,0.9928843494657447,127,127,0,100.0,0.0,-0.6745,709569.5905511811,2,5461.81,0.9189686924493554,4.0254790596548435,65.2,2026-08-26T10:44:17.312957+00:00
INTERNAL_MP_418,DEVENDRA ALIAS BHOLE SINGH,AKBARPUR,UTTAR PRADESH,Lok Sabha,147000000.0,62000186.0,84999814.0,42.18,0.6850828729281768,0.445340079628401,86,62,24,41.89,0.7136279926335175,0.6490631678189817,98,98,0,100.0,0.0,-0.6745,632654.9591836735,10,3067.05,0.8029465930018416,1.8305264573991031,52.44,2026-08-26T10:44:17.312957+00:00
INTERNAL_MP_419,SHRI SATISH KUMAR GAUTAM,ALIGARH,UTTAR PRADESH,Lok Sabha,147000000.0,87713538.0,59286462.0,59.67,0.9005524861878453,1.22815394824154,55,21,34,27.63,0.5211786372007366,0.044514456316781914,127,127,0,100.0,0.0,-0.6745,690657.7795275591,4,3062.48,0.8011049723756906,1.8263377564886532,43.93,2026-08-26T10:44:17.312957+00:00
INTERNAL_MP_420,UJJWAL RAMAN SINGH,ALLAHABAD,UTTAR PRADESH,Lok Sabha,147000000.0,64290040.0,82709960.0,43.73,0.7044198895027625,0.5147146648971468,28,3,25,9.68,0.20626151012891344,-0.7164707730986798,66,59,7,89.39393939393939,10.606060606060606,3.4270050505050507,974091.5151515151,19,1674.64,0.6482504604051565,0.5542925329528468,28.56,2026-08-26T10:44:17.312957+00:00
INTERNAL_MP_421,LALJI VERMA,AMBEDKAR NAGAR,UTTAR PRADESH,Lok Sabha,147000000.0,86165424.0,60834576.0,58.62,0.8802946593001841,1.181158261446583,202,61,141,23.19,0.45119705340699817,-0.14371810182275283,287,280,7,97.5609756097561,2.4390243902439024,0.2687032520325203,300227.95818815334,40,1020.85,0.48066298342541436,-0.04494833537165382,18.49,2026-08-26T10:44:17.312957+00:00
INTERNAL_MP_422,KISHORI LAL,AMETHI,UTTAR PRADESH,Lok Sabha,171500000.0,82481354.0,89018646.0,48.09,0.7661141804788214,0.7098586595885871,31,19,12,38.0,0.6648250460405156,0.48414770584538025,75,70,5,93.33333333333333,6.666666666666667,1.903588888888889,1099751.3866666667,16,4944.88,0.9042357274401474,3.551679243103682,69.48,2026-08-26T10:44:17.312957+00:00
INTERNAL_MP_423,KANWAR SINGH TANWAR,AMROHA,UTTAR PRADESH,Lok Sabha,147000000.0,78135018.0,68864982.0,53.15,0.8416206261510129,0.9363331121433314,46,59,-13,56.19,0.860036832412523,1.2553076681332491,81,81,0,100.0,0.0,-0.6745,964629.8518518518,3,6020.61,0.9373848987108656,4.537655442315531,74.6,2026-08-26T10:44:17.312957+00:00
INTERNAL_MP_424,NEERAJ MAURYA,AONLA,UTTAR PRADESH,Lok Sabha,147000000.0,97488644.0,49511356.0,66.32,0.9631675874769797,1.5257932979429332,19,17,2,47.22,0.7642725598526704,0.8750270270270268,101,101,0,100.0,0.0,-0.6745,965234.0990099009,4,4416.16,0.8802946593001841,3.0670731281424097,60.61,2026-08-26T10:44:17.312957+00:00
INTERNAL_MP_425,DHARMENDRA YADAV,AZAMGARH,UTTAR PRADESH,Lok Sabha,147000000.0,61248647.0,85751353.0,41.67,0.6740331491712708,0.4225136031851363,52,16,36,23.53,0.4604051565377532,-0.12930389692017583,53,43,10,81.13207547169812,18.867924528301888,6.621977987421384,1155634.8490566039,28,597.11,0.30939226519337015,-0.4333334828101644,12.46,2026-08-26T10:44:17.312957+00:00
INTERNAL_MP_426,ADITYA YADAV,BADAUN,UTTAR PRADESH,Lok Sabha,147000000.0,85488147.0,61511853.0,58.16,0.8766114180478821,1.160569674850697,64,41,23,39.05,0.6740331491712708,0.528662162162162,186,162,24,87.09677419354838,12.903225806451612,4.3153494623655915,459613.6935483871,8,2132.2,0.7255985267034991,0.9736759002581868,33.38,2026-08-26T10:44:17.312957+00:00
INTERNAL_MP_427,DR RAJKUMAR SANGWAN,BAGHPAT,UTTAR PRADESH,Lok Sabha,147000000.0,36662976.0,110337024.0,24.94,0.3867403314917127,-0.32628433974784327,103,16,87,13.45,0.26703499079189685,-0.556642677561282,78,66,12,84.61538461538461,15.384615384615385,5.274935897435897,470038.1538461539,7,4936.72,0.9023941068139963,3.5442000747384146,68.23,2026-08-26T10:44:17.312957+00:00
INTERNAL_MP_428,ANAND KUMAR,BAHRAICH,UTTAR PRADESH,Lok Sabha,147000000.0,66987751.0,80012249.0,45.57,0.7311233885819521,0.5970690112806903,79,32,47,28.83,0.5469613259668509,0.09538812067881833,102,102,0,100.0,0.0,-0.6745,656742.6568627451,10,1483.8,0.6095764272559853,0.3793753159396655,22.26,2026-08-26T10:44:17.312957+00:00
INTERNAL_MP_429,SANATAN PANDEY,BALLIA,UTTAR PRADESH,Lok Sabha,180420041.4,74595388.0,105824653.4,41.35,0.6666666666666666,0.40819110816191134,293,62,231,17.46,0.34990791896869244,-0.38663984915147687,231,229,2,99.13419913419914,0.8658008658008658,-0.3396832611832612,322923.75757575757,9,5619.77,0.9244935543278084,4.170259627666802,71.79,2026-08-26T10:44:17.312957+00:00
INTERNAL_MP_430,KRISHNA DEVI SHIVSHANKER PATEL,BANDA,UTTAR PRADESH,Lok Sabha,147000000.0,74835215.67,72164784.33,50.91,0.8047882136279927,0.8360756469807566,240,202,38,45.7,0.7532228360957642,0.8105870521684475,329,328,1,99.69604863221885,0.303951367781155,-0.5569579533941237,227462.66161094225,16,3035.58,0.7955801104972375,1.8016821646962897,45.46,2026-08-26T10:44:17.312957+00:00
INTERNAL_MP_431,KAMLESH PASWAN,BANSGAON,UTTAR PRADESH,Lok Sabha,147000000.0,35635253.0,111364747.0,24.24,0.3775322283609576,-0.35761479761114795,124,0,124,0.0,0.03959484346224678,-1.1268516656191072,76,70,6,92.10526315789474,7.894736842105263,2.3785,468884.90789473685,7,5265.46,0.9152854511970534,3.845511570865606,71.5,2026-08-26T10:44:17.312957+00:00
INTERNAL_MP_432,TANUJ PUNIA,BARABANKI,UTTAR PRADESH,Lok Sabha,148198170.11,83397272.0,64800898.110000014,56.27,0.8674033149171271,1.075977438619775,20,13,7,39.39,0.6758747697974218,0.5430763670647392,30,30,0,100.0,0.0,-0.6745,2779909.066666667,4,8497.52,0.9760589318600368,6.807903838836797,92.06,2026-08-26T10:44:17.312957+00:00
INTERNAL_MP_433,CHHATRA PAL SINGH GANGWAR,BAREILLY,UTTAR PRADESH,Lok Sabha,147000000.0,95712065.0,51287935.0,65.11,0.9465930018416207,1.4716363636363639,44,142,-98,76.34,0.9705340699815838,2.1095612822124448,290,290,0,100.0,0.0,-0.6745,330041.6034482759,17,3345.75,0.8232044198895028,2.0859730534039946,55.46,2026-08-26T10:44:17.312957+00:00
INTERNAL_MP_434,RAM PRASAD CHAUDHARY,BASTI,UTTAR PRADESH,Lok Sabha,204176957.11,148429426.0,55747531.110000014,72.7,0.9815837937384899,1.811348042468481,146,37,109,20.22,0.40515653775322286,-0.26963042111879315,239,238,1,99.581589958159,0.41841004184100417,-0.5126952580195259,621043.6234309623,16,6570.13,0.9484346224677717,5.041326104090229,80.82,2026-08-26T10:44:17.312957+00:00
INTERNAL_MP_435,VINOD KUMAR BIND,BHADOHI,UTTAR PRADESH,Lok Sabha,147000000.0,75517267.0,71482733.0,51.37,0.8121546961325967,0.8566642335766426,137,407,-270,74.82,0.9631675874769797,2.0451213073538645,525,418,107,79.61904761904762,20.38095238095238,7.207086031746031,143842.41333333333,9,3095.88,0.8047882136279927,1.8569510191602117,46.15,2026-08-26T10:44:17.312957+00:00
INTERNAL_MP_436,CHANDAN CHAUHAN,BIJNOR,UTTAR PRADESH,Lok Sabha,147000000.0,80796698.0,66203302.0,54.96,0.850828729281768,1.0173447246184477,102,14,88,12.07,0.24861878453038674,-0.615147391577624,209,188,21,89.95215311004785,10.047846889952153,3.2111363636363635,386587.0717703349,24,1275.12,0.5543278084714549,0.18810658377496922,26.33,2026-08-26T10:44:17.312957+00:00
INTERNAL_MP_437,BHOLA SINGH,BULANDSHAHR,UTTAR PRADESH,Lok Sabha,147000000.0,101017522.0,45982478.0,68.72,0.9742173112338858,1.6332120106171206,148,142,6,48.97,0.7900552486187845,0.9492177875549966,250,200,50,80.0,20.0,7.059766666666666,404070.088,5,3020.28,0.7918968692449355,1.7876587240114143,39.39,2026-08-26T10:44:17.312957+00:00
INTERNAL_MP_438,VIRENDRA SINGH,CHANDAULI,UTTAR PRADESH,Lok Sabha,147000000.0,86345853.0,60654147.0,58.74,0.8839779005524862,1.1865291970802925,22,13,9,37.14,0.6500920810313076,0.44768824638592075,49,45,4,91.83673469387756,8.16326530612245,2.482343537414966,1762160.2653061224,13,1577.4,0.6279926335174953,0.46516577660008146,22.85,2026-08-26T10:44:17.312957+00:00
INTERNAL_MP_439,SHASHANK MANI,DEORIA,UTTAR PRADESH,Lok Sabha,147000000.0,80936917.0,66063083.0,55.06,0.852670349907919,1.0218205043132056,81,45,36,35.71,0.6372007366482505,0.387063796354494,142,133,9,93.66197183098592,6.338028169014084,1.7765,569978.2887323943,22,1958.64,0.7016574585635359,0.8145969221361596,36.52,2026-08-26T10:44:17.312957+00:00
INTERNAL_MP_440,ANAND BHADAURIYA,DHAURAHRA,UTTAR PRADESH,Lok Sabha,147000000.0,76758938.0,70241062.0,52.22,0.8287292817679558,0.894708360982084,45,132,-87,74.58,0.9613259668508287,2.0349465744814577,360,359,1,99.72222222222223,0.2777777777777778,-0.5670796296296297,213219.27222222224,18,4189.93,0.8729281767955801,2.8597186846038865,60.47,2026-08-26T10:44:17.312957+00:00
INTERNAL_MP_441,JAGDAMBIKA PAL,DOMARIYAGANJ,UTTAR PRADESH,Lok Sabha,160643957.11,38873088.0,121770869.11,24.2,0.3756906077348066,-0.3594051094890511,75,0,75,0.0,0.03959484346224678,-1.1268516656191072,50,45,5,90.0,10.0,3.1926333333333337,777461.76,12,3933.8,0.860036832412523,2.624958955021062,57.34,2026-08-26T10:44:17.312957+00:00
INTERNAL_MP_442,DEVESH SHAKYA,ETAH,UTTAR PRADESH,Lok Sabha,147000000.0,81351075.0,65648925.0,55.34,0.856353591160221,1.0343526874585274,106,220,-114,67.48,0.9410681399631676,1.7339440603394092,581,581,0,100.0,0.0,-0.6745,140019.06196213426,4,4507.5,0.8876611418047882,3.150792152466367,60.33,2026-08-26T10:44:17.312957+00:00
INTERNAL_MP_443,JITENDRA KUMAR DOHARE,ETAWAH,UTTAR PRADESH,Lok Sabha,188747306.26,119571988.0,69175318.25999999,63.35,0.9337016574585635,1.392862641008627,322,192,130,37.35,0.6574585635359116,0.4565911376492772,518,518,0,100.0,0.0,-0.6745,230833.95366795367,16,3940.4,0.8637200736648251,2.6310082823753222,60.52,2026-08-26T10:44:17.312957+00:00
INTERNAL_MP_444,AWADHESH PRASAD,FAIZABAD,UTTAR PRADESH,Lok Sabha,147000000.0,92097873.0,54902127.0,62.65,0.9263351749539595,1.3615321831453222,106,97,9,47.78,0.7734806629834254,0.8987680703959773,288,242,46,84.02777777777779,15.972222222222221,5.5021712962962965,319784.28125,27,663.34,0.3425414364640884,-0.37262939937491507,15.68,2026-08-26T10:44:17.312957+00:00
INTERNAL_MP_445,MUKESH RAJPUT,FARRUKHABAD,UTTAR PRADESH,Lok Sabha,147000000.0,108417412.0,38582588.0,73.75,0.9852670349907919,1.8583437292634377,49,246,-197,83.39,0.9815837937384899,2.408444060339409,367,367,0,100.0,0.0,-0.6745,295415.2915531335,4,6944.23,0.9594843462246777,5.3842129773066985,81.58,2026-08-26T10:44:17.312957+00:00
INTERNAL_MP_446,NARESH CHANDRA UTTAM PATEL,FATEHPUR,UTTAR PRADESH,Lok Sabha,147000000.0,28783210.0,118216790.0,19.58,0.3020257826887661,-0.5661861313868614,74,10,64,11.9,0.2430939226519337,-0.6223544940289124,49,43,6,87.75510204081633,12.244897959183673,4.060765306122449,587412.4489795918,12,1661.95,0.6445672191528545,0.5426613262671557,25.58,2026-08-26T10:44:17.312957+00:00
INTERNAL_MP_447,RAJKUMAR CHAHAR,FATEHPUR SIKRI,UTTAR PRADESH,Lok Sabha,147000000.0,96369831.0,50630169.0,65.56,0.9567219152854513,1.4917773722627743,5,45,-40,90.0,0.9953959484346224,2.688673161533626,92,92,0,100.0,0.0,-0.6745,1047498.1630434783,6,2277.44,0.7384898710865562,1.1067977646419347,29.36,2026-08-26T10:44:17.312957+00:00
INTERNAL_MP_448,AKSHAYA YADAV,FIROZABAD,UTTAR PRADESH,Lok Sabha,147000000.0,95931875.0,51068125.0,65.26,0.9502762430939227,1.4783500331785009,6,37,-31,86.05,0.9852670349907919,2.521214016341923,83,83,0,100.0,0.0,-0.6745,1155805.7228915663,3,5673.91,0.9263351749539595,4.219882443266747,72.76,2026-08-26T10:44:17.312957+00:00
INTERNAL_MP_449,MAHESH SHARMA,GAUTAM BUDDHA NAGAR,UTTAR PRADESH,Lok Sabha,148816284.11,83408358.0,65407926.110000014,56.05,0.861878453038674,1.0661307232913075,103,68,35,39.77,0.6850828729281768,0.5591863607793841,130,126,4,96.92307692307692,3.076923076923077,0.5153871794871795,641602.7538461538,18,1291.4,0.5616942909760589,0.2030282579154776,22.66,2026-08-26T10:44:17.312957+00:00
INTERNAL_MP_450,ATUL GARG,GHAZIABAD,UTTAR PRADESH,Lok Sabha,155336470.0,42043789.0,113292681.0,27.07,0.4198895027624309,-0.23095023224950223,41,36,5,46.75,0.7587476979742173,0.8551015084852293,49,40,9,81.63265306122449,18.367346938775512,6.428397959183673,858036.5102040817,18,1473.19,0.6058931860036832,0.36965056393531726,29.18,2026-08-26T10:44:17.312957+00:00
INTERNAL_MP_451,AFZAL ANSARI,GHAZIPUR,UTTAR PRADESH,Lok Sabha,220500000.0,106722563.0,113777437.0,48.4,0.7734806629834254,0.723733576642336,396,35,361,8.12,0.1878453038674033,-0.7826065367693273,285,283,2,99.29824561403508,0.7017543859649122,-0.4031222222222222,374465.13333333336,34,2078.01,0.716390423572744,0.9240072564207092,41.92,2026-08-26T10:44:17.312957+00:00
INTERNAL_MP_452,RAJEEV RAI,GHOSI,UTTAR PRADESH,Lok Sabha,147000000.0,66462043.0,80537957.0,45.21,0.7200736648250461,0.5809562043795623,119,108,11,47.58,0.7716390423572744,0.8902891263356377,311,300,11,96.46302250803859,3.536977491961415,0.6932963558413721,213704.31832797427,25,1048.14,0.48987108655616945,-0.01993528332653893,21.72,2026-08-26T10:44:17.312957+00:00
INTERNAL_MP_453,KIRTI VARDHAN SINGH,GONDA,UTTAR PRADESH,Lok Sabha,147000000.0,71075338.0,75924662.0,48.35,0.7716390423572744,0.7214956867949572,118,35,83,22.88,0.44751381215469616,-0.156860465116279,180,176,4,97.77777777777777,2.2222222222222223,0.184862962962963,394862.9888888889,24,1280.87,0.5598526703499079,0.19337683109118062,26.88,2026-08-26T10:44:17.312957+00:00
INTERNAL_MP_454,RAVINDRA SHYAMNARAYAN ALIAS RAVI KISHAN SHUKLA,GORAKHPUR,UTTAR PRADESH,Lok Sabha,147000000.0,12572509.0,134427491.0,8.55,0.11970534069981584,-1.0598646317186464,9,0,9,0.0,0.03959484346224678,-1.1268516656191072,10,10,0,100.0,0.0,-0.6745,1257250.9,3,6784.86,0.9539594843462247,5.23814005299633,81.15,2026-08-26T10:44:17.312957+00:00
INTERNAL_MP_455,AJENDRA SINGH LODHI,HAMIRPUR,UTTAR PRADESH,Lok Sabha,147000000.0,48355823.0,98644177.0,32.9,0.511049723756906,0.02998772395487732,172,19,153,9.95,0.2136279926335175,-0.7050241986172217,104,85,19,81.73076923076923,18.269230769230766,6.390455128205126,464959.83653846156,19,1464.34,0.6040515653775322,0.36153896589210466,25.26,2026-08-26T10:44:17.312957+00:00
INTERNAL_MP_456,JAI PRAKASH,HARDOI,UTTAR PRADESH,Lok Sabha,147000000.0,85755277.0,61244723.0,58.34,0.8784530386740331,1.1686260783012614,21,3,18,12.5,0.2587476979742173,-0.5969176618478942,47,47,0,100.0,0.0,-0.6745,1824580.3617021276,20,1753.78,0.6593001841620626,0.626829467318929,29.64,2026-08-26T10:44:17.312957+00:00
INTERNAL_MP_457,ANOOP PRADHAN BALMIKI,HATHRAS,UTTAR PRADESH,Lok Sabha,147000000.0,97915147.0,49084853.0,66.61,0.9650092081031307,1.538773059057731,37,69,-32,65.09,0.9263351749539595,1.632620678818353,141,141,0,100.0,0.0,-0.6745,694433.6666666666,7,2747.42,0.7734806629834254,1.537564866150292,34.23,2026-08-26T10:44:17.312957+00:00
INTERNAL_MP_458,NARAYAN DAS AHIRWAR,JALAUN,UTTAR PRADESH,Lok Sabha,147000000.0,51218010.8,95781989.2,34.84,0.5524861878453039,0.11681785003317882,331,36,295,9.81,0.21178637200736647,-0.710959459459459,292,284,8,97.26027397260275,2.73972602739726,0.38498858447488576,175404.14657534246,6,4746.95,0.8950276243093923,3.370263582008424,65.35,2026-08-26T10:44:17.312957+00:00
INTERNAL_MP_459,BABU SINGH KUSHWAHA,JAUNPUR,UTTAR PRADESH,Lok Sabha,147000000.0,46048017.0,100951983.0,31.33,0.48987108655616945,-0.040282017252820115,164,522,-358,76.09,0.9686924493554327,2.0989626021370205,650,529,121,81.38461538461539,18.615384615384613,6.5243174358974345,70843.10307692307,18,1267.76,0.5524861878453039,0.18136066721021868,23.09,2026-08-26T10:44:17.312957+00:00
INTERNAL_MP_460,ANURAG SHARMA,JHANSI,UTTAR PRADESH,Lok Sabha,147000000.0,67201462.0,79798538.0,45.72,0.7329650092081031,0.603782680822827,83,79,4,48.77,0.7863720073664825,0.9407388434946574,242,235,7,97.10743801652893,2.8925619834710745,0.4440922865013775,277691.9917355372,26,1020.57,0.47882136279926335,-0.04520497350183453,20.64,2026-08-26T10:44:17.312957+00:00
INTERNAL_MP_461,IQRA CHOUDHARY,KAIRANA,UTTAR PRADESH,Lok Sabha,147000000.0,50723960.0,96276040.0,34.51,0.5414364640883977,0.10204777704047784,42,45,-3,51.72,0.8305709023941068,1.0658032683846634,62,55,7,88.70967741935483,11.29032258064516,3.691618279569892,818128.3870967742,9,2338.47,0.7421731123388582,1.1627357113738275,38.54,2026-08-26T10:44:17.312957+00:00
INTERNAL_MP_462,KARAN BHUSHAN SINGH,KAISERGANJ,UTTAR PRADESH,Lok Sabha,147000000.0,95454825.0,51545175.0,64.94,0.9410681399631676,1.4640275381552759,75,33,42,30.56,0.570902394106814,0.16873098680075424,145,143,2,98.62068965517241,1.3793103448275863,-0.14110229885057468,658309.1379310344,6,7624.16,0.9650092081031307,6.007412848213071,86.56,2026-08-26T10:44:17.312957+00:00
INTERNAL_MP_463,AKHILESH YADAV,KANNAUJ,UTTAR PRADESH,Lok Sabha,147000000.0,31559060.0,115440940.0,21.47,0.3296500920810313,-0.4815938951559389,200,39,161,16.32,0.3296500920810313,-0.4349698302954115,91,82,9,90.10989010989012,9.89010989010989,3.150137362637363,346802.85714285716,26,820.2,0.3996316758747698,-0.22885705258866695,14.87,2026-08-26T10:44:17.312957+00:00
INTERNAL_MP_464,RAMESH AWASTHI,KANPUR,UTTAR PRADESH,Lok Sabha,147000000.0,75758324.0,71241676.0,51.54,0.8186003683241252,0.8642730590577309,66,48,18,42.11,0.7200736648250461,0.6583900062853549,98,77,21,78.57142857142857,21.428571428571427,7.612214285714285,773044.1224489796,6,4466.38,0.8839779005524862,3.113103009919825,59.77,2026-08-26T10:44:17.312957+00:00
INTERNAL_MP_465,PUSHPENDRA SAROJ,KAUSHAMBI,UTTAR PRADESH,Lok Sabha,147000000.0,56198890.0,90801110.0,38.23,0.6187845303867403,0.26854678168546786,141,607,-466,81.15,0.9797421731123389,2.313479886863608,907,833,74,91.8412348401323,8.158765159867695,2.4806032708563026,61961.28996692393,12,1436.25,0.5985267034990792,0.33579266204647357,21.31,2026-08-26T10:44:17.312957+00:00
INTERNAL_MP_466,UTKARSH VERMA MADHUR,KHERI,UTTAR PRADESH,Lok Sabha,147000000.0,74909150.0,72090850.0,50.96,0.8066298342541437,0.8383135368281357,13,347,-334,96.39,1.0,2.9595754242614705,699,697,2,99.71387696709584,0.28612303290414876,-0.5638524082021937,107166.16595135909,4,4070.79,0.8692449355432781,2.7505191602119843,46.01,2026-08-26T10:44:17.312957+00:00
INTERNAL_MP_467,VIJAY KUMAR DUBEY,KUSHI NAGAR,UTTAR PRADESH,Lok Sabha,148900000.0,80256423.0,68643577.0,53.9,0.8453038674033149,0.9699014598540149,90,132,-42,59.46,0.8931860036832413,1.3939384035197986,324,322,2,99.38271604938271,0.6172839506172839,-0.43578806584362134,247705.00925925927,23,4655.53,0.8895027624309392,3.2864712325044154,66.84,2026-08-26T10:44:17.312957+00:00
INTERNAL_MP_468,DAROGA PRASAD SAROJ,LALGANJ,UTTAR PRADESH,Lok Sabha,147000000.0,82499872.0,64500128.0,56.12,0.8637200736648251,1.0692637690776379,236,58,178,19.73,0.39779005524861877,-0.2904038340666246,282,185,97,65.60283687943263,34.39716312056738,12.627341607565013,292552.73758865247,14,1694.11,0.6537753222836096,0.5721380486479138,31.44,2026-08-26T10:44:17.312957+00:00
INTERNAL_MP_469,RAJNATH SINGH,LUCKNOW,UTTAR PRADESH,Lok Sabha,154808797.11,74407887.0,80400910.11000001,48.06,0.7633517495395948,0.7085159256801596,71,31,40,30.39,0.567219152854512,0.16152388434946582,74,71,3,95.94594594594594,4.054054054054054,0.8932567567567569,1005511.9864864865,10,1498.04,0.6132596685082873,0.39242719798885695,22.55,2026-08-26T10:44:17.312957+00:00
INTERNAL_MP_470,PRIYA SAROJ,MACHHLISHAHR,UTTAR PRADESH,Lok Sabha,147000000.0,69805592.0,77194408.0,47.49,0.7559852670349908,0.6830039814200402,670,725,-55,51.97,0.8351749539594844,1.0764019484600877,1048,1047,1,99.90458015267176,0.09541984732824427,-0.637599872773537,66608.3893129771,16,3032.01,0.7937384898710865,1.7984100285364857,50.55,2026-08-26T10:44:17.312957+00:00
INTERNAL_MP_471,PANKAJ CHOWDHARY,MAHARAJGANJ,UTTAR PRADESH,Lok Sabha,147000000.0,95676373.0,51323627.0,65.09,0.9438305709023941,1.4707412076974125,30,31,-1,50.82,0.8158379373848987,1.0276480201131364,94,94,0,100.0,0.0,-0.6745,1017833.7553191489,8,8918.27,0.9852670349907919,7.193548457670879,94.41,2026-08-26T10:44:17.312957+00:00
INTERNAL_MP_472,SMT DIMPLE YADAV,MAINPURI,UTTAR PRADESH,Lok Sabha,192042469.11,71677973.0,120364496.11,37.32,0.5874769797421732,0.22781718646317206,111,53,58,32.32,0.5930018416206262,0.24334569453174107,148,125,23,84.45945945945947,15.54054054054054,5.3352342342342345,484310.6283783784,22,842.57,0.4125230202578269,-0.20835349911672782,17.42,2026-08-26T10:44:17.312957+00:00
INTERNAL_MP_473,SMT HEMA MALINI,MATHURA,UTTAR PRADESH,Lok Sabha,147000000.0,40721168.0,106278832.0,27.7,0.43278084714548803,-0.20275282017252813,55,33,22,37.5,0.6593001841620626,0.4629503456945317,82,81,1,98.78048780487805,1.2195121951219512,-0.20289837398373983,496599.60975609755,14,1821.54,0.6832412523020258,0.6889358948226659,33.41,2026-08-26T10:44:17.312957+00:00
INTERNAL_MP_474,ARUN GOVIL,MEERUT,UTTAR PRADESH,Lok Sabha,147000000.0,66737649.0,80262351.0,45.4,0.7255985267034991,0.5894601857996021,196,36,160,15.52,0.3149171270718232,-0.4688856065367692,172,169,3,98.25581395348837,1.744186046511628,0.0,388009.58720930235,18,802.83,0.39042357274401474,-0.24477778230737873,16.97,2026-08-26T10:44:17.312957+00:00
INTERNAL_MP_475,SMT ANUPRIYA PATEL,MIRZAPUR,UTTAR PRADESH,Lok Sabha,147000000.0,51732584.0,95267416.0,35.19,0.5580110497237569,0.13248307896483086,10,0,10,0.0,0.03959484346224678,-1.1268516656191072,10,6,4,60.0,40.0,14.794033333333333,5173258.4,3,5506.93,0.9208103130755064,4.0668344612039675,66.58,2026-08-26T10:44:17.312957+00:00
INTERNAL_MP_476,ASHOK KUMAR RAWAT,MISRIKH,UTTAR PRADESH,Lok Sabha,147000000.0,121139986.0,25860014.0,82.41,0.992633517495396,2.245946250829463,3,2,1,40.0,0.6896869244935543,0.5689371464487742,32,24,8,75.0,25.0,8.993333333333332,3785624.5625,6,2569.88,0.7642725598526704,1.3748379603206955,30.71,2026-08-26T10:44:17.312957+00:00
INTERNAL_MP_477,R.K. CHAUDHARY,MOHANLALGANJ,UTTAR PRADESH,Lok Sabha,147000000.0,34622708.0,112377292.0,23.55,0.3664825046040516,-0.38849767750497666,79,14,65,15.05,0.30386740331491713,-0.4888111250785667,83,81,2,97.59036144578313,2.4096385542168677,0.257339357429719,417141.0602409639,3,8077.9,0.9686924493554327,6.423294938170946,89.57,2026-08-26T10:44:17.312957+00:00
INTERNAL_MP_478,RUCHI VIRA,MORADABAD,UTTAR PRADESH,Lok Sabha,147000000.0,52167110.0,94832890.0,35.49,0.56353591160221,0.14591041804910443,108,165,-57,60.44,0.8968692449355433,1.4354852294154616,559,559,0,100.0,0.0,-0.6745,93322.20035778175,4,8582.74,0.9779005524861878,6.886013486886804,92.43,2026-08-26T10:44:17.312957+00:00
INTERNAL_MP_479,HARENDRA SINGH MALIK,MUZAFFARNAGAR,UTTAR PRADESH,Lok Sabha,147000000.0,45077485.0,101922515.0,30.66,0.47882136279926335,-0.07026974120769727,183,32,151,14.88,0.2974217311233886,-0.49601822752985525,140,121,19,86.42857142857143,13.571428571428571,4.573752380952381,321982.03571428574,17,1882.84,0.6924493554327809,0.7451213140372331,27.45,2026-08-26T10:44:17.312957+00:00
INTERNAL_MP_480,CHANDRA SHEKHAR,NAGINA,UTTAR PRADESH,Lok Sabha,147000000.0,87033825.0,59966175.0,59.21,0.8913443830570903,1.207565361645654,227,286,-59,55.75,0.858195211786372,1.2366539912005026,893,784,109,87.79395296752519,12.206047032474803,4.045741134751773,97462.29003359462,8,1846.29,0.6887661141804788,0.7116208724011414,28.57,2026-08-26T10:44:17.312957+00:00
INTERNAL_MP_481,PRAVEEN PATEL,PHULPUR,UTTAR PRADESH,Lok Sabha,151559884.09,94736988.0,56822896.09,62.51,0.9244935543278084,1.3552660915726613,10,14,-4,58.33,0.8858195211786372,1.346032369578881,36,35,1,97.22222222222221,2.7777777777777777,0.39970370370370367,2631583.0,6,4812.71,0.8987108655616943,3.4305368800108704,65.47,2026-08-26T10:44:17.312957+00:00
INTERNAL_MP_482,JITIN PRASADA,PILIBHIT,UTTAR PRADESH,Lok Sabha,147000000.0,41842816.0,105157184.0,28.46,0.4548802946593002,-0.1687368944923688,37,22,15,37.29,0.6537753222836096,0.4540474544311753,106,104,2,98.11320754716981,1.8867924528301887,0.055147798742138376,394743.5471698113,12,1070.74,0.5027624309392266,0.0007790800380485645,17.15,2026-08-26T10:44:17.312957+00:00
INTERNAL_MP_483,DR. S P SINGH,PRATAPGARH,UTTAR PRADESH,Lok Sabha,147000000.0,42783929.0,104216071.0,29.1,0.4604051565377532,-0.14009190444591885,533,106,427,16.59,0.3351749539594843,-0.42352325581395334,128,107,21,83.59375,16.40625,5.6700156250000004,334249.4453125,5,3275.26,0.8158379373848987,2.0213644041309955,47.37,2026-08-26T10:44:17.312957+00:00
INTERNAL_MP_484,RAHUL GANDHI,RAE BARELI,UTTAR PRADESH,Lok Sabha,147000000.0,26686627.0,120313373.0,18.15,0.27440147329650094,-0.6301897810218978,118,74,44,38.54,0.6685082872928176,0.5070408548082966,150,122,28,81.33333333333333,18.666666666666668,6.5441488888888895,177910.84666666668,29,952.36,0.4585635359116022,-0.10772385514336193,24.03,2026-08-26T10:44:17.312957+00:00
INTERNAL_MP_485,MOHIBBULLAH,RAMPUR,UTTAR PRADESH,Lok Sabha,147000000.0,74744421.0,72255579.0,50.85,0.8029465930018416,0.8333901791639021,161,219,-58,57.63,0.8784530386740331,1.3163560653676931,344,300,44,87.20930232558139,12.790697674418606,4.271833333333334,217280.29360465117,4,3287.92,0.8176795580110497,2.0329681138741673,43.01,2026-08-26T10:44:17.312957+00:00
INTERNAL_MP_486,CHHOTELAL,ROBERTSGANJ,UTTAR PRADESH,Lok Sabha,147000000.0,90952339.0,56047661.0,61.87,0.9171270718232044,1.3266211015262115,174,261,-87,60.0,0.8950276243093923,1.416831552482715,728,724,4,99.45054945054946,0.5494505494505495,-0.4620201465201465,124934.53159340659,25,1102.34,0.5082872928176796,0.02974252615844527,26.03,2026-08-26T10:44:17.312957+00:00
INTERNAL_MP_487,IMRAN MASOOD,SAHARANPUR,UTTAR PRADESH,Lok Sabha,147000000.0,61171580.0,85828420.0,41.61,0.6712707182320442,0.41982813536828156,51,51,0,50.0,0.8020257826887661,0.9928843494657447,73,70,3,95.8904109589041,4.10958904109589,0.9147328767123286,837966.8493150685,12,1228.82,0.5451197053406999,0.14566963582008408,15.89,2026-08-26T10:44:17.312957+00:00
INTERNAL_MP_488,RAMASHANKAR RAJBHAR,SALEMPUR,UTTAR PRADESH,Lok Sabha,160056927.07,61281620.0,98775307.07,38.29,0.6215469613259669,0.27123224950232266,231,84,147,26.67,0.5046040515653776,0.0038155248271528777,263,240,23,91.25475285171103,8.745247148288973,2.7074036755386564,233009.96197718632,27,922.17,0.44567219152854515,-0.13539494496534865,17.8,2026-08-26T10:44:17.312957+00:00
INTERNAL_MP_489,ZIA UR REHMAN,SAMBHAL,UTTAR PRADESH,Lok Sabha,147000000.0,53111753.0,93888247.0,36.13,0.572744014732965,0.1745554080955544,325,0,325,0.0,0.03959484346224678,-1.1268516656191072,332,265,67,79.81927710843374,20.180722891566266,7.129654618473896,159975.1596385542,6,5016.72,0.9079189686924494,3.6175252547900523,68.11,2026-08-26T10:44:17.312957+00:00
INTERNAL_MP_490,LAXMIKANT PAPPU NISHAD,SANT KABIR NAGAR,UTTAR PRADESH,Lok Sabha,147000000.0,23806477.0,123193523.0,16.19,0.23941068139963168,-0.7179150630391505,503,2,501,0.4,0.07918968692449356,-1.1098937774984283,33,8,25,24.242424242424242,75.75757575757575,28.62196464646464,721408.3939393939,6,5913.71,0.9337016574585635,4.43967467047153,75.84,2026-08-26T10:44:17.312957+00:00
INTERNAL_MP_491,SHRI ARUN KUMAR SAGAR,SHAHJAHANPUR,UTTAR PRADESH,Lok Sabha,147000000.0,130143000.0,16857000.0,88.53,0.994475138121547,2.5198639681486403,3,4,-1,57.14,0.8720073664825047,1.2955826524198615,44,44,0,100.0,0.0,-0.6745,2957795.4545454546,6,2201.91,0.7292817679558011,1.0375696290256824,29.13,2026-08-26T10:44:17.312957+00:00
INTERNAL_MP_492,RAM SHIROMANI,SHRAWASTI,UTTAR PRADESH,Lok Sabha,151746878.11,16300060.0,135446818.11,10.74,0.15837937384898712,-0.9618450564034505,1356,0,1356,0.0,0.03959484346224678,-1.1268516656191072,58,3,55,5.172413793103448,94.82758620689656,35.99659195402299,281035.5172413793,4,6430.37,0.9465930018416207,4.913227014540018,79.07,2026-08-26T10:44:17.312957+00:00
INTERNAL_MP_493,RAKESH RATHOR,SITAPUR,UTTAR PRADESH,Lok Sabha,147000000.0,91524162.0,55475838.0,62.26,0.9226519337016574,1.3440766423357666,50,21,29,29.58,0.5561694290976059,0.1271841609050911,105,104,1,99.04761904761905,0.9523809523809524,-0.30620158730158725,871658.6857142857,23,1191.93,0.5322283609576427,0.11185756216877288,20.15,2026-08-26T10:44:17.312957+00:00
INTERNAL_MP_494,RAMBHUAL NISHAD,SULTANPUR,UTTAR PRADESH,Lok Sabha,151231957.11,87473694.0,63758263.110000014,57.84,0.8729281767955801,1.1462471798274723,46,6,40,11.54,0.23941068139963168,-0.6376165933375234,26,24,2,92.3076923076923,7.6923076923076925,2.3002179487179486,3364372.846153846,14,1346.84,0.578268876611418,0.2538426076912622,22.68,2026-08-26T10:44:17.312957+00:00
INTERNAL_MP_495,SWAMI SACHCHIDANANDHARI SAKSHI JI MAHARAJ,UNNAO,UTTAR PRADESH,Lok Sabha,147000000.0,68421377.0,78578623.0,46.55,0.7458563535911602,0.6409316522893166,77,12,65,13.48,0.26887661141804786,-0.5553708359522311,69,62,7,89.85507246376811,10.144927536231885,3.248678743961353,991614.1594202898,7,8283.27,0.9705340699815838,6.611529841011007,90.91,2026-08-26T10:44:17.312957+00:00
INTERNAL_MP_496,SHRI NARENDRA MODI,VARANASI,UTTAR PRADESH,Lok Sabha,162070276.11,88819703.0,73250573.11000001,54.8,0.848987108655617,1.010183477106835,25,191,-166,88.43,0.992633517495396,2.622113450659962,191,155,36,81.15183246073299,18.848167539267017,6.614337696335078,465024.6230366492,89,209.91,0.09392265193370165,-0.7882273542600897,7.89,2026-08-26T10:44:17.312957+00:00
INTERNAL_MP_497,AJAY TAMTA,ALMORA,UTTARAKHAND,Lok Sabha,147000000.0,4019091.0,142980909.0,2.73,0.0423572744014733,-1.3203550099535504,139,3,136,2.11,0.10865561694290976,-1.0373988057825265,86,60,26,69.76744186046511,30.23255813953488,11.016833333333333,46733.61627906977,76,1011.37,0.47697974217311234,-0.05363736920777287,24.0,2026-08-26T10:44:17.312957+00:00
INTERNAL_MP_498,ANIL BALUNI,GARHWAL,UTTARAKHAND,Lok Sabha,147000000.0,2739441.0,144260559.0,1.86,0.034990791896869246,-1.359294293297943,11,1,10,8.33,0.19152854511970535,-0.7737036455059709,8,8,0,100.0,0.0,-0.6745,342430.125,6,2366.91,0.7458563535911602,1.1888028128821848,36.42,2026-08-26T10:44:17.312957+00:00
INTERNAL_MP_499,TRIVENDRA SINGH RAWAT,HARDWAR,UTTARAKHAND,Lok Sabha,147000000.0,9309458.0,137690542.0,6.33,0.0865561694290976,-1.1592269409422695,41,3,38,6.82,0.16574585635359115,-0.8377196731615333,16,16,0,100.0,0.0,-0.6745,581841.125,13,1300.88,0.567219152854512,0.21171729175159665,21.3,2026-08-26T10:44:17.312957+00:00
INTERNAL_MP_500,AJAY BHATT,NAINITAL UDHAM SINGH NAG.,UTTARAKHAND,Lok Sabha,147000000.0,50127226.0,96872774.0,34.1,0.5303867403314917,0.08369708029197102,376,85,291,18.44,0.36372007366482506,-0.34509302325581376,888,821,67,92.45495495495496,7.545045045045046,2.2432695195195196,56449.57882882883,514,137.65,0.053406998158379376,-0.8544583231417313,4.75,2026-08-26T10:44:17.312957+00:00
INTERNAL_MP_501,MALA RAJYA LAXMI SHAH,TEHRI GARHWAL,UTTARAKHAND,Lok Sabha,147000000.0,57285791.0,89714209.0,38.97,0.6261510128913443,0.3016675514266757,155,84,71,35.15,0.6316758747697975,0.3633227529855436,371,352,19,94.87870619946092,5.121293800539084,1.3059725965858042,154409.14016172508,156,1313.53,0.569060773480663,0.22331183584726172,32.21,2026-08-26T10:44:17.312957+00:00
INTERNAL_MP_502,MANOJ TIGGA,ALIPURDUARS,WEST BENGAL,Lok Sabha,147000000.0,11379773.0,135620227.0,7.74,0.10681399631675875,-1.0961184472461845,90,0,90,0.0,0.03959484346224678,-1.1268516656191072,17,17,0,100.0,0.0,-0.6745,669398.4117647059,5,2780.37,0.7753222836095764,1.5677656746840598,38.75,2026-08-26T10:44:17.312957+00:00
INTERNAL_MP_503,BAG MITALI,ARAMBAG,WEST BENGAL,Lok Sabha,147000000.0,53162451.0,93837549.0,36.16,0.574585635359116,0.17589814200398146,97,87,10,47.28,0.7661141804788214,0.8775707102451287,100,96,4,96.0,4.0,0.8723533333333333,531624.51,24,886.55,0.43462246777163904,-0.16804298138334023,21.27,2026-08-26T10:44:17.312957+00:00
INTERNAL_MP_504,SHATRUGHAN SINHA,ASANSOL,WEST BENGAL,Lok Sabha,147000000.0,66966504.0,80033496.0,45.56,0.7292817679558011,0.5966214333112146,22,5,17,18.52,0.3683241252302026,-0.34170144563167804,20,20,0,100.0,0.0,-0.6745,3348325.2,9,2559.07,0.7624309392265194,1.3649298953662181,35.81,2026-08-26T10:44:17.312957+00:00
INTERNAL_MP_505,PATHAN YUSUF,BAHARAMPUR,WEST BENGAL,Lok Sabha,147000000.0,7860897.0,139139103.0,5.35,0.07734806629834254,-1.2030895819508958,144,1,143,0.69,0.08287292817679558,-1.097599308610936,6,4,2,66.66666666666666,33.33333333333333,12.215944444444442,1310149.5,4,3384.84,0.8305709023941068,2.121801569506726,46.58,2026-08-26T10:44:17.312957+00:00
INTERNAL_MP_506,DR SUKANTA MAJUMDAR,BALURGHAT,WEST BENGAL,Lok Sabha,157085364.9,21003612.0,136081752.9,13.37,0.1860036832412523,-0.8441320504313207,153,33,120,17.74,0.35174953959484345,-0.3747693274670018,41,41,0,100.0,0.0,-0.6745,512283.2195121951,10,1815.29,0.6813996316758748,0.6832073651311318,31.15,2026-08-26T10:44:17.312957+00:00
INTERNAL_MP_507,SHRI SHANTANU THAKUR,BANGAON,WEST BENGAL,Lok Sabha,147000000.0,5993836.0,141006164.0,4.08,0.061694290976058934,-1.25993198407432,50,8,42,13.79,0.27255985267034993,-0.542228472658705,8,8,0,100.0,0.0,-0.6745,749229.5,2,5928.17,0.9355432780847146,4.452928196765864,71.54,2026-08-26T10:44:17.312957+00:00
INTERNAL_MP_508,ARUP CHAKRABORTY,BANKURA,WEST BENGAL,Lok Sabha,147000000.0,55795450.0,91204550.0,37.96,0.6058931860036832,0.256462176509622,30,40,-10,57.14,0.8720073664825047,1.2955826524198615,42,42,0,100.0,0.0,-0.6745,1328463.0952380951,5,5064.71,0.9116022099447514,3.6615111971735286,69.42,2026-08-26T10:44:17.312957+00:00
INTERNAL_MP_509,KAKOLI GHOSH DASTIDAR,BARASAT,WEST BENGAL,Lok Sabha,147000000.0,61929956.0,85070044.0,42.13,0.6832412523020258,0.4431021897810222,107,76,31,41.53,0.7034990791896869,0.6338010685103708,100,100,0,100.0,0.0,-0.6745,619299.56,34,806.16,0.39226519337016574,-0.2417256216877294,16.48,2026-08-26T10:44:17.312957+00:00
INTERNAL_MP_510,DR. SHARMILA SARKAR,BARDHAMAN PURBA,WEST BENGAL,Lok Sabha,147000000.0,21224009.0,125775991.0,14.44,0.20810313075506445,-0.7962412076974122,94,17,77,15.32,0.31123388581952116,-0.47736455059710853,33,25,8,75.75757575757575,24.242424242424242,8.700368686868686,643151.7878787878,17,882.17,0.429097605893186,-0.17205753499116738,15.29,2026-08-26T10:44:17.312957+00:00
INTERNAL_MP_511,AZAD KIRTI JHA,BARDHAMAN-DURGAPUR,WEST BENGAL,Lok Sabha,179658399.98,33156887.0,146501512.98,18.46,0.28084714548802947,-0.6163148639681485,106,6,100,5.36,0.15469613259668508,-0.8996159648020111,30,29,1,96.66666666666667,3.3333333333333335,0.6145444444444444,1105229.5666666667,13,1128.63,0.5193370165745856,0.053839013452914794,17.37,2026-08-26T10:44:17.312957+00:00
INTERNAL_MP_512,PARTHA BHOWMICK,BARRACKPUR,WEST BENGAL,Lok Sabha,147000000.0,31114929.0,115885071.0,21.17,0.3278084714548803,-0.4950212342402122,28,4,24,12.5,0.2587476979742173,-0.5969176618478942,11,11,0,100.0,0.0,-0.6745,2828629.909090909,8,3295.43,0.8195211786372008,2.039851515151515,48.22,2026-08-26T10:44:17.312957+00:00
INTERNAL_MP_513,SK NURUL ISLAM,BASIRHAT,WEST BENGAL,Lok Sabha,49000000.0,30740105.0,18259895.0,62.73,0.9300184162062615,1.3651128069011285,26,6,20,18.75,0.38029465930018413,-0.3319506599622877,21,21,0,100.0,0.0,-0.6745,1463814.5238095238,9,4956.25,0.9060773480662984,3.562100584318521,68.91,2026-08-26T10:44:17.312957+00:00
INTERNAL_MP_514,SMT SATABDI ROY (BANERJEE),BIRBHUM,WEST BENGAL,Lok Sabha,147000000.0,48307379.6,98692620.4,32.86,0.5082872928176796,0.02819741207697424,35,62,-27,63.92,0.9171270718232044,1.5830188560653675,67,67,0,100.0,0.0,-0.6745,721005.6656716418,51,830.25,0.40699815837937386,-0.21964557684468003,19.22,2026-08-26T10:44:17.312957+00:00
INTERNAL_MP_515,SAUMITRA KHAN,BISHNUPUR,WEST BENGAL,Lok Sabha,147000000.0,55661990.0,91338010.0,37.87,0.6003683241252302,0.2524339747843398,34,48,-14,58.54,0.8913443830570903,1.3549352608422374,50,49,1,98.0,2.0,0.09892666666666668,1113239.8,17,1195.68,0.5340699815837937,0.11529467998369337,25.34,2026-08-26T10:44:17.312957+00:00
INTERNAL_MP_516,ASIT KUMAR MAL,BOLPUR,WEST BENGAL,Lok Sabha,275694456.74,167302248.0,108392208.74,60.68,0.9060773480662984,1.2733593231585938,68,134,-66,66.34,0.9337016574585635,1.6856140791954743,156,153,3,98.07692307692307,1.9230769230769231,0.0691794871794872,1072450.3076923077,77,861.88,0.42357274401473294,-0.1906546337817639,22.18,2026-08-26T10:44:17.312957+00:00
INTERNAL_MP_517,JAGADISH CHANDRA BARMA BASUNIA,COOCHBEHAR,WEST BENGAL,Lok Sabha,168604641.11,36689865.0,131914776.11,21.76,0.3333333333333333,-0.4686141340411413,96,1,95,1.03,0.09208103130755065,-1.083185103708359,41,41,0,100.0,0.0,-0.6745,894874.756097561,4,3808.09,0.8471454880294659,2.50973760021742,53.07,2026-08-26T10:44:17.312957+00:00
INTERNAL_MP_518,RAJU BISTA,DARJEELING,WEST BENGAL,Lok Sabha,147000000.0,43617451.0,103382549.0,29.67,0.4677716390423573,-0.11457996018579941,96,73,23,43.2,0.7384898710865562,0.7046002514142049,92,92,0,100.0,0.0,-0.6745,474102.72826086957,65,293.37,0.13996316758747698,-0.7117308601712189,12.22,2026-08-26T10:44:17.312957+00:00
INTERNAL_MP_519,SHRI ABHISHEK BANERJEE,DIAMOND HARBOUR,WEST BENGAL,Lok Sabha,147000000.0,71510891.0,75489109.0,48.65,0.7790055248618785,0.7349230258792304,120,200,-80,62.5,0.9042357274401474,1.5228183532369575,262,260,2,99.23664122137404,0.7633587786259541,-0.37929898218829516,272942.3320610687,139,145.45,0.055248618784530384,-0.8473091180866965,7.35,2026-08-26T10:44:17.312957+00:00
INTERNAL_MP_520,PROF SOUGATA RAY,DUM DUM,WEST BENGAL,Lok Sabha,147000000.0,14046615.0,132953385.0,9.56,0.13627992633517497,-1.0146592568015926,40,12,28,23.08,0.44935543278084716,-0.14838152105593963,17,17,0,100.0,0.0,-0.6745,826271.4705882353,13,1685.07,0.6500920810313076,0.5638523033020789,35.6,2026-08-26T10:44:17.312957+00:00
INTERNAL_MP_521,SHRI DEEPAK (DEV) ADHIKARI,GHATAL,WEST BENGAL,Lok Sabha,200747364.0,87788715.0,112958649.0,43.73,0.7044198895027625,0.5147146648971468,40,165,-125,80.49,0.9779005524861878,2.285499371464487,176,176,0,100.0,0.0,-0.6745,498799.51704545453,12,2092.14,0.7200736648250461,0.9369583163473295,27.91,2026-08-26T10:44:17.312957+00:00
INTERNAL_MP_522,RACHNA BANERJEE,HOOGHLY,WEST BENGAL,Lok Sabha,147000000.0,34234471.0,112765529.0,23.29,0.36279926335174956,-0.400134704711347,68,36,32,34.62,0.6169429097605893,0.3408535512256441,54,54,0,100.0,0.0,-0.6745,633971.6851851852,21,1106.31,0.5119705340699816,0.033381288218507804,21.84,2026-08-26T10:44:17.312957+00:00
INTERNAL_MP_523,PRASUN BANERJEE,HOWRAH,WEST BENGAL,Lok Sabha,147000000.0,69024743.0,77975257.0,46.96,0.7476979742173112,0.6592823490378238,78,136,-58,63.55,0.9097605893186004,1.5673328095537393,157,146,11,92.99363057324841,7.006369426751593,2.034956475583864,439648.0445859873,21,900.65,0.43830570902394106,-0.15511941839923912,21.06,2026-08-26T10:44:17.312957+00:00
INTERNAL_MP_524,SAYANI GHOSH,JADAVPUR,WEST BENGAL,Lok Sabha,147000000.0,49785004.0,97214996.0,33.87,0.5257826887661142,0.07340278699402791,102,113,-11,52.56,0.8471454880294659,1.101414833438089,129,127,2,98.44961240310077,1.550387596899225,-0.07494444444444441,385930.2635658915,44,564.62,0.289134438305709,-0.4631126715586357,14.22,2026-08-26T10:44:17.312957+00:00
INTERNAL_MP_525,DR JAYANTA KUMAR ROY,JALPAIGURI,WEST BENGAL,Lok Sabha,147000000.0,12082736.0,134917264.0,8.22,0.1141804788213628,-1.0746347047113471,16,2,14,11.11,0.23388581952117865,-0.6558463230672531,5,5,0,100.0,0.0,-0.6745,2416547.2,3,3834.8,0.850828729281768,2.534219044707161,51.47,2026-08-26T10:44:17.312957+00:00
INTERNAL_MP_526,KHALILUR RAHAMAN,JANGIPUR,WEST BENGAL,Lok Sabha,147000000.0,23028217.0,123971783.0,15.67,0.22467771639042358,-0.7411891174518911,76,31,45,28.97,0.5488029465930019,0.10132338152105594,44,33,11,75.0,25.0,8.993333333333332,523368.5681818182,9,2315.58,0.7403314917127072,1.1417555442315528,41.04,2026-08-26T10:44:17.312957+00:00
INTERNAL_MP_527,KALIPADA SAREN,JHARGRAM,WEST BENGAL,Lok Sabha,147000000.0,71784126.0,75215874.0,48.83,0.7808471454880295,0.7429794293297945,23,40,-17,63.49,0.9079189686924494,1.5647891263356377,49,48,1,97.95918367346938,2.0408163265306123,0.11471088435374151,1464982.163265306,15,1537.52,0.6224677716390423,0.4286131743443401,29.98,2026-08-26T10:44:17.312957+00:00
INTERNAL_MP_528,PRATIMA MONDAL,JOYNAGAR,WEST BENGAL,Lok Sabha,147000000.0,74379705.0,72620295.0,50.6,0.8011049723756906,0.8222007299270077,54,169,-115,75.78,0.9650092081031307,2.0858202388434943,185,185,0,100.0,0.0,-0.6745,402052.45945945947,97,307.43,0.14917127071823205,-0.6988439597771435,12.97,2026-08-26T10:44:17.312957+00:00
INTERNAL_MP_529,ADHIKARI SOUMENDU,KANTHI,WEST BENGAL,Lok Sabha,147000000.0,38304241.0,108695759.0,26.06,0.40515653775322286,-0.276155607166556,41,29,12,41.43,0.7016574585635359,0.629561596480201,31,31,0,100.0,0.0,-0.6745,1235620.677419355,2,6763.82,0.9521178637200737,5.218855530642749,79.7,2026-08-26T10:44:17.312957+00:00
INTERNAL_MP_530,MALA ROY,KOLKATA DAKSHIN,WEST BENGAL,Lok Sabha,147000000.0,61582788.0,85417212.0,41.89,0.6813996316758748,0.43236031851360346,43,32,11,42.67,0.7311233885819521,0.6821310496543055,65,63,2,96.92307692307692,3.076923076923077,0.5153871794871795,947427.5076923077,44,500.82,0.26151012891344383,-0.5215895026498166,16.24,2026-08-26T10:44:17.312957+00:00
INTERNAL_MP_531,SUDIP BANDYOPADHYAY,KOLKATA UTTAR,WEST BENGAL,Lok Sabha,147000000.0,46311063.0,100688937.0,31.5,0.49171270718232046,-0.03267319177173179,29,9,20,23.68,0.46408839779005523,-0.12294468887492134,31,31,0,100.0,0.0,-0.6745,1493905.2580645161,23,1099.7,0.5064456721915286,0.027322795216741354,20.51,2026-08-26T10:44:17.312957+00:00
INTERNAL_MP_532,MS MAHUA MOITRA,KRISHNANAGAR,WEST BENGAL,Lok Sabha,159865046.0,57382120.0,102482926.0,35.89,0.569060773480663,0.16381353682813557,34,21,13,38.18,0.6666666666666666,0.4917787554996857,49,48,1,97.95918367346938,2.0408163265306123,0.11471088435374151,1171063.6734693877,31,899.87,0.43646408839779005,-0.15583433890474258,21.55,2026-08-26T10:44:17.312957+00:00
INTERNAL_MP_533,ISHA KHAN CHOUDHURY,MALDAHA DAKSHIN,WEST BENGAL,Lok Sabha,147000000.0,8567025.0,138432975.0,5.83,0.08287292817679558,-1.1816058394160587,99,25,74,20.16,0.40331491712707185,-0.2721741043368949,25,25,0,100.0,0.0,-0.6745,342681.0,16,1069.89,0.5009208103130756,0.0,20.91,2026-08-26T10:44:17.312957+00:00
INTERNAL_MP_534,KHAGEN MURMU,MALDAHA UTTAR,WEST BENGAL,Lok Sabha,147000000.0,6003169.0,140996831.0,4.08,0.061694290976058934,-1.25993198407432,31,7,24,18.42,0.36095764272559855,-0.34594091766184765,7,7,0,100.0,0.0,-0.6745,857595.5714285715,4,2791.49,0.7790055248618785,1.5779578747112375,37.29,2026-08-26T10:44:17.312957+00:00
INTERNAL_MP_535,BAPI HALDAR,MATHURAPUR,WEST BENGAL,Lok Sabha,147000000.0,38508401.0,108491599.0,26.2,0.4088397790055249,-0.2698895155938951,78,85,-7,52.15,0.8379373848987108,1.0840329981143932,100,100,0,100.0,0.0,-0.6745,385084.01,67,261.35,0.1289134438305709,-0.7410792634868867,6.52,2026-08-26T10:44:17.312957+00:00
INTERNAL_MP_536,JUNE MALIAH,MEDINIPUR,WEST BENGAL,Lok Sabha,147000000.0,36949288.0,110050712.0,25.14,0.39042357274401474,-0.31733278035832774,24,7,17,22.58,0.4429097605893186,-0.16957888120678813,27,25,2,92.5925925925926,7.4074074074074066,2.190043209876543,1368492.148148148,14,989.2,0.4714548802946593,-0.07395760972958286,16.16,2026-08-26T10:44:17.312957+00:00
INTERNAL_MP_537,ABU TAHER KHAN,MURSHIDABAD,WEST BENGAL,Lok Sabha,147000000.0,36162113.0,110837887.0,24.6,0.3848987108655617,-0.34150199071001974,156,172,-16,52.44,0.8453038674033149,1.0963274670018854,181,176,5,97.23756906077348,2.7624309392265194,0.3937688766114181,199790.67955801106,18,3120.3,0.8084714548802947,1.879333530370974,53.63,2026-08-26T10:44:17.312957+00:00
INTERNAL_MP_538,SHRI JYOTIRMAY SINGH MAHATO,PURULIA,WEST BENGAL,Lok Sabha,147000000.0,11711831.0,135288169.0,7.97,0.11049723756906077,-1.0858241539482418,92,15,77,14.02,0.27624309392265195,-0.5324776869893147,31,31,0,100.0,0.0,-0.6745,377801.0,1,10000.0,0.996316758747698,8.1850240453866,100.0,2026-08-26T10:44:17.312957+00:00
INTERNAL_MP_539,KARTICK CHANDRA PAUL,RAIGANJ,WEST BENGAL,Lok Sabha,202677986.56,28148611.0,174529375.56,13.89,0.19337016574585636,-0.82085799601858,302,99,203,24.69,0.47697974217311234,-0.08012602137020727,102,102,0,100.0,0.0,-0.6745,275966.7745098039,2,8729.76,0.9815837937384899,7.0207668365267,93.18,2026-08-26T10:44:17.312957+00:00
INTERNAL_MP_540,JAGANNATH SARKAR,RANAGHAT,WEST BENGAL,Lok Sabha,147000000.0,41712525.0,105287475.0,28.38,0.44751381215469616,-0.17231751824817512,152,70,82,31.53,0.583793738489871,0.20985386549340043,86,83,3,96.51162790697676,3.488372093023256,0.6745,485029.3604651163,11,1587.02,0.6316758747697975,0.47398312950129073,25.45,2026-08-26T10:44:17.312957+00:00
INTERNAL_MP_541,KALYAN BANERJEE,SREERAMPUR,WEST BENGAL,Lok Sabha,147000000.0,76719145.0,70280855.0,52.19,0.8268876611418048,0.8933656270736565,37,83,-46,69.17,0.9484346224677717,1.8055911376492768,110,110,0,100.0,0.0,-0.6745,697446.7727272727,80,250.04,0.11602209944751381,-0.7514456108166871,6.64,2026-08-26T10:44:17.312957+00:00
INTERNAL_MP_542,ABHIJIT GANGOPADHYAY,TAMLUK,WEST BENGAL,Lok Sabha,147000000.0,40622867.78,106377132.22,27.63,0.427255985267035,-0.2058858659588586,191,74,117,27.92,0.5359116022099447,0.05680892520427417,125,122,3,97.6,2.4,0.25361199999999995,324982.94224,83,185.06,0.07734806629834254,-0.8110039883136295,6.51,2026-08-26T10:44:17.312957+00:00
INTERNAL_MP_543,SMT SAJDA AHMED,ULUBERIA,WEST BENGAL,Lok Sabha,147000000.0,47212277.0,99787723.0,32.12,0.4990791896869245,-0.004923357664233552,88,91,-3,50.84,0.8186003683241252,1.0284959145191703,111,109,2,98.1981981981982,1.8018018018018018,0.022280780780780794,425335.8288288288,62,423.42,0.2302025782688766,-0.5925316143497757,14.67,2026-08-26T10:44:17.312957+00:00
